PostAuthorKey,CommenterKey,InteractionCount,UniquePostsCommented,WithinWindowCount,MedianDeltaMinutes,MinDeltaMinutes,SelfCommentCount
id:bulbol,id:donka,39,39,32,1.2833333333333334,0.3,0
id:bulbol,id:spoops,30,30,23,2.45,0.7166666666666667,0
id:bulbol,id:FeelingGood,27,26,20,2.216666666666667,0.43333333333333335,0
id:bulbol,id:pearson19,19,19,15,2.316666666666667,0.5666666666666667,0
id:bulbol,id:whoshot,17,17,15,1.0,0.2,0
id:impactx84,id:donka,15,14,15,0.7833333333333333,0.5333333333333333,0
id:impactx84,id:pearson19,17,17,13,2.033333333333333,0.38333333333333336,0
id:bulbol,id:malwool,20,19,11,3.683333333333333,1.1,0
id:rukk7812,id:donka,17,16,11,2.466666666666667,0.38333333333333336,0
id:bulbol,id:ulsan0101,15,15,11,2.4,0.5333333333333333,0
id:hyeok497,id:donka,15,15,11,1.0,0.3,0
id:solution78,id:FeelingGood,13,12,11,1.5166666666666666,0.5833333333333334,0
id:bulbol,id:okao,21,21,10,5.183333333333334,0.6666666666666666,0
id:zero080,id:cauking,16,16,10,4.683333333333334,0.9666666666666667,0
id:bulbol,id:cytokine1234,13,13,10,2.3,0.95,0
id:solution78,id:donka,12,12,10,1.3166666666666667,0.3333333333333333,0
id:FeelingGood,id:donka,11,11,10,0.75,0.26666666666666666,0
id:impactx84,id:radioshot1,11,11,10,2.6166666666666667,0.3,0
id:rukk7812,id:mirissoul2,11,8,10,2.2666666666666666,0.8333333333333334,0
id:horizon,id:horizon,22,19,9,6.141666666666667,2.1333333333333333,22
id:bulbol,id:sounited13,15,15,9,2.8333333333333335,0.8166666666666667,0
id:bulbol,id:impactx84,12,12,9,2.7583333333333337,1.3666666666666667,0
id:impactx84,id:kiriman,11,11,9,2.8333333333333335,1.85,0
id:naco16,id:FeelingGood,11,11,9,1.5333333333333334,0.55,0
id:radioshot1,id:pearson19,9,8,9,1.3166666666666667,0.43333333333333335,0
id:rukk7812,id:spoops,12,12,8,3.4000000000000004,0.6166666666666667,0
id:impactx84,id:dleoduq1234,11,11,8,1.7833333333333334,0.8333333333333334,0
id:bulbol,id:todfndl12,10,10,8,2.533333333333333,0.8,0
id:rukk7812,id:impactx84,9,9,8,1.6833333333333333,0.6,0
id:bulbol,id:cubana,23,23,7,24.866666666666667,0.9166666666666666,0
id:bulbol,id:fantak,14,14,7,4.85,0.6666666666666666,0
id:bulbol,id:kim2pac,14,14,7,4.841666666666667,1.2666666666666666,0
id:bulbol,id:wind1123,14,14,7,5.324999999999999,2.033333333333333,0
id:impactx84,id:bulbol,13,13,7,5.0,1.4666666666666666,0
id:bulbol,id:dleoduq1234,12,12,7,1.725,0.5833333333333334,0
id:rukk7812,id:pearson19,10,10,7,2.6916666666666664,0.5,0
id:solution78,id:cauking,9,9,7,2.783333333333333,1.45,0
id:bulbol,id:KINGBATI,8,8,7,1.7,0.9333333333333333,0
id:bulbol,id:bundes1,8,8,7,2.6833333333333336,1.2666666666666666,0
id:bulbol,id:kiriman,8,8,7,2.2916666666666665,1.1,0
id:horizon,id:spoops,8,8,7,1.725,0.9833333333333333,0
id:naco16,id:pearson19,8,8,7,1.3250000000000002,0.23333333333333334,0
id:FeelingGood,id:Tenhag,7,7,7,0.8666666666666667,0.6166666666666667,0
id:radioshot1,id:donka,7,7,7,1.0666666666666667,0.21666666666666667,0
id:zero080,id:donka,7,7,7,1.7,0.45,0
id:fantak,id:spoops,7,6,7,2.8666666666666667,0.8333333333333334,0
id:bulbol,id:YoLaTengo,16,14,6,6.641666666666667,1.3333333333333333,0
id:solution78,id:cubana,13,13,6,6.416666666666667,0.8166666666666667,0
id:bulbol,id:forest,13,12,6,6.583333333333333,1.6333333333333333,0
id:bulbol,id:dialine,11,11,6,3.8,1.1666666666666667,0
id:horizon,id:malwool,11,11,6,2.75,0.8666666666666667,0
id:rukk7812,id:Ibrahima,11,11,6,4.133333333333334,1.15,0
id:bulbol,id:ajh30130,9,9,6,2.9,0.6166666666666667,0
id:hyeok497,id:FeelingGood,9,9,6,3.5833333333333335,0.7333333333333333,0
id:naco16,id:donka,9,9,6,2.4,0.6833333333333333,0
id:pearson19,id:donka,9,9,6,1.3,0.7833333333333333,0
id:solution78,id:malwool,9,9,6,2.216666666666667,0.7833333333333333,0
id:bulbol,id:kanoutsider,8,8,6,3.7416666666666667,0.9,0
id:bulbol,id:lfcthismeans,8,8,6,3.158333333333333,1.45,0
id:bulbol,id:rukk7812,8,8,6,2.8583333333333334,1.0,0
id:luna7742,id:monkjm,8,8,6,3.3916666666666666,1.7166666666666666,0
id:solution78,id:spoops,8,8,6,1.3333333333333333,0.38333333333333336,0
id:solution78,id:xxvxx,8,8,6,3.658333333333333,2.0166666666666666,0
id:FeelingGood,id:okao,7,7,6,1.0166666666666666,0.43333333333333335,0
id:hyeok497,id:dleoduq1234,7,7,6,1.2,0.8833333333333333,0
id:pearson19,id:impactx84,7,7,6,2.5833333333333335,1.0666666666666667,0
id:rukk7812,id:whoshot,7,7,6,1.7166666666666666,0.4166666666666667,0
id:BlackEyes23,id:malwool,6,6,6,1.5,1.0,0
id:blue123,id:donka,6,6,6,0.7416666666666667,0.26666666666666666,0
id:blue123,id:whoshot,6,6,6,1.275,0.7666666666666667,0
id:xxvxx,id:donka,6,6,6,2.533333333333333,0.23333333333333334,0
id:yo821281,id:donka,6,6,6,0.65,0.43333333333333335,0
id:zero080,id:FeelingGood,6,6,6,1.025,0.6166666666666667,0
id:6830,id:malwool,6,5,6,1.7833333333333332,1.1666666666666667,0
id:bulbol,id:monkjm,14,11,5,11.983333333333333,2.25,0
id:rukk7812,id:monkjm,11,11,5,9.4,1.0833333333333333,0
id:bulbol,id:Tenhag,9,9,5,3.8333333333333335,0.85,0
id:bulbol,id:kokomong,9,9,5,4.9,0.4166666666666667,0
id:hyeok497,id:okao,9,9,5,4.533333333333333,0.65,0
id:naco16,id:okao,9,9,5,3.683333333333333,0.9,0
id:rukk7812,id:hopes,9,9,5,3.8333333333333335,0.8,0
id:bulbol,id:oasiticjoo19,9,8,5,3.9166666666666665,1.7833333333333334,0
id:impactx84,id:spoops,8,7,5,3.125,1.0,0
id:FeelingGood,id:spoops,7,7,5,4.083333333333333,1.3833333333333333,0
id:bulbol,id:eddie,7,7,5,3.3,1.6333333333333333,0
id:bulbol,id:solution78,7,7,5,2.5833333333333335,0.6333333333333333,0
id:bundes1,id:donka,7,7,5,0.8833333333333333,0.35,0
id:fantak,id:kanoutsider,7,7,5,4.2,0.8833333333333333,0
id:hypeboy,id:donka,7,7,5,0.9,0.55,0
id:impactx84,id:FeelingGood,7,7,5,2.933333333333333,1.1,0
id:impactx84,id:lfcthismeans,7,7,5,4.166666666666667,0.7166666666666667,0
id:rukk7812,id:okao,7,7,5,2.316666666666667,1.8,0
id:FeelingGood,id:pearson19,6,6,5,1.0083333333333333,0.3333333333333333,0
id:deportivo7,id:deportivo7,6,6,5,2.275,1.2833333333333334,6
id:horizon,id:todfndl12,6,6,5,1.5166666666666666,0.7166666666666667,0
id:impactx84,id:bundes1,6,6,5,2.5166666666666666,0.8333333333333334,0
id:impactx84,id:rukk7812,6,6,5,1.7583333333333333,0.9,0
id:impactx84,id:todfndl12,6,6,5,2.533333333333333,0.5166666666666667,0
id:kokomong,id:xxvxx,6,6,5,2.8666666666666667,1.25,0
id:lfcthismeans,id:donka,6,6,5,0.8333333333333333,0.6333333333333333,0
id:ninety5mph,id:malwool,6,6,5,2.475,0.6,0
id:rukk7812,id:kokomong,6,6,5,1.5916666666666668,0.4,0
id:zero080,id:malwool,6,6,5,3.833333333333333,1.4333333333333333,0
id:FeelingGood,id:malwool,6,5,5,2.2666666666666666,0.75,0
id:cytokine1234,id:todfndl12,6,5,5,2.8833333333333333,0.95,0
id:FeelingGood,id:cytokine1234,5,5,5,1.6333333333333333,1.2333333333333334,0
id:bulbol,id:sexline,5,5,5,2.1,0.6666666666666666,0
id:bundes1,id:impactx84,5,5,5,2.3666666666666667,0.95,0
id:cytokine1234,id:malwool,5,5,5,3.4,1.6166666666666667,0
id:horizon,id:progamer77,5,5,5,1.6666666666666667,1.3666666666666667,0
id:hyeok497,id:spoops,5,5,5,1.8,0.85,0
id:naco16,id:spoops,5,5,5,1.9333333333333333,0.6666666666666666,0
id:typoonj2,id:donka,5,5,5,1.3833333333333333,0.45,0
id:zero080,id:okao,5,5,5,1.8333333333333333,0.7166666666666667,0
id:bulbol,id:dlawls,22,22,4,18.191666666666666,1.9666666666666666,0
id:bulbol,id:Ibrahima,10,10,4,8.816666666666666,1.8833333333333333,0
id:rukk7812,id:hypeboy,10,10,4,7.483333333333333,0.6,0
id:bulbol,id:masok01,9,9,4,5.383333333333334,1.0833333333333333,0
id:bulbol,id:85yang,8,8,4,4.775,3.1166666666666667,0
id:bulbol,id:shkj22,8,8,4,7.375,2.65,0
id:hyeok497,id:cytokine1234,8,7,4,4.85,0.95,0
id:6830,id:spoops,7,7,4,3.3833333333333333,0.23333333333333334,0
id:bulbol,id:xxvxx,7,7,4,4.55,2.183333333333333,0
id:grit,id:pearson19,7,7,4,3.6166666666666667,1.3166666666666667,0
id:impactx84,id:okao,7,7,4,2.45,0.7166666666666667,0
id:rukk7812,id:cauking,7,7,4,3.75,1.25,0
id:rukk7812,id:sounited13,7,7,4,4.366666666666666,1.4333333333333333,0
id:bulbol,id:kicking,7,6,4,4.05,2.35,0
id:Volvo,id:cubana,6,6,4,4.333333333333334,0.7833333333333333,0
id:bulbol,id:stynerkn,6,6,4,3.383333333333333,0.6333333333333333,0
id:ehdtks9286,id:pearson19,6,6,4,4.6,2.2666666666666666,0
id:horizon,id:donka,6,6,4,2.6333333333333333,0.5333333333333333,0
id:hyeok497,id:kim2pac,6,6,4,2.0083333333333333,1.0,0
id:hypeboy,id:monkjm,6,6,4,3.1083333333333334,0.8833333333333333,0
id:impactx84,id:kanoutsider,6,6,4,2.325,0.6833333333333333,0
id:kokomong,id:spoops,6,6,4,2.183333333333333,1.35,0
id:modern21,id:Bluewings21,6,6,4,3.441666666666667,1.3166666666666667,0
id:naco16,id:whoshot,6,6,4,4.691666666666666,1.0,0
id:rukk7812,id:thesilver,6,6,4,3.341666666666667,1.4666666666666666,0
id:solution78,id:todfndl12,6,6,4,4.216666666666667,1.7833333333333334,0
id:summernight,id:FeelingGood,6,6,4,1.9833333333333334,0.4666666666666667,0
id:FeelingGood,id:FeelingGood,6,5,4,3.8083333333333336,2.15,6
id:FeelingGood,id:cauking,5,5,4,1.9666666666666666,1.6666666666666667,0
id:alfatini,id:donka,5,5,4,1.0666666666666667,0.23333333333333334,0
id:alfatini,id:malwool,5,5,4,3.2333333333333334,2.55,0
id:blue123,id:hypeboy,5,5,4,4.266666666666667,2.45,0
id:bugfix,id:bulbol,5,5,4,2.2,1.85,0
id:cytokine1234,id:dleoduq1234,5,5,4,2.566666666666667,1.4166666666666667,0
id:cytokine1234,id:kiriman,5,5,4,2.05,1.2166666666666666,0
id:cytokine1234,id:spoops,5,5,4,1.85,0.9166666666666666,0
id:impactx84,id:dadoocom,5,5,4,2.6166666666666667,1.4333333333333333,0
id:lfcthismeans,id:malwool,5,5,4,1.4833333333333334,0.9,0
id:modern21,id:FeelingGood,5,5,4,0.8833333333333333,0.6166666666666667,0
id:naco16,id:cauking,5,5,4,3.8333333333333335,2.216666666666667,0
id:naco16,id:wind1123,5,5,4,2.0,1.6333333333333333,0
id:naco16,id:xxvxx,5,5,4,4.1,2.066666666666667,0
id:rukk7812,id:dleoduq1234,5,5,4,1.9666666666666666,1.0,0
id:rukk7812,id:progamer77,5,5,4,2.4,1.6,0
id:say1673,id:todfndl12,5,5,4,2.533333333333333,1.0833333333333333,0
id:sounited13,id:donka,5,5,4,0.6833333333333333,0.26666666666666666,0
id:xxvxx,id:okao,5,5,4,1.9166666666666667,1.5666666666666667,0
id:zero080,id:spoops,5,5,4,2.6,0.43333333333333335,0
id:zero080,id:xxvxx,5,5,4,2.5,1.0333333333333334,0
id:typoonj2,id:malwool,5,4,4,2.316666666666667,1.3166666666666667,0
id:typoonj2,id:spoops,5,4,4,1.55,0.6166666666666667,0
id:donka,id:djsi,5,2,4,1.5666666666666667,0.7333333333333333,0
id:BlackEyes23,id:spoops,4,4,4,1.25,0.8166666666666667,0
id:FeelingGood,id:rukk7812,4,4,4,2.5666666666666664,2.2333333333333334,0
id:KINGBATI,id:donka,4,4,4,0.4166666666666667,0.18333333333333332,0
id:LJM1389,id:donka,4,4,4,0.875,0.55,0
id:ManU01,id:spoops,4,4,4,2.1666666666666665,1.25,0
id:alfatini,id:dleoduq1234,4,4,4,2.291666666666667,1.0833333333333333,0
id:blue123,id:sunnyten,4,4,4,3.0666666666666664,1.5666666666666667,0
id:boba1983,id:spoops,4,4,4,1.5750000000000002,0.7666666666666667,0
id:bugfix,id:donka,4,4,4,0.9750000000000001,0.45,0
id:bulbol,id:cydia14,4,4,4,1.5833333333333335,0.9333333333333333,0
id:bvbreus11,id:dleoduq1234,4,4,4,2.2333333333333334,0.4,0
id:cytokine1234,id:lfcthismeans,4,4,4,1.8833333333333333,1.0666666666666667,0
id:cytokine1234,id:okao,4,4,4,2.2583333333333333,0.9333333333333333,0
id:cytokine1234,id:progamer77,4,4,4,1.3666666666666667,0.8666666666666667,0
id:dleoduq1234,id:horizon,4,4,4,3.175,1.8,0
id:ejirall,id:FeelingGood,4,4,4,1.4500000000000002,0.8333333333333334,0
id:fantak,id:FeelingGood,4,4,4,1.5833333333333335,0.8166666666666667,0
id:fantak,id:filyeun2,4,4,4,1.7666666666666666,0.7833333333333333,0
id:fantak,id:pearson19,4,4,4,0.575,0.3333333333333333,0
id:horizon,id:cytokine1234,4,4,4,1.525,1.0333333333333334,0
id:horizon,id:okao,4,4,4,1.7166666666666668,0.55,0
id:hulk,id:whoshot,4,4,4,1.0666666666666667,0.5333333333333333,0
id:hyeok497,id:sexline,4,4,4,1.875,1.5666666666666667,0
id:hyeok497,id:todfndl12,4,4,4,3.2083333333333335,2.8666666666666667,0
id:hypeboy,id:pearson19,4,4,4,3.583333333333333,2.566666666666667,0
id:hypeboy,id:whoshot,4,4,4,1.6416666666666666,1.4666666666666666,0
id:impactx84,id:malwool,4,4,4,1.9166666666666665,1.25,0
id:impactx84,id:snap23,4,4,4,3.15,1.95,0
id:kokomong,id:donka,4,4,4,0.4666666666666667,0.3,0
id:lfcthismeans,id:pearson19,4,4,4,1.0083333333333333,0.55,0
id:naco16,id:KINGBATI,4,4,4,1.0666666666666667,0.7166666666666667,0
id:naco16,id:lfcthismeans,4,4,4,2.175,1.95,0
id:ninety5mph,id:FeelingGood,4,4,4,1.1416666666666666,0.35,0
id:novacane,id:todfndl12,4,4,4,1.0166666666666666,0.7833333333333333,0
id:pearson19,id:yhtuos,4,4,4,2.1666666666666665,0.35,0
id:say1673,id:malwool,4,4,4,3.7750000000000004,2.3333333333333335,0
id:summernight,id:KINGBATI,4,4,4,1.9749999999999999,0.85,0
id:tjfghksss,id:ejirall,4,4,4,2.75,0.7666666666666667,0
id:xxvxx,id:pearson19,4,4,4,0.6333333333333333,0.4166666666666667,0
id:yo821281,id:impactx84,4,4,4,2.3666666666666663,1.1666666666666667,0
id:6830,id:donka,4,3,4,0.7583333333333333,0.43333333333333335,0
id:bvbreus11,id:FeelingGood,4,3,4,0.6083333333333334,0.5,0
id:oasiticjoo19,id:progamer77,4,3,4,4.191666666666666,1.55,0
id:yo821281,id:malwool,4,3,4,2.425,2.183333333333333,0
id:bulbol,id:cauking,11,11,3,9.533333333333333,3.3,0
id:bulbol,id:dosa0705,10,10,3,9.133333333333333,3.2333333333333334,0
id:bulbol,id:juventus82,10,10,3,13.4,1.8166666666666667,0
id:rukk7812,id:dlawls,10,10,3,5.825,2.4,0
id:bulbol,id:bulbol,8,8,3,7.116666666666667,2.2,8
id:bulbol,id:hypeboy,8,8,3,7.583333333333334,1.65,0
id:fantak,id:okao,8,8,3,12.350000000000001,2.2333333333333334,0
id:gum0510,id:okao,7,7,3,5.933333333333334,1.0333333333333334,0
id:hodoeel,id:dleoduq1234,7,7,3,8.6,1.65,0
id:bundes1,id:bulbol,7,6,3,7.433333333333334,1.7166666666666666,0
id:solution78,id:solution78,7,6,3,5.566666666666666,3.7333333333333334,7
id:bulbol,id:osodos,6,6,3,5.175000000000001,2.433333333333333,0
id:hyeok497,id:deportivo7,6,6,3,8.658333333333333,0.5166666666666667,0
id:malwool,id:oasiticjoo19,6,6,3,4.45,1.3666666666666667,0
id:pearson19,id:ulsan0101,6,6,3,6.008333333333333,0.6666666666666666,0
id:solution78,id:whoshot,6,6,3,5.066666666666666,0.4166666666666667,0
id:zero080,id:monkjm,6,6,3,7.325000000000001,2.3833333333333333,0
id:htht709,id:cubana,6,5,3,43.75833333333333,2.0166666666666666,0
id:rukk7812,id:YoLaTengo,6,5,3,6.708333333333333,0.8166666666666667,0
id:solution78,id:press21cc,6,5,3,5.108333333333333,3.25,0
id:stynerkn,id:pearson19,6,5,3,3.791666666666667,0.8333333333333334,0
id:solution78,id:kicking,6,4,3,4.408333333333333,1.7833333333333334,0
id:6830,id:chun1149,5,5,3,3.7666666666666666,0.8166666666666667,0
id:ManU01,id:malwool,5,5,3,1.2833333333333334,0.8666666666666667,0
id:blue123,id:spoops,5,5,3,1.85,0.5,0
id:blue123,id:wind1123,5,5,3,3.6,1.4666666666666666,0
id:bulbol,id:bugfix,5,5,3,3.316666666666667,2.35,0
id:bulbol,id:flareburst,5,5,3,2.35,0.2,0
id:bulbol,id:vincent85,5,5,3,2.05,1.15,0
id:bulbol,id:vnweq956,5,5,3,4.783333333333333,1.8333333333333333,0
id:bundes1,id:spoops,5,5,3,1.65,0.8666666666666667,0
id:bundes1,id:xxvxx,5,5,3,2.8833333333333333,0.9666666666666667,0
id:bvbreus11,id:okao,5,5,3,2.1,0.6166666666666667,0
id:cytokine1234,id:dlawls,5,5,3,2.7666666666666666,0.8833333333333333,0
id:fantak,id:KINGBATI,5,5,3,4.683333333333334,2.066666666666667,0
id:fantak,id:deportivo7,5,5,3,4.816666666666666,0.95,0
id:fantak,id:impactx84,5,5,3,2.8833333333333333,1.4166666666666667,0
id:horizon,id:pearson19,5,5,3,3.683333333333333,1.2333333333333334,0
id:hyeok497,id:sounited13,5,5,3,2.1333333333333333,1.05,0
id:hyeok497,id:whoshot,5,5,3,2.7,1.4,0
id:hypeboy,id:bulbol,5,5,3,3.433333333333333,0.6666666666666666,0
id:impactx84,id:ulsan0101,5,5,3,4.9,0.7833333333333333,0
id:impactx84,id:wind1123,5,5,3,4.883333333333334,3.4166666666666665,0
id:juventus82,id:FeelingGood,5,5,3,4.183333333333334,0.9833333333333333,0
id:kim2pac,id:pearson19,5,5,3,2.9833333333333334,0.5833333333333334,0
id:kiriman,id:pearson19,5,5,3,4.883333333333334,0.5,0
id:kokomong,id:malwool,5,5,3,3.316666666666667,2.0,0
id:naco16,id:cytokine1234,5,5,3,1.6666666666666667,0.6166666666666667,0
id:naco16,id:progamer77,5,5,3,2.216666666666667,0.6333333333333333,0
id:naco16,id:sdh90,5,5,3,3.4,1.8166666666666667,0
id:pearson19,id:stynerkn,5,5,3,3.85,0.8333333333333334,0
id:rukk7812,id:BongGu1103,5,5,3,2.9,1.7166666666666666,0
id:rukk7812,id:footpodo,5,5,3,4.983333333333333,2.0833333333333335,0
id:rukk7812,id:wind1123,5,5,3,1.8666666666666667,1.05,0
id:zero080,id:rukk7812,5,5,3,3.1,0.9333333333333333,0
id:pucrinyesir,id:donka,5,4,3,2.466666666666667,0.3,0
id:pucrinyesir,id:oasiticjoo19,5,4,3,4.783333333333333,1.1666666666666667,0
id:yo821281,id:say1673,5,4,3,3.1333333333333333,0.6333333333333333,0
id:novacane,id:mirissoul2,5,3,3,2.1666666666666665,1.5333333333333334,0
id:6830,id:impactx84,4,4,3,3.3,2.8333333333333335,0
id:BlackEyes23,id:whoshot,4,4,3,0.9,0.6,0
id:FeelingGood,id:KINGBATI,4,4,3,1.875,0.5833333333333334,0
id:FeelingGood,id:roe2k,4,4,3,3.3333333333333335,2.716666666666667,0
id:Necovv,id:okao,4,4,3,1.25,0.6666666666666666,0
id:Volvo,id:dleoduq1234,4,4,3,2.575,1.45,0
id:alfatini,id:bulbol,4,4,3,2.2,1.5,0
id:alfatini,id:cauking,4,4,3,3.7,1.9166666666666667,0
id:alfatini,id:spoops,4,4,3,2.0583333333333336,0.7,0
id:blue123,id:kiriman,4,4,3,2.7583333333333333,1.9,0
id:bugfix,id:pearson19,4,4,3,1.0416666666666665,0.7666666666666667,0
id:bulbol,id:dadoocom,4,4,3,4.158333333333333,3.5833333333333335,0
id:bulbol,id:deportivo7,4,4,3,1.6666666666666667,0.5666666666666667,0
id:bulbol,id:hanlobby,4,4,3,3.3166666666666664,2.1333333333333333,0
id:bulbol,id:kuo13,4,4,3,3.1416666666666666,1.2666666666666666,0
id:bulbol,id:modern21,4,4,3,1.6749999999999998,0.8,0
id:bulbol,id:naco16,4,4,3,3.1916666666666664,2.4,0
id:bulbol,id:nox911,4,4,3,3.2,2.55,0
id:bundes1,id:FeelingGood,4,4,3,3.4916666666666663,1.8333333333333333,0
id:bvbreus11,id:bvbreus11,4,4,3,0.7083333333333333,0.08333333333333333,4
id:fantak,id:mirissoul2,4,4,3,3.158333333333333,1.65,0
id:fantak,id:modern21,4,4,3,2.075,0.5666666666666667,0
id:gum0510,id:FeelingGood,4,4,3,2.1,0.85,0
id:gum0510,id:malwool,4,4,3,1.5333333333333332,1.15,0
id:horizon,id:hypeboy,4,4,3,3.966666666666667,1.0,0
id:hyeok497,id:dhdld321,4,4,3,2.7,0.5666666666666667,0
id:hyeok497,id:tkrldh,4,4,3,3.283333333333333,1.5666666666666667,0
id:impactx84,id:flareburst,4,4,3,3.908333333333333,2.533333333333333,0
id:impactx84,id:whoshot,4,4,3,2.091666666666667,0.43333333333333335,0
id:joohakmoo,id:hopes,4,4,3,2.7583333333333333,0.5333333333333333,0
id:joohakmoo,id:spoops,4,4,3,1.4833333333333334,0.6166666666666667,0
id:juventus82,id:donka,4,4,3,1.675,0.65,0
id:kokomong,id:cytokine1234,4,4,3,1.4583333333333335,0.9666666666666667,0
id:kokomong,id:regnier,4,4,3,2.85,0.6333333333333333,0
id:lfcthismeans,id:KINGBATI,4,4,3,1.0833333333333335,0.85,0
id:luna7742,id:donka,4,4,3,2.5166666666666666,0.43333333333333335,0
id:naco16,id:Ibrahima,4,4,3,2.4916666666666667,1.6,0
id:ninety5mph,id:pearson19,4,4,3,1.375,1.2333333333333334,0
id:ninety5mph,id:progamer77,4,4,3,2.583333333333333,1.4666666666666666,0
id:pearson19,id:bulbol,4,4,3,0.9916666666666667,0.6833333333333333,0
id:pearson19,id:kiriman,4,4,3,3.025,1.3,0
id:pucrinyesir,id:kokomong,4,4,3,3.85,2.55,0
id:pucrinyesir,id:sexline,4,4,3,3.725,1.2333333333333334,0
id:radioshot1,id:rhcp11,4,4,3,3.916666666666667,1.7333333333333334,0
id:rukk7812,id:ajh30130,4,4,3,0.8416666666666666,0.5166666666666667,0
id:rukk7812,id:sexline,4,4,3,1.5,0.6333333333333333,0
id:snap23,id:donka,4,4,3,3.783333333333333,1.35,0
id:solution78,id:dleoduq1234,4,4,3,2.9,0.8666666666666667,0
id:solution78,id:juventus82,4,4,3,2.05,1.3666666666666667,0
id:solution78,id:okao,4,4,3,1.6833333333333333,1.25,0
id:solution78,id:rainshowerkk,4,4,3,2.8583333333333334,1.2333333333333334,0
id:summernight,id:dleoduq1234,4,4,3,2.283333333333333,0.45,0
id:summernight,id:whoshot,4,4,3,2.941666666666667,1.3833333333333333,0
id:typoonj2,id:dleoduq1234,4,4,3,0.8666666666666667,0.4666666666666667,0
id:whddlqlgodrl,id:spoops,4,4,3,3.4749999999999996,0.7833333333333333,0
id:xxvxx,id:cauking,4,4,3,3.333333333333333,1.7333333333333334,0
id:xxvxx,id:monkjm,4,4,3,2.1916666666666664,1.2833333333333334,0
id:yally1010,id:impactx84,4,4,3,1.3166666666666667,0.6,0
id:yo821281,id:bundes1,4,4,3,2.2583333333333333,1.15,0
id:yo821281,id:dleoduq1234,4,4,3,1.6333333333333333,0.45,0
id:yo821281,id:eddie,4,4,3,2.6833333333333336,1.2166666666666666,0
id:yo821281,id:hoffenheim,4,4,3,1.8250000000000002,1.1833333333333333,0
id:malwool,id:donka,4,3,3,2.2083333333333335,0.5333333333333333,0
id:rukk7812,id:bugfix,4,3,3,3.0999999999999996,1.7666666666666666,0
id:LJM1389,id:LJM1389,4,2,3,1.925,0.5,4
id:6830,id:whoshot,3,3,3,1.7833333333333334,0.6166666666666667,0
id:BlackEyes23,id:donka,3,3,3,0.8666666666666667,0.4166666666666667,0
id:BlackEyes23,id:rukk7812,3,3,3,1.8166666666666667,0.5166666666666667,0
id:Bluewings21,id:pearson19,3,3,3,0.75,0.7166666666666667,0
id:FeelingGood,id:ajh30130,3,3,3,1.2166666666666666,1.1333333333333333,0
id:FeelingGood,id:impactx84,3,3,3,1.4833333333333334,1.1833333333333333,0
id:FeelingGood,id:kokomong,3,3,3,0.55,0.36666666666666664,0
id:FeelingGood,id:mcraky,3,3,3,1.4166666666666667,0.31666666666666665,0
id:FeelingGood,id:yhtuos,3,3,3,1.8166666666666667,0.7833333333333333,0
id:HONG43,id:donka,3,3,3,0.5,0.38333333333333336,0
id:HONG43,id:malwool,3,3,3,2.4166666666666665,0.8666666666666667,0
id:Ibisevic,id:pearson19,3,3,3,1.15,0.7166666666666667,0
id:ManU01,id:donka,3,3,3,1.65,1.0666666666666667,0
id:Mkisduchang,id:donka,3,3,3,1.5833333333333333,1.0166666666666666,0
id:Necovv,id:donka,3,3,3,1.4166666666666667,0.45,0
id:Volvo,id:spoops,3,3,3,1.5666666666666667,1.1333333333333333,0
id:alfatini,id:okao,3,3,3,2.683333333333333,1.65,0
id:asha7270,id:donka,3,3,3,1.1666666666666667,0.6333333333333333,0
id:blue123,id:flypcs20,3,3,3,1.8333333333333333,1.05,0
id:bluepillz,id:donka,3,3,3,0.45,0.2833333333333333,0
id:boba1983,id:KINGBATI,3,3,3,0.7166666666666667,0.4166666666666667,0
id:bugfix,id:impactx84,3,3,3,1.2833333333333334,1.1666666666666667,0
id:bulbol,id:mirissoul2,3,3,3,1.8833333333333333,1.05,0
id:bundes1,id:malwool,3,3,3,2.283333333333333,1.15,0
id:bvbreus11,id:donka,3,3,3,0.4666666666666667,0.43333333333333335,0
id:cydia14,id:todfndl12,3,3,3,3.4,0.4666666666666667,0
id:cydia14,id:whoshot,3,3,3,1.35,0.5833333333333334,0
id:deportivo7,id:progamer77,3,3,3,1.55,0.5666666666666667,0
id:dlawls,id:FeelingGood,3,3,3,0.7166666666666667,0.6166666666666667,0
id:dleoduq10004,id:leoperiseus,3,3,3,2.7333333333333334,1.45,0
id:ehdtks9286,id:donka,3,3,3,1.0333333333333334,0.7833333333333333,0
id:ehdtks9286,id:okao,3,3,3,2.433333333333333,0.8,0
id:ehdtks9286,id:thesilver,3,3,3,1.8833333333333333,1.3,0
id:ejirall,id:donka,3,3,3,1.8666666666666667,0.25,0
id:fantak,id:dleoduq1234,3,3,3,1.95,0.4166666666666667,0
id:fantak,id:jeffkent,3,3,3,3.6333333333333333,2.3666666666666667,0
id:fantak,id:radioshot1,3,3,3,1.1166666666666667,0.95,0
id:grit,id:FeelingGood,3,3,3,2.4166666666666665,0.7333333333333333,0
id:hanlobby,id:kiriman,3,3,3,1.8333333333333333,1.6833333333333333,0
id:hanlobby,id:spoops,3,3,3,2.9166666666666665,2.25,0
id:hobro,id:ejirall,3,3,3,2.25,0.55,0
id:horizon,id:horsedongh,3,3,3,3.433333333333333,2.7666666666666666,0
id:horizon,id:kanoutsider,3,3,3,3.0166666666666666,2.1666666666666665,0
id:horizon,id:yhtuos,3,3,3,0.9,0.3333333333333333,0
id:hyeok497,id:bulbol,3,3,3,3.8833333333333333,3.1166666666666667,0
id:hyeok497,id:progamer77,3,3,3,2.0,0.5166666666666667,0
id:impactx84,id:dlawls,3,3,3,2.316666666666667,1.6333333333333333,0
id:kim2pac,id:malwool,3,3,3,1.1166666666666667,1.0,0
id:kim2pac,id:spoops,3,3,3,0.75,0.7333333333333333,0
id:kiriman,id:donka,3,3,3,1.5166666666666666,0.4166666666666667,0
id:kiriman,id:impactx84,3,3,3,2.1,0.9,0
id:kiriman,id:progamer77,3,3,3,1.1333333333333333,0.9,0
id:kokomong,id:FeelingGood,3,3,3,1.1166666666666667,0.6833333333333333,0
id:kokomong,id:pearson19,3,3,3,1.0333333333333334,0.8833333333333333,0
id:kokomong,id:radioshot1,3,3,3,1.7833333333333334,0.6166666666666667,0
id:kokomong,id:rukk7812,3,3,3,0.7666666666666667,0.5833333333333334,0
id:lfcthismeans,id:dleoduq1234,3,3,3,2.45,0.9166666666666666,0
id:lfcthismeans,id:modern21,3,3,3,2.35,1.7833333333333334,0
id:lfcthismeans,id:spoops,3,3,3,0.65,0.2833333333333333,0
id:modern21,id:donka,3,3,3,1.2,0.7333333333333333,0
id:modern21,id:malwool,3,3,3,1.7333333333333334,1.5666666666666667,0
id:modern21,id:sexline,3,3,3,1.55,1.3833333333333333,0
id:modern21,id:whoshot,3,3,3,4.183333333333334,1.5833333333333333,0
id:naco16,id:Necovv,3,3,3,4.2,0.9166666666666666,0
id:naco16,id:dress7,3,3,3,1.4333333333333333,0.6833333333333333,0
id:naco16,id:flypcs20,3,3,3,1.25,0.8166666666666667,0
id:naco16,id:gum0510,3,3,3,0.95,0.8833333333333333,0
id:naco16,id:malwool,3,3,3,1.5333333333333334,0.9833333333333333,0
id:naco16,id:sounited13,3,3,3,1.9833333333333334,1.0666666666666667,0
id:naco16,id:supremebape,3,3,3,2.25,0.4166666666666667,0
id:naco16,id:woobo,3,3,3,2.533333333333333,2.1666666666666665,0
id:ninety5mph,id:donka,3,3,3,1.15,0.36666666666666664,0
id:novacane,id:sc1984,3,3,3,2.4166666666666665,1.4166666666666667,0
id:novacane,id:woobo,3,3,3,2.783333333333333,2.65,0
id:osodos,id:spoops,3,3,3,3.5833333333333335,2.3333333333333335,0
id:pearson19,id:jun2312,3,3,3,3.3833333333333333,1.1,0
id:pearson19,id:xxvxx,3,3,3,1.3666666666666667,0.8666666666666667,0
id:pucrinyesir,id:impactx84,3,3,3,3.45,1.0833333333333333,0
id:qhdtlsdl,id:spoops,3,3,3,1.5333333333333334,1.0,0
id:radioshot1,id:sexline,3,3,3,0.95,0.7333333333333333,0
id:rhcp11,id:Ibrahima,3,3,3,3.283333333333333,1.7666666666666666,0
id:rukk7812,id:chun1149,3,3,3,1.2833333333333334,1.2333333333333334,0
id:rukk7812,id:filyeun2,3,3,3,1.7166666666666666,1.2166666666666666,0
id:rukk7812,id:xxvxx,3,3,3,4.1,3.7,0
id:sanapati,id:kiriman,3,3,3,1.0833333333333333,0.8666666666666667,0
id:solution78,id:cytokine1234,3,3,3,2.716666666666667,1.9666666666666666,0
id:sounited13,id:pearson19,3,3,3,1.4,0.7,0
id:summernight,id:bulbol,3,3,3,2.9166666666666665,1.6166666666666667,0
id:tjfghksss,id:cauking,3,3,3,3.5166666666666666,2.6333333333333333,0
id:todfndl12,id:whoshot,3,3,3,2.466666666666667,1.7666666666666666,0
id:v1004ses,id:malwool,3,3,3,1.8833333333333333,0.9666666666666667,0
id:wind1123,id:spoops,3,3,3,1.4,0.95,0
id:xxvxx,id:spoops,3,3,3,2.3666666666666667,1.3,0
id:xxvxx,id:todfndl12,3,3,3,1.2666666666666666,1.1,0
id:yally1010,id:donka,3,3,3,1.1166666666666667,0.7,0
id:yo821281,id:FeelingGood,3,3,3,1.15,1.0333333333333334,0
id:zero080,id:todfndl12,3,3,3,0.6833333333333333,0.5,0
id:Volvo,id:YoLaTengo,3,2,3,2.4833333333333334,1.8666666666666667,0
id:Volvo,id:bugfix,3,2,3,3.1166666666666667,1.7833333333333334,0
id:Volvo,id:kuo13,3,2,3,2.816666666666667,0.7166666666666667,0
id:hulk,id:pearson19,3,2,3,1.1833333333333333,0.5666666666666667,0
id:impactx84,id:filyeun2,3,2,3,1.5333333333333334,0.55,0
id:onana,id:YoLaTengo,3,2,3,1.1166666666666667,0.7166666666666667,0
id:pearson19,id:YoLaTengo,3,2,3,4.033333333333333,0.8833333333333333,0
id:xxvxx,id:deportivo7,3,2,3,4.033333333333333,0.7166666666666667,0
id:oasiticjoo19,id:spoops,3,1,3,1.4333333333333333,0.9666666666666667,0
id:bulbol,id:roe2k,15,15,2,18.616666666666667,3.4,0
id:bulbol,id:redondor,12,12,2,18.025,0.9666666666666667,0
id:bulbol,id:regnier,10,10,2,22.441666666666666,0.38333333333333336,0
id:rukk7812,id:placebo,10,10,2,14.458333333333332,0.9666666666666667,0
id:hodoeel,id:spoops,8,8,2,11.391666666666666,1.5833333333333333,0
id:naco16,id:shkj22,8,8,2,9.575,2.8333333333333335,0
id:ninety5mph,id:cubana,8,8,2,14.3,2.0833333333333335,0
id:FeelingGood,id:dlawls,7,7,2,23.266666666666666,0.8333333333333334,0
id:grit,id:impactx84,7,7,2,7.916666666666667,3.1166666666666667,0
id:naco16,id:oasiticjoo19,7,7,2,6.766666666666667,2.15,0
id:flypcs20,id:flypcs20,7,4,2,19.983333333333334,0.35,7
id:bluepillz,id:dleoduq1234,6,6,2,5.933333333333334,1.8666666666666667,0
id:bulbol,id:Bluewings21,6,6,2,14.283333333333335,1.95,0
id:bulbol,id:bluepillz,6,6,2,7.975,1.55,0
id:bulbol,id:chakagesalja,6,6,2,10.45,1.5833333333333333,0
id:bulbol,id:sonhh,6,6,2,18.166666666666664,2.5833333333333335,0
id:bundes1,id:cauking,6,6,2,8.216666666666667,2.4166666666666665,0
id:cytokine1234,id:monkjm,6,6,2,10.191666666666666,3.3666666666666667,0
id:fantak,id:Bluewings21,6,6,2,12.891666666666666,1.0833333333333333,0
id:impactx84,id:yoshiki2,6,6,2,9.358333333333334,2.55,0
id:kokomong,id:monkjm,6,6,2,10.841666666666667,3.3833333333333333,0
id:naco16,id:ulsan0101,6,6,2,6.391666666666667,0.8166666666666667,0
id:solution78,id:eddie,6,6,2,8.516666666666666,1.4,0
id:FeelingGood,id:summernight,5,5,2,8.483333333333333,1.6333333333333333,0
id:bulbol,id:placebo,5,5,2,12.75,3.183333333333333,0
id:bulbol,id:psj1905,5,5,2,10.666666666666666,2.5833333333333335,0
id:bulbol,id:soccerlineid,5,5,2,8.8,4.716666666666667,0
id:cytokine1234,id:cytokine1234,5,5,2,5.416666666666667,0.43333333333333335,5
id:dlawls,id:cubana,5,5,2,9.85,1.6333333333333333,0
id:dlawls,id:sexline,5,5,2,5.133333333333334,1.7166666666666666,0
id:fantak,id:redondor,5,5,2,5.45,3.533333333333333,0
id:horizon,id:cauking,5,5,2,5.45,1.75,0
id:htht709,id:spoops,5,5,2,6.866666666666666,0.4,0
id:hyeok497,id:impactx84,5,5,2,5.566666666666666,1.5166666666666666,0
id:hyeok497,id:roe2k,5,5,2,9.433333333333334,1.9166666666666667,0
id:jeffkent,id:cubana,5,5,2,11.033333333333333,0.7666666666666667,0
id:lfcthismeans,id:cubana,5,5,2,5.2,2.95,0
id:rukk7812,id:Tenhag,5,5,2,5.5,1.0,0
id:rukk7812,id:rukk7812,5,5,2,8.683333333333334,2.9166666666666665,5
id:solution78,id:dlawls,5,5,2,5.866666666666666,1.3333333333333333,0
id:bakjang,id:spoops,5,4,2,5.75,1.0833333333333333,0
id:6830,id:hypeboy,4,4,2,4.208333333333334,2.0,0
id:FeelingGood,id:cubana,4,4,2,7.275,2.3,0
id:FeelingGood,id:kiriman,4,4,2,5.091666666666667,2.216666666666667,0
id:FeelingGood,id:monkjm,4,4,2,8.291666666666666,2.5166666666666666,0
id:Tenhag,id:cubana,4,4,2,25.791666666666664,1.2666666666666666,0
id:blue123,id:pearson19,4,4,2,5.125,1.45,0
id:bluepillz,id:lfcthismeans,4,4,2,3.6416666666666666,0.8333333333333334,0
id:bluepillz,id:malwool,4,4,2,4.833333333333333,2.1,0
id:bulbol,id:horizon,4,4,2,4.983333333333333,0.7333333333333333,0
id:bulbol,id:lj0608,4,4,2,5.041666666666666,3.066666666666667,0
id:bulbol,id:riverpine,4,4,2,13.991666666666667,1.1833333333333333,0
id:bulbol,id:thesilver,4,4,2,7.683333333333334,1.1166666666666667,0
id:bundes1,id:kokomong,4,4,2,3.2916666666666665,0.7166666666666667,0
id:bundes1,id:okao,4,4,2,7.725,2.9,0
id:bundes1,id:sounited13,4,4,2,4.416666666666667,0.48333333333333334,0
id:cytokine1234,id:kanoutsider,4,4,2,7.05,1.15,0
id:deportivo7,id:cafetango,4,4,2,7.125,2.783333333333333,0
id:dleoduq1234,id:placebo,4,4,2,11.308333333333334,0.8,0
id:fantak,id:jun2312,4,4,2,3.441666666666667,1.0333333333333334,0
id:fantak,id:shkj22,4,4,2,7.658333333333333,2.0833333333333335,0
id:fantak,id:tkrldh,4,4,2,5.191666666666666,3.8833333333333333,0
id:flypcs20,id:donka,4,4,2,3.308333333333333,0.6,0
id:grit,id:dialine,4,4,2,5.991666666666667,3.65,0
id:horizon,id:monkjm,4,4,2,9.35,1.9,0
id:horizon,id:roe2k,4,4,2,4.883333333333333,3.3,0
id:horizon,id:rukk7812,4,4,2,28.025,0.5333333333333333,0
id:hyeok497,id:xxvxx,4,4,2,5.35,2.8,0
id:hypeboy,id:summernight,4,4,2,235.20000000000002,3.15,0
id:impactx84,id:adnanjanuzaj,4,4,2,7.225,2.533333333333333,0
id:impactx84,id:life13579,4,4,2,5.8500000000000005,1.7166666666666666,0
id:impactx84,id:potatochip1,4,4,2,7.283333333333333,3.2333333333333334,0
id:impactx84,id:progamer77,4,4,2,9.041666666666666,1.75,0
id:juventus82,id:malwool,4,4,2,4.158333333333333,0.9666666666666667,0
id:juventus82,id:okao,4,4,2,6.85,1.45,0
id:kiriman,id:monkjm,4,4,2,14.458333333333334,1.3833333333333333,0
id:modern21,id:gum0510,4,4,2,8.9,2.316666666666667,0
id:naco16,id:cubana,4,4,2,5.933333333333334,1.15,0
id:naco16,id:dlawls,4,4,2,8.7,0.4666666666666667,0
id:naco16,id:grit,4,4,2,5.191666666666666,2.783333333333333,0
id:ninety5mph,id:okao,4,4,2,4.583333333333333,0.8,0
id:pucrinyesir,id:BongGu1103,4,4,2,16.108333333333334,1.1333333333333333,0
id:qhdtlsdl,id:Ibrahima,4,4,2,4.675,3.1,0
id:qhdtlsdl,id:qhdtlsdl,4,4,2,4.383333333333333,1.4833333333333334,4
id:rukk7812,id:modern21,4,4,2,4.25,0.9833333333333333,0
id:rukk7812,id:reiun,4,4,2,8.891666666666666,2.8666666666666667,0
id:solution78,id:kapfazo,4,4,2,11.766666666666666,4.283333333333333,0
id:summernight,id:Ibrahima,4,4,2,16.9,2.683333333333333,0
id:summernight,id:Tenhag,4,4,2,7.258333333333334,2.15,0
id:summernight,id:bookae1,4,4,2,6.258333333333334,1.35,0
id:summernight,id:todfndl12,4,4,2,4.275,0.7666666666666667,0
id:tjfghksss,id:spoops,4,4,2,3.208333333333333,0.4166666666666667,0
id:malwool,id:yally1010,4,3,2,3.8000000000000003,1.5,0
id:solution78,id:oasiticjoo19,4,3,2,4.233333333333333,1.7166666666666666,0
id:6830,id:FeelingGood,3,3,2,3.55,2.1166666666666667,0
id:6830,id:cytokine1234,3,3,2,2.5,2.466666666666667,0
id:6830,id:oasiticjoo19,3,3,2,3.4166666666666665,1.0166666666666666,0
id:6830,id:okao,3,3,2,1.4833333333333334,1.4666666666666666,0
id:BlackEyes23,id:hypeboy,3,3,2,1.9833333333333334,1.95,0
id:BlackEyes23,id:mirissoul2,3,3,2,1.7666666666666666,1.3833333333333333,0
id:BlackEyes23,id:xxvxx,3,3,2,3.0833333333333335,1.8833333333333333,0
id:FeelingGood,id:deportivo7,3,3,2,0.6166666666666667,0.4666666666666667,0
id:FeelingGood,id:kuo13,3,3,2,4.616666666666666,1.6,0
id:FeelingGood,id:wind1123,3,3,2,4.916666666666667,1.3,0
id:FeelingGood,id:xxvxx,3,3,2,3.2,2.45,0
id:Ibisevic,id:eddie,3,3,2,4.566666666666666,1.3333333333333333,0
id:Ibisevic,id:kanoutsider,3,3,2,1.8666666666666667,0.5833333333333334,0
id:Ibisevic,id:lfcthismeans,3,3,2,3.85,0.7833333333333333,0
id:Milner7,id:okao,3,3,2,3.216666666666667,1.7833333333333334,0
id:Necovv,id:dleoduq1234,3,3,2,1.9333333333333333,1.7666666666666666,0
id:Necovv,id:spoops,3,3,2,2.25,1.9,0
id:Tenhag,id:dleoduq1234,3,3,2,4.333333333333333,2.1666666666666665,0
id:Tenhag,id:donka,3,3,2,0.6333333333333333,0.38333333333333336,0
id:Volvo,id:cytokine1234,3,3,2,2.566666666666667,2.466666666666667,0
id:Volvo,id:tjfghksss,3,3,2,1.4166666666666667,0.75,0
id:YoLaTengo,id:malwool,3,3,2,3.683333333333333,2.7666666666666666,0
id:adnanjanuzaj,id:donka,3,3,2,0.7,0.6833333333333333,0
id:blue123,id:FeelingGood,3,3,2,4.433333333333334,2.8333333333333335,0
id:blue123,id:bulbol,3,3,2,1.9666666666666666,0.7,0
id:blue123,id:deportivo7,3,3,2,2.783333333333333,1.5333333333333334,0
id:blue123,id:flamans1,3,3,2,2.0166666666666666,0.8333333333333334,0
id:boba1983,id:todfndl12,3,3,2,1.3,1.05,0
id:bugfix,id:placebo,3,3,2,3.783333333333333,1.7333333333333334,0
id:bulbol,id:BlackEyes23,3,3,2,4.283333333333333,3.216666666666667,0
id:bulbol,id:consul,3,3,2,2.6,2.4833333333333334,0
id:bulbol,id:ejirall,3,3,2,4.7,4.2,0
id:bulbol,id:kapfazo,3,3,2,4.0,1.8666666666666667,0
id:bulbol,id:life13579,3,3,2,2.066666666666667,1.4166666666666667,0
id:bulbol,id:megacoffee25,3,3,2,2.95,1.5333333333333334,0
id:bulbol,id:progamer77,3,3,2,4.35,1.3166666666666667,0
id:bulbol,id:sdh90,3,3,2,1.2833333333333334,1.2166666666666666,0
id:bulbol,id:yhtuos,3,3,2,1.7,0.4,0
id:bundes1,id:lfcthismeans,3,3,2,3.316666666666667,3.216666666666667,0
id:chun1149,id:spoops,3,3,2,3.3833333333333333,2.85,0
id:cytokine1234,id:YoLaTengo,3,3,2,2.35,1.65,0
id:cytokine1234,id:deportivo7,3,3,2,2.533333333333333,0.5666666666666667,0
id:cytokine1234,id:kim2pac,3,3,2,3.033333333333333,1.2833333333333334,0
id:dlawls,id:summernight,3,3,2,3.7,0.9166666666666666,0
id:dleoduq1234,id:donka,3,3,2,4.166666666666667,0.5333333333333333,0
id:ehdtks9286,id:Bluewings21,3,3,2,2.316666666666667,0.6666666666666666,0
id:ehdtks9286,id:impactx84,3,3,2,2.4,1.3166666666666667,0
id:fantak,id:Ibrahima,3,3,2,4.766666666666667,0.8666666666666667,0
id:fantak,id:bbggkkk,3,3,2,2.4,1.1,0
id:fantak,id:bulbol,3,3,2,3.9,3.6333333333333333,0
id:fantak,id:hsw0119,3,3,2,4.783333333333333,2.9,0
id:fantak,id:soccerlineid,3,3,2,4.416666666666667,1.6666666666666667,0
id:fantak,id:ulsan0101,3,3,2,2.216666666666667,1.65,0
id:grit,id:naco16,3,3,2,2.5166666666666666,1.1833333333333333,0
id:grit,id:okao,3,3,2,2.7333333333333334,0.4,0
id:gum0510,id:forest,3,3,2,1.9,0.5333333333333333,0
id:hobro,id:malwool,3,3,2,2.183333333333333,1.4333333333333333,0
id:hodoeel,id:cytokine1234,3,3,2,1.7166666666666666,1.3333333333333333,0
id:hodoeel,id:donka,3,3,2,2.8333333333333335,0.5,0
id:hodoeel,id:pearson19,3,3,2,1.6,0.5333333333333333,0
id:horizon,id:dialine,3,3,2,2.75,2.7,0
id:horizon,id:grit,3,3,2,4.25,2.85,0
id:horizon,id:kim2pac,3,3,2,2.6333333333333333,2.3833333333333333,0
id:htht709,id:gbu17,3,3,2,3.066666666666667,2.0833333333333335,0
id:htht709,id:okao,3,3,2,4.666666666666667,0.35,0
id:hyeok497,id:cydia14,3,3,2,2.433333333333333,1.7166666666666666,0
id:hyeok497,id:eddie,3,3,2,4.516666666666667,4.416666666666667,0
id:hyeok497,id:lfcthismeans,3,3,2,1.2666666666666666,0.7,0
id:hyeok497,id:pearson19,3,3,2,0.8,0.36666666666666664,0
id:hyeok497,id:roykie151,3,3,2,2.9833333333333334,1.9,0
id:hyeok497,id:wind1123,3,3,2,4.216666666666667,2.75,0
id:hypeboy,id:hulk,3,3,2,3.65,3.25,0
id:hypeboy,id:mcraky,3,3,2,1.8166666666666667,1.3666666666666667,0
id:hypeboy,id:sexline,3,3,2,2.9833333333333334,2.6166666666666667,0
id:impactx84,id:fantak,3,3,2,3.966666666666667,2.4166666666666665,0
id:impactx84,id:impactx84,3,3,2,4.6,3.85,3
id:impactx84,id:mirissoul2,3,3,2,3.05,1.1666666666666667,0
id:impactx84,id:sounited13,3,3,2,2.65,1.4333333333333333,0
id:impactx84,id:wondh84,3,3,2,1.8666666666666667,0.85,0
id:jeffkent,id:deportivo7,3,3,2,2.033333333333333,1.4833333333333334,0
id:jun2312,id:bookae1,3,3,2,5.0,2.2666666666666666,0
id:jun2312,id:luna7742,3,3,2,3.0166666666666666,0.9833333333333333,0
id:juventus82,id:todfndl12,3,3,2,3.533333333333333,3.0166666666666666,0
id:kokomong,id:okao,3,3,2,4.15,2.566666666666667,0
id:kokomong,id:placebo,3,3,2,1.5,1.0333333333333334,0
id:kokomong,id:progamer77,3,3,2,2.1,1.75,0
id:lfcthismeans,id:tkrldh,3,3,2,4.666666666666667,3.783333333333333,0
id:lfcthismeans,id:whoshot,3,3,2,2.85,1.9333333333333333,0
id:luna7742,id:spoops,3,3,2,3.15,1.9833333333333334,0
id:malwool,id:dleoduq1234,3,3,2,1.7166666666666666,0.9666666666666667,0
id:malwool,id:horizon,3,3,2,2.283333333333333,0.95,0
id:malwool,id:monkjm,3,3,2,3.7666666666666666,1.5833333333333333,0
id:malwool,id:spoops,3,3,2,1.4833333333333334,0.9833333333333333,0
id:masok01,id:bulbol,3,3,2,2.15,1.1,0
id:masterplan5,id:donka,3,3,2,0.48333333333333334,0.45,0
id:modern21,id:xxvxx,3,3,2,4.433333333333334,2.183333333333333,0
id:naco16,id:BlackEyes23,3,3,2,1.1666666666666667,0.8666666666666667,0
id:naco16,id:bluewind84,3,3,2,3.6,2.8333333333333335,0
id:naco16,id:cydia14,3,3,2,3.783333333333333,3.2666666666666666,0
id:naco16,id:dleoduq1234,3,3,2,0.6166666666666667,0.48333333333333334,0
id:naco16,id:kicking,3,3,2,2.9833333333333334,1.1,0
id:naco16,id:kim2pac,3,3,2,2.45,1.8333333333333333,0
id:naco16,id:press21cc,3,3,2,2.9166666666666665,1.55,0
id:ninety5mph,id:cauking,3,3,2,2.183333333333333,1.1833333333333333,0
id:novacane,id:spoops,3,3,2,4.866666666666666,2.433333333333333,0
id:pearson19,id:bundes1,3,3,2,2.35,1.0333333333333334,0
id:pearson19,id:hypeboy,3,3,2,1.2666666666666666,1.0,0
id:pearson19,id:psj205,3,3,2,2.2666666666666666,1.5166666666666666,0
id:pucrinyesir,id:filyeun2,3,3,2,4.9,3.3833333333333333,0
id:pucrinyesir,id:press21cc,3,3,2,4.366666666666666,2.0,0
id:qhdtlsdl,id:masok01,3,3,2,3.216666666666667,0.9833333333333333,0
id:qhdtlsdl,id:monkjm,3,3,2,2.816666666666667,1.5666666666666667,0
id:qhdtlsdl,id:okao,3,3,2,4.016666666666667,1.9666666666666666,0
id:qnflsdl,id:FeelingGood,3,3,2,4.183333333333334,1.1,0
id:radioshot1,id:FeelingGood,3,3,2,4.283333333333333,0.55,0
id:radioshot1,id:ajh30130,3,3,2,1.15,1.1166666666666667,0
id:radioshot1,id:dleoduq1234,3,3,2,3.2333333333333334,1.2666666666666666,0
id:radioshot1,id:malwool,3,3,2,1.5333333333333334,1.3666666666666667,0
id:regions,id:radioshot1,3,3,2,3.5166666666666666,1.6,0
id:rhcp11,id:malwool,3,3,2,3.283333333333333,2.433333333333333,0
id:roe2k,id:malwool,3,3,2,2.966666666666667,1.8833333333333333,0
id:rukk7812,id:colacup,3,3,2,4.316666666666666,2.0833333333333335,0
id:rukk7812,id:ejirall,3,3,2,2.7,1.8666666666666667,0
id:rukk7812,id:lfcthismeans,3,3,2,3.6166666666666667,0.9166666666666666,0
id:rukk7812,id:radioshot1,3,3,2,4.95,2.3833333333333333,0
id:rukk7812,id:tjfghksss,3,3,2,2.05,1.05,0
id:rukk7812,id:typoonj2,3,3,2,2.7333333333333334,1.5166666666666666,0
id:rukk7812,id:ulsan0101,3,3,2,2.05,0.6166666666666667,0
id:sanapati,id:spoops,3,3,2,4.316666666666666,2.216666666666667,0
id:snap23,id:dewsd,3,3,2,0.9333333333333333,0.2833333333333333,0
id:solution78,id:bbggkkk,3,3,2,3.9833333333333334,2.2333333333333334,0
id:solution78,id:bookae1,3,3,2,3.4166666666666665,1.2833333333333334,0
id:solution78,id:bulbol,3,3,2,1.5166666666666666,1.1666666666666667,0
id:solution78,id:hypeboy,3,3,2,2.9166666666666665,2.816666666666667,0
id:solution78,id:kim2pac,3,3,2,1.6833333333333333,1.4666666666666666,0
id:solution78,id:summernight,3,3,2,3.4833333333333334,0.9666666666666667,0
id:sounited13,id:cubana,3,3,2,4.7,0.6333333333333333,0
id:sounited13,id:kiriman,3,3,2,3.4,3.25,0
id:stynerkn,id:okao,3,3,2,2.4833333333333334,1.0833333333333333,0
id:summernight,id:donka,3,3,2,2.2666666666666666,0.85,0
id:tjdgh09123,id:spoops,3,3,2,4.766666666666667,2.8,0
id:tkrhdgus1,id:impactx84,3,3,2,4.633333333333334,3.066666666666667,0
id:whddlqlgodrl,id:monkjm,3,3,2,4.883333333333334,2.5833333333333335,0
id:xxvxx,id:cytokine1234,3,3,2,1.7333333333333334,0.5333333333333333,0
id:xxvxx,id:doochangman,3,3,2,3.6333333333333333,1.35,0
id:yo821281,id:cauking,3,3,2,4.433333333333334,4.05,0
id:yo821281,id:cytokine1234,3,3,2,4.916666666666667,1.8833333333333333,0
id:yo821281,id:kakaka10,3,3,2,3.7333333333333334,3.05,0
id:yo821281,id:tjfghksss,3,3,2,4.533333333333333,1.9,0
id:yo821281,id:whoshot,3,3,2,4.933333333333334,2.85,0
id:zero080,id:bulbol,3,3,2,2.783333333333333,0.8166666666666667,0
id:zero080,id:deportivo7,3,3,2,2.5166666666666666,2.1166666666666667,0
id:zero080,id:dlawls,3,3,2,5.0,2.25,0
id:zero080,id:doxan,3,3,2,3.0,2.55,0
id:zero080,id:peterock83,3,3,2,2.3833333333333333,2.1333333333333333,0
id:zero080,id:whoshot,3,3,2,2.1,0.45,0
id:Ibisevic,id:monkjm,3,2,2,3.5166666666666666,2.3333333333333335,0
id:WEZARD777,id:WEZARD777,3,2,2,4.716666666666667,3.716666666666667,3
id:onana,id:malwool,3,2,2,3.033333333333333,0.8166666666666667,0
id:say1673,id:dlawls,3,2,2,2.1666666666666665,1.0166666666666666,0
id:sbw1249,id:dlawls,3,2,2,4.016666666666667,2.316666666666667,0
id:snap23,id:spoops,3,2,2,3.1333333333333333,1.5833333333333333,0
id:sounited13,id:kicking,3,2,2,2.35,1.35,0
id:ttkwnffj,id:ttkwnffj,3,2,2,3.1333333333333333,2.4166666666666665,3
id:6667sh,id:Bluewings21,2,2,2,3.25,3.1166666666666667,0
id:6667sh,id:donka,2,2,2,1.1666666666666665,0.6333333333333333,0
id:6667sh,id:footpodo,2,2,2,1.8583333333333334,1.2166666666666666,0
id:6667sh,id:whoshot,2,2,2,1.75,0.7833333333333333,0
id:6830,id:cauking,2,2,2,2.9,2.0,0
id:6830,id:cydia14,2,2,2,2.95,1.6166666666666667,0
id:6830,id:dhdld321,2,2,2,1.25,1.0,0
id:6830,id:supremebape,2,2,2,1.375,0.8666666666666667,0
id:6830,id:terry34,2,2,2,2.458333333333333,2.1333333333333333,0
id:6830,id:todfndl12,2,2,2,1.3083333333333333,0.4666666666666667,0
id:6830,id:wind1123,2,2,2,3.4333333333333336,2.466666666666667,0
id:6830,id:wowoyeah,2,2,2,3.075,1.6833333333333333,0
id:BlackEyes23,id:Sejongutd1,2,2,2,1.1333333333333333,1.0333333333333334,0
id:BlackEyes23,id:makaloni,2,2,2,2.9499999999999997,1.0333333333333334,0
id:BlackEyes23,id:todfndl12,2,2,2,1.7750000000000001,1.2333333333333334,0
id:FeelingGood,id:Sejongutd1,2,2,2,1.2416666666666667,0.95,0
id:FeelingGood,id:bulbol,2,2,2,2.425,1.7333333333333334,0
id:FeelingGood,id:claralike123,2,2,2,1.2333333333333334,0.5666666666666667,0
id:FeelingGood,id:footpodo,2,2,2,4.191666666666666,3.7666666666666666,0
id:FeelingGood,id:horizon,2,2,2,3.05,1.3666666666666667,0
id:FeelingGood,id:kp5189jp,2,2,2,2.3583333333333334,1.1666666666666667,0
id:FeelingGood,id:mirissoul2,2,2,2,3.9416666666666664,3.783333333333333,0
id:FeelingGood,id:todfndl12,2,2,2,2.6166666666666667,1.2666666666666666,0
id:Grassland,id:Ibrahima,2,2,2,2.8833333333333333,1.8666666666666667,0
id:Grassland,id:bulbol,2,2,2,1.4583333333333335,1.3166666666666667,0
id:Grassland,id:cubana,2,2,2,0.75,0.7333333333333333,0
id:Ibisevic,id:cydia14,2,2,2,2.9000000000000004,2.1,0
id:Ibisevic,id:deportivo7,2,2,2,1.4083333333333332,0.5166666666666667,0
id:Ibisevic,id:donka,2,2,2,2.7583333333333333,1.9166666666666667,0
id:Ibisevic,id:fantak,2,2,2,2.4416666666666664,2.3,0
id:Ibisevic,id:jun2312,2,2,2,1.4166666666666667,0.85,0
id:Ibisevic,id:kicking,2,2,2,2.8833333333333333,2.6333333333333333,0
id:Ibisevic,id:kim2pac,2,2,2,2.6666666666666665,1.45,0
id:Ibisevic,id:loblue208,2,2,2,3.916666666666667,3.65,0
id:Ibisevic,id:malwool,2,2,2,3.775,3.283333333333333,0
id:Ibisevic,id:okao,2,2,2,2.9333333333333336,1.1833333333333333,0
id:KINGBATI,id:modern21,2,2,2,2.566666666666667,1.9333333333333333,0
id:LJM1389,id:flamans1,2,2,2,2.8083333333333336,2.45,0
id:LJM1389,id:placebo,2,2,2,4.408333333333333,4.066666666666666,0
id:ManU01,id:ManU01,2,2,2,3.05,1.5333333333333334,2
id:ManU01,id:progamer77,2,2,2,4.025,3.8833333333333333,0
id:Milner7,id:donka,2,2,2,0.75,0.4666666666666667,0
id:Mkisduchang,id:FeelingGood,2,2,2,2.0,0.95,0
id:Mkisduchang,id:okao,2,2,2,4.458333333333334,3.966666666666667,0
id:Necovv,id:Milner7,2,2,2,1.5833333333333335,1.4166666666666667,0
id:Tenhag,id:YoLaTengo,2,2,2,4.183333333333334,3.716666666666667,0
id:Tenhag,id:kanoutsider,2,2,2,1.8,1.5,0
id:Tenhag,id:osodos,2,2,2,3.125,2.466666666666667,0
id:Tenhag,id:progamer77,2,2,2,1.1666666666666667,0.9833333333333333,0
id:Tenhag,id:wind1123,2,2,2,3.0833333333333335,2.8333333333333335,0
id:Volvo,id:FeelingGood,2,2,2,1.5,0.3333333333333333,0
id:Volvo,id:Tenhag,2,2,2,3.4833333333333334,3.316666666666667,0
id:Volvo,id:donka,2,2,2,0.39166666666666666,0.36666666666666664,0
id:Volvo,id:lfcthismeans,2,2,2,3.158333333333333,2.7333333333333334,0
id:Volvo,id:stynerkn,2,2,2,1.7916666666666665,0.7,0
id:Volvo,id:whoshot,2,2,2,1.3333333333333333,0.7666666666666667,0
id:Webhead,id:ashluna,2,2,2,3.1916666666666664,2.533333333333333,0
id:alfatini,id:KINGBATI,2,2,2,1.8916666666666668,0.7166666666666667,0
id:alfatini,id:hanlobby,2,2,2,1.6666666666666667,1.35,0
id:alfatini,id:osodos,2,2,2,3.1166666666666667,2.6,0
id:alfatini,id:solution78,2,2,2,2.05,0.6666666666666666,0
id:armwear,id:cytokine1234,2,2,2,2.75,1.8,0
id:asha7270,id:spoops,2,2,2,3.25,2.75,0
id:ashluna,id:KINGBATI,2,2,2,1.5333333333333332,0.8833333333333333,0
id:ashluna,id:solution78,2,2,2,2.908333333333333,2.8833333333333333,0
id:bakjang,id:filyeun2,2,2,2,4.066666666666666,3.25,0
id:blue123,id:Clocks,2,2,2,2.2916666666666665,1.55,0
id:blue123,id:YoLaTengo,2,2,2,1.975,1.0,0
id:blue123,id:consul,2,2,2,3.441666666666667,2.2,0
id:blue123,id:kokomong,2,2,2,1.825,1.6166666666666667,0
id:blue123,id:progamer77,2,2,2,1.1833333333333333,1.0833333333333333,0
id:blue123,id:rukk7812,2,2,2,3.3499999999999996,3.033333333333333,0
id:blue123,id:tkzjfkdlsd,2,2,2,1.2916666666666667,1.1,0
id:blue123,id:todfndl12,2,2,2,1.9416666666666667,1.4833333333333334,0
id:blue123,id:woobo,2,2,2,2.708333333333333,1.3833333333333333,0
id:bluepillz,id:bbggkkk,2,2,2,3.9,2.9833333333333334,0
id:boba1983,id:donka,2,2,2,1.4833333333333334,1.4666666666666666,0
id:boba1983,id:ejirall,2,2,2,3.25,2.2,0
id:boba1983,id:malwool,2,2,2,2.425,1.2333333333333334,0
id:bonobono234,id:kiriman,2,2,2,3.166666666666667,2.85,0
id:bookae1,id:cubana,2,2,2,2.6083333333333334,1.5333333333333334,0
id:bookae1,id:monkjm,2,2,2,2.158333333333333,0.7,0
id:bugfix,id:dleoduq1234,2,2,2,2.0583333333333336,0.8833333333333333,0
id:bulbol,id:Clocks,2,2,2,3.6833333333333336,2.6333333333333333,0
id:bulbol,id:Marshmello,2,2,2,2.291666666666667,1.5,0
id:bulbol,id:Unsee8,2,2,2,3.225,2.2333333333333334,0
id:bulbol,id:alfatini,2,2,2,1.8416666666666668,1.8,0
id:bulbol,id:benben,2,2,2,2.175,1.4166666666666667,0
id:bulbol,id:chun1149,2,2,2,4.65,4.3,0
id:bulbol,id:claralike123,2,2,2,1.7333333333333334,1.1833333333333333,0
id:bulbol,id:potatochip1,2,2,2,1.7833333333333332,0.8833333333333333,0
id:bulbol,id:radioshot1,2,2,2,2.216666666666667,1.3833333333333333,0
id:bulbol,id:rainshowerkk,2,2,2,3.6500000000000004,3.15,0
id:bulbol,id:simbae1,2,2,2,3.166666666666667,2.5,0
id:bundes1,id:ajh30130,2,2,2,1.6,0.45,0
id:bundes1,id:eddie,2,2,2,2.35,0.9333333333333333,0
id:bundes1,id:iskoke,2,2,2,2.9166666666666665,0.9833333333333333,0
id:bundes1,id:kim2pac,2,2,2,2.2583333333333333,0.9666666666666667,0
id:bundes1,id:kiriman,2,2,2,1.1083333333333334,0.8166666666666667,0
id:bundes1,id:taebari,2,2,2,3.425,2.4,0
id:bundes1,id:whoshot,2,2,2,2.25,0.8666666666666667,0
id:bvbreus11,id:crazycho,2,2,2,1.1916666666666669,1.0333333333333334,0
id:bvbreus11,id:malwool,2,2,2,1.1416666666666666,0.5833333333333334,0
id:bvbreus11,id:mirissoul2,2,2,2,1.1583333333333332,1.05,0
id:bvbreus11,id:radioshot1,2,2,2,0.5333333333333333,0.23333333333333334,0
id:bvbreus11,id:typoonj2,2,2,2,3.4000000000000004,3.216666666666667,0
id:bvbreus11,id:ulsan0101,2,2,2,1.675,0.4666666666666667,0
id:cafetango,id:whoshot,2,2,2,1.6333333333333333,0.25,0
id:childpicture,id:donka,2,2,2,1.3,0.45,0
id:childpicture,id:monkjm,2,2,2,3.1166666666666667,2.3666666666666667,0
id:chun1149,id:bluepillz,2,2,2,2.125,1.0833333333333333,0
id:chun1149,id:potatochip1,2,2,2,1.9,1.7,0
id:chun1149,id:radioshot1,2,2,2,3.25,2.7333333333333334,0
id:cydia14,id:cytokine1234,2,2,2,2.425,1.8166666666666667,0
id:cydia14,id:flareburst,2,2,2,1.5916666666666668,1.3166666666666667,0
id:cydia14,id:malwool,2,2,2,2.5,2.4,0
id:cydia14,id:mhp3rd,2,2,2,0.6499999999999999,0.31666666666666665,0
id:cydia14,id:pearson19,2,2,2,0.8416666666666667,0.4166666666666667,0
id:cydia14,id:spoops,2,2,2,1.0333333333333334,0.8333333333333334,0
id:cydia14,id:tjfghksss,2,2,2,2.1916666666666664,1.3833333333333333,0
id:cydia14,id:xxvxx,2,2,2,2.2750000000000004,2.216666666666667,0
id:cytokine1234,id:10bergi,2,2,2,2.175,0.8166666666666667,0
id:cytokine1234,id:85yang,2,2,2,3.2416666666666667,2.2333333333333334,0
id:cytokine1234,id:Ibrahima,2,2,2,3.125,2.6,0
id:cytokine1234,id:Sejongutd1,2,2,2,2.25,0.8333333333333334,0
id:cytokine1234,id:azulyoro,2,2,2,2.7583333333333333,2.1333333333333333,0
id:cytokine1234,id:donka,2,2,2,1.2,0.85,0
id:cytokine1234,id:filyeun2,2,2,2,1.2166666666666668,0.75,0
id:cytokine1234,id:kaizennf,2,2,2,1.9166666666666665,1.5833333333333333,0
id:cytokine1234,id:pms2906,2,2,2,2.5166666666666666,1.3,0
id:dadoocom,id:impactx84,2,2,2,2.7583333333333337,2.7,0
id:dadoocom,id:kuo13,2,2,2,2.875,1.15,0
id:dadoocom,id:progamer77,2,2,2,1.775,1.05,0
id:deportivo7,id:dlawls,2,2,2,1.9000000000000001,1.35,0
id:deportivo7,id:flareburst,2,2,2,0.7833333333333333,0.75,0
id:deportivo7,id:hypeboy,2,2,2,1.7916666666666665,1.3166666666666667,0
id:deportivo7,id:impactx84,2,2,2,1.45,1.4333333333333333,0
id:dlawls,id:cytokine1234,2,2,2,3.716666666666667,2.6,0
id:dlawls,id:deportivo7,2,2,2,1.8333333333333333,0.6166666666666667,0
id:dlawls,id:donka,2,2,2,0.8416666666666667,0.8333333333333334,0
id:dleoduq1234,id:cytokine1234,2,2,2,1.825,0.65,0
id:dleoduq1234,id:kicking,2,2,2,1.7166666666666668,1.6833333333333333,0
id:dleoduq1234,id:pearson19,2,2,2,1.5666666666666669,0.43333333333333335,0
id:dleoduq1234,id:yhtuos,2,2,2,1.1416666666666666,0.6666666666666666,0
id:donka,id:Tenhag,2,2,2,2.3666666666666667,1.55,0
id:dress7,id:sexline,2,2,2,2.083333333333333,1.5166666666666666,0
id:edh2och,id:malwool,2,2,2,3.908333333333333,3.8,0
id:ehdtks9286,id:chun1149,2,2,2,1.7166666666666668,1.0833333333333333,0
id:ehdtks9286,id:ehdtks9286,2,2,2,4.15,3.8333333333333335,2
id:ehdtks9286,id:modern21,2,2,2,2.675,2.45,0
id:ehdtks9286,id:stynerkn,2,2,2,2.833333333333333,1.3333333333333333,0
id:ehdtks9286,id:wondh84,2,2,2,2.6833333333333336,1.9,0
id:ejirall,id:cytokine1234,2,2,2,1.5416666666666667,0.8333333333333334,0
id:ejirall,id:deportivo7,2,2,2,1.1166666666666667,0.9833333333333333,0
id:ejirall,id:dlawls,2,2,2,2.3333333333333335,1.8333333333333333,0
id:ejirall,id:luna7742,2,2,2,1.9333333333333333,1.4,0
id:ejirall,id:okao,2,2,2,2.3583333333333334,1.7,0
id:ejirall,id:todfndl12,2,2,2,1.3250000000000002,0.8666666666666667,0
id:fantak,id:gum0510,2,2,2,1.6083333333333334,1.5333333333333334,0
id:fantak,id:hmhgood,2,2,2,1.375,0.9166666666666666,0
id:fantak,id:pudingm,2,2,2,4.483333333333333,4.233333333333333,0
id:fantak,id:wind1123,2,2,2,2.5666666666666664,2.033333333333333,0
id:flypcs20,id:kiriman,2,2,2,2.875,2.5,0
id:gerrard88,id:kicking,2,2,2,3.675,3.0166666666666666,0
id:goldenboy12,id:donka,2,2,2,0.8833333333333333,0.8333333333333334,0
id:grit,id:dleoduq1234,2,2,2,1.55,1.4166666666666667,0
id:grit,id:eiskzm,2,2,2,1.6916666666666667,1.4166666666666667,0
id:grit,id:flat,2,2,2,3.191666666666667,1.6666666666666667,0
id:grit,id:jun2312,2,2,2,2.9000000000000004,2.216666666666667,0
id:grit,id:kokomong,2,2,2,2.966666666666667,2.4833333333333334,0
id:grit,id:leed7584,2,2,2,2.2,1.25,0
id:grit,id:spoops,2,2,2,3.6333333333333333,3.2,0
id:gum0510,id:Clousewitz,2,2,2,2.033333333333333,1.4,0
id:gum0510,id:cauking,2,2,2,3.041666666666667,1.9166666666666667,0
id:gum0510,id:cubana,2,2,2,2.35,0.7666666666666667,0
id:gum0510,id:dleoduq1234,2,2,2,1.0083333333333333,0.9666666666666667,0
id:gum0510,id:kicking,2,2,2,2.525,1.9333333333333333,0
id:gum0510,id:messiya2022,2,2,2,1.4583333333333333,0.7333333333333333,0
id:gum0510,id:pearson19,2,2,2,1.1583333333333332,1.15,0
id:gum0510,id:rainshowerkk,2,2,2,3.8500000000000005,3.316666666666667,0
id:gum0510,id:rukk7812,2,2,2,2.333333333333333,1.15,0
id:gum0510,id:todfndl12,2,2,2,1.6833333333333331,0.7,0
id:gum0510,id:whoshot,2,2,2,1.6166666666666667,0.9333333333333333,0
id:hanlobby,id:dleoduq1234,2,2,2,3.225,2.716666666666667,0
id:hanlobby,id:impactx84,2,2,2,3.5583333333333336,3.066666666666667,0
id:hanlobby,id:whoshot,2,2,2,1.7916666666666665,0.8166666666666667,0
id:hobro,id:whoshot,2,2,2,1.1916666666666667,0.9166666666666666,0
id:hodoeel,id:dadoocom,2,2,2,2.283333333333333,1.55,0
id:horizon,id:bulbol,2,2,2,2.6833333333333336,2.066666666666667,0
id:horizon,id:kokomong,2,2,2,1.0416666666666665,1.0,0
id:horizon,id:modern21,2,2,2,1.8666666666666667,1.6333333333333333,0
id:horsedongh,id:kiriman,2,2,2,3.158333333333333,1.7833333333333334,0
id:horsedongh,id:modern21,2,2,2,2.275,1.5,0
id:horsedongh,id:spoops,2,2,2,3.8333333333333335,3.45,0
id:htht709,id:bugfix,2,2,2,1.7916666666666665,1.55,0
id:htht709,id:impactx84,2,2,2,1.525,1.3333333333333333,0
id:htht709,id:tjfghksss,2,2,2,3.216666666666667,1.6833333333333333,0
id:htht709,id:ulsan0101,2,2,2,1.275,0.85,0
id:hulk,id:Ibrahima,2,2,2,2.566666666666667,1.1666666666666667,0
id:hulk,id:donka,2,2,2,1.2583333333333333,0.8166666666666667,0
id:hulk,id:kokomong,2,2,2,1.0416666666666665,1.0166666666666666,0
id:hulk,id:todfndl12,2,2,2,2.475,1.3,0
id:hulk,id:xxvxx,2,2,2,2.6083333333333334,1.9666666666666666,0
id:hyeok497,id:bundes1,2,2,2,2.6416666666666666,0.75,0
id:hyeok497,id:filyeun2,2,2,2,1.6416666666666666,1.0,0
id:hyeok497,id:jjuhyun92,2,2,2,2.5166666666666666,2.0833333333333335,0
id:hyeok497,id:solution78,2,2,2,1.8,0.9833333333333333,0
id:hypeboy,id:cytokine1234,2,2,2,1.2916666666666667,0.65,0
id:hypeboy,id:dress7,2,2,2,1.7166666666666668,0.8333333333333334,0
id:hypeboy,id:gerrard88,2,2,2,0.8999999999999999,0.7833333333333333,0
id:hypeboy,id:hpkim90,2,2,2,4.0,3.1666666666666665,0
id:hypeboy,id:okao,2,2,2,1.6666666666666665,0.6833333333333333,0
id:hypeboy,id:tjfghksss,2,2,2,1.8166666666666664,1.3333333333333333,0
id:impactx84,id:Clocks,2,2,2,3.15,2.0166666666666666,0
id:impactx84,id:KINGBATI,2,2,2,1.6083333333333334,1.5,0
id:impactx84,id:Marshmello,2,2,2,2.841666666666667,1.1,0
id:impactx84,id:Sejongutd1,2,2,2,2.0,1.0333333333333334,0
id:impactx84,id:Unsee8,2,2,2,1.5416666666666667,1.35,0
id:impactx84,id:ajh30130,2,2,2,1.7583333333333333,0.7166666666666667,0
id:impactx84,id:bugfix,2,2,2,1.9500000000000002,1.4333333333333333,0
id:impactx84,id:deportivo7,2,2,2,1.25,0.9166666666666666,0
id:impactx84,id:ehsaksk,2,2,2,2.1083333333333334,1.1666666666666667,0
id:impactx84,id:kuo13,2,2,2,3.5,2.75,0
id:impactx84,id:mansun27,2,2,2,3.3083333333333336,3.25,0
id:impactx84,id:megacoffee25,2,2,2,3.65,2.5,0
id:impactx84,id:modern21,2,2,2,3.6416666666666666,3.316666666666667,0
id:jeep126,id:donka,2,2,2,3.033333333333333,2.966666666666667,0
id:jeffkent,id:bookae1,2,2,2,3.8,3.3833333333333333,0
id:jeffkent,id:cytokine1234,2,2,2,3.1083333333333334,2.85,0
id:jeffkent,id:malwool,2,2,2,2.0666666666666664,1.15,0
id:jeffkent,id:okao,2,2,2,1.2416666666666667,1.0166666666666666,0
id:jj1211,id:donka,2,2,2,1.4666666666666668,0.4666666666666667,0
id:jj1211,id:impactx84,2,2,2,1.8083333333333333,1.7833333333333334,0
id:joohakmoo,id:FeelingGood,2,2,2,2.4,0.5666666666666667,0
id:joohakmoo,id:supremebape,2,2,2,1.925,1.85,0
id:jun2312,id:FeelingGood,2,2,2,2.8833333333333333,1.6833333333333333,0
id:jun2312,id:dlawls,2,2,2,3.1416666666666666,1.5666666666666667,0
id:jun2312,id:donka,2,2,2,0.5083333333333333,0.4666666666666667,0
id:jun2312,id:impactx84,2,2,2,4.041666666666667,3.15,0
id:jun2312,id:spoops,2,2,2,0.9,0.8333333333333334,0
id:jun2312,id:todfndl12,2,2,2,2.225,1.6833333333333333,0
id:juventus82,id:dleoduq1234,2,2,2,2.4416666666666664,2.0833333333333335,0
id:juventus82,id:yally1010,2,2,2,0.5833333333333334,0.5166666666666667,0
id:kaizennf,id:dleoduq1234,2,2,2,1.7666666666666666,1.25,0
id:keias1024,id:solution78,2,2,2,1.2666666666666666,0.6833333333333333,0
id:kim2pac,id:FeelingGood,2,2,2,1.4416666666666667,0.7333333333333333,0
id:kim2pac,id:kim2pac,2,2,2,2.1833333333333336,1.9166666666666667,2
id:kim2pac,id:monkjm,2,2,2,3.8166666666666664,3.3333333333333335,0
id:kim2pac,id:okao,2,2,2,3.4499999999999997,2.033333333333333,0
id:kiriman,id:spoops,2,2,2,2.775,1.0,0
id:kkt1216,id:spoops,2,2,2,3.466666666666667,2.9166666666666665,0
id:klay5587,id:bulbol,2,2,2,2.6416666666666666,1.9333333333333333,0
id:kokomong,id:KINGBATI,2,2,2,1.525,0.55,0
id:kokomong,id:bulbol,2,2,2,1.9,1.3333333333333333,0
id:kokomong,id:dleoduq1234,2,2,2,1.3250000000000002,0.8,0
id:kokomong,id:ejirall,2,2,2,2.2083333333333335,1.0833333333333333,0
id:kokomong,id:jeffkent,2,2,2,2.333333333333333,1.2333333333333334,0
id:kokomong,id:kim2pac,2,2,2,2.675,2.033333333333333,0
id:kokomong,id:kokomong,2,2,2,3.666666666666667,3.6166666666666667,2
id:kokomong,id:sexline,2,2,2,1.05,0.7833333333333333,0
id:kokomong,id:todfndl12,2,2,2,2.875,2.8,0
id:kokomong,id:whoshot,2,2,2,1.5083333333333333,1.2666666666666666,0
id:kokomong,id:wind1123,2,2,2,1.0666666666666667,0.6,0
id:leoperiseus,id:BlackEyes23,2,2,2,3.333333333333333,2.1,0
id:lfcthismeans,id:bundes1,2,2,2,2.5416666666666665,1.55,0
id:lfcthismeans,id:ejirall,2,2,2,1.9416666666666667,1.1,0
id:lfcthismeans,id:okao,2,2,2,1.1416666666666666,0.95,0
id:life13579,id:impactx84,2,2,2,4.016666666666667,3.933333333333333,0
id:life13579,id:kiriman,2,2,2,1.6833333333333331,1.0666666666666667,0
id:liking83,id:liking83,2,2,2,2.533333333333333,2.2333333333333334,2
id:lj0608,id:kicking,2,2,2,1.9249999999999998,1.5833333333333333,0
id:luminai,id:luminai,2,2,2,2.808333333333333,1.95,2
id:luna7742,id:ajh30130,2,2,2,1.9583333333333335,0.4666666666666667,0
id:luna7742,id:deportivo7,2,2,2,1.0666666666666667,0.6166666666666667,0
id:maelsy99,id:YoLaTengo,2,2,2,3.033333333333333,1.7,0
id:makaloni,id:solution78,2,2,2,2.9833333333333334,2.533333333333333,0
id:malwool,id:FeelingGood,2,2,2,1.175,0.8333333333333334,0
id:malwool,id:ajh30130,2,2,2,1.9916666666666667,1.8833333333333333,0
id:malwool,id:osodos,2,2,2,2.091666666666667,1.8,0
id:malwool,id:typoonj2,2,2,2,0.95,0.8166666666666667,0
id:malwool,id:whoshot,2,2,2,0.5583333333333333,0.48333333333333334,0
id:malwool,id:wind1123,2,2,2,3.3583333333333334,2.2666666666666666,0
id:megacoffee25,id:okao,2,2,2,2.3583333333333334,1.8166666666666667,0
id:mirissoul2,id:pearson19,2,2,2,1.9666666666666668,0.7333333333333333,0
id:mnyj,id:leoperiseus,2,2,2,2.85,2.0,0
id:mnyj,id:malwool,2,2,2,2.7416666666666667,1.9,0
id:mnyj,id:spoops,2,2,2,0.9833333333333333,0.75,0
id:modern21,id:ajh30130,2,2,2,0.825,0.4,0
id:modern21,id:cauking,2,2,2,3.0583333333333336,2.8666666666666667,0
id:modern21,id:dleoduq1234,2,2,2,3.2416666666666667,3.0,0
id:modern21,id:hopes,2,2,2,2.65,2.1333333333333333,0
id:modern21,id:pearson19,2,2,2,2.1333333333333333,0.3333333333333333,0
id:modern21,id:progamer77,2,2,2,2.0,0.6,0
id:naco16,id:bbggkkk,2,2,2,3.45,3.183333333333333,0
id:naco16,id:bundes1,2,2,2,1.5083333333333333,1.2166666666666666,0
id:naco16,id:cooltiger,2,2,2,2.425,1.6833333333333333,0
id:naco16,id:dewsd,2,2,2,0.7583333333333333,0.7,0
id:naco16,id:ex400,2,2,2,2.5,1.8666666666666667,0
id:naco16,id:horizon,2,2,2,1.9249999999999998,1.55,0
id:naco16,id:hypeboy,2,2,2,3.4916666666666667,2.466666666666667,0
id:naco16,id:klay5587,2,2,2,3.7583333333333333,3.0,0
id:naco16,id:kuo13,2,2,2,2.2416666666666667,1.6166666666666667,0
id:naco16,id:modern21,2,2,2,1.725,1.5,0
id:naco16,id:novacane,2,2,2,1.2833333333333332,1.1833333333333333,0
id:naco16,id:pjhwinner,2,2,2,2.2666666666666666,1.9166666666666667,0
id:naco16,id:sexline,2,2,2,1.725,0.6333333333333333,0
id:naco16,id:wenli,2,2,2,2.4916666666666667,1.5,0
id:naco16,id:yjs1g,2,2,2,3.0583333333333336,2.8666666666666667,0
id:ninety5mph,id:YoLaTengo,2,2,2,3.7249999999999996,2.933333333333333,0
id:ninety5mph,id:amaai,2,2,2,3.125,2.55,0
id:ninety5mph,id:kicking,2,2,2,2.8083333333333336,1.8,0
id:ninety5mph,id:sexline,2,2,2,3.533333333333333,2.683333333333333,0
id:ninety5mph,id:solution78,2,2,2,3.033333333333333,1.7666666666666666,0
id:ninety5mph,id:todfndl12,2,2,2,1.2166666666666668,1.1,0
id:novacane,id:whoshot,2,2,2,3.05,2.8833333333333333,0
id:oasiticjoo19,id:FeelingGood,2,2,2,2.7,1.0,0
id:oasiticjoo19,id:bulbol,2,2,2,1.3083333333333333,1.0333333333333334,0
id:onana,id:whoshot,2,2,2,0.8,0.4166666666666667,0
id:onana,id:zero080,2,2,2,0.9166666666666667,0.4,0
id:pearson19,id:bluepillz,2,2,2,2.1666666666666665,1.0833333333333333,0
id:pearson19,id:cauking,2,2,2,2.7666666666666666,1.7833333333333334,0
id:pearson19,id:claralike123,2,2,2,3.183333333333333,1.7666666666666666,0
id:pearson19,id:naco16,2,2,2,3.3583333333333334,2.55,0
id:pearson19,id:potatochip1,2,2,2,1.7166666666666666,0.7833333333333333,0
id:pearson19,id:sexline,2,2,2,1.85,1.0833333333333333,0
id:pearson19,id:wind1123,2,2,2,1.8083333333333333,0.9,0
id:pearson19,id:yally1010,2,2,2,0.65,0.45,0
id:placebo,id:ejirall,2,2,2,2.975,2.45,0
id:placebo,id:sexline,2,2,2,2.0250000000000004,1.6,0
id:pucrinyesir,id:ajh30130,2,2,2,2.1333333333333333,0.9833333333333333,0
id:pucrinyesir,id:radioshot1,2,2,2,3.908333333333333,3.8666666666666667,0
id:pucrinyesir,id:wind1123,2,2,2,3.6333333333333333,2.7666666666666666,0
id:qhdtlsdl,id:deportivo7,2,2,2,2.3666666666666663,0.6333333333333333,0
id:qhdtlsdl,id:donka,2,2,2,1.5833333333333333,0.4,0
id:qhdtlsdl,id:kokomong,2,2,2,1.5916666666666666,1.1333333333333333,0
id:qhdtlsdl,id:progamer77,2,2,2,1.1,0.8833333333333333,0
id:qhdtlsdl,id:xxvxx,2,2,2,2.5166666666666666,1.85,0
id:radioshot1,id:BongGu1103,2,2,2,3.3,2.566666666666667,0
id:radioshot1,id:bulbol,2,2,2,1.2333333333333334,0.7833333333333333,0
id:radioshot1,id:bundes1,2,2,2,1.9333333333333333,1.1,0
id:radioshot1,id:modern21,2,2,2,3.5166666666666666,2.1166666666666667,0
id:radioshot1,id:sounited13,2,2,2,3.791666666666667,3.183333333333333,0
id:radioshot1,id:wind1123,2,2,2,1.5,1.2,0
id:rainshowerkk,id:malwool,2,2,2,3.1500000000000004,3.066666666666667,0
id:redgundam,id:okao,2,2,2,3.583333333333333,2.3,0
id:rhcp11,id:FeelingGood,2,2,2,0.6583333333333333,0.15,0
id:rhcp11,id:cytokine1234,2,2,2,1.575,1.4666666666666666,0
id:rhcp11,id:filyeun2,2,2,2,3.591666666666667,3.2,0
id:rhcp11,id:impactx84,2,2,2,1.925,0.4666666666666667,0
id:rhcp11,id:whoshot,2,2,2,2.408333333333333,1.6,0
id:rukk7812,id:FeelingGood,2,2,2,3.033333333333333,2.95,0
id:rukk7812,id:bookae1,2,2,2,3.875,3.7666666666666666,0
id:rukk7812,id:bvbreus11,2,2,2,1.6416666666666666,1.5,0
id:rukk7812,id:darkchoco,2,2,2,1.95,1.25,0
id:rukk7812,id:deportivo7,2,2,2,2.35,1.8,0
id:rukk7812,id:eddie,2,2,2,2.566666666666667,1.55,0
id:rukk7812,id:edh2och,2,2,2,2.1666666666666665,1.9166666666666667,0
id:rukk7812,id:jun2312,2,2,2,2.283333333333333,1.5333333333333334,0
id:rukk7812,id:kicking,2,2,2,2.791666666666667,1.6,0
id:rukk7812,id:malwool,2,2,2,1.4583333333333333,0.7833333333333333,0
id:rukk7812,id:nox911,2,2,2,3.2083333333333335,2.85,0
id:rukk7812,id:potatochip1,2,2,2,2.8583333333333334,0.9333333333333333,0
id:rukk7812,id:wondh84,2,2,2,1.5416666666666667,0.8333333333333334,0
id:rukk7812,id:yhtuos,2,2,2,1.4833333333333334,0.7333333333333333,0
id:sanapati,id:consul,2,2,2,2.45,2.1166666666666667,0
id:say1673,id:impactx84,2,2,2,0.8666666666666667,0.75,0
id:say1673,id:okao,2,2,2,1.475,1.25,0
id:say1673,id:potatochip1,2,2,2,2.433333333333333,0.75,0
id:say1673,id:spoops,2,2,2,1.3416666666666668,1.0166666666666666,0
id:say1673,id:whoshot,2,2,2,1.3416666666666668,0.8833333333333333,0
id:sbw1249,id:malwool,2,2,2,2.3833333333333333,1.3333333333333333,0
id:sdh90,id:cydia14,2,2,2,0.3833333333333333,0.23333333333333334,0
id:shkj22,id:malwool,2,2,2,2.1,1.3333333333333333,0
id:simbae1,id:malwool,2,2,2,1.6749999999999998,1.0833333333333333,0
id:snap23,id:ajh30130,2,2,2,1.3833333333333333,1.1166666666666667,0
id:snap23,id:chun1149,2,2,2,2.625,0.95,0
id:snap23,id:deportivo7,2,2,2,2.441666666666667,0.25,0
id:snap23,id:hypeboy,2,2,2,3.783333333333333,3.1333333333333333,0
id:snap23,id:pearson19,2,2,2,3.533333333333333,3.433333333333333,0
id:snap23,id:radioshot1,2,2,2,2.0166666666666666,1.3333333333333333,0
id:snap23,id:supremebape,2,2,2,3.2249999999999996,2.0833333333333335,0
id:snap23,id:zerostar20,2,2,2,2.05,0.8666666666666667,0
id:soccerlineid,id:cytokine1234,2,2,2,2.083333333333333,2.05,0
id:solution78,id:doochangman,2,2,2,0.85,0.38333333333333336,0
id:solution78,id:hobro,2,2,2,1.5083333333333333,0.6833333333333333,0
id:solution78,id:hopes,2,2,2,2.675,1.55,0
id:solution78,id:pearson19,2,2,2,2.566666666666667,1.9333333333333333,0
id:sounited13,id:Ibrahima,2,2,2,4.0,3.966666666666667,0
id:sounited13,id:cytokine1234,2,2,2,2.541666666666667,2.45,0
id:sounited13,id:progamer77,2,2,2,1.3833333333333333,1.0,0
id:sounited13,id:spoops,2,2,2,3.591666666666667,3.1166666666666667,0
id:stynerkn,id:todfndl12,2,2,2,2.5416666666666665,1.6833333333333333,0
id:summernight,id:malwool,2,2,2,2.833333333333333,1.3333333333333333,0
id:summernight,id:progamer77,2,2,2,1.9166666666666667,0.5166666666666667,0
id:summernight,id:tjfghksss,2,2,2,3.7666666666666666,2.716666666666667,0
id:tjfghksss,id:KINGBATI,2,2,2,1.3333333333333333,0.9,0
id:tjfghksss,id:malwool,2,2,2,2.916666666666667,1.4,0
id:tjfghksss,id:okao,2,2,2,1.2416666666666667,0.7833333333333333,0
id:tjfghksss,id:shkj22,2,2,2,2.6833333333333336,1.3833333333333333,0
id:tjfghksss,id:tjfghksss,2,2,2,2.45,1.8,2
id:tkrhdgus1,id:cauking,2,2,2,3.2,2.9,0
id:tkrhdgus1,id:donka,2,2,2,3.1416666666666666,1.4166666666666667,0
id:tkrhdgus1,id:sexline,2,2,2,3.2416666666666663,1.9,0
id:todfndl12,id:FeelingGood,2,2,2,1.3333333333333333,0.5333333333333333,0
id:todfndl12,id:Tenhag,2,2,2,1.1416666666666666,1.05,0
id:todfndl12,id:cytokine1234,2,2,2,2.15,1.6166666666666667,0
id:todfndl12,id:horizon,2,2,2,2.1166666666666667,1.75,0
id:todfndl12,id:solution78,2,2,2,2.35,1.0666666666666667,0
id:traum0105,id:YoLaTengo,2,2,2,1.2416666666666667,0.8333333333333334,0
id:traum0105,id:新) 허정무(blue123,2,2,2,1.4916666666666667,1.4666666666666666,0
id:typoonj2,id:kapfazo,2,2,2,2.8,2.216666666666667,0
id:typoonj2,id:pearson19,2,2,2,0.44166666666666665,0.4166666666666667,0
id:typoonj2,id:shkj22,2,2,2,2.908333333333333,1.9333333333333333,0
id:typoonj2,id:xxvxx,2,2,2,2.325,1.4,0
id:unknownuser,id:Ibrahima,2,2,2,3.383333333333333,2.183333333333333,0
id:vincent85,id:dleoduq1234,2,2,2,1.2916666666666665,1.0666666666666667,0
id:whddlqlgodrl,id:pearson19,2,2,2,2.25,0.5166666666666667,0
id:whddlqlgodrl,id:progamer77,2,2,2,2.158333333333333,1.9833333333333334,0
id:wheotjd1,id:bundes1,2,2,2,0.875,0.65,0
id:wheotjd1,id:donka,2,2,2,0.6,0.5666666666666667,0
id:whoshot,id:bundes1,2,2,2,2.966666666666667,2.35,0
id:whoshot,id:dlawls,2,2,2,2.091666666666667,1.2166666666666666,0
id:whoshot,id:sexline,2,2,2,1.4916666666666667,1.2666666666666666,0
id:whoshot,id:spoops,2,2,2,0.9833333333333333,0.75,0
id:xxvxx,id:dleoduq1234,2,2,2,2.5083333333333333,2.5,0
id:xxvxx,id:impactx84,2,2,2,3.2583333333333333,1.7666666666666666,0
id:xxvxx,id:lfcthismeans,2,2,2,1.6583333333333332,0.7,0
id:xxvxx,id:sexline,2,2,2,2.125,1.7333333333333334,0
id:xxvxx,id:tjfghksss,2,2,2,2.0583333333333336,1.2666666666666666,0
id:yally1010,id:FeelingGood,2,2,2,1.9666666666666666,0.4,0
id:yally1010,id:sexline,2,2,2,1.2916666666666667,0.85,0
id:yo821281,id:Ibrahima,2,2,2,1.8583333333333334,1.6166666666666667,0
id:yo821281,id:bulbol,2,2,2,3.8666666666666663,3.6666666666666665,0
id:yo821281,id:hopes,2,2,2,1.425,1.1,0
id:yo821281,id:masok01,2,2,2,2.5666666666666664,0.8,0
id:yo821281,id:sexline,2,2,2,1.7166666666666666,0.8833333333333333,0
id:yo821281,id:wind1123,2,2,2,2.091666666666667,1.6,0
id:yoon4859,id:progamer77,2,2,2,2.783333333333333,1.9833333333333334,0
id:yoon4859,id:spoops,2,2,2,0.8833333333333333,0.6666666666666666,0
id:zero080,id:Tenhag,2,2,2,2.7333333333333334,0.7333333333333333,0
id:zero080,id:bundes1,2,2,2,2.3000000000000003,1.0333333333333334,0
id:zero080,id:dleoduq1234,2,2,2,2.341666666666667,1.1833333333333333,0
id:zero080,id:gbu17,2,2,2,2.6333333333333333,2.2333333333333334,0
id:zero080,id:kicking,2,2,2,2.675,2.0,0
id:zero080,id:kuo13,2,2,2,2.2666666666666666,0.6166666666666667,0
id:zero080,id:progamer77,2,2,2,2.7916666666666665,1.8,0
id:zero080,id:sexline,2,2,2,1.4,1.2333333333333334,0
id:zero080,id:solution78,2,2,2,3.5,2.65,0
id:zero080,id:sounited13,2,2,2,2.0166666666666666,1.9,0
id:zero080,id:xavier,2,2,2,1.125,0.5333333333333333,0
id:FeelingGood,id:rodgers,2,1,2,3.033333333333333,2.5833333333333335,0
id:Ibisevic,id:oasiticjoo19,2,1,2,2.5583333333333336,2.033333333333333,0
id:YoLaTengo,id:donka,2,1,2,0.8583333333333334,0.8166666666666667,0
id:blue123,id:ttkwnffj,2,1,2,1.275,1.2,0
id:bundes1,id:progamer77,2,1,2,2.958333333333333,2.05,0
id:carmenhayes,id:bonobono234,2,1,2,3.325,2.95,0
id:donka,id:ttangsoo6,2,1,2,1.8166666666666667,1.2333333333333334,0
id:gerrard88,id:gerrard88,2,1,2,3.1333333333333333,2.8666666666666667,2
id:gum0510,id:YoLaTengo,2,1,2,2.3833333333333333,1.4666666666666666,0
id:hohohal1717,id:tftf37,2,1,2,2.0,1.85,0
id:impactx84,id:rascol,2,1,2,2.5083333333333333,1.6666666666666667,0
id:juventus82,id:YoLaTengo,2,1,2,2.8916666666666666,1.7666666666666666,0
id:kicheon,id:deportivo7,2,1,2,1.0583333333333333,1.05,0
id:kimpo,id:vincent85,2,1,2,4.275,4.016666666666667,0
id:lj0608,id:regions,2,1,2,2.533333333333333,1.4166666666666667,0
id:lovedavich,id:deportivo7,2,1,2,1.625,1.3666666666666667,0
id:naco16,id:minami89,2,1,2,1.9166666666666665,1.8333333333333333,0
id:onana,id:hsando1,2,1,2,2.583333333333333,2.1666666666666665,0
id:sdh90,id:100m2,2,1,2,2.425,1.2333333333333334,0
id:summernight,id:mirissoul2,2,1,2,1.1333333333333333,0.8166666666666667,0
id:toninho07,id:speigel81,2,1,2,3.3666666666666667,2.8333333333333335,0
id:toninho07,id:ulsan0101,2,1,2,3.3,2.7,0
id:whksrns,id:kaizennf,2,1,2,2.2,0.6666666666666666,0
id:zkdltmffks,id:zkdltmffks,2,1,2,3.9250000000000003,3.216666666666667,2
id:rukk7812,id:cubana,13,13,1,40.3,0.65,0
id:impactx84,id:monkjm,12,12,1,55.45833333333333,3.15,0
id:rukk7812,id:roe2k,11,11,1,12.916666666666666,1.9166666666666667,0
id:impactx84,id:cubana,10,10,1,24.9,2.033333333333333,0
id:bulbol,id:leoperiseus,8,8,1,10.133333333333333,2.033333333333333,0
id:bulbol,id:zxcvbnm00765,8,8,1,15.416666666666666,4.283333333333333,0
id:hypeboy,id:roe2k,8,8,1,39.016666666666666,3.0166666666666666,0
id:naco16,id:bluepillz,8,8,1,9.6,2.4,0
id:bulbol,id:iloveyousun,7,7,1,23.533333333333335,4.816666666666666,0
id:bulbol,id:rascol,7,7,1,24.033333333333335,3.4166666666666665,0
id:hyeok497,id:cubana,7,7,1,24.933333333333334,1.5333333333333334,0
id:impactx84,id:dialine,7,7,1,33.06666666666667,1.7333333333333334,0
id:naco16,id:forest,7,7,1,12.7,2.65,0
id:pearson19,id:sounited13,7,7,1,6.933333333333334,0.5833333333333334,0
id:malwool,id:roe2k,7,6,1,34.9,3.95,0
id:qnflsdl,id:qnflsdl,7,5,1,51.1,4.866666666666666,7
id:grit,id:grit,7,4,1,6.8,2.6666666666666665,7
id:impactx84,id:raistlin1,6,6,1,16.4,2.6,0
id:lfcthismeans,id:dialine,6,6,1,9.808333333333334,2.3333333333333335,0
id:naco16,id:kanoutsider,6,6,1,30.141666666666666,2.3666666666666667,0
id:rukk7812,id:kim2pac,6,6,1,16.733333333333334,3.1166666666666667,0
id:rukk7812,id:press21cc,6,6,1,29.19166666666667,2.783333333333333,0
id:blue123,id:redgundam,5,5,1,17.733333333333334,3.6666666666666665,0
id:bugfix,id:cauking,5,5,1,16.983333333333334,1.6666666666666667,0
id:bulbol,id:Necovv,5,5,1,8.366666666666667,1.0666666666666667,0
id:bulbol,id:edh2och,5,5,1,5.4,3.283333333333333,0
id:bulbol,id:masterplan5,5,5,1,23.55,2.7666666666666666,0
id:bundes1,id:cubana,5,5,1,11.016666666666667,1.6166666666666667,0
id:horizon,id:Ibrahima,5,5,1,5.9,2.466666666666667,0
id:impactx84,id:masok01,5,5,1,13.466666666666667,4.633333333333334,0
id:modern21,id:dlawls,5,5,1,9.433333333333334,2.8666666666666667,0
id:radioshot1,id:oasiticjoo19,5,5,1,12.433333333333334,1.7333333333333334,0
id:rukk7812,id:bulbol,5,5,1,24.35,1.2666666666666666,0
id:rukk7812,id:moohootae,5,5,1,13.583333333333334,2.9,0
id:rukk7812,id:rascol,5,5,1,8.016666666666667,2.216666666666667,0
id:rukk7812,id:say1673,5,5,1,27.233333333333334,1.8666666666666667,0
id:rukk7812,id:stabbie81,5,5,1,14.016666666666667,2.783333333333333,0
id:summernight,id:forest,5,5,1,8.183333333333334,2.9833333333333334,0
id:yo821281,id:monkjm,5,5,1,34.46666666666667,4.566666666666666,0
id:qnflsdl,id:Sejongutd1,5,4,1,21.8,2.183333333333333,0
id:toninho07,id:monkjm,5,4,1,11.866666666666667,2.033333333333333,0
id:6830,id:BongGu1103,4,4,1,9.783333333333333,1.3333333333333333,0
id:6830,id:cubana,4,4,1,16.650000000000002,4.883333333333334,0
id:6830,id:kduncan,4,4,1,5.683333333333334,2.3666666666666667,0
id:BlackEyes23,id:okao,4,4,1,10.516666666666666,1.6333333333333333,0
id:Ibisevic,id:shkj22,4,4,1,13.841666666666665,2.5166666666666666,0
id:blue123,id:mirissoul2,4,4,1,24.416666666666664,3.75,0
id:blue123,id:monkjm,4,4,1,11.891666666666666,2.033333333333333,0
id:bulbol,id:feeder00,4,4,1,24.191666666666666,0.6666666666666666,0
id:bulbol,id:sinn556i,4,4,1,6.016666666666667,2.6666666666666665,0
id:bvbreus11,id:iloveyousun,4,4,1,9.558333333333334,4.533333333333333,0
id:dlawls,id:roe2k,4,4,1,11.600000000000001,4.983333333333333,0
id:fantak,id:bluepillz,4,4,1,6.25,4.416666666666667,0
id:hobro,id:oasiticjoo19,4,4,1,6.008333333333333,4.316666666666666,0
id:horizon,id:dleoduq1234,4,4,1,13.425,1.3166666666666667,0
id:horizon,id:vnweq956,4,4,1,7.191666666666666,1.4166666666666667,0
id:hyeok497,id:ulsan0101,4,4,1,10.024999999999999,2.1166666666666667,0
id:impactx84,id:BongGu1103,4,4,1,45.333333333333336,3.9,0
id:impactx84,id:blue5365,4,4,1,6.308333333333334,3.2,0
id:impactx84,id:jdspitz,4,4,1,6.416666666666666,3.0,0
id:impactx84,id:placebo,4,4,1,20.216666666666665,2.566666666666667,0
id:juventus82,id:juventus82,4,4,1,10.208333333333332,2.9166666666666665,4
id:lfcthismeans,id:authur,4,4,1,107.11666666666666,4.533333333333333,0
id:lfcthismeans,id:bluepillz,4,4,1,12.783333333333333,4.133333333333334,0
id:lfcthismeans,id:progamer77,4,4,1,6.491666666666667,1.75,0
id:pearson19,id:rascol,4,4,1,9.658333333333333,1.3,0
id:pucrinyesir,id:iloveyousun,4,4,1,26.9,2.3833333333333333,0
id:qnflsdl,id:dleoduq1234,4,4,1,5.875,2.8666666666666667,0
id:regions,id:vincent85,4,4,1,7.308333333333334,1.05,0
id:rukk7812,id:mcraky,4,4,1,7.425,1.2833333333333334,0
id:solution78,id:dialine,4,4,1,9.691666666666666,4.4,0
id:solution78,id:shkj22,4,4,1,20.09166666666667,1.4166666666666667,0
id:summernight,id:cauking,4,4,1,8.825,4.016666666666667,0
id:summernight,id:eddie,4,4,1,7.291666666666666,2.8666666666666667,0
id:yally1010,id:malwool,4,4,1,10.75,1.9,0
id:zero080,id:cubana,4,4,1,12.041666666666666,2.8,0
id:zero080,id:hoffenheim,4,4,1,11.425,0.8333333333333334,0
id:zero080,id:oasiticjoo19,4,4,1,7.658333333333333,2.15,0
id:Ibisevic,id:cubana,4,3,1,31.058333333333334,4.033333333333333,0
id:fantak,id:oasiticjoo19,4,3,1,8.991666666666667,3.933333333333333,0
id:horizon,id:deportivo7,4,3,1,5.941666666666666,2.3,0
id:qnflsdl,id:kawky,4,3,1,11.274999999999999,4.966666666666667,0
id:6830,id:mansun27,3,3,1,6.883333333333334,4.716666666666667,0
id:BlackEyes23,id:dadoocom,3,3,1,6.083333333333333,2.2333333333333334,0
id:FeelingGood,id:dleoduq1234,3,3,1,7.333333333333333,1.4666666666666666,0
id:KINGBATI,id:KINGBATI,3,3,1,7.616666666666666,3.9166666666666665,3
id:ManU01,id:okao,3,3,1,15.066666666666666,0.7833333333333333,0
id:Tenhag,id:dlawls,3,3,1,5.316666666666666,4.016666666666667,0
id:alfatini,id:adios00,3,3,1,5.1,4.75,0
id:blue123,id:chakagesalja,3,3,1,8.8,2.316666666666667,0
id:blue123,id:itemptu2,3,3,1,25.033333333333335,4.733333333333333,0
id:blue123,id:oasiticjoo19,3,3,1,5.833333333333333,2.9,0
id:blue123,id:supremebape,3,3,1,6.05,1.75,0
id:blue123,id:vnweq956,3,3,1,9.7,4.2,0
id:blue123,id:新) 허정무(blue123,3,3,1,6.483333333333333,4.966666666666667,0
id:bluepillz,id:bluepillz,3,3,1,10.983333333333333,4.5,3
id:bluepillz,id:mcraky,3,3,1,16.3,3.966666666666667,0
id:bulbol,id:doochangman,3,3,1,6.516666666666667,4.6,0
id:bulbol,id:erai7007,3,3,1,16.416666666666668,2.0,0
id:bulbol,id:jun2312,3,3,1,5.35,1.1833333333333333,0
id:bulbol,id:kakaka10,3,3,1,10.483333333333333,1.4,0
id:bulbol,id:largejin,3,3,1,23.733333333333334,3.2,0
id:bulbol,id:maelsy99,3,3,1,5.1,0.9,0
id:bulbol,id:summernight,3,3,1,5.8,2.8333333333333335,0
id:bulbol,id:timediver,3,3,1,26.1,3.566666666666667,0
id:bulbol,id:wildoroiss,3,3,1,20.933333333333334,2.1166666666666667,0
id:bulbol,id:woobo,3,3,1,5.05,4.983333333333333,0
id:bundes1,id:monkjm,3,3,1,14.916666666666666,2.2333333333333334,0
id:bvbreus11,id:cauking,3,3,1,5.5,2.05,0
id:bvbreus11,id:dlawls,3,3,1,12.933333333333334,3.45,0
id:bvbreus11,id:press21cc,3,3,1,5.316666666666666,3.3333333333333335,0
id:chakagesalja,id:okao,3,3,1,10.4,2.316666666666667,0
id:chun1149,id:roe2k,3,3,1,7.85,4.483333333333333,0
id:colacup,id:dleoduq1234,3,3,1,5.983333333333333,4.433333333333334,0
id:cydia14,id:monkjm,3,3,1,55.68333333333333,2.566666666666667,0
id:cytokine1234,id:cubana,3,3,1,5.1,3.4833333333333334,0
id:cytokine1234,id:hypeboy,3,3,1,11.583333333333334,4.066666666666666,0
id:deportivo7,id:spoops,3,3,1,5.95,0.9166666666666666,0
id:dlawls,id:malwool,3,3,1,7.016666666666667,1.8166666666666667,0
id:donka,id:cubana,3,3,1,6.716666666666667,3.7666666666666666,0
id:ehdtks9286,id:psj205,3,3,1,17.2,3.1166666666666667,0
id:ehdtks9286,id:roe2k,3,3,1,14.5,3.966666666666667,0
id:ejirall,id:spoops,3,3,1,5.616666666666666,1.0666666666666667,0
id:fantak,id:BlackEyes23,3,3,1,261.8,1.0,0
id:fantak,id:grit,3,3,1,5.033333333333333,3.65,0
id:fantak,id:hypeboy,3,3,1,8.25,2.533333333333333,0
id:fantak,id:ksb7872,3,3,1,10.666666666666666,2.0,0
id:grit,id:gum0510,3,3,1,19.9,3.0,0
id:grit,id:iloveyousun,3,3,1,24.133333333333333,3.4,0
id:gum0510,id:gum0510,3,3,1,5.516666666666667,4.15,3
id:gum0510,id:mirissoul2,3,3,1,5.866666666666666,1.7333333333333334,0
id:gum0510,id:roe2k,3,3,1,6.25,2.5833333333333335,0
id:hodoeel,id:okao,3,3,1,7.483333333333333,0.5,0
id:horizon,id:shkj22,3,3,1,7.1,0.4166666666666667,0
id:htht709,id:Tenhag,3,3,1,426.81666666666666,0.9333333333333333,0
id:htht709,id:rukk7812,3,3,1,10.75,2.2333333333333334,0
id:hyeok497,id:Ibrahima,3,3,1,6.916666666666667,2.816666666666667,0
id:hyeok497,id:cauking,3,3,1,6.766666666666667,2.4833333333333334,0
id:hyeok497,id:dlawls,3,3,1,9.05,1.8,0
id:hyeok497,id:hpkim90,3,3,1,9.533333333333333,0.55,0
id:hyeok497,id:kiriman,3,3,1,10.333333333333334,0.8833333333333333,0
id:hyeok497,id:rkarlaos1,3,3,1,25.75,4.066666666666666,0
id:hyeok497,id:sdh90,3,3,1,16.25,2.15,0
id:hyeok497,id:summernight,3,3,1,9.883333333333333,3.05,0
id:hypeboy,id:redgundam,3,3,1,11.15,3.3,0
id:hypeboy,id:spoops,3,3,1,18.283333333333335,2.9833333333333334,0
id:impactx84,id:Necovv,3,3,1,6.233333333333333,4.0,0
id:impactx84,id:hopes,3,3,1,5.433333333333334,0.8833333333333333,0
id:impactx84,id:pudingm,3,3,1,5.516666666666667,2.0833333333333335,0
id:impactx84,id:raul7143,3,3,1,15.066666666666666,1.2,0
id:impactx84,id:rea1me,3,3,1,6.766666666666667,3.1333333333333333,0
id:impactx84,id:shkj22,3,3,1,10.883333333333333,3.6,0
id:jun2312,id:wind1123,3,3,1,12.233333333333333,2.716666666666667,0
id:juventus82,id:cauking,3,3,1,5.75,4.75,0
id:juventus82,id:dlawls,3,3,1,27.816666666666666,3.65,0
id:kaizennf,id:okao,3,3,1,16.433333333333334,3.1,0
id:kimdel77,id:bulbol,3,3,1,8.833333333333334,2.6,0
id:kokomong,id:hoffenheim,3,3,1,9.366666666666667,2.183333333333333,0
id:lfcthismeans,id:cytokine1234,3,3,1,7.516666666666667,1.2666666666666666,0
id:lfcthismeans,id:kim2pac,3,3,1,7.9,0.8833333333333333,0
id:lj0608,id:spoops,3,3,1,6.783333333333333,1.5833333333333333,0
id:modern21,id:cubana,3,3,1,6.683333333333334,4.85,0
id:modern21,id:spoops,3,3,1,9.166666666666666,3.0,0
id:naco16,id:BongGu1103,3,3,1,15.333333333333334,3.8,0
id:naco16,id:doochangman,3,3,1,6.933333333333334,0.9166666666666666,0
id:naco16,id:hobro,3,3,1,6.0,2.3666666666666667,0
id:naco16,id:masok01,3,3,1,16.4,2.283333333333333,0
id:naco16,id:realysoccer,3,3,1,5.45,1.6833333333333333,0
id:naco16,id:roe2k,3,3,1,5.9,2.9166666666666665,0
id:naco16,id:vincent85,3,3,1,5.966666666666667,3.216666666666667,0
id:ninety5mph,id:kanoutsider,3,3,1,5.566666666666666,1.6166666666666667,0
id:novacane,id:cubana,3,3,1,22.433333333333334,2.933333333333333,0
id:pearson19,id:redondor,3,3,1,6.35,2.5,0
id:pucrinyesir,id:BlackEyes23,3,3,1,22.1,1.8,0
id:pucrinyesir,id:bonobono234,3,3,1,8.866666666666667,4.033333333333333,0
id:pucrinyesir,id:kaoruchan,3,3,1,6.7,2.95,0
id:pucrinyesir,id:okao,3,3,1,5.833333333333333,3.0,0
id:pucrinyesir,id:spoops,3,3,1,8.633333333333333,1.4666666666666666,0
id:pucrinyesir,id:stabbie81,3,3,1,7.8,2.4,0
id:radioshot1,id:cubana,3,3,1,12.233333333333333,3.9833333333333334,0
id:radioshot1,id:kokomong,3,3,1,9.1,0.8,0
id:radioshot1,id:mirissoul2,3,3,1,5.75,2.1333333333333333,0
id:radioshot1,id:monkjm,3,3,1,55.483333333333334,3.3,0
id:radioshot1,id:progamer77,3,3,1,6.183333333333334,2.9,0
id:radioshot1,id:spoops,3,3,1,7.933333333333334,3.566666666666667,0
id:rascol,id:pearson19,3,3,1,6.683333333333334,3.1333333333333333,0
id:regions,id:yhtuos,3,3,1,5.783333333333333,1.7333333333333334,0
id:rukk7812,id:HENSON05,3,3,1,6.616666666666666,3.1333333333333333,0
id:rukk7812,id:Necovv,3,3,1,69.85,0.8833333333333333,0
id:rukk7812,id:hoffenheim,3,3,1,9.3,2.6166666666666667,0
id:rukk7812,id:horsedongh,3,3,1,6.3,1.5166666666666666,0
id:rukk7812,id:kakaka10,3,3,1,29.483333333333334,2.433333333333333,0
id:rukk7812,id:kanoutsider,3,3,1,10.283333333333333,4.616666666666666,0
id:rukk7812,id:kuo13,3,3,1,10.133333333333333,4.033333333333333,0
id:rukk7812,id:maelsy99,3,3,1,10.55,4.1,0
id:rukk7812,id:millano,3,3,1,9.05,0.6666666666666666,0
id:rukk7812,id:redondor,3,3,1,5.133333333333334,2.5166666666666666,0
id:rukk7812,id:sdh90,3,3,1,7.8,3.8833333333333333,0
id:sdh90,id:malwool,3,3,1,5.183333333333334,1.5166666666666666,0
id:snap23,id:oasiticjoo19,3,3,1,8.15,2.95,0
id:solution78,id:bluepillz,3,3,1,6.316666666666666,3.6666666666666665,0
id:solution78,id:grit,3,3,1,5.816666666666666,3.65,0
id:stynerkn,id:monkjm,3,3,1,35.96666666666667,3.8666666666666667,0
id:summernight,id:cafetango,3,3,1,262.95,1.9333333333333333,0
id:summernight,id:cydia14,3,3,1,7.25,3.45,0
id:summernight,id:hopes,3,3,1,5.983333333333333,1.55,0
id:summernight,id:juventus82,3,3,1,24.533333333333335,3.283333333333333,0
id:summernight,id:kaizennf,3,3,1,25.016666666666666,4.65,0
id:summernight,id:okao,3,3,1,24.25,2.6333333333333333,0
id:summernight,id:spoops,3,3,1,12.766666666666667,2.9,0
id:typoonj2,id:kanoutsider,3,3,1,10.466666666666667,1.9333333333333333,0
id:vincent85,id:iloveyousun,3,3,1,12.1,1.8333333333333333,0
id:whddlqlgodrl,id:placebo,3,3,1,5.05,1.4,0
id:wheotjd1,id:xxvxx,3,3,1,5.2,2.2666666666666666,0
id:xxvxx,id:BongGu1103,3,3,1,12.583333333333334,1.2833333333333334,0
id:xxvxx,id:cubana,3,3,1,5.783333333333333,2.9166666666666665,0
id:xxvxx,id:mirissoul2,3,3,1,6.616666666666666,3.05,0
id:yally1010,id:monkjm,3,3,1,5.166666666666667,1.2,0
id:yo821281,id:horsedongh,3,3,1,16.533333333333335,2.6333333333333333,0
id:yo821281,id:oasiticjoo19,3,3,1,10.3,0.9666666666666667,0
id:yo821281,id:rukk7812,3,3,1,30.916666666666668,1.65,0
id:yo821281,id:shkj22,3,3,1,13.3,1.2333333333333334,0
id:yo821281,id:tkrldh,3,3,1,8.733333333333333,3.7,0
id:zero080,id:flareburst,3,3,1,7.9,3.683333333333333,0
id:zero080,id:zero080,3,3,1,6.116666666666666,2.05,3
id:zkdltmffks,id:cubana,3,3,1,15.216666666666667,0.7333333333333333,0
id:Ibisevic,id:bulbol,3,2,1,8.25,0.5666666666666667,0
id:Mkisduchang,id:citable,3,2,1,414.01666666666665,2.75,0
id:modern21,id:hodoeel,3,2,1,5.533333333333333,2.4833333333333334,0
id:naco16,id:solution78,3,2,1,6.033333333333333,0.9333333333333333,0
id:novacane,id:solution78,3,2,1,11.433333333333334,1.4833333333333334,0
id:qhdtlsdl,id:bulbol,3,2,1,6.516666666666667,2.0833333333333335,0
id:sanapati,id:bulbol,3,2,1,10.1,4.95,0
id:sdh90,id:cubana,3,2,1,9.15,1.0333333333333334,0
id:summernight,id:j8wkfn,3,2,1,6.183333333333334,4.366666666666666,0
id:unknownuser,id:unknownuser,3,2,1,6.45,3.7666666666666666,3
id:zero080,id:againstwin80,3,2,1,8.5,2.6,0
id:boba1983,id:terry34,3,1,1,17.2,3.1,0
id:6830,id:kuo13,2,2,1,13.591666666666665,4.35,0
id:6830,id:lfcthismeans,2,2,1,5.041666666666667,4.133333333333334,0
id:6830,id:messiya2022,2,2,1,89.66666666666667,2.3666666666666667,0
id:6830,id:press21cc,2,2,1,7.766666666666667,3.15,0
id:6830,id:psj1905,2,2,1,7.141666666666666,4.55,0
id:6830,id:shkj22,2,2,1,4.441666666666666,1.85,0
id:6830,id:solution78,2,2,1,5.958333333333333,1.5333333333333334,0
id:6830,id:sonhh,2,2,1,6.075,2.683333333333333,0
id:6830,id:tkzjfkdlsd,2,2,1,13.308333333333334,0.7333333333333333,0
id:6830,id:ulsan0101,2,2,1,10.416666666666666,2.95,0
id:6830,id:xxvxx,2,2,1,3.8916666666666666,1.3333333333333333,0
id:6830,id:新) 허정무(blue123,2,2,1,8.675,0.8166666666666667,0
id:BlackEyes23,id:itsmyzone,2,2,1,36.99166666666666,2.3666666666666667,0
id:BlackEyes23,id:monkjm,2,2,1,29.391666666666666,4.6,0
id:BlackEyes23,id:oasiticjoo19,2,2,1,7.300000000000001,2.95,0
id:BlackEyes23,id:pjswm1217,2,2,1,18.316666666666666,4.233333333333333,0
id:BlackEyes23,id:rascol,2,2,1,13.3,3.8666666666666667,0
id:Clocks,id:bulbol,2,2,1,18.608333333333334,2.1,0
id:FeelingGood,id:Milner7,2,2,1,14.808333333333334,1.5166666666666666,0
id:FeelingGood,id:hobro,2,2,1,4.791666666666666,2.783333333333333,0
id:FeelingGood,id:hs10107,2,2,1,4.525,1.7833333333333334,0
id:FeelingGood,id:juventus82,2,2,1,27.166666666666664,1.4333333333333333,0
id:FeelingGood,id:kicking,2,2,1,9.966666666666667,1.9,0
id:FeelingGood,id:lfcthismeans,2,2,1,7.475,2.9166666666666665,0
id:FeelingGood,id:maelsy99,2,2,1,5.1083333333333325,1.4833333333333334,0
id:FeelingGood,id:psj205,2,2,1,4.333333333333333,1.85,0
id:FeelingGood,id:qhdtlsdl,2,2,1,4.191666666666666,3.05,0
id:FeelingGood,id:regnier,2,2,1,11.925,1.9333333333333333,0
id:FeelingGood,id:soju4jan,2,2,1,6.475,2.6333333333333333,0
id:FeelingGood,id:yally1010,2,2,1,2.9,0.7,0
id:FeelingGood,id:zxcvbnm00765,2,2,1,3.3916666666666666,1.3,0
id:Grassland,id:mirissoul2,2,2,1,4.925000000000001,3.716666666666667,0
id:HONG43,id:euji,2,2,1,6.491666666666667,4.633333333333334,0
id:HONG43,id:xxvxx,2,2,1,3.966666666666667,1.9166666666666667,0
id:Ibisevic,id:FeelingGood,2,2,1,3.033333333333333,1.0166666666666666,0
id:Ibisevic,id:jeffkent,2,2,1,3.6583333333333337,1.9333333333333333,0
id:Ibisevic,id:sonhh,2,2,1,6.608333333333334,4.883333333333334,0
id:Ibisevic,id:spoops,2,2,1,653.3916666666668,2.1333333333333333,0
id:Ibisevic,id:thesilver,2,2,1,9.816666666666666,3.65,0
id:Ibisevic,id:vincent85,2,2,1,4.25,2.15,0
id:Ibisevic,id:wind1123,2,2,1,5.158333333333333,3.1166666666666667,0
id:KINGBATI,id:stynerkn,2,2,1,17.3,0.8666666666666667,0
id:LJM1389,id:iskoke,2,2,1,5.358333333333333,4.833333333333333,0
id:LJM1389,id:okao,2,2,1,5.808333333333334,4.983333333333333,0
id:LJM1389,id:shkj22,2,2,1,3.6999999999999997,1.8166666666666667,0
id:ManU01,id:cubana,2,2,1,26.666666666666668,1.4833333333333334,0
id:ManU01,id:dlawls,2,2,1,2.925,0.7833333333333333,0
id:ManU01,id:dleoduq1234,2,2,1,10.558333333333334,4.483333333333333,0
id:ManU01,id:hypeboy,2,2,1,35.0,3.6666666666666665,0
id:ManU01,id:joohakmoo,2,2,1,7.458333333333334,2.5833333333333335,0
id:ManU01,id:kim2pac,2,2,1,9.108333333333334,2.966666666666667,0
id:Mkisduchang,id:Ibrahima,2,2,1,3.9749999999999996,2.8333333333333335,0
id:Mkisduchang,id:malwool,2,2,1,5.75,0.9166666666666666,0
id:Necovv,id:iglaman,2,2,1,6.675,3.816666666666667,0
id:Necovv,id:kicking,2,2,1,9.133333333333333,4.616666666666666,0
id:Necovv,id:monkjm,2,2,1,5.8,3.6166666666666667,0
id:Ronaldo34,id:ajh30130,2,2,1,4.05,2.933333333333333,0
id:Ronaldo34,id:gamecube,2,2,1,4.2,1.1,0
id:Ronaldo34,id:gerrard88,2,2,1,4.65,3.3333333333333335,0
id:Tenhag,id:FeelingGood,2,2,1,10.983333333333333,2.25,0
id:Tenhag,id:cauking,2,2,1,6.633333333333334,2.433333333333333,0
id:Tenhag,id:horizon,2,2,1,3.9583333333333335,1.4666666666666666,0
id:Tenhag,id:kim2pac,2,2,1,8.266666666666667,1.3833333333333333,0
id:Volvo,id:bundes1,2,2,1,3.075,0.65,0
id:Volvo,id:progamer77,2,2,1,4.166666666666667,1.8833333333333333,0
id:Volvo,id:yhtuos,2,2,1,4.308333333333334,1.0833333333333333,0
id:Zeit0809,id:hopes,2,2,1,10.925,2.1666666666666665,0
id:adkse,id:mirissoul2,2,2,1,8.108333333333333,1.4833333333333334,0
id:adkse,id:pearson19,2,2,1,4.483333333333333,1.7833333333333334,0
id:adkse,id:pjhwinner,2,2,1,45.93333333333333,4.266666666666667,0
id:alfatini,id:FeelingGood,2,2,1,11.491666666666667,0.55,0
id:alfatini,id:againstwin80,2,2,1,7.058333333333334,2.3333333333333335,0
id:alfatini,id:cubana,2,2,1,3.533333333333333,1.95,0
id:alfatini,id:xxvxx,2,2,1,4.966666666666667,3.85,0
id:alfatini,id:zero080,2,2,1,8.4,2.6666666666666665,0
id:armwear,id:bluepillz,2,2,1,4.666666666666666,4.25,0
id:armwear,id:woobo,2,2,1,4.833333333333334,3.716666666666667,0
id:bakjang,id:PhDinssajul,2,2,1,8.141666666666667,4.95,0
id:bakjang,id:cubana,2,2,1,9.925,2.4166666666666665,0
id:bakjang,id:kanoutsider,2,2,1,4.591666666666667,3.8666666666666667,0
id:bakjang,id:kiriman,2,2,1,8.291666666666666,1.8,0
id:bakjang,id:oasiticjoo19,2,2,1,6.65,3.7333333333333334,0
id:bakjang,id:zxcvbnm00765,2,2,1,6.9750000000000005,2.15,0
id:blue123,id:bonobono234,2,2,1,73.86666666666667,4.516666666666667,0
id:blue123,id:cafetango,2,2,1,13.083333333333334,4.116666666666666,0
id:blue123,id:dleoduq1234,2,2,1,8.375,1.6666666666666667,0
id:blue123,id:dosa0705,2,2,1,87.19166666666666,1.9833333333333334,0
id:blue123,id:horsedongh,2,2,1,9.516666666666667,3.6333333333333333,0
id:blue123,id:kaizennf,2,2,1,12.333333333333334,4.05,0
id:blue123,id:kopluke,2,2,1,66.36666666666667,4.083333333333333,0
id:blue123,id:sexline,2,2,1,5.333333333333334,4.416666666666667,0
id:blue123,id:vincent85,2,2,1,10.45,1.0666666666666667,0
id:boba1983,id:dleoduq1234,2,2,1,8.883333333333333,1.9833333333333334,0
id:bonobono234,id:dleoduq1234,2,2,1,6.083333333333333,1.85,0
id:bookae1,id:-_-)(jj1211,2,2,1,9.375,2.433333333333333,0
id:bookae1,id:Tenhag,2,2,1,4.65,2.3,0
id:bookae1,id:bookae1,2,2,1,7.425,3.066666666666667,2
id:bookae1,id:cytokine1234,2,2,1,21.508333333333336,0.7,0
id:bookae1,id:spoops,2,2,1,5.175000000000001,4.95,0
id:bookae1,id:whoshot,2,2,1,4.95,3.0833333333333335,0
id:bookae1,id:wind1123,2,2,1,236.175,4.066666666666666,0
id:bugfix,id:FeelingGood,2,2,1,8.941666666666668,1.1,0
id:bugfix,id:ejirall,2,2,1,7.191666666666666,3.9833333333333334,0
id:bugfix,id:sinn556i,2,2,1,4.558333333333334,4.066666666666666,0
id:bulbol,id:Clousewitz,2,2,1,76.425,1.6666666666666667,0
id:bulbol,id:Mukari07,2,2,1,4.808333333333334,3.05,0
id:bulbol,id:Sejongutd1,2,2,1,8.383333333333333,1.1666666666666667,0
id:bulbol,id:Volvo,2,2,1,20.674999999999997,1.6666666666666667,0
id:bulbol,id:cesc31,2,2,1,8.375,1.35,0
id:bulbol,id:clowleed,2,2,1,200.575,4.333333333333333,0
id:bulbol,id:colacup,2,2,1,21.108333333333334,2.8666666666666667,0
id:bulbol,id:euji,2,2,1,11.45,1.9,0
id:bulbol,id:fenixduke,2,2,1,15.308333333333334,2.4833333333333334,0
id:bulbol,id:flypcs20,2,2,1,16.858333333333334,1.0,0
id:bulbol,id:hodoeel,2,2,1,23.683333333333334,3.6,0
id:bulbol,id:hopes,2,2,1,15.191666666666666,2.6166666666666667,0
id:bulbol,id:horsedongh,2,2,1,1132.8333333333333,1.1833333333333333,0
id:bulbol,id:hpkim90,2,2,1,8.608333333333334,2.5,0
id:bulbol,id:j8wkfn,2,2,1,8.616666666666667,2.3333333333333335,0
id:bulbol,id:jec0412,2,2,1,13.358333333333333,4.083333333333333,0
id:bulbol,id:ozaki0909,2,2,1,7.766666666666667,2.6666666666666665,0
id:bulbol,id:pjhwinner,2,2,1,14.666666666666666,2.066666666666667,0
id:bulbol,id:pudingm,2,2,1,9.05,2.4166666666666665,0
id:bulbol,id:raulgonzo,2,2,1,170.78333333333333,4.716666666666667,0
id:bulbol,id:stabbie81,2,2,1,9.566666666666666,3.816666666666667,0
id:bulbol,id:taebari,2,2,1,4.366666666666666,3.1333333333333333,0
id:bulbol,id:takeout2002,2,2,1,10.925,0.8666666666666667,0
id:bulbol,id:thezesty,2,2,1,8.516666666666666,3.25,0
id:bulbol,id:typoonj2,2,2,1,194.88333333333333,0.6333333333333333,0
id:bulbol,id:video34,2,2,1,10.191666666666666,2.3333333333333335,0
id:bulbol,id:whddlqlgodrl,2,2,1,4.5,1.6333333333333333,0
id:bundes1,id:BlackEyes23,2,2,1,9.708333333333332,2.216666666666667,0
id:bundes1,id:dleoduq1234,2,2,1,13.45,3.75,0
id:bundes1,id:eufc,2,2,1,5.2333333333333325,2.05,0
id:bundes1,id:horizon,2,2,1,4.966666666666667,4.083333333333333,0
id:bundes1,id:regnier,2,2,1,6.3,2.1333333333333333,0
id:bvbreus11,id:BongGu1103,2,2,1,16.516666666666666,3.2333333333333334,0
id:bvbreus11,id:Ibrahima,2,2,1,4.4,3.1666666666666665,0
id:bvbreus11,id:ar10,2,2,1,7.1,4.05,0
id:bvbreus11,id:bulbol,2,2,1,8.475,2.65,0
id:bvbreus11,id:claralike123,2,2,1,3.0,0.75,0
id:bvbreus11,id:consul,2,2,1,12.141666666666666,3.283333333333333,0
id:bvbreus11,id:eory24,2,2,1,11.466666666666665,0.9666666666666667,0
id:bvbreus11,id:kimdw22,2,2,1,15.216666666666667,2.5166666666666666,0
id:bvbreus11,id:masok01,2,2,1,4.866666666666667,1.15,0
id:bvbreus11,id:thughu,2,2,1,11.791666666666666,4.2,0
id:bvbreus11,id:tkrldh,2,2,1,10.666666666666666,2.433333333333333,0
id:bvbreus11,id:whoshot,2,2,1,4.3916666666666675,0.5166666666666667,0
id:bvbreus11,id:xxvxx,2,2,1,4.258333333333334,1.0666666666666667,0
id:bvbreus11,id:zero080,2,2,1,4.366666666666667,2.533333333333333,0
id:byh3718,id:aduno,2,2,1,9.4,3.9,0
id:chakagesalja,id:chakagesalja,2,2,1,14.483333333333334,3.033333333333333,2
id:chun1149,id:oasiticjoo19,2,2,1,20.383333333333336,4.95,0
id:colacup,id:lfcthismeans,2,2,1,5.125,3.9166666666666665,0
id:colacup,id:sonhh,2,2,1,141.125,1.5833333333333333,0
id:colacup,id:whoshot,2,2,1,18.116666666666667,3.033333333333333,0
id:cydia14,id:okao,2,2,1,4.525,2.816666666666667,0
id:cydia14,id:progamer77,2,2,1,4.258333333333333,0.7166666666666667,0
id:cydia14,id:tkrldh,2,2,1,8.933333333333334,4.483333333333333,0
id:cytokine1234,id:FeelingGood,2,2,1,7.066666666666666,3.6333333333333333,0
id:cytokine1234,id:bluepillz,2,2,1,9.083333333333334,4.616666666666666,0
id:cytokine1234,id:chun1149,2,2,1,7.116666666666666,2.0,0
id:cytokine1234,id:mantis,2,2,1,17.8,2.2666666666666666,0
id:cytokine1234,id:placebo,2,2,1,3.533333333333333,1.8333333333333333,0
id:cytokine1234,id:vnweq956,2,2,1,7.733333333333333,3.65,0
id:dadoocom,id:yjs1g,2,2,1,8.325,2.3333333333333335,0
id:dbsupers,id:dlawls,2,2,1,36.45,3.8833333333333333,0
id:dbsupers,id:dleoduq1234,2,2,1,5.708333333333333,3.8333333333333335,0
id:dbsupers,id:extra,2,2,1,1372.4333333333334,3.5833333333333335,0
id:dbsupers,id:kakaka10,2,2,1,89.35833333333333,1.8,0
id:deportivo7,id:YoLaTengo,2,2,1,5.25,1.6166666666666667,0
id:deportivo7,id:kanoutsider,2,2,1,3.7333333333333334,1.55,0
id:deportivo7,id:kicheon,2,2,1,11.633333333333333,2.5166666666666666,0
id:deportivo7,id:kim2pac,2,2,1,13.333333333333334,2.4833333333333334,0
id:deportivo7,id:pearson19,2,2,1,8.525,3.816666666666667,0
id:dlawls,id:Necovv,2,2,1,10.008333333333333,4.916666666666667,0
id:dlawls,id:boba1983,2,2,1,7.558333333333334,3.716666666666667,0
id:dlawls,id:cauking,2,2,1,5.416666666666667,1.25,0
id:dlawls,id:monkjm,2,2,1,11.016666666666666,3.65,0
id:dlawls,id:xxvxx,2,2,1,6.449999999999999,1.4833333333333334,0
id:dleoduq1234,id:bugfix,2,2,1,9.458333333333334,1.85,0
id:dleoduq1234,id:deportivo7,2,2,1,4.425,0.9166666666666666,0
id:dleoduq1234,id:takeout2002,2,2,1,8.125,1.2666666666666666,0
id:donka,id:jeffkent,2,2,1,8.325,3.9166666666666665,0
id:dosa0705,id:dleoduq1234,2,2,1,10.366666666666667,1.8166666666666667,0
id:dress7,id:flareburst,2,2,1,5.55,2.5,0
id:dress7,id:okao,2,2,1,12.4,1.3,0
id:edh2och,id:bookae1,2,2,1,9.591666666666667,2.9,0
id:edh2och,id:cubana,2,2,1,15.674999999999999,1.9666666666666666,0
id:edh2och,id:edh2och,2,2,1,4.141666666666667,2.25,2
id:edh2och,id:lfcthismeans,2,2,1,4.225,2.5166666666666666,0
id:ehdtks9286,id:kuo13,2,2,1,3.825,1.35,0
id:ehdtks9286,id:progamer77,2,2,1,4.95,2.0166666666666666,0
id:ehdtks9286,id:sexline,2,2,1,4.108333333333333,2.216666666666667,0
id:ejirall,id:monkjm,2,2,1,22.258333333333333,1.1833333333333333,0
id:ejirall,id:stynerkn,2,2,1,8.983333333333334,2.066666666666667,0
id:fantak,id:cauking,2,2,1,42.641666666666666,3.3,0
id:fantak,id:dadoocom,2,2,1,8.791666666666666,4.833333333333333,0
id:fantak,id:darthfish,2,2,1,51.199999999999996,1.0833333333333333,0
id:fantak,id:dlawls,2,2,1,13.133333333333333,1.2166666666666666,0
id:fantak,id:ehsaksk,2,2,1,14.358333333333334,1.85,0
id:fantak,id:hjsa2004,2,2,1,50.08333333333333,3.8333333333333335,0
id:fantak,id:lj0608,2,2,1,15.225,1.3666666666666667,0
id:fantak,id:masok01,2,2,1,5.05,4.566666666666666,0
id:fantak,id:pharm92,2,2,1,5.583333333333334,2.7666666666666666,0
id:fantak,id:psj1905,2,2,1,3.9333333333333336,0.9,0
id:fantak,id:realysoccer,2,2,1,11.391666666666666,1.8333333333333333,0
id:fantak,id:roykie151,2,2,1,7.141666666666667,4.033333333333333,0
id:flamans1,id:Bluewings21,2,2,1,4.441666666666666,2.25,0
id:gerrard88,id:rainshowerkk,2,2,1,4.066666666666666,3.05,0
id:grit,id:boba1983,2,2,1,7.158333333333333,2.05,0
id:grit,id:hpkim90,2,2,1,235.69166666666666,2.466666666666667,0
id:grit,id:kiriman,2,2,1,6.591666666666667,0.85,0
id:grit,id:wind1123,2,2,1,4.825,2.9,0
id:gum0510,id:Bluewings21,2,2,1,17.416666666666668,2.816666666666667,0
id:gum0510,id:Milner7,2,2,1,10.541666666666666,3.1166666666666667,0
id:gum0510,id:againstwin80,2,2,1,6.966666666666667,1.4,0
id:gum0510,id:cytokine1234,2,2,1,4.7,4.25,0
id:gum0510,id:dlawls,2,2,1,7.708333333333333,3.066666666666667,0
id:gum0510,id:eiskzm,2,2,1,4.516666666666667,2.0166666666666666,0
id:gum0510,id:iglaman,2,2,1,5.341666666666667,0.9,0
id:gum0510,id:spoops,2,2,1,4.699999999999999,4.083333333333333,0
id:gum0510,id:vnweq956,2,2,1,5.333333333333333,3.15,0
id:hanlobby,id:KINGBATI,2,2,1,6.05,4.816666666666666,0
id:hanlobby,id:bulbol,2,2,1,6.708333333333334,2.65,0
id:hanlobby,id:jun2312,2,2,1,2.9416666666666664,0.55,0
id:hanlobby,id:kokomong,2,2,1,9.799999999999999,1.8833333333333333,0
id:hanlobby,id:naco16,2,2,1,4.333333333333334,1.0166666666666666,0
id:hanlobby,id:osodos,2,2,1,6.324999999999999,3.05,0
id:hanlobby,id:stynerkn,2,2,1,10.408333333333333,4.083333333333333,0
id:hanlobby,id:新) 허정무(blue123,2,2,1,7.841666666666667,3.9166666666666665,0
id:heherald,id:pearson19,2,2,1,3.3000000000000003,1.2166666666666666,0
id:hobro,id:Tenhag,2,2,1,11.466666666666667,3.8,0
id:hobro,id:deportivo7,2,2,1,193.48333333333332,0.9,0
id:hobro,id:lfcthismeans,2,2,1,7.125,1.35,0
id:hobro,id:sinn556i,2,2,1,5.091666666666667,4.366666666666666,0
id:hobro,id:tkrldh,2,2,1,4.508333333333333,2.9833333333333334,0
id:hodoeel,id:bbggkkk,2,2,1,9.325000000000001,0.8666666666666667,0
id:hodoeel,id:ksb7872,2,2,1,6.583333333333333,0.9833333333333333,0
id:hodoeel,id:solution78,2,2,1,265.725,1.7333333333333334,0
id:hodoeel,id:sounited13,2,2,1,12.283333333333333,2.1,0
id:hodoeel,id:tkrldh,2,2,1,15.616666666666665,3.0833333333333335,0
id:hodoeel,id:typoonj2,2,2,1,3.6833333333333336,1.35,0
id:hohohal1717,id:monkjm,2,2,1,7.8,2.433333333333333,0
id:hopes,id:shkj22,2,2,1,9.016666666666667,3.1333333333333333,0
id:horizon,id:BongGu1103,2,2,1,5.0,1.2,0
id:horizon,id:FeelingGood,2,2,1,5.6,4.65,0
id:horizon,id:Tenhag,2,2,1,9.025,3.3333333333333335,0
id:horizon,id:bookae1,2,2,1,8.108333333333333,2.933333333333333,0
id:horizon,id:bundes1,2,2,1,6.2333333333333325,1.7666666666666666,0
id:horizon,id:chakagesalja,2,2,1,5.683333333333334,2.033333333333333,0
id:horizon,id:forest,2,2,1,103.975,3.1666666666666665,0
id:horizon,id:jun2312,2,2,1,8.625,1.9,0
id:horizon,id:kaizennf,2,2,1,13.15,4.066666666666666,0
id:htht709,id:KINGBATI,2,2,1,5.5,1.1,0
id:htht709,id:dleoduq1234,2,2,1,6.0,1.4333333333333333,0
id:htht709,id:life13579,2,2,1,4.416666666666667,2.1666666666666665,0
id:htht709,id:mcraky,2,2,1,1232.8083333333334,1.0666666666666667,0
id:htht709,id:moohootae,2,2,1,9.108333333333333,2.1333333333333333,0
id:htht709,id:shkj22,2,2,1,23.7,2.683333333333333,0
id:htht709,id:todfndl12,2,2,1,15.691666666666666,4.083333333333333,0
id:hudson8866,id:donka,2,2,1,7.475,0.45,0
id:hudson8866,id:spoops,2,2,1,16.458333333333332,1.95,0
id:hwangheenim,id:vincent85,2,2,1,4.233333333333333,2.6666666666666665,0
id:hyeok497,id:Necovv,2,2,1,4.891666666666667,1.9166666666666667,0
id:hyeok497,id:Pacojung102,2,2,1,5.591666666666667,1.1666666666666667,0
id:hyeok497,id:YoLaTengo,2,2,1,3.5,1.7333333333333334,0
id:hyeok497,id:cjswkr10,2,2,1,4.591666666666667,2.066666666666667,0
id:hyeok497,id:erai7007,2,2,1,36.583333333333336,1.8833333333333333,0
id:hyeok497,id:hopes,2,2,1,6.675000000000001,3.8,0
id:hyeok497,id:hypeboy,2,2,1,4.091666666666667,1.2166666666666666,0
id:hyeok497,id:juventus82,2,2,1,11.616666666666667,1.85,0
id:hyeok497,id:kicheon,2,2,1,12.258333333333335,1.9166666666666667,0
id:hyeok497,id:kinomayu,2,2,1,13.65,2.683333333333333,0
id:hyeok497,id:kopluke,2,2,1,7.2749999999999995,0.85,0
id:hyeok497,id:press21cc,2,2,1,21.808333333333334,4.766666666666667,0
id:hyeok497,id:rukk7812,2,2,1,5.1,3.683333333333333,0
id:hyeok497,id:say1673,2,2,1,97.03333333333333,1.1333333333333333,0
id:hyeok497,id:shkj22,2,2,1,4.216666666666667,3.2666666666666666,0
id:hyeok497,id:typoonj2,2,2,1,3.7666666666666666,0.7666666666666667,0
id:hyeok497,id:video34,2,2,1,9.208333333333334,1.3166666666666667,0
id:hyeok497,id:yally1010,2,2,1,15.058333333333334,3.4166666666666665,0
id:hyeok497,id:yeonrang,2,2,1,5.766666666666667,4.05,0
id:hyeok497,id:zero080,2,2,1,6.316666666666667,0.8666666666666667,0
id:hypeboy,id:FeelingGood,2,2,1,7.033333333333334,0.5166666666666667,0
id:hypeboy,id:Tenhag,2,2,1,9.933333333333334,2.4166666666666665,0
id:hypeboy,id:YoLaTengo,2,2,1,15.766666666666666,4.4,0
id:hypeboy,id:bugfix,2,2,1,4.550000000000001,2.2,0
id:hypeboy,id:cubana,2,2,1,570.5916666666667,4.383333333333334,0
id:hypeboy,id:hypeboy,2,2,1,9.075,3.7333333333333334,2
id:hypeboy,id:impactx84,2,2,1,10.333333333333332,2.783333333333333,0
id:hypeboy,id:kanoutsider,2,2,1,234.675,3.6666666666666665,0
id:hypeboy,id:lfcthismeans,2,2,1,5.15,2.55,0
id:hypeboy,id:mirissoul2,2,2,1,13.241666666666665,1.0166666666666666,0
id:hypeboy,id:progamer77,2,2,1,6.375,3.55,0
id:hypeboy,id:radioshot1,2,2,1,6.216666666666667,1.55,0
id:ifleet,id:impactx84,2,2,1,4.816666666666666,3.6666666666666665,0
id:impactx84,id:1987vintage,2,2,1,5.55,1.0,0
id:impactx84,id:Bluewings21,2,2,1,64.86666666666666,4.866666666666666,0
id:impactx84,id:Volvo,2,2,1,48.31666666666666,4.066666666666666,0
id:impactx84,id:alfatini,2,2,1,3.675,1.8833333333333333,0
id:impactx84,id:bonobono234,2,2,1,5.383333333333334,3.0833333333333335,0
id:impactx84,id:cauking,2,2,1,33.5,3.7,0
id:impactx84,id:chun1149,2,2,1,5.199999999999999,4.866666666666666,0
id:impactx84,id:cytokine1234,2,2,1,6.741666666666667,2.3666666666666667,0
id:impactx84,id:dosa0705,2,2,1,51.50833333333333,3.5,0
id:impactx84,id:dress7,2,2,1,16.474999999999998,1.8666666666666667,0
id:impactx84,id:ffk12349,2,2,1,39.375,0.95,0
id:impactx84,id:grit,2,2,1,4.741666666666667,2.7666666666666666,0
id:impactx84,id:hoffenheim,2,2,1,3.5416666666666665,2.05,0
id:impactx84,id:hypeboy,2,2,1,6.191666666666666,2.5,0
id:impactx84,id:iskoke,2,2,1,5.175,2.9166666666666665,0
id:impactx84,id:juventus82,2,2,1,3.9916666666666663,1.1166666666666667,0
id:impactx84,id:kicheon,2,2,1,243.38333333333333,2.4,0
id:impactx84,id:kicking,2,2,1,9.833333333333334,4.583333333333333,0
id:impactx84,id:leoperiseus,2,2,1,28.166666666666664,1.7833333333333334,0
id:impactx84,id:mcraky,2,2,1,355.0083333333333,4.466666666666667,0
id:impactx84,id:sanapati,2,2,1,31.14166666666667,0.7,0
id:impactx84,id:stynerkn,2,2,1,4.383333333333333,3.5,0
id:impactx84,id:taz79,2,2,1,177.89166666666665,0.5166666666666667,0
id:impactx84,id:wheotjd1,2,2,1,6.258333333333333,1.1333333333333333,0
id:jdspitz,id:cubana,2,2,1,8.858333333333333,0.8333333333333334,0
id:jeffkent,id:kaizennf,2,2,1,7.108333333333333,1.9166666666666667,0
id:jeffkent,id:spoops,2,2,1,7.033333333333333,3.8666666666666667,0
id:jejajj9,id:chun1149,2,2,1,9.758333333333333,3.183333333333333,0
id:jj1211,id:rukk7812,2,2,1,9.491666666666667,2.45,0
id:jj1211,id:sdh90,2,2,1,5.458333333333333,1.6333333333333333,0
id:jj1211,id:shkj22,2,2,1,9.333333333333332,2.65,0
id:joohakmoo,id:donka,2,2,1,4.766666666666667,0.6,0
id:joohakmoo,id:potatochip1,2,2,1,9.258333333333333,4.683333333333334,0
id:joohakmoo,id:redgundam,2,2,1,5.466666666666667,0.8666666666666667,0
id:joohakmoo,id:roe2k,2,2,1,73.79166666666667,3.15,0
id:jun2312,id:10bergi,2,2,1,16.583333333333336,3.6333333333333333,0
id:jun2312,id:cubana,2,2,1,29.825,2.4833333333333334,0
id:jun2312,id:dleoduq1234,2,2,1,3.9,1.2333333333333334,0
id:jun2312,id:kiriman,2,2,1,4.008333333333333,1.2166666666666666,0
id:jun2312,id:okao,2,2,1,3.666666666666667,2.183333333333333,0
id:jun2312,id:shkj22,2,2,1,8.275,4.7,0
id:jun2312,id:whoshot,2,2,1,7.725,0.7,0
id:juventus82,id:Clocks,2,2,1,9.775,1.0166666666666666,0
id:juventus82,id:cytokine1234,2,2,1,3.9333333333333336,2.3833333333333333,0
id:juventus82,id:gum0510,2,2,1,4.05,1.9833333333333334,0
id:juventus82,id:mirissoul2,2,2,1,8.091666666666667,2.2666666666666666,0
id:juventus82,id:vnweq956,2,2,1,4.2,1.9666666666666666,0
id:kaizennf,id:bookae1,2,2,1,9.016666666666666,3.3666666666666667,0
id:kaizennf,id:filyeun2,2,2,1,5.7,2.533333333333333,0
id:kanginmom,id:roe2k,2,2,1,22.808333333333334,2.65,0
id:kglite,id:whoshot,2,2,1,11.766666666666667,1.1666666666666667,0
id:kim2pac,id:cauking,2,2,1,6.783333333333333,2.066666666666667,0
id:kimpo,id:bulbol,2,2,1,4.458333333333333,2.15,0
id:kimpo,id:pearson19,2,2,1,5.699999999999999,4.566666666666666,0
id:kiriman,id:malwool,2,2,1,6.741666666666667,4.55,0
id:kiriman,id:yhtuos,2,2,1,4.233333333333333,0.8166666666666667,0
id:kohs98,id:okao,2,2,1,203.53333333333336,1.2833333333333334,0
id:kokomong,id:cubana,2,2,1,4.258333333333333,1.45,0
id:kokomong,id:kanoutsider,2,2,1,7.758333333333333,3.6,0
id:kokomong,id:press21cc,2,2,1,10.358333333333334,3.1666666666666665,0
id:kokomong,id:shkj22,2,2,1,9.983333333333333,1.15,0
id:leoperiseus,id:mirissoul2,2,2,1,4.833333333333333,2.65,0
id:lfcthismeans,id:benben,2,2,1,93.01666666666667,3.65,0
id:lfcthismeans,id:footpodo,2,2,1,3.716666666666667,0.8666666666666667,0
id:lfcthismeans,id:life13579,2,2,1,9.45,4.05,0
id:lfcthismeans,id:masok01,2,2,1,6.291666666666666,2.55,0
id:lfcthismeans,id:potatochip1,2,2,1,10.041666666666668,3.7333333333333334,0
id:lfcthismeans,id:redgundam,2,2,1,15.7,0.5,0
id:lfcthismeans,id:sta0505,2,2,1,10.916666666666666,1.6166666666666667,0
id:lfcthismeans,id:stynerkn,2,2,1,4.358333333333333,2.8666666666666667,0
id:lfcthismeans,id:xxvxx,2,2,1,9.516666666666667,4.516666666666667,0
id:lh1440,id:cytokine1234,2,2,1,3.3166666666666664,1.0833333333333333,0
id:lj0608,id:dialine,2,2,1,14.441666666666666,4.916666666666667,0
id:lj0608,id:kanoutsider,2,2,1,11.408333333333333,3.4,0
id:lj0608,id:okao,2,2,1,4.6,1.7,0
id:lj0608,id:roe2k,2,2,1,164.17499999999998,3.65,0
id:lovedavich,id:dleoduq1234,2,2,1,8.575000000000001,1.3833333333333333,0
id:luna7742,id:dlawls,2,2,1,4.191666666666666,1.5166666666666666,0
id:luna7742,id:hpkim90,2,2,1,4.725,3.033333333333333,0
id:luna7742,id:okao,2,2,1,227.38333333333333,2.316666666666667,0
id:luna7742,id:progamer77,2,2,1,4.95,1.85,0
id:luna7742,id:wind1123,2,2,1,8.35,1.4666666666666666,0
id:maelsy99,id:spoops,2,2,1,7.0,2.2,0
id:makaloni,id:Bluewings21,2,2,1,2.95,0.38333333333333336,0
id:makaloni,id:consul,2,2,1,3.841666666666667,1.2833333333333334,0
id:makaloni,id:okao,2,2,1,15.341666666666667,3.7,0
id:makaloni,id:whoshot,2,2,1,3.1416666666666666,0.7333333333333333,0
id:malwool,id:impactx84,2,2,1,3.5,0.5666666666666667,0
id:malwool,id:kuo13,2,2,1,24.84166666666667,2.85,0
id:malwool,id:malwool,2,2,1,98.46666666666667,4.083333333333333,2
id:malwool,id:okao,2,2,1,19.758333333333333,3.7333333333333334,0
id:malwool,id:realysoccer,2,2,1,21.241666666666664,3.55,0
id:masok01,id:bundes1,2,2,1,5.183333333333334,3.9,0
id:masok01,id:kokomong,2,2,1,8.966666666666667,2.15,0
id:masok01,id:masok01,2,2,1,5.0,2.3333333333333335,2
id:mcraky,id:mcraky,2,2,1,5.308333333333334,4.516666666666667,2
id:megacoffee25,id:bulbol,2,2,1,3.475,1.9333333333333333,0
id:megacoffee25,id:cauking,2,2,1,24.825,3.283333333333333,0
id:messiya2022,id:messiya2022,2,2,1,7.191666666666666,4.416666666666667,2
id:mirissoul2,id:malwool,2,2,1,6.4,3.183333333333333,0
id:mnyj,id:kuo13,2,2,1,5.216666666666667,1.5166666666666666,0
id:modern21,id:ejirall,2,2,1,4.5,1.05,0
id:modern21,id:kinomayu,2,2,1,5.833333333333333,3.683333333333333,0
id:modern21,id:todfndl12,2,2,1,3.416666666666667,1.35,0
id:naco16,id:85yang,2,2,1,8.458333333333332,2.433333333333333,0
id:naco16,id:Clocks,2,2,1,5.875,1.5,0
id:naco16,id:ar10,2,2,1,4.3,2.85,0
id:naco16,id:blue5365,2,2,1,4.916666666666667,1.8666666666666667,0
id:naco16,id:itemptu2,2,2,1,8.158333333333333,3.283333333333333,0
id:naco16,id:kaizennf,2,2,1,4.766666666666667,4.05,0
id:naco16,id:kakaka10,2,2,1,10.45,3.466666666666667,0
id:naco16,id:kokomong,2,2,1,4.141666666666667,2.0,0
id:naco16,id:kopluke,2,2,1,8.466666666666667,4.35,0
id:naco16,id:potatochip1,2,2,1,6.033333333333333,0.5,0
id:naco16,id:reiun,2,2,1,4.383333333333333,2.033333333333333,0
id:naco16,id:todfndl12,2,2,1,6.65,3.4,0
id:naco16,id:yeonrang,2,2,1,7.858333333333334,4.166666666666667,0
id:naco16,id:yhtuos,2,2,1,4.458333333333333,2.816666666666667,0
id:naco16,id:zxcvbnm00765,2,2,1,46.81666666666667,4.216666666666667,0
id:ninety5mph,id:Milner7,2,2,1,23.291666666666668,4.25,0
id:ninety5mph,id:bald80,2,2,1,3.9333333333333336,2.5833333333333335,0
id:ninety5mph,id:coolow,2,2,1,9.833333333333332,2.7,0
id:ninety5mph,id:ejirall,2,2,1,4.941666666666666,4.366666666666666,0
id:ninety5mph,id:hkwo031,2,2,1,6.358333333333333,2.8666666666666667,0
id:ninety5mph,id:spoops,2,2,1,3.808333333333333,0.5,0
id:niwoong1,id:mantis,2,2,1,35.8,3.7666666666666666,0
id:novacane,id:dress7,2,2,1,14.7,0.7,0
id:novacane,id:grit,2,2,1,5.491666666666667,3.316666666666667,0
id:novacane,id:hpkim90,2,2,1,6.608333333333334,2.95,0
id:novacane,id:kiriman,2,2,1,6.800000000000001,3.45,0
id:novacane,id:oasiticjoo19,2,2,1,7.841666666666667,3.5,0
id:oasiticjoo19,id:YoLaTengo,2,2,1,4.983333333333333,3.75,0
id:oasiticjoo19,id:vincent85,2,2,1,4.675,2.1666666666666665,0
id:oasiticjoo19,id:wenli,2,2,1,144.0,2.1,0
id:ok2id,id:bulbol,2,2,1,10.9,3.2666666666666666,0
id:ok2id,id:dleoduq10004,2,2,1,13.883333333333333,3.3833333333333333,0
id:ok2id,id:enckdtlqkf,2,2,1,8.8,4.5,0
id:osodos,id:donka,2,2,1,8.041666666666666,3.9,0
id:pearson19,id:chun1149,2,2,1,10.075000000000001,0.55,0
id:pearson19,id:dadoocom,2,2,1,4.266666666666667,1.95,0
id:pearson19,id:flamans1,2,2,1,11.4,1.55,0
id:pearson19,id:forest,2,2,1,7.525,4.3,0
id:pearson19,id:grit,2,2,1,43.15833333333333,4.266666666666667,0
id:pearson19,id:kinomayu,2,2,1,15.05,3.183333333333333,0
id:pearson19,id:pjhwinner,2,2,1,8.175,1.05,0
id:pearson19,id:roe2k,2,2,1,4.266666666666667,1.0,0
id:pearson19,id:supremebape,2,2,1,5.608333333333333,3.15,0
id:pearson19,id:tavares,2,2,1,7.308333333333334,2.1166666666666667,0
id:placebo,id:whoshot,2,2,1,10.275,4.116666666666666,0
id:pucrinyesir,id:Necovv,2,2,1,137.39166666666665,2.0166666666666666,0
id:pucrinyesir,id:consul,2,2,1,15.975,2.9,0
id:pucrinyesir,id:dialine,2,2,1,22.25,4.416666666666667,0
id:pucrinyesir,id:kanoutsider,2,2,1,6.45,1.6333333333333333,0
id:pucrinyesir,id:modern21,2,2,1,3.8666666666666667,2.216666666666667,0
id:pucrinyesir,id:pearson19,2,2,1,3.1916666666666664,0.36666666666666664,0
id:pucrinyesir,id:pjhwinner,2,2,1,8.675,2.0,0
id:pucrinyesir,id:raistlin1,2,2,1,508.15833333333336,2.4833333333333334,0
id:pucrinyesir,id:sheva7,2,2,1,6.325,0.8166666666666667,0
id:pucrinyesir,id:ulsan0101,2,2,1,14.433333333333332,0.7166666666666667,0
id:pucrinyesir,id:yhtuos,2,2,1,6.825,1.3666666666666667,0
id:qhdtlsdl,id:Tenhag,2,2,1,196.28333333333333,3.0,0
id:qhdtlsdl,id:bluepillz,2,2,1,9.125,3.65,0
id:qhdtlsdl,id:bookae1,2,2,1,15.616666666666665,3.7666666666666666,0
id:qhdtlsdl,id:dleoduq1234,2,2,1,5.383333333333333,4.25,0
id:qhdtlsdl,id:roe2k,2,2,1,5.258333333333333,4.983333333333333,0
id:qnflsdl,id:roe2k,2,2,1,3.8833333333333333,2.5,0
id:radioshot1,id:bluepillz,2,2,1,5.041666666666666,2.7333333333333334,0
id:radioshot1,id:chakagesalja,2,2,1,13.600000000000001,3.9166666666666665,0
id:radioshot1,id:deportivo7,2,2,1,6.075,0.5166666666666667,0
id:radioshot1,id:horsedongh,2,2,1,4.308333333333334,1.2166666666666666,0
id:radioshot1,id:hsw0119,2,2,1,8.225,3.533333333333333,0
id:radioshot1,id:hypeboy,2,2,1,8.858333333333334,4.45,0
id:radioshot1,id:makaloni,2,2,1,5.300000000000001,2.05,0
id:radioshot1,id:redondor,2,2,1,134.64166666666665,0.26666666666666666,0
id:radioshot1,id:sinn556i,2,2,1,8.325,1.2166666666666666,0
id:rainshowerkk,id:cubana,2,2,1,8.966666666666667,0.8833333333333333,0
id:rainshowerkk,id:juventus82,2,2,1,3.5,1.5,0
id:rainshowerkk,id:spoops,2,2,1,4.225,2.9,0
id:regions,id:chun1149,2,2,1,17.566666666666666,1.45,0
id:regions,id:donka,2,2,1,33.625,1.7333333333333334,0
id:regions,id:hypeboy,2,2,1,5.033333333333333,0.9,0
id:regions,id:klay5587,2,2,1,45.483333333333334,4.8,0
id:regions,id:mantis,2,2,1,18.416666666666664,2.55,0
id:regions,id:whoshot,2,2,1,6.4833333333333325,4.3,0
id:rhcp11,id:dadoocom,2,2,1,3.566666666666667,1.25,0
id:roe2k,id:cubana,2,2,1,16.09166666666667,4.95,0
id:rukk7812,id:DKisKing,2,2,1,11.033333333333333,0.36666666666666664,0
id:rukk7812,id:camel55,2,2,1,16.525,2.9,0
id:rukk7812,id:chakagesalja,2,2,1,3.4000000000000004,1.1333333333333333,0
id:rukk7812,id:cytokine1234,2,2,1,13.591666666666665,1.2166666666666666,0
id:rukk7812,id:deeblue,2,2,1,14.141666666666667,2.35,0
id:rukk7812,id:dress7,2,2,1,35.35,2.9833333333333334,0
id:rukk7812,id:erai7007,2,2,1,128.88333333333333,3.033333333333333,0
id:rukk7812,id:eufc,2,2,1,12.408333333333333,1.1,0
id:rukk7812,id:flamans1,2,2,1,9.775,2.6333333333333333,0
id:rukk7812,id:hodoeel,2,2,1,17.1,4.033333333333333,0
id:rukk7812,id:htht709,2,2,1,3.533333333333333,1.6333333333333333,0
id:rukk7812,id:hulk,2,2,1,6.491666666666667,1.5166666666666666,0
id:rukk7812,id:iglaman,2,2,1,9.766666666666667,1.85,0
id:rukk7812,id:kokand1912,2,2,1,17.64166666666667,2.95,0
id:rukk7812,id:ksb7872,2,2,1,15.891666666666667,3.7333333333333334,0
id:rukk7812,id:luna7742,2,2,1,7.508333333333333,4.766666666666667,0
id:rukk7812,id:nikkohadal,2,2,1,9.575,3.4833333333333334,0
id:rukk7812,id:roykie151,2,2,1,8.166666666666666,0.26666666666666666,0
id:rukk7812,id:shrnhoist,2,2,1,7.975,4.416666666666667,0
id:rukk7812,id:traum0105,2,2,1,7.258333333333333,2.4833333333333334,0
id:rukk7812,id:whddlqlgodrl,2,2,1,8.008333333333333,4.666666666666667,0
id:rukk7812,id:wheotjd1,2,2,1,5.341666666666667,4.333333333333333,0
id:rukk7812,id:woobo,2,2,1,7.9,5.0,0
id:rukk7812,id:yally1010,2,2,1,4.516666666666667,2.05,0
id:say1673,id:donka,2,2,1,3.325,0.8833333333333333,0
id:say1673,id:ejirall,2,2,1,8.825,2.8,0
id:say1673,id:kicking,2,2,1,4.191666666666666,1.4333333333333333,0
id:say1673,id:lfcthismeans,2,2,1,4.483333333333333,2.716666666666667,0
id:say1673,id:roe2k,2,2,1,65.45833333333334,1.8666666666666667,0
id:sc1984,id:forest,2,2,1,5.675,4.733333333333333,0
id:sdh90,id:sdh90,2,2,1,5.208333333333333,3.6666666666666665,2
id:sexline,id:hypeboy,2,2,1,3.1,0.9833333333333333,0
id:shkj22,id:bluepillz,2,2,1,8.25,1.05,0
id:simbae1,id:monkjm,2,2,1,14.25,1.6333333333333333,0
id:snap23,id:Mobaraeram,2,2,1,7.566666666666666,1.1333333333333333,0
id:snap23,id:jun2312,2,2,1,4.866666666666667,2.0166666666666666,0
id:snap23,id:mirissoul2,2,2,1,3.875,1.4666666666666666,0
id:snap23,id:okao,2,2,1,6.858333333333333,0.43333333333333335,0
id:snap23,id:runasea,2,2,1,10.608333333333334,4.933333333333334,0
id:snap23,id:sexline,2,2,1,5.775,3.0,0
id:snap23,id:taz79,2,2,1,24.425,0.5666666666666667,0
id:snap23,id:ulsan0101,2,2,1,33.833333333333336,2.5,0
id:snap23,id:vincent85,2,2,1,8.325,2.9,0
id:soccerfw16,id:xxvxx,2,2,1,5.575,2.0,0
id:soccerlineid,id:hypeboy,2,2,1,4.291666666666667,1.8,0
id:solution78,id:KINGBATI,2,2,1,4.5249999999999995,0.45,0
id:solution78,id:Milner7,2,2,1,19.9,2.8833333333333333,0
id:solution78,id:Mobaraeram,2,2,1,20.066666666666666,2.2666666666666666,0
id:solution78,id:YoLaTengo,2,2,1,9.341666666666667,1.3333333333333333,0
id:solution78,id:epist,2,2,1,4.841666666666667,2.816666666666667,0
id:solution78,id:flareburst,2,2,1,3.3499999999999996,1.5833333333333333,0
id:solution78,id:impactx84,2,2,1,4.158333333333333,0.7333333333333333,0
id:solution78,id:jdspitz,2,2,1,4.941666666666666,3.933333333333333,0
id:solution78,id:kakaka10,2,2,1,21.316666666666666,3.0833333333333335,0
id:solution78,id:leoperiseus,2,2,1,6.375,3.8833333333333333,0
id:solution78,id:life13579,2,2,1,9.3,3.066666666666667,0
id:solution78,id:makijeon,2,2,1,32.141666666666666,1.6833333333333333,0
id:solution78,id:masok01,2,2,1,8.2,4.516666666666667,0
id:solution78,id:rwingback,2,2,1,13.175,4.316666666666666,0
id:solution78,id:yally1010,2,2,1,20.349999999999998,1.65,0
id:sonhh,id:dleoduq1234,2,2,1,5.466666666666667,1.35,0
id:sonhh,id:progamer77,2,2,1,4.641666666666667,0.9666666666666667,0
id:sonhh,id:spoops,2,2,1,6.916666666666666,1.2,0
id:sounited13,id:2egg3things,2,2,1,77.58333333333334,3.3333333333333335,0
id:sounited13,id:haebark,2,2,1,4.258333333333333,1.0,0
id:sounited13,id:hmhgood,2,2,1,4.391666666666667,1.5833333333333333,0
id:sounited13,id:oasiticjoo19,2,2,1,18.291666666666668,2.0,0
id:sounited13,id:whoshot,2,2,1,2.9916666666666667,0.43333333333333335,0
id:stynerkn,id:bluepillz,2,2,1,7.075,3.566666666666667,0
id:stynerkn,id:dleoduq1234,2,2,1,12.3,4.1,0
id:stynerkn,id:malwool,2,2,1,6.95,1.0833333333333333,0
id:stynerkn,id:roe2k,2,2,1,13.7,4.633333333333334,0
id:stynerkn,id:whoshot,2,2,1,3.725,0.45,0
id:summernight,id:ejirall,2,2,1,8.008333333333333,1.3666666666666667,0
id:summernight,id:hypeboy,2,2,1,8.666666666666668,3.216666666666667,0
id:summernight,id:iloveyousun,2,2,1,4.125,2.2666666666666666,0
id:summernight,id:jdspitz,2,2,1,16.35,1.4,0
id:summernight,id:kiriman,2,2,1,5.558333333333334,3.4166666666666665,0
id:summernight,id:ksb7872,2,2,1,9.258333333333333,4.65,0
id:summernight,id:mcraky,2,2,1,4.258333333333333,1.95,0
id:summernight,id:naco16,2,2,1,4.9,3.3833333333333333,0
id:summernight,id:raul7143,2,2,1,20.766666666666666,3.6166666666666667,0
id:summernight,id:sexline,2,2,1,4.433333333333334,2.3333333333333335,0
id:summernight,id:typoonj2,2,2,1,4.383333333333333,1.2333333333333334,0
id:summernight,id:xxvxx,2,2,1,303.7416666666667,3.85,0
id:tjdgh09123,id:bugfix,2,2,1,5.616666666666667,3.2,0
id:tjdgh09123,id:monkjm,2,2,1,5.208333333333334,1.9,0
id:tjfghksss,id:monkjm,2,2,1,21.033333333333335,3.8666666666666667,0
id:tkrhdgus1,id:whoshot,2,2,1,13.066666666666666,1.05,0
id:todfndl12,id:dleoduq1234,2,2,1,4.825,0.4666666666666667,0
id:todfndl12,id:itemptu2,2,2,1,7.291666666666667,4.533333333333333,0
id:todfndl12,id:malwool,2,2,1,7.666666666666666,2.2,0
id:todfndl12,id:okao,2,2,1,9.666666666666668,4.25,0
id:todfndl12,id:roe2k,2,2,1,32.050000000000004,3.5166666666666666,0
id:toninho07,id:pjhwinner,2,2,1,16.383333333333333,3.75,0
id:traum0105,id:roe2k,2,2,1,84.24166666666667,2.8666666666666667,0
id:ttkwnffj,id:dleoduq1234,2,2,1,4.375,2.1333333333333333,0
id:twija100,id:yhtuos,2,2,1,21.666666666666668,0.9666666666666667,0
id:twinpeaks1,id:MoonJW1231,2,2,1,15.425,3.6666666666666665,0
id:typoonj2,id:cauking,2,2,1,229.45,3.2,0
id:typoonj2,id:eddie,2,2,1,31.45,0.9333333333333333,0
id:typoonj2,id:sinn556i,2,2,1,12.891666666666667,2.4833333333333334,0
id:typoonj2,id:v1004ses,2,2,1,12.133333333333333,3.566666666666667,0
id:typoonj2,id:wind1123,2,2,1,5.441666666666666,1.0,0
id:veratis,id:stynerkn,2,2,1,6.2333333333333325,2.3,0
id:vincent85,id:hypeboy,2,2,1,6.641666666666667,1.1166666666666667,0
id:vincent85,id:okao,2,2,1,3.5083333333333333,0.3,0
id:vincent85,id:redgundam,2,2,1,35.766666666666666,1.25,0
id:whddlqlgodrl,id:BongGu1103,2,2,1,51.641666666666666,1.3,0
id:whddlqlgodrl,id:cubana,2,2,1,8.858333333333333,1.2,0
id:whddlqlgodrl,id:donka,2,2,1,5.866666666666667,0.55,0
id:whddlqlgodrl,id:hopes,2,2,1,4.858333333333333,3.683333333333333,0
id:whddlqlgodrl,id:hypeboy,2,2,1,9.383333333333333,4.883333333333334,0
id:whddlqlgodrl,id:rea1me,2,2,1,4.941666666666666,3.8833333333333333,0
id:whddlqlgodrl,id:sexline,2,2,1,6.3916666666666675,3.0166666666666666,0
id:whddlqlgodrl,id:tkrldh,2,2,1,4.591666666666667,2.2666666666666666,0
id:wheotjd1,id:dlawls,2,2,1,3.9166666666666665,0.48333333333333334,0
id:whoshot,id:sdh90,2,2,1,6.991666666666667,3.9833333333333334,0
id:wind1123,id:bluepillz,2,2,1,35.69166666666667,4.5,0
id:wind1123,id:bulbol,2,2,1,5.8,1.2166666666666666,0
id:wind1123,id:cubana,2,2,1,7.508333333333334,2.9,0
id:wind1123,id:donka,2,2,1,3.45,0.43333333333333335,0
id:wind1123,id:lfcthismeans,2,2,1,3.466666666666667,1.45,0
id:xxvxx,id:Sejongutd1,2,2,1,601.3833333333334,1.1333333333333333,0
id:xxvxx,id:kaizennf,2,2,1,6.033333333333333,1.1833333333333333,0
id:xxvxx,id:malwool,2,2,1,3.408333333333333,1.0,0
id:xxvxx,id:rhcp11,2,2,1,6.0,1.05,0
id:xxvxx,id:xavi08,2,2,1,6.425000000000001,2.0833333333333335,0
id:yally1010,id:kiriman,2,2,1,27.058333333333334,3.0166666666666666,0
id:yally1010,id:okao,2,2,1,113.09166666666667,4.75,0
id:yo821281,id:ejirall,2,2,1,6.058333333333334,1.8666666666666667,0
id:yo821281,id:horizon,2,2,1,10.65,1.55,0
id:yo821281,id:hypeboy,2,2,1,7.858333333333333,3.3333333333333335,0
id:yo821281,id:jdspitz,2,2,1,14.933333333333334,4.866666666666666,0
id:yo821281,id:mhp3rd,2,2,1,7.391666666666667,5.0,0
id:yo821281,id:regnier,2,2,1,5.041666666666667,3.95,0
id:yoon4859,id:pearson19,2,2,1,5.658333333333333,4.983333333333333,0
id:yun9h1,id:yun9h1,2,2,1,16.291666666666668,2.5833333333333335,2
id:zero080,id:cydia14,2,2,1,2.908333333333333,0.5166666666666667,0
id:zero080,id:horizon,2,2,1,7.141666666666666,2.8,0
id:zero080,id:hyeok497,2,2,1,3.6083333333333334,1.0333333333333334,0
id:zero080,id:kanoutsider,2,2,1,16.5,3.9166666666666665,0
id:zero080,id:kiriman,2,2,1,9.991666666666667,4.483333333333333,0
id:zero080,id:masok01,2,2,1,187.3,3.183333333333333,0
id:zero080,id:millano,2,2,1,4.533333333333333,3.066666666666667,0
id:zero080,id:rwingback,2,2,1,6.416666666666667,4.533333333333333,0
id:zero080,id:seungman98,2,2,1,10.991666666666665,3.4,0
id:zero080,id:tjfghksss,2,2,1,3.1166666666666667,0.5833333333333334,0
id:zestgo,id:okao,2,2,1,4.266666666666667,2.85,0
id:zestgo,id:roe2k,2,2,1,185.30833333333334,4.583333333333333,0
id:zkdltmffks,id:kapfazo,2,2,1,24.691666666666666,4.233333333333333,0
id:ManU01,id:oasiticjoo19,2,1,1,6.4,3.15,0
id:ManU01,id:start4u,2,1,1,7.758333333333333,3.6666666666666665,0
id:Ronaldo34,id:mirissoul2,2,1,1,10.375,0.4666666666666667,0
id:Volvo,id:bulbol,2,1,1,5.5249999999999995,1.1333333333333333,0
id:big4587,id:dlawls,2,1,1,95.13333333333334,2.8666666666666667,0
id:blue123,id:sinn556i,2,1,1,5.275,4.25,0
id:bulbol,id:luna7742,2,1,1,16.191666666666666,4.6,0
id:cytokine1234,id:varioov,2,1,1,28.15,2.6166666666666667,0
id:epist,id:kicking,2,1,1,5.158333333333333,4.5,0
id:fantak,id:kuo13,2,1,1,181.65,4.133333333333334,0
id:hjs3191,id:hjs3191,2,1,1,4.266666666666667,2.316666666666667,2
id:hypeboy,id:Sejongutd1,2,1,1,9.566666666666666,2.466666666666667,0
id:jdspitz,id:jdspitz,2,1,1,4.291666666666667,2.8833333333333333,2
id:kanginmom,id:FeelingGood,2,1,1,6.841666666666667,2.033333333333333,0
id:kohs98,id:Rimbaud84,2,1,1,5.216666666666667,4.433333333333334,0
id:luminai,id:monkjm,2,1,1,7.800000000000001,2.95,0
id:luna7742,id:dleoduq1234,2,1,1,4.658333333333333,2.966666666666667,0
id:sdh90,id:forest,2,1,1,5.066666666666666,3.6333333333333333,0
id:zero080,id:typoonj2,2,1,1,3.9833333333333334,0.9,0
id:0405psv,id:KINGBATI,1,1,1,0.5833333333333334,0.5833333333333334,0
id:100m2,id:raxh,1,1,1,4.566666666666666,4.566666666666666,0
id:100m2,id:xxvxx,1,1,1,0.6666666666666666,0.6666666666666666,0
id:1987vintage,id:KINGBATI,1,1,1,0.9333333333333333,0.9333333333333333,0
id:1987vintage,id:aracra,1,1,1,4.9,4.9,0
id:1987vintage,id:bbggkkk,1,1,1,1.6666666666666667,1.6666666666666667,0
id:1987vintage,id:cytokine1234,1,1,1,1.4666666666666666,1.4666666666666666,0
id:1987vintage,id:donka,1,1,1,1.3833333333333333,1.3833333333333333,0
id:1987vintage,id:hwarang34,1,1,1,4.75,4.75,0
id:1987vintage,id:impactx84,1,1,1,2.533333333333333,2.533333333333333,0
id:1987vintage,id:jun2312,1,1,1,3.65,3.65,0
id:1987vintage,id:pearson19,1,1,1,0.35,0.35,0
id:1987vintage,id:yhtuos,1,1,1,1.05,1.05,0
id:6667sh,id:Milner7,1,1,1,3.1333333333333333,3.1333333333333333,0
id:6667sh,id:bulbol,1,1,1,1.2333333333333334,1.2333333333333334,0
id:6667sh,id:cauking,1,1,1,4.916666666666667,4.916666666666667,0
id:6667sh,id:childpicture,1,1,1,4.416666666666667,4.416666666666667,0
id:6667sh,id:cubana,1,1,1,1.6833333333333333,1.6833333333333333,0
id:6667sh,id:deportivo7,1,1,1,0.8333333333333334,0.8333333333333334,0
id:6667sh,id:dt4evamore,1,1,1,4.683333333333334,4.683333333333334,0
id:6667sh,id:hypeboy,1,1,1,1.75,1.75,0
id:6667sh,id:impactx84,1,1,1,1.3166666666666667,1.3166666666666667,0
id:6667sh,id:iskoke,1,1,1,1.6166666666666667,1.6166666666666667,0
id:6667sh,id:kim2pac,1,1,1,1.75,1.75,0
id:6667sh,id:lj0608,1,1,1,2.433333333333333,2.433333333333333,0
id:6667sh,id:malwool,1,1,1,1.3333333333333333,1.3333333333333333,0
id:6667sh,id:modern21,1,1,1,1.8166666666666667,1.8166666666666667,0
id:6667sh,id:naco16,1,1,1,1.5333333333333334,1.5333333333333334,0
id:6667sh,id:okao,1,1,1,2.716666666666667,2.716666666666667,0
id:6667sh,id:radioshot1,1,1,1,3.066666666666667,3.066666666666667,0
id:6667sh,id:sexline,1,1,1,1.25,1.25,0
id:6667sh,id:stynerkn,1,1,1,3.15,3.15,0
id:6667sh,id:todfndl12,1,1,1,4.55,4.55,0
id:6667sh,id:yelloweyes,1,1,1,3.816666666666667,3.816666666666667,0
id:6830,id:10bergi,1,1,1,3.5833333333333335,3.5833333333333335,0
id:6830,id:85yang,1,1,1,3.5,3.5,0
id:6830,id:BlackEyes23,1,1,1,0.55,0.55,0
id:6830,id:Marshmello,1,1,1,1.6833333333333333,1.6833333333333333,0
id:6830,id:Pacojung102,1,1,1,2.95,2.95,0
id:6830,id:Sejongutd1,1,1,1,4.033333333333333,4.033333333333333,0
id:6830,id:YoLaTengo,1,1,1,1.1833333333333333,1.1833333333333333,0
id:6830,id:ajh30130,1,1,1,2.6333333333333333,2.6333333333333333,0
id:6830,id:bvbreus11,1,1,1,1.2833333333333334,1.2833333333333334,0
id:6830,id:choiyut,1,1,1,1.4833333333333334,1.4833333333333334,0
id:6830,id:dass592,1,1,1,2.0,2.0,0
id:6830,id:desert66,1,1,1,4.766666666666667,4.766666666666667,0
id:6830,id:dlawls,1,1,1,1.1666666666666667,1.1666666666666667,0
id:6830,id:grit,1,1,1,3.1666666666666665,3.1666666666666665,0
id:6830,id:htht709,1,1,1,2.0166666666666666,2.0166666666666666,0
id:6830,id:iglaman,1,1,1,3.8666666666666667,3.8666666666666667,0
id:6830,id:iskoke,1,1,1,4.533333333333333,4.533333333333333,0
id:6830,id:kaizennf,1,1,1,4.666666666666667,4.666666666666667,0
id:6830,id:kanoutsider,1,1,1,1.85,1.85,0
id:6830,id:klay5587,1,1,1,4.6,4.6,0
id:6830,id:kyoijjoo,1,1,1,4.866666666666666,4.866666666666666,0
id:6830,id:liking83,1,1,1,1.5166666666666666,1.5166666666666666,0
id:6830,id:mhp3rd,1,1,1,3.033333333333333,3.033333333333333,0
id:6830,id:pearson19,1,1,1,4.15,4.15,0
id:6830,id:radioshot1,1,1,1,1.4166666666666667,1.4166666666666667,0
id:6830,id:rokafryu,1,1,1,2.95,2.95,0
id:6830,id:rukk7812,1,1,1,1.3833333333333333,1.3833333333333333,0
id:6830,id:scat1221,1,1,1,4.116666666666666,4.116666666666666,0
id:6830,id:sounited13,1,1,1,1.15,1.15,0
id:6830,id:summernight,1,1,1,4.35,4.35,0
id:6830,id:wheotjd1,1,1,1,1.3333333333333333,1.3333333333333333,0
id:6830,id:woobo,1,1,1,1.9833333333333334,1.9833333333333334,0
id:6830,id:yally1010,1,1,1,0.6666666666666666,0.6666666666666666,0
id:85yang,id:DKisKing,1,1,1,3.65,3.65,0
id:85yang,id:bbggkkk,1,1,1,1.1166666666666667,1.1166666666666667,0
id:85yang,id:cokabel,1,1,1,3.9166666666666665,3.9166666666666665,0
id:85yang,id:crazycho,1,1,1,3.816666666666667,3.816666666666667,0
id:85yang,id:dress7,1,1,1,3.5,3.5,0
id:85yang,id:htht709,1,1,1,3.0,3.0,0
id:85yang,id:hypeboy,1,1,1,2.3833333333333333,2.3833333333333333,0
id:85yang,id:impactx84,1,1,1,1.2333333333333334,1.2333333333333334,0
id:85yang,id:mcraky,1,1,1,1.65,1.65,0
id:85yang,id:pearson19,1,1,1,1.4,1.4,0
id:85yang,id:spoops,1,1,1,0.8166666666666667,0.8166666666666667,0
id:85yang,id:whoshot,1,1,1,2.4833333333333334,2.4833333333333334,0
id:85yang,id:yjs1g,1,1,1,1.5333333333333334,1.5333333333333334,0
id:BlackEyes23,id:BlackEyes23,1,1,1,2.8833333333333333,2.8833333333333333,1
id:BlackEyes23,id:Dawin0107,1,1,1,1.4166666666666667,1.4166666666666667,0
id:BlackEyes23,id:FeelingGood,1,1,1,1.5833333333333333,1.5833333333333333,0
id:BlackEyes23,id:KINGBATI,1,1,1,0.8666666666666667,0.8666666666666667,0
id:BlackEyes23,id:MementoMori,1,1,1,4.366666666666666,4.366666666666666,0
id:BlackEyes23,id:PhDinssajul,1,1,1,2.0833333333333335,2.0833333333333335,0
id:BlackEyes23,id:Tenhag,1,1,1,0.2833333333333333,0.2833333333333333,0
id:BlackEyes23,id:ajh30130,1,1,1,1.8833333333333333,1.8833333333333333,0
id:BlackEyes23,id:bvbreus11,1,1,1,1.3166666666666667,1.3166666666666667,0
id:BlackEyes23,id:cafetango,1,1,1,3.35,3.35,0
id:BlackEyes23,id:crouch,1,1,1,2.3,2.3,0
id:BlackEyes23,id:dleoduq1234,1,1,1,1.8,1.8,0
id:BlackEyes23,id:jjt8705,1,1,1,0.8166666666666667,0.8166666666666667,0
id:BlackEyes23,id:joohakmoo,1,1,1,1.1166666666666667,1.1166666666666667,0
id:BlackEyes23,id:jseric,1,1,1,0.7833333333333333,0.7833333333333333,0
id:BlackEyes23,id:kapfazo,1,1,1,2.8333333333333335,2.8333333333333335,0
id:BlackEyes23,id:kicking,1,1,1,1.7166666666666666,1.7166666666666666,0
id:BlackEyes23,id:kika1985,1,1,1,2.35,2.35,0
id:BlackEyes23,id:kim2pac,1,1,1,2.85,2.85,0
id:BlackEyes23,id:kiriman,1,1,1,1.5833333333333333,1.5833333333333333,0
id:BlackEyes23,id:lj0608,1,1,1,0.95,0.95,0
id:BlackEyes23,id:megacoffee25,1,1,1,1.0166666666666666,1.0166666666666666,0
id:BlackEyes23,id:minami89,1,1,1,3.466666666666667,3.466666666666667,0
id:BlackEyes23,id:osodos,1,1,1,2.933333333333333,2.933333333333333,0
id:BlackEyes23,id:pearson19,1,1,1,0.6833333333333333,0.6833333333333333,0
id:BlackEyes23,id:pjhwinner,1,1,1,4.75,4.75,0
id:BlackEyes23,id:placebo,1,1,1,1.0333333333333334,1.0333333333333334,0
id:BlackEyes23,id:progamer77,1,1,1,0.95,0.95,0
id:BlackEyes23,id:radioshot1,1,1,1,0.3333333333333333,0.3333333333333333,0
id:BlackEyes23,id:redondor,1,1,1,3.183333333333333,3.183333333333333,0
id:BlackEyes23,id:solution78,1,1,1,3.9833333333333334,3.9833333333333334,0
id:BlackEyes23,id:sstriker,1,1,1,2.066666666666667,2.066666666666667,0
id:BlackEyes23,id:thesilver,1,1,1,3.75,3.75,0
id:BlackEyes23,id:webguy,1,1,1,2.7666666666666666,2.7666666666666666,0
id:Bluewings21,id:bundes1,1,1,1,2.0833333333333335,2.0833333333333335,0
id:Bluewings21,id:jdspitz,1,1,1,0.9333333333333333,0.9333333333333333,0
id:Bluewings21,id:lfcthismeans,1,1,1,3.7,3.7,0
id:Bluewings21,id:messiya2022,1,1,1,1.7333333333333334,1.7333333333333334,0
id:Bluewings21,id:mirissoul2,1,1,1,3.25,3.25,0
id:Bluewings21,id:roe2k,1,1,1,4.066666666666666,4.066666666666666,0
id:Bluewings21,id:zavawork01,1,1,1,1.65,1.65,0
id:Clocks,id:FeelingGood,1,1,1,0.8166666666666667,0.8166666666666667,0
id:Clocks,id:amaai,1,1,1,4.633333333333334,4.633333333333334,0
id:Clocks,id:boba1983,1,1,1,4.333333333333333,4.333333333333333,0
id:Clocks,id:bundes1,1,1,1,4.583333333333333,4.583333333333333,0
id:Clocks,id:dialine,1,1,1,3.6333333333333333,3.6333333333333333,0
id:Clocks,id:donka,1,1,1,1.95,1.95,0
id:Clocks,id:okao,1,1,1,1.7333333333333334,1.7333333333333334,0
id:Clocks,id:progamer77,1,1,1,2.4166666666666665,2.4166666666666665,0
id:Clocks,id:roe2k,1,1,1,4.25,4.25,0
id:Clocks,id:sexline,1,1,1,1.8,1.8,0
id:Cvc77777,id:Beckham32,1,1,1,2.3833333333333333,2.3833333333333333,0
id:Cvc77777,id:deportivo7,1,1,1,4.116666666666666,4.116666666666666,0
id:Cvc77777,id:hulk,1,1,1,3.3833333333333333,3.3833333333333333,0
id:Cvc77777,id:kokomong,1,1,1,1.4333333333333333,1.4333333333333333,0
id:Cvc77777,id:minami89,1,1,1,0.7833333333333333,0.7833333333333333,0
id:Cvc77777,id:soccerlineid,1,1,1,3.683333333333333,3.683333333333333,0
id:DKisKing,id:FeelingGood,1,1,1,0.3333333333333333,0.3333333333333333,0
id:DKisKing,id:YoLaTengo,1,1,1,4.083333333333333,4.083333333333333,0
id:DKisKing,id:dlawls,1,1,1,2.6666666666666665,2.6666666666666665,0
id:DKisKing,id:impactx84,1,1,1,1.0166666666666666,1.0166666666666666,0
id:DKisKing,id:kokomong,1,1,1,1.3333333333333333,1.3333333333333333,0
id:DKisKing,id:lunaticfish,1,1,1,1.7166666666666666,1.7166666666666666,0
id:DKisKing,id:malwool,1,1,1,1.6166666666666667,1.6166666666666667,0
id:Dawin0107,id:cytokine1234,1,1,1,0.5166666666666667,0.5166666666666667,0
id:Dawin0107,id:hmhgood,1,1,1,1.0333333333333334,1.0333333333333334,0
id:DiogoJota,id:-_-)(jj1211,1,1,1,1.4666666666666666,1.4666666666666666,0
id:DiogoJota,id:KINGBATI,1,1,1,1.4833333333333334,1.4833333333333334,0
id:DiogoJota,id:MementoMori,1,1,1,3.9,3.9,0
id:Dkapqkzjfcu,id:85yang,1,1,1,2.033333333333333,2.033333333333333,0
id:Dkapqkzjfcu,id:BlackEyes23,1,1,1,1.1,1.1,0
id:Dkapqkzjfcu,id:Webhead,1,1,1,1.7833333333333334,1.7833333333333334,0
id:Dkapqkzjfcu,id:bookae1,1,1,1,4.5,4.5,0
id:Dkapqkzjfcu,id:bundes1,1,1,1,3.2333333333333334,3.2333333333333334,0
id:Dkapqkzjfcu,id:dlawls,1,1,1,3.7666666666666666,3.7666666666666666,0
id:Dkapqkzjfcu,id:dleoduq1234,1,1,1,3.816666666666667,3.816666666666667,0
id:Dkapqkzjfcu,id:sniper0724,1,1,1,1.8833333333333333,1.8833333333333333,0
id:Dkapqkzjfcu,id:zkdltmffks,1,1,1,3.1333333333333333,3.1333333333333333,0
id:FeelingGood,id:0405psv,1,1,1,1.8166666666666667,1.8166666666666667,0
id:FeelingGood,id:1987vintage,1,1,1,1.2333333333333334,1.2333333333333334,0
id:FeelingGood,id:BlackEyes23,1,1,1,1.05,1.05,0
id:FeelingGood,id:alfatini,1,1,1,4.35,4.35,0
id:FeelingGood,id:bald80,1,1,1,1.8166666666666667,1.8166666666666667,0
id:FeelingGood,id:bookae1,1,1,1,0.6833333333333333,0.6833333333333333,0
id:FeelingGood,id:chakagesalja,1,1,1,0.9166666666666666,0.9166666666666666,0
id:FeelingGood,id:cydia14,1,1,1,0.8666666666666667,0.8666666666666667,0
id:FeelingGood,id:dhdld321,1,1,1,1.9333333333333333,1.9333333333333333,0
id:FeelingGood,id:dleoduq10004,1,1,1,1.25,1.25,0
id:FeelingGood,id:eddie,1,1,1,3.8666666666666667,3.8666666666666667,0
id:FeelingGood,id:ehdtks9286,1,1,1,3.6,3.6,0
id:FeelingGood,id:elan8501,1,1,1,3.8333333333333335,3.8333333333333335,0
id:FeelingGood,id:erec,1,1,1,0.65,0.65,0
id:FeelingGood,id:filyeun2,1,1,1,1.0,1.0,0
id:FeelingGood,id:gerrard88,1,1,1,2.75,2.75,0
id:FeelingGood,id:godthepixel,1,1,1,2.55,2.55,0
id:FeelingGood,id:hhuugg,1,1,1,4.983333333333333,4.983333333333333,0
id:FeelingGood,id:hoffenheim,1,1,1,3.25,3.25,0
id:FeelingGood,id:hopes,1,1,1,1.45,1.45,0
id:FeelingGood,id:hulk,1,1,1,1.8166666666666667,1.8166666666666667,0
id:FeelingGood,id:iskoke,1,1,1,1.95,1.95,0
id:FeelingGood,id:itemptu2,1,1,1,4.516666666666667,4.516666666666667,0
id:FeelingGood,id:kaoruchan,1,1,1,1.0666666666666667,1.0666666666666667,0
id:FeelingGood,id:kduncan,1,1,1,2.8333333333333335,2.8333333333333335,0
id:FeelingGood,id:kinomayu,1,1,1,1.3,1.3,0
id:FeelingGood,id:kjkim9612,1,1,1,4.4,4.4,0
id:FeelingGood,id:lhw8694,1,1,1,4.666666666666667,4.666666666666667,0
id:FeelingGood,id:lj0608,1,1,1,2.066666666666667,2.066666666666667,0
id:FeelingGood,id:messiya2022,1,1,1,0.5833333333333334,0.5833333333333334,0
id:FeelingGood,id:novacane,1,1,1,0.7833333333333333,0.7833333333333333,0
id:FeelingGood,id:progamer77,1,1,1,1.1166666666666667,1.1166666666666667,0
id:FeelingGood,id:radioshot1,1,1,1,1.65,1.65,0
id:FeelingGood,id:redgundam,1,1,1,2.183333333333333,2.183333333333333,0
id:FeelingGood,id:redondor,1,1,1,3.3833333333333333,3.3833333333333333,0
id:FeelingGood,id:seungman98,1,1,1,4.233333333333333,4.233333333333333,0
id:FeelingGood,id:shkj22,1,1,1,4.3,4.3,0
id:FeelingGood,id:solution78,1,1,1,2.7666666666666666,2.7666666666666666,0
id:FeelingGood,id:stabbie81,1,1,1,3.8666666666666667,3.8666666666666667,0
id:FeelingGood,id:striker18,1,1,1,1.6833333333333333,1.6833333333333333,0
id:FeelingGood,id:stynerkn,1,1,1,4.133333333333334,4.133333333333334,0
id:FeelingGood,id:syopal,1,1,1,1.55,1.55,0
id:FeelingGood,id:tkzjfkdlsd,1,1,1,0.95,0.95,0
id:FeelingGood,id:trokie,1,1,1,2.6166666666666667,2.6166666666666667,0
id:FeelingGood,id:zero080,1,1,1,2.1,2.1,0
id:Grassland,id:FeelingGood,1,1,1,0.9166666666666666,0.9166666666666666,0
id:Grassland,id:YoLaTengo,1,1,1,1.4166666666666667,1.4166666666666667,0
id:Grassland,id:ajh30130,1,1,1,4.15,4.15,0
id:Grassland,id:construction,1,1,1,2.566666666666667,2.566666666666667,0
id:Grassland,id:dbsupers,1,1,1,2.716666666666667,2.716666666666667,0
id:Grassland,id:hpkim90,1,1,1,4.85,4.85,0
id:Grassland,id:novacane,1,1,1,1.9,1.9,0
id:Grassland,id:placebo,1,1,1,4.966666666666667,4.966666666666667,0
id:Grassland,id:sanga,1,1,1,3.566666666666667,3.566666666666667,0
id:Grassland,id:sexline,1,1,1,3.9833333333333334,3.9833333333333334,0
id:Grassland,id:sidlove,1,1,1,3.4833333333333334,3.4833333333333334,0
id:Grassland,id:sounited13,1,1,1,4.533333333333333,4.533333333333333,0
id:Grassland,id:whoshot,1,1,1,1.25,1.25,0
id:Grassland,id:yhtuos,1,1,1,1.0166666666666666,1.0166666666666666,0
id:Groin,id:Necovv,1,1,1,2.2333333333333334,2.2333333333333334,0
id:Groin,id:donka,1,1,1,3.4833333333333334,3.4833333333333334,0
id:Groin,id:footpodo,1,1,1,4.75,4.75,0
id:Groin,id:tlsdltld,1,1,1,4.316666666666666,4.316666666666666,0
id:Gvardiol,id:Clocks,1,1,1,1.6333333333333333,1.6333333333333333,0
id:Gvardiol,id:tactimp,1,1,1,2.316666666666667,2.316666666666667,0
id:HONG43,id:FeelingGood,1,1,1,4.05,4.05,0
id:HONG43,id:HONG43,1,1,1,1.9666666666666666,1.9666666666666666,1
id:HONG43,id:Milner7,1,1,1,2.4,2.4,0
id:HONG43,id:bugfix,1,1,1,4.166666666666667,4.166666666666667,0
id:HONG43,id:bulbol,1,1,1,0.9833333333333333,0.9833333333333333,0
id:HONG43,id:crazycho,1,1,1,1.9166666666666667,1.9166666666666667,0
id:HONG43,id:cytokine1234,1,1,1,1.9,1.9,0
id:HONG43,id:fantak,1,1,1,1.45,1.45,0
id:HONG43,id:gum0510,1,1,1,4.516666666666667,4.516666666666667,0
id:HONG43,id:horizon,1,1,1,2.683333333333333,2.683333333333333,0
id:HONG43,id:iloveyousun,1,1,1,4.766666666666667,4.766666666666667,0
id:HONG43,id:kakaka10,1,1,1,1.4166666666666667,1.4166666666666667,0
id:HONG43,id:kokomong,1,1,1,3.4,3.4,0
id:HONG43,id:kuo13,1,1,1,2.3833333333333333,2.3833333333333333,0
id:HONG43,id:lj0608,1,1,1,2.75,2.75,0
id:HONG43,id:monkjm,1,1,1,3.2666666666666666,3.2666666666666666,0
id:HONG43,id:placebo,1,1,1,1.15,1.15,0
id:HONG43,id:seongmina,1,1,1,3.183333333333333,3.183333333333333,0
id:HONG43,id:sexline,1,1,1,4.95,4.95,0
id:HONG43,id:tgibhh111,1,1,1,0.8166666666666667,0.8166666666666667,0
id:HONG43,id:tjfghksss,1,1,1,1.55,1.55,0
id:HONG43,id:todfndl12,1,1,1,1.95,1.95,0
id:HONG43,id:yun9h1,1,1,1,3.033333333333333,3.033333333333333,0
id:IGoHigh18,id:mt09nt,1,1,1,4.25,4.25,0
id:Ibisevic,id:YoLaTengo,1,1,1,0.9666666666666667,0.9666666666666667,0
id:Ibisevic,id:artemismoon,1,1,1,0.9,0.9,0
id:Ibisevic,id:benben,1,1,1,2.0833333333333335,2.0833333333333335,0
id:Ibisevic,id:bundes1,1,1,1,4.766666666666667,4.766666666666667,0
id:Ibisevic,id:bvbreus11,1,1,1,3.433333333333333,3.433333333333333,0
id:Ibisevic,id:cauking,1,1,1,3.033333333333333,3.033333333333333,0
id:Ibisevic,id:chakagesalja,1,1,1,2.4166666666666665,2.4166666666666665,0
id:Ibisevic,id:cjhoon87,1,1,1,1.1,1.1,0
id:Ibisevic,id:dhdld321,1,1,1,0.8,0.8,0
id:Ibisevic,id:djsi,1,1,1,1.1833333333333333,1.1833333333333333,0
id:Ibisevic,id:dlawls,1,1,1,2.933333333333333,2.933333333333333,0
id:Ibisevic,id:dleoduq1234,1,1,1,1.5666666666666667,1.5666666666666667,0
id:Ibisevic,id:ehihoho,1,1,1,3.9833333333333334,3.9833333333333334,0
id:Ibisevic,id:flypcs20,1,1,1,1.6333333333333333,1.6333333333333333,0
id:Ibisevic,id:hobro,1,1,1,2.8666666666666667,2.8666666666666667,0
id:Ibisevic,id:impactx84,1,1,1,0.8166666666666667,0.8166666666666667,0
id:Ibisevic,id:juventus82,1,1,1,4.5,4.5,0
id:Ibisevic,id:kakaka10,1,1,1,1.95,1.95,0
id:Ibisevic,id:kicheon,1,1,1,4.633333333333334,4.633333333333334,0
id:Ibisevic,id:pjhwinner,1,1,1,2.65,2.65,0
id:Ibisevic,id:radioshot1,1,1,1,1.9833333333333334,1.9833333333333334,0
id:Ibisevic,id:realysoccer,1,1,1,2.933333333333333,2.933333333333333,0
id:Ibisevic,id:regions,1,1,1,1.25,1.25,0
id:Ibisevic,id:sbw1249,1,1,1,3.7,3.7,0
id:Ibisevic,id:sexline,1,1,1,1.4333333333333333,1.4333333333333333,0
id:Ibisevic,id:solution78,1,1,1,1.25,1.25,0
id:Ibisevic,id:typoonj2,1,1,1,1.9,1.9,0
id:Ibisevic,id:whoshot,1,1,1,2.95,2.95,0
id:Ibisevic,id:yhtuos,1,1,1,4.65,4.65,0
id:KINGBATI,id:-_-)(jj1211,1,1,1,1.1,1.1,0
id:KINGBATI,id:BongGu1103,1,1,1,2.1166666666666667,2.1166666666666667,0
id:KINGBATI,id:FeelingGood,1,1,1,1.65,1.65,0
id:KINGBATI,id:Ibrahima,1,1,1,1.1166666666666667,1.1166666666666667,0
id:KINGBATI,id:Pacojung102,1,1,1,2.05,2.05,0
id:KINGBATI,id:iglaman,1,1,1,0.45,0.45,0
id:KINGBATI,id:monkjm,1,1,1,3.55,3.55,0
id:KINGBATI,id:roe2k,1,1,1,3.05,3.05,0
id:KINGBATI,id:sexline,1,1,1,0.7166666666666667,0.7166666666666667,0
id:KINGBATI,id:sounited13,1,1,1,1.6,1.6,0
id:KINGBATI,id:todfndl12,1,1,1,1.8666666666666667,1.8666666666666667,0
id:LJM1389,id:bulbol,1,1,1,1.25,1.25,0
id:LJM1389,id:dadoocom,1,1,1,0.9666666666666667,0.9666666666666667,0
id:LJM1389,id:dewsd,1,1,1,0.9666666666666667,0.9666666666666667,0
id:LJM1389,id:doochangman,1,1,1,0.8666666666666667,0.8666666666666667,0
id:LJM1389,id:dress7,1,1,1,2.5,2.5,0
id:LJM1389,id:fantak,1,1,1,2.9,2.9,0
id:LJM1389,id:kakaka10,1,1,1,1.5833333333333333,1.5833333333333333,0
id:LJM1389,id:kaoruchan,1,1,1,1.2833333333333334,1.2833333333333334,0
id:LJM1389,id:kinomayu,1,1,1,1.95,1.95,0
id:LJM1389,id:oldslave,1,1,1,2.05,2.05,0
id:LJM1389,id:qhdtlsdl,1,1,1,3.55,3.55,0
id:LJM1389,id:rhcp11,1,1,1,4.35,4.35,0
id:LJM1389,id:stabbie81,1,1,1,4.833333333333333,4.833333333333333,0
id:LJM1389,id:tkzjfkdlsd,1,1,1,4.266666666666667,4.266666666666667,0
id:MOCA22,id:ehsaksk,1,1,1,0.65,0.65,0
id:ManU01,id:Forturn,1,1,1,3.05,3.05,0
id:ManU01,id:ajh30130,1,1,1,1.35,1.35,0
id:ManU01,id:ehdtks9286,1,1,1,2.45,2.45,0
id:ManU01,id:god18xx,1,1,1,1.9333333333333333,1.9333333333333333,0
id:ManU01,id:gum0510,1,1,1,2.75,2.75,0
id:ManU01,id:impactx84,1,1,1,1.2333333333333334,1.2333333333333334,0
id:ManU01,id:kaizennf,1,1,1,2.4166666666666665,2.4166666666666665,0
id:ManU01,id:kakaka10,1,1,1,2.1,2.1,0
id:ManU01,id:klay5587,1,1,1,1.3333333333333333,1.3333333333333333,0
id:ManU01,id:kokomong,1,1,1,0.85,0.85,0
id:ManU01,id:kyoijjoo,1,1,1,1.7333333333333334,1.7333333333333334,0
id:ManU01,id:lfcthismeans,1,1,1,2.8666666666666667,2.8666666666666667,0
id:ManU01,id:life13579,1,1,1,0.9166666666666666,0.9166666666666666,0
id:ManU01,id:messiya2022,1,1,1,2.8,2.8,0
id:ManU01,id:mhp3rd,1,1,1,0.8333333333333334,0.8333333333333334,0
id:ManU01,id:pearson19,1,1,1,0.4666666666666667,0.4666666666666667,0
id:ManU01,id:pudingm,1,1,1,2.216666666666667,2.216666666666667,0
id:ManU01,id:raul7143,1,1,1,3.1333333333333333,3.1333333333333333,0
id:ManU01,id:rms1011,1,1,1,3.6166666666666667,3.6166666666666667,0
id:ManU01,id:rreedduu,1,1,1,4.4,4.4,0
id:ManU01,id:rukk7812,1,1,1,4.05,4.05,0
id:ManU01,id:sexline,1,1,1,2.0833333333333335,2.0833333333333335,0
id:ManU01,id:solution78,1,1,1,3.7,3.7,0
id:ManU01,id:sonhh,1,1,1,4.233333333333333,4.233333333333333,0
id:ManU01,id:tkrldh,1,1,1,4.933333333333334,4.933333333333334,0
id:ManU01,id:todfndl12,1,1,1,0.7666666666666667,0.7666666666666667,0
id:ManU01,id:whoshot,1,1,1,1.3666666666666667,1.3666666666666667,0
id:ManU01,id:xxvxx,1,1,1,4.483333333333333,4.483333333333333,0
id:Marshmello,id:pearson19,1,1,1,3.683333333333333,3.683333333333333,0
id:Mb8282,id:bluepillz,1,1,1,2.3,2.3,0
id:Mb8282,id:dleoduq1234,1,1,1,1.0833333333333333,1.0833333333333333,0
id:Mb8282,id:flypcs20,1,1,1,2.55,2.55,0
id:Mb8282,id:kicking,1,1,1,2.8833333333333333,2.8833333333333333,0
id:Mb8282,id:summernight,1,1,1,3.05,3.05,0
id:Mb8282,id:wheotjd1,1,1,1,2.8666666666666667,2.8666666666666667,0
id:Mb8282,id:whoshot,1,1,1,1.4833333333333334,1.4833333333333334,0
id:Milner7,id:LJM1389,1,1,1,4.883333333333334,4.883333333333334,0
id:Milner7,id:consul,1,1,1,2.0,2.0,0
id:Milner7,id:df2shnl,1,1,1,2.3833333333333333,2.3833333333333333,0
id:Milner7,id:dleoduq1234,1,1,1,4.8,4.8,0
id:Milner7,id:dosa0705,1,1,1,2.45,2.45,0
id:Milner7,id:ehihoho,1,1,1,3.683333333333333,3.683333333333333,0
id:Milner7,id:itemptu2,1,1,1,1.0666666666666667,1.0666666666666667,0
id:Milner7,id:kanoutsider,1,1,1,3.183333333333333,3.183333333333333,0
id:Milner7,id:progamer77,1,1,1,1.1333333333333333,1.1333333333333333,0
id:Milner7,id:raxh,1,1,1,1.7,1.7,0
id:Milner7,id:todfndl12,1,1,1,2.4833333333333334,2.4833333333333334,0
id:Mkisduchang,id:Mkisduchang,1,1,1,3.45,3.45,1
id:Mkisduchang,id:bbggkkk,1,1,1,1.3166666666666667,1.3166666666666667,0
id:Mkisduchang,id:cauking,1,1,1,1.6833333333333333,1.6833333333333333,0
id:Mkisduchang,id:cytokine1234,1,1,1,2.183333333333333,2.183333333333333,0
id:Mkisduchang,id:dlawls,1,1,1,1.7,1.7,0
id:Mkisduchang,id:hypeboy,1,1,1,3.933333333333333,3.933333333333333,0
id:Mkisduchang,id:impactx84,1,1,1,1.9166666666666667,1.9166666666666667,0
id:Mkisduchang,id:makijeon,1,1,1,4.816666666666666,4.816666666666666,0
id:Mkisduchang,id:press21cc,1,1,1,4.266666666666667,4.266666666666667,0
id:Mkisduchang,id:sta0505,1,1,1,3.8333333333333335,3.8333333333333335,0
id:Mkisduchang,id:summernight,1,1,1,3.5166666666666666,3.5166666666666666,0
id:Mkisduchang,id:tjdgh09123,1,1,1,2.533333333333333,2.533333333333333,0
id:Mkisduchang,id:whoshot,1,1,1,0.7,0.7,0
id:Mkisduchang,id:wind1123,1,1,1,4.3,4.3,0
id:Necovv,id:-_-)(jj1211,1,1,1,0.7833333333333333,0.7833333333333333,0
id:Necovv,id:FeelingGood,1,1,1,1.9666666666666666,1.9666666666666666,0
id:Necovv,id:Tenhag,1,1,1,3.25,3.25,0
id:Necovv,id:bonobono234,1,1,1,2.533333333333333,2.533333333333333,0
id:Necovv,id:chun1149,1,1,1,4.766666666666667,4.766666666666667,0
id:Necovv,id:cubana,1,1,1,1.65,1.65,0
id:Necovv,id:deeblue,1,1,1,3.95,3.95,0
id:Necovv,id:gbu17,1,1,1,3.1666666666666665,3.1666666666666665,0
id:Necovv,id:gerrard88,1,1,1,1.5833333333333333,1.5833333333333333,0
id:Necovv,id:hopes,1,1,1,3.95,3.95,0
id:Necovv,id:horizon,1,1,1,2.8333333333333335,2.8333333333333335,0
id:Necovv,id:hsw0119,1,1,1,4.566666666666666,4.566666666666666,0
id:Necovv,id:impactx84,1,1,1,0.6,0.6,0
id:Necovv,id:j8wkfn,1,1,1,1.8333333333333333,1.8333333333333333,0
id:Necovv,id:kaizennf,1,1,1,3.4,3.4,0
id:Necovv,id:kokomong,1,1,1,0.5666666666666667,0.5666666666666667,0
id:Necovv,id:life13579,1,1,1,2.0,2.0,0
id:Necovv,id:masok01,1,1,1,1.1,1.1,0
id:Necovv,id:osodos,1,1,1,4.05,4.05,0
id:Necovv,id:priport,1,1,1,3.1,3.1,0
id:Necovv,id:rainshowerkk,1,1,1,3.966666666666667,3.966666666666667,0
id:Necovv,id:rukk7812,1,1,1,3.566666666666667,3.566666666666667,0
id:Necovv,id:shkj22,1,1,1,3.1,3.1,0
id:Necovv,id:wheotjd1,1,1,1,2.05,2.05,0
id:Necovv,id:新) 허정무(blue123,1,1,1,0.6,0.6,0
id:PabloGavi,id:Ibrahima,1,1,1,4.4,4.4,0
id:PabloGavi,id:malwool,1,1,1,1.3666666666666667,1.3666666666666667,0
id:Pacojung102,id:chakagesalja,1,1,1,3.783333333333333,3.783333333333333,0
id:Pacojung102,id:roe2k,1,1,1,3.566666666666667,3.566666666666667,0
id:Pacojung102,id:sdh90,1,1,1,4.266666666666667,4.266666666666667,0
id:PhDinssajul,id:Marshmello,1,1,1,1.3833333333333333,1.3833333333333333,0
id:PhDinssajul,id:dyjest,1,1,1,2.4166666666666665,2.4166666666666665,0
id:PhDinssajul,id:life13579,1,1,1,4.183333333333334,4.183333333333334,0
id:PhDinssajul,id:malwool,1,1,1,2.35,2.35,0
id:PhDinssajul,id:redgundam,1,1,1,4.2,4.2,0
id:PhDinssajul,id:regnier,1,1,1,1.9333333333333333,1.9333333333333333,0
id:PhDinssajul,id:shkj22,1,1,1,2.0,2.0,0
id:PhDinssajul,id:terry34,1,1,1,0.9166666666666666,0.9166666666666666,0
id:PhDinssajul,id:thesilver,1,1,1,3.6,3.6,0
id:Ragecom,id:jeep126,1,1,1,3.3333333333333335,3.3333333333333335,0
id:Rojiblanco,id:KINGBATI,1,1,1,1.0333333333333334,1.0333333333333334,0
id:Rojiblanco,id:boba1983,1,1,1,2.65,2.65,0
id:Rojiblanco,id:bulbol,1,1,1,2.2666666666666666,2.2666666666666666,0
id:Rojiblanco,id:cjhoon87,1,1,1,1.2833333333333334,1.2833333333333334,0
id:Rojiblanco,id:dadoocom,1,1,1,1.7166666666666666,1.7166666666666666,0
id:Rojiblanco,id:grit,1,1,1,1.6833333333333333,1.6833333333333333,0
id:Rojiblanco,id:hoffenheim,1,1,1,1.8666666666666667,1.8666666666666667,0
id:Rojiblanco,id:mirissoul2,1,1,1,1.1833333333333333,1.1833333333333333,0
id:Rojiblanco,id:placebo,1,1,1,4.066666666666666,4.066666666666666,0
id:Rojiblanco,id:spoops,1,1,1,0.65,0.65,0
id:Ronaldo34,id:doochangman,1,1,1,1.1166666666666667,1.1166666666666667,0
id:Ronaldo34,id:enckdtlqkf,1,1,1,2.15,2.15,0
id:Ronaldo34,id:hypeboy,1,1,1,1.9666666666666666,1.9666666666666666,0
id:Ronaldo34,id:kaoruchan,1,1,1,4.233333333333333,4.233333333333333,0
id:Ronaldo34,id:kimks0824,1,1,1,4.716666666666667,4.716666666666667,0
id:Ronaldo34,id:mantis,1,1,1,4.7,4.7,0
id:Ronaldo34,id:marchisio1,1,1,1,2.3,2.3,0
id:Ronaldo34,id:pearson19,1,1,1,0.8666666666666667,0.8666666666666667,0
id:Ronaldo34,id:vincent85,1,1,1,2.5166666666666666,2.5166666666666666,0
id:Ronaldo34,id:wenli,1,1,1,2.183333333333333,2.183333333333333,0
id:Scv001,id:dleoduq1234,1,1,1,2.3333333333333335,2.3333333333333335,0
id:Scv001,id:luna7742,1,1,1,1.4333333333333333,1.4333333333333333,0
id:Scv001,id:rukk7812,1,1,1,3.066666666666667,3.066666666666667,0
id:TRkenochan,id:hoffenheim,1,1,1,4.383333333333334,4.383333333333334,0
id:TRkenochan,id:kicheon,1,1,1,2.816666666666667,2.816666666666667,0
id:TRkenochan,id:ulsan0101,1,1,1,0.5666666666666667,0.5666666666666667,0
id:Tenhag,id:acid9990,1,1,1,2.6,2.6,0
id:Tenhag,id:amaai,1,1,1,1.4666666666666666,1.4666666666666666,0
id:Tenhag,id:chakagesalja,1,1,1,2.933333333333333,2.933333333333333,0
id:Tenhag,id:cydia14,1,1,1,1.1166666666666667,1.1166666666666667,0
id:Tenhag,id:dhdld321,1,1,1,1.75,1.75,0
id:Tenhag,id:flat,1,1,1,0.8333333333333334,0.8333333333333334,0
id:Tenhag,id:hodduk,1,1,1,1.6,1.6,0
id:Tenhag,id:hopes,1,1,1,2.95,2.95,0
id:Tenhag,id:hypeboy,1,1,1,3.183333333333333,3.183333333333333,0
id:Tenhag,id:kokand1912,1,1,1,3.1333333333333333,3.1333333333333333,0
id:Tenhag,id:leoarada,1,1,1,2.5166666666666666,2.5166666666666666,0
id:Tenhag,id:lfcthismeans,1,1,1,3.6333333333333333,3.6333333333333333,0
id:Tenhag,id:masok01,1,1,1,2.533333333333333,2.533333333333333,0
id:Tenhag,id:moohootae,1,1,1,4.783333333333333,4.783333333333333,0
id:Tenhag,id:nakedspeaker,1,1,1,3.1166666666666667,3.1166666666666667,0
id:Tenhag,id:radioshot1,1,1,1,3.3333333333333335,3.3333333333333335,0
id:Tenhag,id:realysoccer,1,1,1,4.916666666666667,4.916666666666667,0
id:Tenhag,id:rhingo,1,1,1,0.9666666666666667,0.9666666666666667,0
id:Tenhag,id:sexline,1,1,1,2.9166666666666665,2.9166666666666665,0
id:Tenhag,id:snakeheads,1,1,1,2.6333333333333333,2.6333333333333333,0
id:Tenhag,id:solution78,1,1,1,2.45,2.45,0
id:Tenhag,id:spoops,1,1,1,2.2666666666666666,2.2666666666666666,0
id:Tenhag,id:todfndl12,1,1,1,1.2666666666666666,1.2666666666666666,0
id:Tenhag,id:trashjh,1,1,1,2.0166666666666666,2.0166666666666666,0
id:Tenhag,id:v1004ses,1,1,1,3.7666666666666666,3.7666666666666666,0
id:Tenhag,id:yhtuos,1,1,1,0.8833333333333333,0.8833333333333333,0
id:Volvo,id:Ibrahima,1,1,1,4.533333333333333,4.533333333333333,0
id:Volvo,id:Mobaraeram,1,1,1,2.4833333333333334,2.4833333333333334,0
id:Volvo,id:Necovv,1,1,1,0.9166666666666666,0.9166666666666666,0
id:Volvo,id:Sejongutd1,1,1,1,3.566666666666667,3.566666666666667,0
id:Volvo,id:alfatini,1,1,1,2.2666666666666666,2.2666666666666666,0
id:Volvo,id:diminish,1,1,1,1.6666666666666667,1.6666666666666667,0
id:Volvo,id:erai7007,1,1,1,0.65,0.65,0
id:Volvo,id:impactx84,1,1,1,2.216666666666667,2.216666666666667,0
id:Volvo,id:kim2pac,1,1,1,1.3666666666666667,1.3666666666666667,0
id:Volvo,id:kiriman,1,1,1,1.4333333333333333,1.4333333333333333,0
id:Volvo,id:nikkohadal,1,1,1,0.8166666666666667,0.8166666666666667,0
id:Volvo,id:roe2k,1,1,1,2.75,2.75,0
id:Volvo,id:roykie151,1,1,1,2.9166666666666665,2.9166666666666665,0
id:Volvo,id:rukk7812,1,1,1,1.7833333333333334,1.7833333333333334,0
id:Volvo,id:sanga,1,1,1,3.683333333333333,3.683333333333333,0
id:Volvo,id:sexline,1,1,1,3.2666666666666666,3.2666666666666666,0
id:Volvo,id:thesilver,1,1,1,2.1,2.1,0
id:Volvo,id:tkrhdgus1,1,1,1,3.2333333333333334,3.2333333333333334,0
id:Volvo,id:yamso,1,1,1,2.283333333333333,2.283333333333333,0
id:WEZARD777,id:donka,1,1,1,0.55,0.55,0
id:Webhead,id:Milner7,1,1,1,0.7666666666666667,0.7666666666666667,0
id:Webhead,id:khj0309,1,1,1,4.266666666666667,4.266666666666667,0
id:Webhead,id:xxvxx,1,1,1,1.4,1.4,0
id:Webhead,id:yjs1g,1,1,1,4.666666666666667,4.666666666666667,0
id:Webhead,id:yun9h1,1,1,1,4.266666666666667,4.266666666666667,0
id:Yeste,id:flypcs20,1,1,1,3.5833333333333335,3.5833333333333335,0
id:Yeste,id:kenochanTR,1,1,1,1.3666666666666667,1.3666666666666667,0
id:Yeste,id:leoperiseus,1,1,1,4.483333333333333,4.483333333333333,0
id:Yeste,id:mirissoul2,1,1,1,1.55,1.55,0
id:Yeste,id:novacane,1,1,1,1.5666666666666667,1.5666666666666667,0
id:Yeste,id:pearson19,1,1,1,1.9833333333333334,1.9833333333333334,0
id:Yeste,id:yeonrang,1,1,1,1.9333333333333333,1.9333333333333333,0
id:YoLaTengo,id:Tenhag,1,1,1,3.75,3.75,0
id:YoLaTengo,id:cauking,1,1,1,1.1,1.1,0
id:YoLaTengo,id:deportivo7,1,1,1,0.5666666666666667,0.5666666666666667,0
id:YoLaTengo,id:horizon,1,1,1,0.8,0.8,0
id:YoLaTengo,id:kicking,1,1,1,3.0,3.0,0
id:YoLaTengo,id:klay5587,1,1,1,1.75,1.75,0
id:YoLaTengo,id:sonhh,1,1,1,3.7,3.7,0
id:YoLaTengo,id:whoshot,1,1,1,1.6666666666666667,1.6666666666666667,0
id:YoLaTengo,id:新) 허정무(blue123,1,1,1,1.6666666666666667,1.6666666666666667,0
id:Zeit0809,id:bulbol,1,1,1,1.7666666666666666,1.7666666666666666,0
id:Zeit0809,id:dlawls,1,1,1,0.7,0.7,0
id:Zeit0809,id:donka,1,1,1,0.9333333333333333,0.9333333333333333,0
id:Zeit0809,id:forest,1,1,1,0.7666666666666667,0.7666666666666667,0
id:Zeit0809,id:juventus82,1,1,1,0.6666666666666666,0.6666666666666666,0
id:Zeit0809,id:rrlatls18,1,1,1,2.283333333333333,2.283333333333333,0
id:Zeit0809,id:rukk7812,1,1,1,2.65,2.65,0
id:Zeit0809,id:solution78,1,1,1,1.1,1.1,0
id:Zeit0809,id:summernight,1,1,1,3.033333333333333,3.033333333333333,0
id:Zeit0809,id:tkzjfkdlsd,1,1,1,0.85,0.85,0
id:Zeit0809,id:todfndl12,1,1,1,1.2166666666666666,1.2166666666666666,0
id:acerbong,id:cauking,1,1,1,3.0833333333333335,3.0833333333333335,0
id:acerbong,id:cytokine1234,1,1,1,4.766666666666667,4.766666666666667,0
id:addedtime,id:dress7,1,1,1,4.95,4.95,0
id:addedtime,id:ehihoho,1,1,1,1.5666666666666667,1.5666666666666667,0
id:addedtime,id:forest,1,1,1,3.2333333333333334,3.2333333333333334,0
id:addedtime,id:junho2008,1,1,1,3.4833333333333334,3.4833333333333334,0
id:addedtime,id:rhcp11,1,1,1,0.7666666666666667,0.7666666666666667,0
id:addedtime,id:solution78,1,1,1,3.55,3.55,0
id:adidas010,id:bluechips83,1,1,1,1.45,1.45,0
id:adidas010,id:ehihoho,1,1,1,3.45,3.45,0
id:adidas010,id:forest,1,1,1,0.7,0.7,0
id:adidas010,id:imenemy,1,1,1,3.5833333333333335,3.5833333333333335,0
id:adidas010,id:kanoutsider,1,1,1,1.5666666666666667,1.5666666666666667,0
id:adidas010,id:leoarada,1,1,1,4.066666666666666,4.066666666666666,0
id:adidas010,id:malwool,1,1,1,0.65,0.65,0
id:adidas010,id:monkjm,1,1,1,1.75,1.75,0
id:adidas010,id:progamer77,1,1,1,1.1833333333333333,1.1833333333333333,0
id:adidas010,id:yo821281,1,1,1,1.95,1.95,0
id:adkse,id:10bergi,1,1,1,1.25,1.25,0
id:adkse,id:adkse,1,1,1,3.5833333333333335,3.5833333333333335,1
id:adkse,id:cytokine1234,1,1,1,4.916666666666667,4.916666666666667,0
id:adkse,id:dewsd,1,1,1,0.6333333333333333,0.6333333333333333,0
id:adkse,id:horsedongh,1,1,1,1.85,1.85,0
id:adkse,id:kiriman,1,1,1,1.1,1.1,0
id:adkse,id:malwool,1,1,1,1.85,1.85,0
id:adkse,id:placebo,1,1,1,2.25,2.25,0
id:adkse,id:rhcp11,1,1,1,1.85,1.85,0
id:adkse,id:rukk7812,1,1,1,1.2,1.2,0
id:adkse,id:sage78,1,1,1,3.9833333333333334,3.9833333333333334,0
id:adkse,id:sheva7,1,1,1,3.6666666666666665,3.6666666666666665,0
id:adkse,id:vdvaart,1,1,1,1.3833333333333333,1.3833333333333333,0
id:adnanjanuzaj,id:ajh30130,1,1,1,2.0166666666666666,2.0166666666666666,0
id:adnanjanuzaj,id:cubana,1,1,1,3.7666666666666666,3.7666666666666666,0
id:adnanjanuzaj,id:dbzard,1,1,1,3.3333333333333335,3.3333333333333335,0
id:adnanjanuzaj,id:hyeok497,1,1,1,1.35,1.35,0
id:adnanjanuzaj,id:kapfazo,1,1,1,1.7833333333333334,1.7833333333333334,0
id:adnanjanuzaj,id:vincent85,1,1,1,4.016666666666667,4.016666666666667,0
id:adnanjanuzaj,id:yhtuos,1,1,1,1.3833333333333333,1.3833333333333333,0
id:adnanjanuzaj,id:新) 허정무(blue123,1,1,1,2.95,2.95,0
id:aduno,id:coolow,1,1,1,1.7,1.7,0
id:aduno,id:todfndl12,1,1,1,1.5333333333333334,1.5333333333333334,0
id:againstwin80,id:cauking,1,1,1,2.1666666666666665,2.1666666666666665,0
id:againstwin80,id:donka,1,1,1,0.3,0.3,0
id:againstwin80,id:forest,1,1,1,2.8833333333333333,2.8833333333333333,0
id:againstwin80,id:impactx84,1,1,1,2.3333333333333335,2.3333333333333335,0
id:againstwin80,id:kanoutsider,1,1,1,2.566666666666667,2.566666666666667,0
id:againstwin80,id:kim2pac,1,1,1,2.066666666666667,2.066666666666667,0
id:againstwin80,id:oldslave,1,1,1,4.016666666666667,4.016666666666667,0
id:ajh30130,id:cubana,1,1,1,0.43333333333333335,0.43333333333333335,0
id:ajh30130,id:donka,1,1,1,2.2666666666666666,2.2666666666666666,0
id:ajh30130,id:monkjm,1,1,1,2.25,2.25,0
id:ajh30130,id:umamusume,1,1,1,1.7,1.7,0
id:alfatini,id:BongGu1103,1,1,1,2.183333333333333,2.183333333333333,0
id:alfatini,id:Sejongutd1,1,1,1,1.2833333333333334,1.2833333333333334,0
id:alfatini,id:bbggkkk,1,1,1,0.6333333333333333,0.6333333333333333,0
id:alfatini,id:casione,1,1,1,3.716666666666667,3.716666666666667,0
id:alfatini,id:cydia14,1,1,1,0.5666666666666667,0.5666666666666667,0
id:alfatini,id:deportivo7,1,1,1,4.133333333333334,4.133333333333334,0
id:alfatini,id:ejirall,1,1,1,1.2,1.2,0
id:alfatini,id:ggum0205,1,1,1,4.916666666666667,4.916666666666667,0
id:alfatini,id:hobro,1,1,1,0.6333333333333333,0.6333333333333333,0
id:alfatini,id:hopes,1,1,1,1.2833333333333334,1.2833333333333334,0
id:alfatini,id:horizon,1,1,1,1.9833333333333334,1.9833333333333334,0
id:alfatini,id:jeorth91,1,1,1,1.55,1.55,0
id:alfatini,id:junho2008,1,1,1,1.35,1.35,0
id:alfatini,id:juventus82,1,1,1,3.933333333333333,3.933333333333333,0
id:alfatini,id:kapfazo,1,1,1,2.6166666666666667,2.6166666666666667,0
id:alfatini,id:kicking,1,1,1,1.95,1.95,0
id:alfatini,id:kimdel77,1,1,1,1.55,1.55,0
id:alfatini,id:kp5189jp,1,1,1,2.4833333333333334,2.4833333333333334,0
id:alfatini,id:luminai,1,1,1,1.6166666666666667,1.6166666666666667,0
id:alfatini,id:makaloni,1,1,1,2.1166666666666667,2.1166666666666667,0
id:alfatini,id:marchisio1,1,1,1,2.5833333333333335,2.5833333333333335,0
id:alfatini,id:mirissoul2,1,1,1,2.933333333333333,2.933333333333333,0
id:alfatini,id:piter1976,1,1,1,1.4166666666666667,1.4166666666666667,0
id:alfatini,id:progamer77,1,1,1,3.5,3.5,0
id:alfatini,id:radioshot1,1,1,1,0.5833333333333334,0.5833333333333334,0
id:alfatini,id:rainshowerkk,1,1,1,3.033333333333333,3.033333333333333,0
id:alfatini,id:regnier,1,1,1,3.0833333333333335,3.0833333333333335,0
id:alfatini,id:rukk7812,1,1,1,0.9166666666666666,0.9166666666666666,0
id:alfatini,id:sdh90,1,1,1,2.7666666666666666,2.7666666666666666,0
id:alfatini,id:todfndl12,1,1,1,2.433333333333333,2.433333333333333,0
id:alfatini,id:wheotjd1,1,1,1,4.233333333333333,4.233333333333333,0
id:alfatini,id:whoshot,1,1,1,2.716666666666667,2.716666666666667,0
id:alfatini,id:yoon4859,1,1,1,2.2666666666666666,2.2666666666666666,0
id:anarkor,id:ejirall,1,1,1,5.0,5.0,0
id:armwear,id:FeelingGood,1,1,1,1.1833333333333333,1.1833333333333333,0
id:armwear,id:KINGBATI,1,1,1,1.2833333333333334,1.2833333333333334,0
id:armwear,id:adnanjanuzaj,1,1,1,0.6833333333333333,0.6833333333333333,0
id:armwear,id:bonobono234,1,1,1,1.0,1.0,0
id:armwear,id:bvbreus11,1,1,1,3.6,3.6,0
id:armwear,id:donka,1,1,1,0.6,0.6,0
id:armwear,id:filyeun2,1,1,1,3.566666666666667,3.566666666666667,0
id:armwear,id:flareburst,1,1,1,1.7666666666666666,1.7666666666666666,0
id:armwear,id:flypcs20,1,1,1,0.9833333333333333,0.9833333333333333,0
id:armwear,id:jojic32,1,1,1,3.216666666666667,3.216666666666667,0
id:armwear,id:kaizennf,1,1,1,4.783333333333333,4.783333333333333,0
id:armwear,id:kanoutsider,1,1,1,1.6333333333333333,1.6333333333333333,0
id:armwear,id:life13579,1,1,1,4.95,4.95,0
id:armwear,id:progamer77,1,1,1,2.4166666666666665,2.4166666666666665,0
id:armwear,id:qhdtlsdl,1,1,1,2.283333333333333,2.283333333333333,0
id:armwear,id:raul7143,1,1,1,3.1166666666666667,3.1166666666666667,0
id:armwear,id:sexline,1,1,1,3.033333333333333,3.033333333333333,0
id:armwear,id:whoshot,1,1,1,1.2833333333333334,1.2833333333333334,0
id:artemismoon,id:rukk7812,1,1,1,1.4333333333333333,1.4333333333333333,0
id:artemismoon,id:spoops,1,1,1,0.7166666666666667,0.7166666666666667,0
id:artemismoon,id:wind1123,1,1,1,4.8,4.8,0
id:asha7270,id:FeelingGood,1,1,1,2.066666666666667,2.066666666666667,0
id:asha7270,id:YoLaTengo,1,1,1,1.5666666666666667,1.5666666666666667,0
id:asha7270,id:cubana,1,1,1,0.43333333333333335,0.43333333333333335,0
id:asha7270,id:dadoocom,1,1,1,2.05,2.05,0
id:asha7270,id:impactx84,1,1,1,1.3833333333333333,1.3833333333333333,0
id:asha7270,id:malwool,1,1,1,4.9,4.9,0
id:asha7270,id:placebo,1,1,1,4.95,4.95,0
id:asha7270,id:roe2k,1,1,1,4.333333333333333,4.333333333333333,0
id:asha7270,id:todfndl12,1,1,1,0.7166666666666667,0.7166666666666667,0
id:ashluna,id:FeelingGood,1,1,1,4.383333333333334,4.383333333333334,0
id:ashluna,id:Sejongutd1,1,1,1,4.316666666666666,4.316666666666666,0
id:ashluna,id:claralike123,1,1,1,2.783333333333333,2.783333333333333,0
id:ashluna,id:lkmpp10698,1,1,1,2.216666666666667,2.216666666666667,0
id:ashluna,id:makijeon,1,1,1,4.883333333333334,4.883333333333334,0
id:ashluna,id:naco16,1,1,1,3.4833333333333334,3.4833333333333334,0
id:ashluna,id:sugarlim,1,1,1,2.183333333333333,2.183333333333333,0
id:ashluna,id:xxvxx,1,1,1,2.4,2.4,0
id:ashluna,id:yally1010,1,1,1,3.5,3.5,0
id:bakjang,id:FeelingGood,1,1,1,0.7833333333333333,0.7833333333333333,0
id:bakjang,id:KINGBATI,1,1,1,1.85,1.85,0
id:bakjang,id:Milner7,1,1,1,2.85,2.85,0
id:bakjang,id:bundes1,1,1,1,5.0,5.0,0
id:bakjang,id:dass592,1,1,1,3.5,3.5,0
id:bakjang,id:dleoduq1234,1,1,1,1.1666666666666667,1.1666666666666667,0
id:bakjang,id:donka,1,1,1,3.283333333333333,3.283333333333333,0
id:bakjang,id:finishking,1,1,1,1.8666666666666667,1.8666666666666667,0
id:bakjang,id:flypcs20,1,1,1,3.1,3.1,0
id:bakjang,id:footpodo,1,1,1,1.5333333333333334,1.5333333333333334,0
id:bakjang,id:gum0510,1,1,1,3.033333333333333,3.033333333333333,0
id:bakjang,id:horizon,1,1,1,1.1333333333333333,1.1333333333333333,0
id:bakjang,id:impactx84,1,1,1,3.1666666666666665,3.1666666666666665,0
id:bakjang,id:juventus82,1,1,1,4.966666666666667,4.966666666666667,0
id:bakjang,id:maya0501,1,1,1,3.6666666666666665,3.6666666666666665,0
id:bakjang,id:millano,1,1,1,4.05,4.05,0
id:bakjang,id:minami89,1,1,1,5.0,5.0,0
id:bakjang,id:naco16,1,1,1,1.7666666666666666,1.7666666666666666,0
id:bakjang,id:okao,1,1,1,3.1166666666666667,3.1166666666666667,0
id:bakjang,id:psj1905,1,1,1,3.7,3.7,0
id:bakjang,id:whoshot,1,1,1,4.516666666666667,4.516666666666667,0
id:bakjang,id:xxvxx,1,1,1,3.5166666666666666,3.5166666666666666,0
id:bakjang,id:yally1010,1,1,1,1.7333333333333334,1.7333333333333334,0
id:bald80,id:donka,1,1,1,3.066666666666667,3.066666666666667,0
id:bald80,id:hypeboy,1,1,1,2.7666666666666666,2.7666666666666666,0
id:bald80,id:monkjm,1,1,1,2.433333333333333,2.433333333333333,0
id:bald80,id:pearson19,1,1,1,0.9333333333333333,0.9333333333333333,0
id:bald80,id:trippark,1,1,1,4.683333333333334,4.683333333333334,0
id:bald80,id:zxcvbnm00765,1,1,1,4.333333333333333,4.333333333333333,0
id:bbs1223,id:oldslave,1,1,1,2.3,2.3,0
id:big4587,id:Clousewitz,1,1,1,2.433333333333333,2.433333333333333,0
id:big4587,id:bulbol,1,1,1,3.55,3.55,0
id:big4587,id:cauking,1,1,1,2.6666666666666665,2.6666666666666665,0
id:big4587,id:chakagesalja,1,1,1,4.883333333333334,4.883333333333334,0
id:big4587,id:cytokine1234,1,1,1,2.6333333333333333,2.6333333333333333,0
id:big4587,id:hypeboy,1,1,1,2.3666666666666667,2.3666666666666667,0
id:big4587,id:modern21,1,1,1,1.6333333333333333,1.6333333333333333,0
id:big4587,id:roykie151,1,1,1,3.1333333333333333,3.1333333333333333,0
id:big4587,id:skylky,1,1,1,1.1166666666666667,1.1166666666666667,0
id:blue123,id:Bluewings21,1,1,1,0.75,0.75,0
id:blue123,id:Clousewitz,1,1,1,3.4833333333333334,3.4833333333333334,0
id:blue123,id:KINGBATI,1,1,1,1.4833333333333334,1.4833333333333334,0
id:blue123,id:bluepillz,1,1,1,3.4833333333333334,3.4833333333333334,0
id:blue123,id:bundes1,1,1,1,0.7833333333333333,0.7833333333333333,0
id:blue123,id:childpicture,1,1,1,1.0833333333333333,1.0833333333333333,0
id:blue123,id:choissi,1,1,1,2.75,2.75,0
id:blue123,id:chun1149,1,1,1,3.966666666666667,3.966666666666667,0
id:blue123,id:cydia14,1,1,1,0.31666666666666665,0.31666666666666665,0
id:blue123,id:cytokine1234,1,1,1,2.8333333333333335,2.8333333333333335,0
id:blue123,id:deeblue,1,1,1,3.7,3.7,0
id:blue123,id:diminish,1,1,1,4.216666666666667,4.216666666666667,0
id:blue123,id:ellen829,1,1,1,1.9666666666666666,1.9666666666666666,0
id:blue123,id:emknud,1,1,1,1.4333333333333333,1.4333333333333333,0
id:blue123,id:fantak,1,1,1,2.3333333333333335,2.3333333333333335,0
id:blue123,id:flareburst,1,1,1,3.433333333333333,3.433333333333333,0
id:blue123,id:footballge,1,1,1,1.3333333333333333,1.3333333333333333,0
id:blue123,id:grit,1,1,1,4.45,4.45,0
id:blue123,id:hanlobby,1,1,1,3.7333333333333334,3.7333333333333334,0
id:blue123,id:heherald,1,1,1,0.5833333333333334,0.5833333333333334,0
id:blue123,id:hopes,1,1,1,3.5833333333333335,3.5833333333333335,0
id:blue123,id:hsando1,1,1,1,4.183333333333334,4.183333333333334,0
id:blue123,id:ifleet,1,1,1,2.5166666666666666,2.5166666666666666,0
id:blue123,id:jason3486,1,1,1,3.7333333333333334,3.7333333333333334,0
id:blue123,id:judge,1,1,1,1.3833333333333333,1.3833333333333333,0
id:blue123,id:jun2312,1,1,1,1.65,1.65,0
id:blue123,id:kduncan,1,1,1,4.916666666666667,4.916666666666667,0
id:blue123,id:kimpo,1,1,1,3.8333333333333335,3.8333333333333335,0
id:blue123,id:kuo13,1,1,1,2.6333333333333333,2.6333333333333333,0
id:blue123,id:lj0608,1,1,1,1.5333333333333334,1.5333333333333334,0
id:blue123,id:luminai,1,1,1,2.816666666666667,2.816666666666667,0
id:blue123,id:luna7742,1,1,1,4.5,4.5,0
id:blue123,id:mantis,1,1,1,2.783333333333333,2.783333333333333,0
id:blue123,id:messiya2022,1,1,1,3.65,3.65,0
id:blue123,id:minsuwin,1,1,1,3.2,3.2,0
id:blue123,id:okao,1,1,1,1.7333333333333334,1.7333333333333334,0
id:blue123,id:purelife,1,1,1,1.4166666666666667,1.4166666666666667,0
id:blue123,id:qhdtlsdl,1,1,1,2.5833333333333335,2.5833333333333335,0
id:blue123,id:radioshot1,1,1,1,4.916666666666667,4.916666666666667,0
id:blue123,id:sdh90,1,1,1,1.8833333333333333,1.8833333333333333,0
id:blue123,id:sounited13,1,1,1,4.766666666666667,4.766666666666667,0
id:blue123,id:thesilver,1,1,1,3.966666666666667,3.966666666666667,0
id:blue123,id:ulddul,1,1,1,2.966666666666667,2.966666666666667,0
id:blue123,id:whddlqlgodrl,1,1,1,0.7333333333333333,0.7333333333333333,0
id:blue123,id:yoon4859,1,1,1,3.283333333333333,3.283333333333333,0
id:bluepillz,id:100m2,1,1,1,2.3333333333333335,2.3333333333333335,0
id:bluepillz,id:10bergi,1,1,1,2.283333333333333,2.283333333333333,0
id:bluepillz,id:FeelingGood,1,1,1,0.6833333333333333,0.6833333333333333,0
id:bluepillz,id:cubana,1,1,1,2.9,2.9,0
id:bluepillz,id:doxan,1,1,1,3.9166666666666665,3.9166666666666665,0
id:bluepillz,id:gerrard88,1,1,1,0.35,0.35,0
id:bluepillz,id:hjsa2004,1,1,1,2.8333333333333335,2.8333333333333335,0
id:bluepillz,id:itsmyzone,1,1,1,0.6666666666666666,0.6666666666666666,0
id:bluepillz,id:pms2906,1,1,1,3.283333333333333,3.283333333333333,0
id:bluepillz,id:purelife,1,1,1,2.2,2.2,0
id:bluepillz,id:sadyguru,1,1,1,3.8333333333333335,3.8333333333333335,0
id:bluepillz,id:shkj22,1,1,1,4.25,4.25,0
id:bluepillz,id:tjfghksss,1,1,1,1.6,1.6,0
id:bluepillz,id:todfndl12,1,1,1,1.0333333333333334,1.0333333333333334,0
id:bluepillz,id:whoshot,1,1,1,3.9166666666666665,3.9166666666666665,0
id:bluepillz,id:xxvxx,1,1,1,2.4833333333333334,2.4833333333333334,0
id:bluepillz,id:yjs1g,1,1,1,4.483333333333333,4.483333333333333,0
id:boba1983,id:Ibisevic,1,1,1,2.75,2.75,0
id:boba1983,id:YoLaTengo,1,1,1,2.4166666666666665,2.4166666666666665,0
id:boba1983,id:ajh30130,1,1,1,1.65,1.65,0
id:boba1983,id:azulyoro,1,1,1,4.316666666666666,4.316666666666666,0
id:boba1983,id:bookae1,1,1,1,2.5,2.5,0
id:boba1983,id:consul,1,1,1,3.1666666666666665,3.1666666666666665,0
id:boba1983,id:dlawls,1,1,1,3.4,3.4,0
id:boba1983,id:erec,1,1,1,3.716666666666667,3.716666666666667,0
id:boba1983,id:euji,1,1,1,2.1,2.1,0
id:boba1983,id:gum0510,1,1,1,0.9833333333333333,0.9833333333333333,0
id:boba1983,id:hypeboy,1,1,1,4.383333333333334,4.383333333333334,0
id:boba1983,id:iloveyousun,1,1,1,4.866666666666666,4.866666666666666,0
id:boba1983,id:kanoutsider,1,1,1,2.2666666666666666,2.2666666666666666,0
id:boba1983,id:koreafigo,1,1,1,1.75,1.75,0
id:boba1983,id:maybee,1,1,1,2.0166666666666666,2.0166666666666666,0
id:boba1983,id:monkjm,1,1,1,2.1666666666666665,2.1666666666666665,0
id:boba1983,id:okao,1,1,1,4.166666666666667,4.166666666666667,0
id:boba1983,id:progamer77,1,1,1,1.45,1.45,0
id:boba1983,id:rhcp11,1,1,1,1.1666666666666667,1.1666666666666667,0
id:boba1983,id:summernight,1,1,1,4.683333333333334,4.683333333333334,0
id:boba1983,id:tjfghksss,1,1,1,2.95,2.95,0
id:boba1983,id:typoonj2,1,1,1,1.2833333333333334,1.2833333333333334,0
id:boba1983,id:whoshot,1,1,1,0.7,0.7,0
id:boba1983,id:zxcvbnm00765,1,1,1,2.1333333333333333,2.1333333333333333,0
id:bonobono234,id:-_-)(jj1211,1,1,1,1.6333333333333333,1.6333333333333333,0
id:bonobono234,id:10bergi,1,1,1,2.65,2.65,0
id:bonobono234,id:FeelingGood,1,1,1,0.65,0.65,0
id:bonobono234,id:Grassland,1,1,1,1.2333333333333334,1.2333333333333334,0
id:bonobono234,id:KINGBATI,1,1,1,2.75,2.75,0
id:bonobono234,id:Milner7,1,1,1,1.7333333333333334,1.7333333333333334,0
id:bonobono234,id:Mobaraeram,1,1,1,1.3666666666666667,1.3666666666666667,0
id:bonobono234,id:cubana,1,1,1,2.45,2.45,0
id:bonobono234,id:hoffenheim,1,1,1,2.7333333333333334,2.7333333333333334,0
id:bonobono234,id:malwool,1,1,1,1.9333333333333333,1.9333333333333333,0
id:bonobono234,id:soccerlineid,1,1,1,3.7333333333333334,3.7333333333333334,0
id:bonobono234,id:typoonj2,1,1,1,3.5,3.5,0
id:bonobono234,id:whdyd44,1,1,1,2.2,2.2,0
id:bonobono234,id:whksrns,1,1,1,3.5166666666666666,3.5166666666666666,0
id:bookae1,id:2or0,1,1,1,4.05,4.05,0
id:bookae1,id:Ibrahima,1,1,1,3.533333333333333,3.533333333333333,0
id:bookae1,id:ajh30130,1,1,1,2.7666666666666666,2.7666666666666666,0
id:bookae1,id:cjhoon87,1,1,1,1.2166666666666666,1.2166666666666666,0
id:bookae1,id:deportivo7,1,1,1,1.3833333333333333,1.3833333333333333,0
id:bookae1,id:dhdld321,1,1,1,0.8,0.8,0
id:bookae1,id:ehsaksk,1,1,1,2.5166666666666666,2.5166666666666666,0
id:bookae1,id:jdspitz,1,1,1,4.55,4.55,0
id:bookae1,id:jun2312,1,1,1,4.683333333333334,4.683333333333334,0
id:bookae1,id:luminai,1,1,1,4.65,4.65,0
id:bookae1,id:luna7742,1,1,1,4.9,4.9,0
id:bookae1,id:malwool,1,1,1,3.45,3.45,0
id:bookae1,id:rukk7812,1,1,1,1.9166666666666667,1.9166666666666667,0
id:bookae1,id:sexline,1,1,1,2.3333333333333335,2.3333333333333335,0
id:bookae1,id:summernight,1,1,1,3.2333333333333334,3.2333333333333334,0
id:bookae1,id:tjfghksss,1,1,1,1.3333333333333333,1.3333333333333333,0
id:bookae1,id:todfndl12,1,1,1,0.8833333333333333,0.8833333333333333,0
id:bugfix,id:DKisKing,1,1,1,1.55,1.55,0
id:bugfix,id:Ibrahima,1,1,1,4.083333333333333,4.083333333333333,0
id:bugfix,id:ajh30130,1,1,1,2.5833333333333335,2.5833333333333335,0
id:bugfix,id:ar10,1,1,1,4.6,4.6,0
id:bugfix,id:kim2pac,1,1,1,1.75,1.75,0
id:bugfix,id:koreafigo,1,1,1,4.083333333333333,4.083333333333333,0
id:bugfix,id:mcraky,1,1,1,2.0833333333333335,2.0833333333333335,0
id:bugfix,id:nox911,1,1,1,2.066666666666667,2.066666666666667,0
id:bugfix,id:oasiticjoo19,1,1,1,1.0,1.0,0
id:bugfix,id:raulgonzo,1,1,1,4.5,4.5,0
id:bugfix,id:rhcp11,1,1,1,2.0,2.0,0
id:bugfix,id:rukk7812,1,1,1,0.8333333333333334,0.8333333333333334,0
id:bugfix,id:sonhh,1,1,1,3.433333333333333,3.433333333333333,0
id:bugfix,id:spoops,1,1,1,0.7,0.7,0
id:bugfix,id:thesilver,1,1,1,2.533333333333333,2.533333333333333,0
id:bugfix,id:todfndl12,1,1,1,1.55,1.55,0
id:bulbol,id:LJM1389,1,1,1,4.1,4.1,0
id:bulbol,id:PabloGavi,1,1,1,4.9,4.9,0
id:bulbol,id:WEZARD777,1,1,1,3.55,3.55,0
id:bulbol,id:amaai,1,1,1,2.85,2.85,0
id:bulbol,id:antivan,1,1,1,3.216666666666667,3.216666666666667,0
id:bulbol,id:aroha86,1,1,1,4.833333333333333,4.833333333333333,0
id:bulbol,id:artemismoon,1,1,1,1.0,1.0,0
id:bulbol,id:bald80,1,1,1,3.7333333333333334,3.7333333333333334,0
id:bulbol,id:bigkorea,1,1,1,3.7,3.7,0
id:bulbol,id:boba1983,1,1,1,2.1166666666666667,2.1166666666666667,0
id:bulbol,id:camel55,1,1,1,4.783333333333333,4.783333333333333,0
id:bulbol,id:chongda,1,1,1,2.6666666666666665,2.6666666666666665,0
id:bulbol,id:chy7253958,1,1,1,4.566666666666666,4.566666666666666,0
id:bulbol,id:coolow,1,1,1,3.0,3.0,0
id:bulbol,id:diminish,1,1,1,2.316666666666667,2.316666666666667,0
id:bulbol,id:endingx,1,1,1,1.7333333333333334,1.7333333333333334,0
id:bulbol,id:filyeun2,1,1,1,0.7666666666666667,0.7666666666666667,0
id:bulbol,id:footpodo,1,1,1,2.15,2.15,0
id:bulbol,id:gerrard88,1,1,1,3.9,3.9,0
id:bulbol,id:heherald,1,1,1,2.0,2.0,0
id:bulbol,id:hkwo031,1,1,1,4.916666666666667,4.916666666666667,0
id:bulbol,id:hobro,1,1,1,0.8333333333333334,0.8333333333333334,0
id:bulbol,id:hsando1,1,1,1,3.55,3.55,0
id:bulbol,id:hulk,1,1,1,1.9166666666666667,1.9166666666666667,0
id:bulbol,id:jaewoong9310,1,1,1,1.45,1.45,0
id:bulbol,id:jejajj9,1,1,1,2.0833333333333335,2.0833333333333335,0
id:bulbol,id:junjung,1,1,1,4.466666666666667,4.466666666666667,0
id:bulbol,id:kekekor,1,1,1,3.0166666666666666,3.0166666666666666,0
id:bulbol,id:kimks0824,1,1,1,2.9833333333333334,2.9833333333333334,0
id:bulbol,id:kkachi1010,1,1,1,3.783333333333333,3.783333333333333,0
id:bulbol,id:kokand1912,1,1,1,2.6666666666666665,2.6666666666666665,0
id:bulbol,id:luminai,1,1,1,4.833333333333333,4.833333333333333,0
id:bulbol,id:makaloni,1,1,1,2.5,2.5,0
id:bulbol,id:maya0501,1,1,1,1.3166666666666667,1.3166666666666667,0
id:bulbol,id:milkblue,1,1,1,2.5833333333333335,2.5833333333333335,0
id:bulbol,id:milly77,1,1,1,3.35,3.35,0
id:bulbol,id:model8,1,1,1,4.916666666666667,4.916666666666667,0
id:bulbol,id:moohootae,1,1,1,4.883333333333334,4.883333333333334,0
id:bulbol,id:moonplay,1,1,1,1.1833333333333333,1.1833333333333333,0
id:bulbol,id:nakedspeaker,1,1,1,0.3333333333333333,0.3333333333333333,0
id:bulbol,id:phantom112,1,1,1,3.3333333333333335,3.3333333333333335,0
id:bulbol,id:piter1976,1,1,1,3.6166666666666667,3.6166666666666667,0
id:bulbol,id:polo3382,1,1,1,1.2833333333333334,1.2833333333333334,0
id:bulbol,id:raxh,1,1,1,2.0833333333333335,2.0833333333333335,0
id:bulbol,id:sanapati,1,1,1,2.466666666666667,2.466666666666667,0
id:bulbol,id:shanledz,1,1,1,3.8,3.8,0
id:bulbol,id:tavares,1,1,1,0.75,0.75,0
id:bulbol,id:thughu,1,1,1,4.133333333333334,4.133333333333334,0
id:bulbol,id:thuyu,1,1,1,3.183333333333333,3.183333333333333,0
id:bulbol,id:ttangsoo6,1,1,1,4.166666666666667,4.166666666666667,0
id:bulbol,id:wheotjd1,1,1,1,2.1,2.1,0
id:bulbol,id:wltlswhd,1,1,1,1.0,1.0,0
id:bulbol,id:wondh84,1,1,1,2.7333333333333334,2.7333333333333334,0
id:bulbol,id:yun9h1,1,1,1,2.85,2.85,0
id:bulbol,id:新) 허정무(blue123,1,1,1,3.2666666666666666,3.2666666666666666,0
id:bundes1,id:Ibrahima,1,1,1,1.6833333333333333,1.6833333333333333,0
id:bundes1,id:KINGBATI,1,1,1,3.15,3.15,0
id:bundes1,id:LJM1389,1,1,1,0.8833333333333333,0.8833333333333333,0
id:bundes1,id:ahjz1016,1,1,1,3.55,3.55,0
id:bundes1,id:choissi,1,1,1,4.283333333333333,4.283333333333333,0
id:bundes1,id:colacup,1,1,1,0.9166666666666666,0.9166666666666666,0
id:bundes1,id:diminish,1,1,1,1.5,1.5,0
id:bundes1,id:ehsaksk,1,1,1,3.95,3.95,0
id:bundes1,id:ejirall,1,1,1,3.7333333333333334,3.7333333333333334,0
id:bundes1,id:ezfreest,1,1,1,2.1166666666666667,2.1166666666666667,0
id:bundes1,id:filyeun2,1,1,1,2.65,2.65,0
id:bundes1,id:hexkey,1,1,1,4.866666666666666,4.866666666666666,0
id:bundes1,id:hobro,1,1,1,4.833333333333333,4.833333333333333,0
id:bundes1,id:hopes,1,1,1,1.3333333333333333,1.3333333333333333,0
id:bundes1,id:hyeok497,1,1,1,2.216666666666667,2.216666666666667,0
id:bundes1,id:kaoruchan,1,1,1,4.116666666666666,4.116666666666666,0
id:bundes1,id:kokand1912,1,1,1,4.833333333333333,4.833333333333333,0
id:bundes1,id:life13579,1,1,1,0.95,0.95,0
id:bundes1,id:littleboy00,1,1,1,3.45,3.45,0
id:bundes1,id:luna7742,1,1,1,1.1333333333333333,1.1333333333333333,0
id:bundes1,id:mcraky,1,1,1,4.833333333333333,4.833333333333333,0
id:bundes1,id:messiya2022,1,1,1,2.6,2.6,0
id:bundes1,id:nakedspeaker,1,1,1,3.35,3.35,0
id:bundes1,id:oasiticjoo19,1,1,1,3.3666666666666667,3.3666666666666667,0
id:bundes1,id:osodos,1,1,1,2.566666666666667,2.566666666666667,0
id:bundes1,id:pearson19,1,1,1,2.6333333333333333,2.6333333333333333,0
id:bundes1,id:placebo,1,1,1,1.5333333333333334,1.5333333333333334,0
id:bundes1,id:potatochip1,1,1,1,3.683333333333333,3.683333333333333,0
id:bundes1,id:rukk7812,1,1,1,0.7,0.7,0
id:bundes1,id:sexline,1,1,1,3.9,3.9,0
id:bundes1,id:shkj22,1,1,1,2.9166666666666665,2.9166666666666665,0
id:bundes1,id:sinn556i,1,1,1,3.3666666666666667,3.3666666666666667,0
id:bundes1,id:solution78,1,1,1,1.05,1.05,0
id:bundes1,id:summernight,1,1,1,2.6166666666666667,2.6166666666666667,0
id:bundes1,id:thesilver,1,1,1,2.6,2.6,0
id:bundes1,id:tldpfk232,1,1,1,1.65,1.65,0
id:bundes1,id:todfndl12,1,1,1,1.2833333333333334,1.2833333333333334,0
id:bundes1,id:ulsan0101,1,1,1,4.6,4.6,0
id:bundes1,id:umamusume,1,1,1,4.416666666666667,4.416666666666667,0
id:bundes1,id:wltlswhd,1,1,1,3.816666666666667,3.816666666666667,0
id:burningred,id:1987vintage,1,1,1,1.0166666666666666,1.0166666666666666,0
id:burningred,id:bluepillz,1,1,1,3.35,3.35,0
id:burningred,id:cauking,1,1,1,1.7,1.7,0
id:bvbreus11,id:HENSON05,1,1,1,2.3,2.3,0
id:bvbreus11,id:MementoMori,1,1,1,2.033333333333333,2.033333333333333,0
id:bvbreus11,id:NANRIBLUCE,1,1,1,3.8833333333333333,3.8833333333333333,0
id:bvbreus11,id:Sejongutd1,1,1,1,2.35,2.35,0
id:bvbreus11,id:bbggkkk,1,1,1,2.2,2.2,0
id:bvbreus11,id:chy7253958,1,1,1,4.583333333333333,4.583333333333333,0
id:bvbreus11,id:cjhoon87,1,1,1,1.7833333333333334,1.7833333333333334,0
id:bvbreus11,id:cydia14,1,1,1,0.95,0.95,0
id:bvbreus11,id:djsi,1,1,1,0.5166666666666667,0.5166666666666667,0
id:bvbreus11,id:eddie,1,1,1,5.0,5.0,0
id:bvbreus11,id:ehsaksk,1,1,1,1.2166666666666666,1.2166666666666666,0
id:bvbreus11,id:erec,1,1,1,2.1666666666666665,2.1666666666666665,0
id:bvbreus11,id:grit,1,1,1,4.7,4.7,0
id:bvbreus11,id:hellomadonna,1,1,1,0.7166666666666667,0.7166666666666667,0
id:bvbreus11,id:hodoeel,1,1,1,3.45,3.45,0
id:bvbreus11,id:hpkim90,1,1,1,2.7666666666666666,2.7666666666666666,0
id:bvbreus11,id:hypeboy,1,1,1,1.5666666666666667,1.5666666666666667,0
id:bvbreus11,id:impactx84,1,1,1,2.1,2.1,0
id:bvbreus11,id:itaibogi,1,1,1,3.966666666666667,3.966666666666667,0
id:bvbreus11,id:jeep126,1,1,1,0.75,0.75,0
id:bvbreus11,id:jjuhyun92,1,1,1,2.433333333333333,2.433333333333333,0
id:bvbreus11,id:juventus82,1,1,1,2.316666666666667,2.316666666666667,0
id:bvbreus11,id:kaoruchan,1,1,1,4.4,4.4,0
id:bvbreus11,id:kapfazo,1,1,1,2.3833333333333333,2.3833333333333333,0
id:bvbreus11,id:kduncan,1,1,1,1.7166666666666666,1.7166666666666666,0
id:bvbreus11,id:kiriman,1,1,1,2.2333333333333334,2.2333333333333334,0
id:bvbreus11,id:kuo13,1,1,1,2.1,2.1,0
id:bvbreus11,id:lfcthismeans,1,1,1,1.2,1.2,0
id:bvbreus11,id:life13579,1,1,1,1.8,1.8,0
id:bvbreus11,id:lj0608,1,1,1,2.45,2.45,0
id:bvbreus11,id:mcraky,1,1,1,4.8,4.8,0
id:bvbreus11,id:minami89,1,1,1,1.15,1.15,0
id:bvbreus11,id:monkjm,1,1,1,3.4166666666666665,3.4166666666666665,0
id:bvbreus11,id:naco16,1,1,1,2.0166666666666666,2.0166666666666666,0
id:bvbreus11,id:no14henry,1,1,1,0.5166666666666667,0.5166666666666667,0
id:bvbreus11,id:pearson19,1,1,1,0.3,0.3,0
id:bvbreus11,id:rainshowerkk,1,1,1,3.316666666666667,3.316666666666667,0
id:bvbreus11,id:rukk7812,1,1,1,2.4,2.4,0
id:bvbreus11,id:rwingback,1,1,1,1.55,1.55,0
id:bvbreus11,id:sdh90,1,1,1,1.2,1.2,0
id:bvbreus11,id:shkj22,1,1,1,3.4833333333333334,3.4833333333333334,0
id:bvbreus11,id:supremebape,1,1,1,0.8333333333333334,0.8333333333333334,0
id:bvbreus11,id:tjdqhrehd,1,1,1,4.316666666666666,4.316666666666666,0
id:bvbreus11,id:tkrhdgus1,1,1,1,2.4,2.4,0
id:bvbreus11,id:vnweq956,1,1,1,2.05,2.05,0
id:bvbreus11,id:wheotjd1,1,1,1,2.2666666666666666,2.2666666666666666,0
id:byh3718,id:horsedongh,1,1,1,0.7666666666666667,0.7666666666666667,0
id:byh3718,id:iglaman,1,1,1,1.5166666666666666,1.5166666666666666,0
id:byh3718,id:impactx84,1,1,1,2.283333333333333,2.283333333333333,0
id:byh3718,id:mantis,1,1,1,1.85,1.85,0
id:byh3718,id:nas1984,1,1,1,1.3166666666666667,1.3166666666666667,0
id:byh3718,id:progamer77,1,1,1,2.6333333333333333,2.6333333333333333,0
id:byh3718,id:regions,1,1,1,2.8333333333333335,2.8333333333333335,0
id:byh3718,id:rukk7812,1,1,1,3.1,3.1,0
id:cafetango,id:YoLaTengo,1,1,1,1.9833333333333334,1.9833333333333334,0
id:cafetango,id:cubana,1,1,1,1.1833333333333333,1.1833333333333333,0
id:cafetango,id:novacane,1,1,1,2.4166666666666665,2.4166666666666665,0
id:cafetango,id:psj1905,1,1,1,1.35,1.35,0
id:cafetango,id:soju4jan,1,1,1,2.9,2.9,0
id:cafetango,id:tjfghksss,1,1,1,4.266666666666667,4.266666666666667,0
id:cafetango,id:wind1123,1,1,1,1.3666666666666667,1.3666666666666667,0
id:carmenhayes,id:Sejongutd1,1,1,1,1.55,1.55,0
id:carmenhayes,id:Tenhag,1,1,1,1.1666666666666667,1.1666666666666667,0
id:carmenhayes,id:bulbol,1,1,1,2.3833333333333333,2.3833333333333333,0
id:carmenhayes,id:dlawls,1,1,1,2.2333333333333334,2.2333333333333334,0
id:carmenhayes,id:dleoduq10004,1,1,1,2.466666666666667,2.466666666666667,0
id:carmenhayes,id:sounited13,1,1,1,3.933333333333333,3.933333333333333,0
id:casione,id:zero080,1,1,1,2.7666666666666666,2.7666666666666666,0
id:chakagesalja,id:bundes1,1,1,1,3.95,3.95,0
id:chakagesalja,id:ehsaksk,1,1,1,2.9,2.9,0
id:chakagesalja,id:flareburst,1,1,1,1.1833333333333333,1.1833333333333333,0
id:chakagesalja,id:jeffkent,1,1,1,2.7,2.7,0
id:chakagesalja,id:maru0,1,1,1,1.55,1.55,0
id:chakagesalja,id:pearson19,1,1,1,4.0,4.0,0
id:chakagesalja,id:progamer77,1,1,1,3.433333333333333,3.433333333333333,0
id:chakagesalja,id:roe2k,1,1,1,4.3,4.3,0
id:chakagesalja,id:sexline,1,1,1,0.7333333333333333,0.7333333333333333,0
id:childpicture,id:85yang,1,1,1,1.9833333333333334,1.9833333333333334,0
id:childpicture,id:FeelingGood,1,1,1,3.566666666666667,3.566666666666667,0
id:childpicture,id:Tenhag,1,1,1,2.466666666666667,2.466666666666667,0
id:childpicture,id:Unsee8,1,1,1,1.7166666666666666,1.7166666666666666,0
id:childpicture,id:YoLaTengo,1,1,1,2.683333333333333,2.683333333333333,0
id:childpicture,id:childpicture,1,1,1,4.916666666666667,4.916666666666667,1
id:childpicture,id:dleoduq1234,1,1,1,0.4,0.4,0
id:childpicture,id:hulk,1,1,1,2.6333333333333333,2.6333333333333333,0
id:childpicture,id:mcraky,1,1,1,3.8666666666666667,3.8666666666666667,0
id:childpicture,id:placebo,1,1,1,1.6333333333333333,1.6333333333333333,0
id:childpicture,id:progamer77,1,1,1,3.4166666666666665,3.4166666666666665,0
id:childpicture,id:rukk7812,1,1,1,1.4,1.4,0
id:childpicture,id:新) 허정무(blue123,1,1,1,1.9666666666666666,1.9666666666666666,0
id:chinghis,id:dadoocom,1,1,1,2.7666666666666666,2.7666666666666666,0
id:chinghis,id:impactx84,1,1,1,1.3166666666666667,1.3166666666666667,0
id:chinghis,id:iskoke,1,1,1,4.166666666666667,4.166666666666667,0
id:chinghis,id:jinydesign,1,1,1,4.35,4.35,0
id:chinghis,id:kiriman,1,1,1,1.65,1.65,0
id:chinghis,id:kyobo,1,1,1,3.0166666666666666,3.0166666666666666,0
id:chinghis,id:leoperiseus,1,1,1,3.45,3.45,0
id:chinghis,id:pharm92,1,1,1,2.1,2.1,0
id:chinghis,id:tkrhdgus1,1,1,1,4.0,4.0,0
id:cho1250,id:KINGBATI,1,1,1,0.7833333333333333,0.7833333333333333,0
id:cho1250,id:adios00,1,1,1,3.7,3.7,0
id:cho1250,id:bundes1,1,1,1,1.3666666666666667,1.3666666666666667,0
id:cho1250,id:hypeboy,1,1,1,2.25,2.25,0
id:cho1250,id:impactx84,1,1,1,1.35,1.35,0
id:cho1250,id:raistlin1,1,1,1,4.316666666666666,4.316666666666666,0
id:cho1250,id:redallen,1,1,1,0.31666666666666665,0.31666666666666665,0
id:cho1250,id:stabbie81,1,1,1,1.8833333333333333,1.8833333333333333,0
id:cho1250,id:tactimp,1,1,1,4.783333333333333,4.783333333333333,0
id:chun1149,id:Clocks,1,1,1,4.566666666666666,4.566666666666666,0
id:chun1149,id:FeelingGood,1,1,1,0.5333333333333333,0.5333333333333333,0
id:chun1149,id:Webhead,1,1,1,4.166666666666667,4.166666666666667,0
id:chun1149,id:YoLaTengo,1,1,1,1.2166666666666666,1.2166666666666666,0
id:chun1149,id:bugfix,1,1,1,2.8666666666666667,2.8666666666666667,0
id:chun1149,id:chun1149,1,1,1,3.533333333333333,3.533333333333333,1
id:chun1149,id:ehdtks9286,1,1,1,1.8,1.8,0
id:chun1149,id:kiriman,1,1,1,2.3,2.3,0
id:chun1149,id:life13579,1,1,1,3.2,3.2,0
id:chun1149,id:modern21,1,1,1,1.5,1.5,0
id:chun1149,id:monkjm,1,1,1,4.5,4.5,0
id:chun1149,id:osodos,1,1,1,3.4,3.4,0
id:chun1149,id:pms2906,1,1,1,4.216666666666667,4.216666666666667,0
id:chun1149,id:psj205,1,1,1,0.8,0.8,0
id:chun1149,id:rukk7812,1,1,1,1.9666666666666666,1.9666666666666666,0
id:chun1149,id:sounited13,1,1,1,3.4166666666666665,3.4166666666666665,0
id:chun1149,id:tkrldh,1,1,1,3.85,3.85,0
id:chun1149,id:ulddul,1,1,1,2.9166666666666665,2.9166666666666665,0
id:chun1149,id:xxvxx,1,1,1,1.4166666666666667,1.4166666666666667,0
id:citable,id:cytokine1234,1,1,1,3.3666666666666667,3.3666666666666667,0
id:citable,id:masok01,1,1,1,2.033333333333333,2.033333333333333,0
id:citable,id:yally1010,1,1,1,3.55,3.55,0
id:cobain68,id:dadoocom,1,1,1,1.8333333333333333,1.8333333333333333,0
id:cobain68,id:dleoduq1234,1,1,1,2.783333333333333,2.783333333333333,0
id:cobain68,id:forest,1,1,1,1.1,1.1,0
id:cobain68,id:kapfazo,1,1,1,2.75,2.75,0
id:cobain68,id:sonhh,1,1,1,4.25,4.25,0
id:cokabel,id:cytokine1234,1,1,1,2.45,2.45,0
id:cokabel,id:dleoduq10004,1,1,1,1.7333333333333334,1.7333333333333334,0
id:cokabel,id:impactx84,1,1,1,4.233333333333333,4.233333333333333,0
id:cokabel,id:kimdw22,1,1,1,3.933333333333333,3.933333333333333,0
id:cokabel,id:malwool,1,1,1,1.3666666666666667,1.3666666666666667,0
id:cokabel,id:pearson19,1,1,1,0.9833333333333333,0.9833333333333333,0
id:cokabel,id:realysoccer,1,1,1,2.45,2.45,0
id:cokabel,id:solution78,1,1,1,1.7,1.7,0
id:cokabel,id:ulsan0101,1,1,1,1.6666666666666667,1.6666666666666667,0
id:colacup,id:YoLaTengo,1,1,1,1.2166666666666666,1.2166666666666666,0
id:colacup,id:casione,1,1,1,4.45,4.45,0
id:colacup,id:iskoke,1,1,1,3.9833333333333334,3.9833333333333334,0
id:colacup,id:wheotjd1,1,1,1,3.816666666666667,3.816666666666667,0
id:coolow,id:FeelingGood,1,1,1,2.6333333333333333,2.6333333333333333,0
id:coood7824,id:FeelingGood,1,1,1,3.2666666666666666,3.2666666666666666,0
id:coood7824,id:Tenhag,1,1,1,3.816666666666667,3.816666666666667,0
id:coood7824,id:donka,1,1,1,3.0,3.0,0
id:coood7824,id:eufc,1,1,1,4.766666666666667,4.766666666666667,0
id:coood7824,id:kiriman,1,1,1,2.65,2.65,0
id:coood7824,id:malwool,1,1,1,4.683333333333334,4.683333333333334,0
id:coood7824,id:mirissoul2,1,1,1,2.05,2.05,0
id:coood7824,id:spoops,1,1,1,0.7333333333333333,0.7333333333333333,0
id:csh1493,id:Ibrahima,1,1,1,2.7,2.7,0
id:csh1493,id:dleoduq1234,1,1,1,0.9,0.9,0
id:csh1493,id:donka,1,1,1,0.55,0.55,0
id:csh1493,id:hpkim90,1,1,1,0.6333333333333333,0.6333333333333333,0
id:csh1493,id:juventus82,1,1,1,2.2333333333333334,2.2333333333333334,0
id:csh1493,id:solution78,1,1,1,2.216666666666667,2.216666666666667,0
id:cutler,id:Bluewings21,1,1,1,2.2666666666666666,2.2666666666666666,0
id:cutler,id:tjfghksss,1,1,1,4.566666666666666,4.566666666666666,0
id:cydia14,id:FeelingGood,1,1,1,1.6166666666666667,1.6166666666666667,0
id:cydia14,id:KINGBATI,1,1,1,0.55,0.55,0
id:cydia14,id:Pacojung102,1,1,1,1.2,1.2,0
id:cydia14,id:bookae1,1,1,1,0.7666666666666667,0.7666666666666667,0
id:cydia14,id:bundes1,1,1,1,0.8333333333333334,0.8333333333333334,0
id:cydia14,id:cauking,1,1,1,3.316666666666667,3.316666666666667,0
id:cydia14,id:dleoduq1234,1,1,1,0.55,0.55,0
id:cydia14,id:eufc,1,1,1,2.65,2.65,0
id:cydia14,id:forest,1,1,1,2.7,2.7,0
id:cydia14,id:hopes,1,1,1,1.65,1.65,0
id:cydia14,id:jmw1121,1,1,1,3.5,3.5,0
id:cydia14,id:kanoutsider,1,1,1,3.716666666666667,3.716666666666667,0
id:cydia14,id:psj205,1,1,1,1.15,1.15,0
id:cydia14,id:radioshot1,1,1,1,1.7833333333333334,1.7833333333333334,0
id:cydia14,id:sexline,1,1,1,2.9166666666666665,2.9166666666666665,0
id:cydia14,id:sinn556i,1,1,1,1.6166666666666667,1.6166666666666667,0
id:cydia14,id:stynerkn,1,1,1,1.5833333333333333,1.5833333333333333,0
id:cydia14,id:supremebape,1,1,1,3.933333333333333,3.933333333333333,0
id:cydia14,id:tkzjfkdlsd,1,1,1,0.7833333333333333,0.7833333333333333,0
id:cydia14,id:video34,1,1,1,4.95,4.95,0
id:cydia14,id:yoshiki2,1,1,1,3.466666666666667,3.466666666666667,0
id:cytokine1234,id:HENSON05,1,1,1,1.9166666666666667,1.9166666666666667,0
id:cytokine1234,id:Tenhag,1,1,1,4.15,4.15,0
id:cytokine1234,id:Volvo,1,1,1,4.366666666666666,4.366666666666666,0
id:cytokine1234,id:againstwin80,1,1,1,4.75,4.75,0
id:cytokine1234,id:ajh30130,1,1,1,3.2333333333333334,3.2333333333333334,0
id:cytokine1234,id:alfatini,1,1,1,1.9833333333333334,1.9833333333333334,0
id:cytokine1234,id:bulbol,1,1,1,1.7,1.7,0
id:cytokine1234,id:chakagesalja,1,1,1,3.3333333333333335,3.3333333333333335,0
id:cytokine1234,id:choissi,1,1,1,2.6666666666666665,2.6666666666666665,0
id:cytokine1234,id:cjhoon87,1,1,1,0.25,0.25,0
id:cytokine1234,id:dewsd,1,1,1,2.7666666666666666,2.7666666666666666,0
id:cytokine1234,id:dialine,1,1,1,3.5833333333333335,3.5833333333333335,0
id:cytokine1234,id:eory24,1,1,1,4.083333333333333,4.083333333333333,0
id:cytokine1234,id:gum0510,1,1,1,3.3666666666666667,3.3666666666666667,0
id:cytokine1234,id:iglaman,1,1,1,2.7666666666666666,2.7666666666666666,0
id:cytokine1234,id:impactx84,1,1,1,1.6833333333333333,1.6833333333333333,0
id:cytokine1234,id:itemptu2,1,1,1,4.633333333333334,4.633333333333334,0
id:cytokine1234,id:jmw1121,1,1,1,3.933333333333333,3.933333333333333,0
id:cytokine1234,id:kokomong,1,1,1,0.6,0.6,0
id:cytokine1234,id:kuo13,1,1,1,4.316666666666666,4.316666666666666,0
id:cytokine1234,id:leoperiseus,1,1,1,3.0833333333333335,3.0833333333333335,0
id:cytokine1234,id:marchisio1,1,1,1,3.9833333333333334,3.9833333333333334,0
id:cytokine1234,id:mirissoul2,1,1,1,2.55,2.55,0
id:cytokine1234,id:modern21,1,1,1,2.316666666666667,2.316666666666667,0
id:cytokine1234,id:narapass,1,1,1,1.2666666666666666,1.2666666666666666,0
id:cytokine1234,id:pearson19,1,1,1,1.7333333333333334,1.7333333333333334,0
id:cytokine1234,id:pudingm,1,1,1,3.6,3.6,0
id:cytokine1234,id:rainshowerkk,1,1,1,1.9333333333333333,1.9333333333333333,0
id:cytokine1234,id:redondor,1,1,1,2.1166666666666667,2.1166666666666667,0
id:cytokine1234,id:roykie151,1,1,1,1.8333333333333333,1.8333333333333333,0
id:cytokine1234,id:soccerfw16,1,1,1,4.316666666666666,4.316666666666666,0
id:cytokine1234,id:soju4jan,1,1,1,0.9333333333333333,0.9333333333333333,0
id:cytokine1234,id:tsee1569,1,1,1,3.8833333333333333,3.8833333333333333,0
id:cytokine1234,id:vincent85,1,1,1,1.8666666666666667,1.8666666666666667,0
id:cytokine1234,id:wind1123,1,1,1,1.3166666666666667,1.3166666666666667,0
id:cytokine1234,id:xxvxx,1,1,1,1.8166666666666667,1.8166666666666667,0
id:dadoocom,id:bluepillz,1,1,1,3.6666666666666665,3.6666666666666665,0
id:dadoocom,id:bundes1,1,1,1,2.183333333333333,2.183333333333333,0
id:dadoocom,id:chun1149,1,1,1,3.1,3.1,0
id:dadoocom,id:chy7253958,1,1,1,3.716666666666667,3.716666666666667,0
id:dadoocom,id:claralike123,1,1,1,2.3333333333333335,2.3333333333333335,0
id:dadoocom,id:donka,1,1,1,0.31666666666666665,0.31666666666666665,0
id:dadoocom,id:flypcs20,1,1,1,1.1666666666666667,1.1666666666666667,0
id:dadoocom,id:heo1935,1,1,1,1.2666666666666666,1.2666666666666666,0
id:dadoocom,id:lfcthismeans,1,1,1,2.216666666666667,2.216666666666667,0
id:dadoocom,id:olduser,1,1,1,1.9166666666666667,1.9166666666666667,0
id:dadoocom,id:pearson19,1,1,1,1.5666666666666667,1.5666666666666667,0
id:dadoocom,id:roe2k,1,1,1,2.933333333333333,2.933333333333333,0
id:dadoocom,id:sanapati,1,1,1,3.7666666666666666,3.7666666666666666,0
id:dadoocom,id:skysay7,1,1,1,3.15,3.15,0
id:dadoocom,id:ulsan0101,1,1,1,4.5,4.5,0
id:dadoocom,id:xxvxx,1,1,1,1.6,1.6,0
id:darkchoco,id:forest,1,1,1,4.633333333333334,4.633333333333334,0
id:darkchoco,id:solution78,1,1,1,1.6166666666666667,1.6166666666666667,0
id:dbsupers,id:Rojiblanco,1,1,1,4.816666666666666,4.816666666666666,0
id:dbsupers,id:WEZARD777,1,1,1,2.066666666666667,2.066666666666667,0
id:dbsupers,id:WolfsRain,1,1,1,1.25,1.25,0
id:dbsupers,id:amaai,1,1,1,4.966666666666667,4.966666666666667,0
id:dbsupers,id:bluepillz,1,1,1,2.716666666666667,2.716666666666667,0
id:dbsupers,id:dbsupers,1,1,1,4.666666666666667,4.666666666666667,1
id:dbsupers,id:emknud,1,1,1,0.7166666666666667,0.7166666666666667,0
id:dbsupers,id:ggum0205,1,1,1,2.4833333333333334,2.4833333333333334,0
id:dbsupers,id:hodoeel,1,1,1,2.4166666666666665,2.4166666666666665,0
id:dbsupers,id:iloveyousun,1,1,1,3.3666666666666667,3.3666666666666667,0
id:dbsupers,id:kika1985,1,1,1,2.95,2.95,0
id:dbsupers,id:oasiticjoo19,1,1,1,3.216666666666667,3.216666666666667,0
id:dbsupers,id:solution78,1,1,1,2.683333333333333,2.683333333333333,0
id:dbsupers,id:summernight,1,1,1,4.05,4.05,0
id:dbsupers,id:vincent85,1,1,1,1.8833333333333333,1.8833333333333333,0
id:ddongbada,id:coolow,1,1,1,1.2,1.2,0
id:ddongbada,id:solution78,1,1,1,2.2333333333333334,2.2333333333333334,0
id:ddongmat,id:Sejongutd1,1,1,1,0.8666666666666667,0.8666666666666667,0
id:ddongmat,id:hpkim90,1,1,1,4.85,4.85,0
id:deportivo7,id:Ibrahima,1,1,1,2.533333333333333,2.533333333333333,0
id:deportivo7,id:bulbol,1,1,1,2.8,2.8,0
id:deportivo7,id:bundes1,1,1,1,1.3166666666666667,1.3166666666666667,0
id:deportivo7,id:claxn7,1,1,1,2.4833333333333334,2.4833333333333334,0
id:deportivo7,id:dadoocom,1,1,1,2.716666666666667,2.716666666666667,0
id:deportivo7,id:donka,1,1,1,0.85,0.85,0
id:deportivo7,id:footpodo,1,1,1,1.0666666666666667,1.0666666666666667,0
id:deportivo7,id:hopes,1,1,1,2.05,2.05,0
id:deportivo7,id:kakaka10,1,1,1,2.3833333333333333,2.3833333333333333,0
id:deportivo7,id:lfcthismeans,1,1,1,4.183333333333334,4.183333333333334,0
id:deportivo7,id:malwool,1,1,1,0.85,0.85,0
id:deportivo7,id:mhp3rd,1,1,1,4.216666666666667,4.216666666666667,0
id:deportivo7,id:okao,1,1,1,1.45,1.45,0
id:deportivo7,id:osodos,1,1,1,2.033333333333333,2.033333333333333,0
id:deportivo7,id:realysoccer,1,1,1,1.2166666666666666,1.2166666666666666,0
id:deportivo7,id:sdh90,1,1,1,2.316666666666667,2.316666666666667,0
id:deportivo7,id:sexline,1,1,1,2.6666666666666665,2.6666666666666665,0
id:destin23,id:solution78,1,1,1,3.15,3.15,0
id:df2shnl,id:bulbol,1,1,1,3.933333333333333,3.933333333333333,0
id:df2shnl,id:impactx84,1,1,1,0.8166666666666667,0.8166666666666667,0
id:df2shnl,id:kakaka10,1,1,1,3.6666666666666665,3.6666666666666665,0
id:df2shnl,id:kiriman,1,1,1,1.5333333333333334,1.5333333333333334,0
id:df2shnl,id:todfndl12,1,1,1,4.0,4.0,0
id:dhxor612,id:yhtuos,1,1,1,0.9666666666666667,0.9666666666666667,0
id:dialine,id:kaoruchan,1,1,1,1.8,1.8,0
id:dialine,id:progamer77,1,1,1,1.9,1.9,0
id:dialine,id:redondor,1,1,1,4.283333333333333,4.283333333333333,0
id:diddangel,id:FeelingGood,1,1,1,0.7333333333333333,0.7333333333333333,0
id:diddangel,id:dialine,1,1,1,2.4833333333333334,2.4833333333333334,0
id:diddangel,id:impactx84,1,1,1,3.0166666666666666,3.0166666666666666,0
id:diddangel,id:whoshot,1,1,1,2.3666666666666667,2.3666666666666667,0
id:din1091,id:Ibrahima,1,1,1,3.433333333333333,3.433333333333333,0
id:din1091,id:armwear,1,1,1,4.783333333333333,4.783333333333333,0
id:din1091,id:donka,1,1,1,0.48333333333333334,0.48333333333333334,0
id:din1091,id:jeffkent,1,1,1,3.3833333333333333,3.3833333333333333,0
id:din1091,id:yhtuos,1,1,1,2.25,2.25,0
id:djsi,id:FeelingGood,1,1,1,0.6,0.6,0
id:djsi,id:footballge,1,1,1,0.65,0.65,0
id:djsi,id:kiriman,1,1,1,4.45,4.45,0
id:djsi,id:rota007,1,1,1,4.6,4.6,0
id:dlawls,id:-_-)(jj1211,1,1,1,4.266666666666667,4.266666666666667,0
id:dlawls,id:WEZARD777,1,1,1,2.2,2.2,0
id:dlawls,id:YoLaTengo,1,1,1,2.2333333333333334,2.2333333333333334,0
id:dlawls,id:ar10,1,1,1,1.8666666666666667,1.8666666666666667,0
id:dlawls,id:armwear,1,1,1,1.3833333333333333,1.3833333333333333,0
id:dlawls,id:bookae1,1,1,1,4.016666666666667,4.016666666666667,0
id:dlawls,id:burningred,1,1,1,1.1,1.1,0
id:dlawls,id:eddie,1,1,1,1.7,1.7,0
id:dlawls,id:filyeun2,1,1,1,1.6166666666666667,1.6166666666666667,0
id:dlawls,id:forest,1,1,1,4.133333333333334,4.133333333333334,0
id:dlawls,id:gum0510,1,1,1,1.65,1.65,0
id:dlawls,id:horsedongh,1,1,1,3.6333333333333333,3.6333333333333333,0
id:dlawls,id:hulk,1,1,1,1.6166666666666667,1.6166666666666667,0
id:dlawls,id:hypeboy,1,1,1,2.4166666666666665,2.4166666666666665,0
id:dlawls,id:kicking,1,1,1,1.1166666666666667,1.1166666666666667,0
id:dlawls,id:kinomayu,1,1,1,0.3333333333333333,0.3333333333333333,0
id:dlawls,id:kokomong,1,1,1,1.0333333333333334,1.0333333333333334,0
id:dlawls,id:kuo13,1,1,1,1.3833333333333333,1.3833333333333333,0
id:dlawls,id:lj0608,1,1,1,3.0,3.0,0
id:dlawls,id:mhp3rd,1,1,1,1.8833333333333333,1.8833333333333333,0
id:dlawls,id:okao,1,1,1,1.1833333333333333,1.1833333333333333,0
id:dlawls,id:placebo,1,1,1,2.8666666666666667,2.8666666666666667,0
id:dlawls,id:progamer77,1,1,1,1.0333333333333334,1.0333333333333334,0
id:dlawls,id:pudingm,1,1,1,1.65,1.65,0
id:dlawls,id:say1673,1,1,1,3.7666666666666666,3.7666666666666666,0
id:dlawls,id:solution78,1,1,1,1.3333333333333333,1.3333333333333333,0
id:dlawls,id:takeout2002,1,1,1,2.066666666666667,2.066666666666667,0
id:dlawls,id:todfndl12,1,1,1,1.5833333333333333,1.5833333333333333,0
id:dlawls,id:typoonj2,1,1,1,1.7666666666666666,1.7666666666666666,0
id:dlawls,id:yjs1g,1,1,1,4.85,4.85,0
id:dleoduq10004,id:FeelingGood,1,1,1,1.8166666666666667,1.8166666666666667,0
id:dleoduq10004,id:Ibrahima,1,1,1,3.716666666666667,3.716666666666667,0
id:dleoduq10004,id:Mukari07,1,1,1,1.75,1.75,0
id:dleoduq10004,id:YoLaTengo,1,1,1,1.0333333333333334,1.0333333333333334,0
id:dleoduq10004,id:cytokine1234,1,1,1,2.533333333333333,2.533333333333333,0
id:dleoduq10004,id:dlawls,1,1,1,1.9666666666666666,1.9666666666666666,0
id:dleoduq10004,id:dleoduq10004,1,1,1,2.8,2.8,1
id:dleoduq10004,id:filyeun2,1,1,1,3.15,3.15,0
id:dleoduq10004,id:forest,1,1,1,1.5833333333333333,1.5833333333333333,0
id:dleoduq10004,id:naco16,1,1,1,3.8666666666666667,3.8666666666666667,0
id:dleoduq10004,id:xxvxx,1,1,1,2.566666666666667,2.566666666666667,0
id:dleoduq1234,id:Tenhag,1,1,1,1.8666666666666667,1.8666666666666667,0
id:dleoduq1234,id:accuseyou1,1,1,1,1.6833333333333333,1.6833333333333333,0
id:dleoduq1234,id:arteta8,1,1,1,3.6166666666666667,3.6166666666666667,0
id:dleoduq1234,id:chakagesalja,1,1,1,1.5833333333333333,1.5833333333333333,0
id:dleoduq1234,id:dadoocom,1,1,1,2.95,2.95,0
id:dleoduq1234,id:dialine,1,1,1,2.65,2.65,0
id:dleoduq1234,id:dress7,1,1,1,1.55,1.55,0
id:dleoduq1234,id:hulk,1,1,1,4.15,4.15,0
id:dleoduq1234,id:lee108123,1,1,1,4.6,4.6,0
id:dleoduq1234,id:okao,1,1,1,1.1333333333333333,1.1333333333333333,0
id:dleoduq1234,id:raulgonzo,1,1,1,2.3,2.3,0
id:dleoduq1234,id:sexline,1,1,1,1.5666666666666667,1.5666666666666667,0
id:dleoduq1234,id:spoops,1,1,1,2.716666666666667,2.716666666666667,0
id:dleoduq1234,id:tjfghksss,1,1,1,1.7833333333333334,1.7833333333333334,0
id:dleoduq1234,id:whoshot,1,1,1,0.5666666666666667,0.5666666666666667,0
id:dolbegae,id:regions,1,1,1,1.5,1.5,0
id:dolbegae,id:sundeyz,1,1,1,2.8,2.8,0
id:dondekhmann,id:10bergi,1,1,1,1.1166666666666667,1.1166666666666667,0
id:dondekhmann,id:cauking,1,1,1,4.166666666666667,4.166666666666667,0
id:dondekhmann,id:cjhoon87,1,1,1,0.7166666666666667,0.7166666666666667,0
id:dondekhmann,id:cubana,1,1,1,2.45,2.45,0
id:dondekhmann,id:jjuhyun92,1,1,1,1.5166666666666666,1.5166666666666666,0
id:dondekhmann,id:koreafigo,1,1,1,1.5,1.5,0
id:dondekhmann,id:monkjm,1,1,1,0.9166666666666666,0.9166666666666666,0
id:dondekhmann,id:umamusume,1,1,1,2.716666666666667,2.716666666666667,0
id:donka,id:-_-)(jj1211,1,1,1,1.0166666666666666,1.0166666666666666,0
id:donka,id:Clousewitz,1,1,1,1.3,1.3,0
id:donka,id:FeelingGood,1,1,1,1.9833333333333334,1.9833333333333334,0
id:donka,id:Ibrahima,1,1,1,2.033333333333333,2.033333333333333,0
id:donka,id:Ronaldo34,1,1,1,0.5333333333333333,0.5333333333333333,0
id:donka,id:ajh30130,1,1,1,0.6666666666666666,0.6666666666666666,0
id:donka,id:bulbol,1,1,1,2.75,2.75,0
id:donka,id:bundes1,1,1,1,4.683333333333334,4.683333333333334,0
id:donka,id:cytokine1234,1,1,1,1.4166666666666667,1.4166666666666667,0
id:donka,id:dass592,1,1,1,3.0833333333333335,3.0833333333333335,0
id:donka,id:deportivo7,1,1,1,0.9333333333333333,0.9333333333333333,0
id:donka,id:dleoduq1234,1,1,1,1.3333333333333333,1.3333333333333333,0
id:donka,id:ejirall,1,1,1,2.5,2.5,0
id:donka,id:eufc,1,1,1,2.15,2.15,0
id:donka,id:flypcs20,1,1,1,1.8333333333333333,1.8333333333333333,0
id:donka,id:hsando1,1,1,1,1.8833333333333333,1.8833333333333333,0
id:donka,id:ifleet,1,1,1,2.5166666666666666,2.5166666666666666,0
id:donka,id:iloveyousun,1,1,1,4.266666666666667,4.266666666666667,0
id:donka,id:kduncan,1,1,1,0.65,0.65,0
id:donka,id:kicking,1,1,1,0.8166666666666667,0.8166666666666667,0
id:donka,id:kim2pac,1,1,1,0.8166666666666667,0.8166666666666667,0
id:donka,id:kiriman,1,1,1,2.8666666666666667,2.8666666666666667,0
id:donka,id:ksb7872,1,1,1,2.05,2.05,0
id:donka,id:makijeon,1,1,1,1.1666666666666667,1.1666666666666667,0
id:donka,id:minami89,1,1,1,1.3666666666666667,1.3666666666666667,0
id:donka,id:pearson19,1,1,1,0.8,0.8,0
id:donka,id:roe2k,1,1,1,4.15,4.15,0
id:donka,id:sexline,1,1,1,1.2333333333333334,1.2333333333333334,0
id:donka,id:spoops,1,1,1,3.033333333333333,3.033333333333333,0
id:donka,id:summernight,1,1,1,3.35,3.35,0
id:donka,id:thesilver,1,1,1,1.8833333333333333,1.8833333333333333,0
id:donka,id:whoshot,1,1,1,1.0833333333333333,1.0833333333333333,0
id:doochangman,id:KINGBATI,1,1,1,0.31666666666666665,0.31666666666666665,0
id:doochangman,id:adios00,1,1,1,4.016666666666667,4.016666666666667,0
id:doochangman,id:dleoduq1234,1,1,1,0.7833333333333333,0.7833333333333333,0
id:doochangman,id:rainshowerkk,1,1,1,1.3166666666666667,1.3166666666666667,0
id:doochangman,id:raul7143,1,1,1,4.016666666666667,4.016666666666667,0
id:doochangman,id:shkj22,1,1,1,3.3833333333333333,3.3833333333333333,0
id:dosa0705,id:-_-)(jj1211,1,1,1,1.8333333333333333,1.8333333333333333,0
id:dosa0705,id:FeelingGood,1,1,1,0.8166666666666667,0.8166666666666667,0
id:dosa0705,id:YoLaTengo,1,1,1,3.816666666666667,3.816666666666667,0
id:dosa0705,id:bbggkkk,1,1,1,3.6166666666666667,3.6166666666666667,0
id:dosa0705,id:dadoocom,1,1,1,1.75,1.75,0
id:dosa0705,id:doochangman,1,1,1,4.35,4.35,0
id:dosa0705,id:heherald,1,1,1,3.0,3.0,0
id:dosa0705,id:impactx84,1,1,1,0.9,0.9,0
id:dosa0705,id:modern21,1,1,1,3.466666666666667,3.466666666666667,0
id:dosa0705,id:spoops,1,1,1,2.216666666666667,2.216666666666667,0
id:dress7,id:BongGu1103,1,1,1,3.3833333333333333,3.3833333333333333,0
id:dress7,id:FeelingGood,1,1,1,0.6166666666666667,0.6166666666666667,0
id:dress7,id:bluepillz,1,1,1,4.3,4.3,0
id:dress7,id:cjhoon87,1,1,1,4.816666666666666,4.816666666666666,0
id:dress7,id:donka,1,1,1,3.1,3.1,0
id:dress7,id:jeffkent,1,1,1,2.7,2.7,0
id:dress7,id:junjung,1,1,1,2.1666666666666665,2.1666666666666665,0
id:dress7,id:minami89,1,1,1,2.25,2.25,0
id:dress7,id:yally1010,1,1,1,1.6833333333333333,1.6833333333333333,0
id:dt4evamore,id:bundes1,1,1,1,0.5166666666666667,0.5166666666666667,0
id:dt4evamore,id:donka,1,1,1,0.26666666666666666,0.26666666666666666,0
id:dt4evamore,id:luminai,1,1,1,1.0333333333333334,1.0333333333333334,0
id:dt4evamore,id:malwool,1,1,1,1.75,1.75,0
id:eclass2,id:aracra,1,1,1,4.566666666666666,4.566666666666666,0
id:eclass2,id:deportivo7,1,1,1,0.48333333333333334,0.48333333333333334,0
id:edh2och,id:FeelingGood,1,1,1,2.4166666666666665,2.4166666666666665,0
id:edh2och,id:eddie,1,1,1,2.3,2.3,0
id:edh2och,id:lh1440,1,1,1,0.8,0.8,0
id:edh2och,id:monkjm,1,1,1,2.4,2.4,0
id:edh2och,id:priport,1,1,1,1.65,1.65,0
id:edh2och,id:qiqahko,1,1,1,5.0,5.0,0
id:edh2och,id:xxvxx,1,1,1,2.3666666666666667,2.3666666666666667,0
id:ehdtks9286,id:FeelingGood,1,1,1,2.4166666666666665,2.4166666666666665,0
id:ehdtks9286,id:Ibrahima,1,1,1,4.616666666666666,4.616666666666666,0
id:ehdtks9286,id:ajh30130,1,1,1,2.0,2.0,0
id:ehdtks9286,id:ar10,1,1,1,2.35,2.35,0
id:ehdtks9286,id:dleoduq1234,1,1,1,4.066666666666666,4.066666666666666,0
id:ehdtks9286,id:doochangman,1,1,1,1.2166666666666666,1.2166666666666666,0
id:ehdtks9286,id:englfish,1,1,1,1.0166666666666666,1.0166666666666666,0
id:ehdtks9286,id:euji,1,1,1,4.416666666666667,4.416666666666667,0
id:ehdtks9286,id:fantak,1,1,1,3.433333333333333,3.433333333333333,0
id:ehdtks9286,id:filyeun2,1,1,1,2.6333333333333333,2.6333333333333333,0
id:ehdtks9286,id:iskoke,1,1,1,1.1166666666666667,1.1166666666666667,0
id:ehdtks9286,id:kapfazo,1,1,1,3.216666666666667,3.216666666666667,0
id:ehdtks9286,id:klay5587,1,1,1,4.95,4.95,0
id:ehdtks9286,id:kostanjino,1,1,1,4.883333333333334,4.883333333333334,0
id:ehdtks9286,id:life13579,1,1,1,0.9666666666666667,0.9666666666666667,0
id:ehdtks9286,id:lj0608,1,1,1,3.3833333333333333,3.3833333333333333,0
id:ehdtks9286,id:milkblue,1,1,1,4.083333333333333,4.083333333333333,0
id:ehdtks9286,id:potatochip1,1,1,1,2.95,2.95,0
id:ehdtks9286,id:press21cc,1,1,1,4.183333333333334,4.183333333333334,0
id:ehdtks9286,id:psj1905,1,1,1,1.1833333333333333,1.1833333333333333,0
id:ehdtks9286,id:raccon9942,1,1,1,2.3666666666666667,2.3666666666666667,0
id:ehdtks9286,id:raistlin1,1,1,1,3.2,3.2,0
id:ehdtks9286,id:regions,1,1,1,2.0833333333333335,2.0833333333333335,0
id:ehdtks9286,id:sdh90,1,1,1,0.9,0.9,0
id:ehdtks9286,id:sonhh,1,1,1,0.8166666666666667,0.8166666666666667,0
id:ehdtks9286,id:spoops,1,1,1,3.216666666666667,3.216666666666667,0
id:ehdtks9286,id:sta0505,1,1,1,1.6666666666666667,1.6666666666666667,0
id:ehdtks9286,id:thuyu,1,1,1,4.116666666666666,4.116666666666666,0
id:ehdtks9286,id:video34,1,1,1,1.9333333333333333,1.9333333333333333,0
id:ehdtks9286,id:whoshot,1,1,1,0.5666666666666667,0.5666666666666667,0
id:ehdtks9286,id:wnscjfl,1,1,1,0.6,0.6,0
id:ehdtks9286,id:yhtuos,1,1,1,0.8833333333333333,0.8833333333333333,0
id:ehdtks9286,id:新) 허정무(blue123,1,1,1,1.95,1.95,0
id:ehsaksk,id:KINGBATI,1,1,1,4.383333333333334,4.383333333333334,0
id:ehsaksk,id:kokomong,1,1,1,3.45,3.45,0
id:ehsaksk,id:pearson19,1,1,1,0.18333333333333332,0.18333333333333332,0
id:ehsaksk,id:progamer77,1,1,1,1.5166666666666666,1.5166666666666666,0
id:ehsaksk,id:spoops,1,1,1,2.4166666666666665,2.4166666666666665,0
id:eiskzm,id:FeelingGood,1,1,1,3.966666666666667,3.966666666666667,0
id:eiskzm,id:alfatini,1,1,1,1.4833333333333334,1.4833333333333334,0
id:eiskzm,id:bulbol,1,1,1,2.066666666666667,2.066666666666667,0
id:eiskzm,id:flamans1,1,1,1,3.033333333333333,3.033333333333333,0
id:eiskzm,id:grit,1,1,1,4.7,4.7,0
id:eiskzm,id:progamer77,1,1,1,4.016666666666667,4.016666666666667,0
id:eiskzm,id:thesilver,1,1,1,3.566666666666667,3.566666666666667,0
id:eiskzm,id:xxvxx,1,1,1,4.15,4.15,0
id:ejirall,id:-_-)(jj1211,1,1,1,2.1333333333333333,2.1333333333333333,0
id:ejirall,id:Ibrahima,1,1,1,1.8166666666666667,1.8166666666666667,0
id:ejirall,id:Volvo,1,1,1,1.9666666666666666,1.9666666666666666,0
id:ejirall,id:YoLaTengo,1,1,1,1.0166666666666666,1.0166666666666666,0
id:ejirall,id:amaai,1,1,1,0.4,0.4,0
id:ejirall,id:boba1983,1,1,1,1.5166666666666666,1.5166666666666666,0
id:ejirall,id:dhdld321,1,1,1,0.5833333333333334,0.5833333333333334,0
id:ejirall,id:dleoduq1234,1,1,1,0.7,0.7,0
id:ejirall,id:forest,1,1,1,0.9333333333333333,0.9333333333333333,0
id:ejirall,id:horizon,1,1,1,1.4833333333333334,1.4833333333333334,0
id:ejirall,id:horsedongh,1,1,1,2.966666666666667,2.966666666666667,0
id:ejirall,id:juventus82,1,1,1,1.7333333333333334,1.7333333333333334,0
id:ejirall,id:kakaka10,1,1,1,3.716666666666667,3.716666666666667,0
id:ejirall,id:kinomayu,1,1,1,4.8,4.8,0
id:ejirall,id:kiriman,1,1,1,1.3,1.3,0
id:ejirall,id:leoperiseus,1,1,1,2.25,2.25,0
id:ejirall,id:makaloni,1,1,1,2.033333333333333,2.033333333333333,0
id:ejirall,id:malwool,1,1,1,3.5,3.5,0
id:ejirall,id:modern21,1,1,1,2.8833333333333333,2.8833333333333333,0
id:ejirall,id:placebo,1,1,1,4.966666666666667,4.966666666666667,0
id:ejirall,id:progamer77,1,1,1,1.45,1.45,0
id:ejirall,id:pudingm,1,1,1,2.2,2.2,0
id:ejirall,id:riverpine,1,1,1,4.8,4.8,0
id:ejirall,id:roykie151,1,1,1,1.7333333333333334,1.7333333333333334,0
id:ejirall,id:sexline,1,1,1,1.5666666666666667,1.5666666666666667,0
id:ejirall,id:sounited13,1,1,1,3.6333333333333333,3.6333333333333333,0
id:ejirall,id:summernight,1,1,1,2.4833333333333334,2.4833333333333334,0
id:ejirall,id:umamusume,1,1,1,1.0166666666666666,1.0166666666666666,0
id:ejirall,id:video34,1,1,1,4.6,4.6,0
id:ejirall,id:whddlqlgodrl,1,1,1,1.7166666666666666,1.7166666666666666,0
id:ellen829,id:FeelingGood,1,1,1,2.0166666666666666,2.0166666666666666,0
id:ellen829,id:crazy43,1,1,1,2.216666666666667,2.216666666666667,0
id:ellen829,id:cubana,1,1,1,0.8333333333333334,0.8333333333333334,0
id:ellen829,id:darthfish,1,1,1,3.683333333333333,3.683333333333333,0
id:ellen829,id:enckdtlqkf,1,1,1,2.3666666666666667,2.3666666666666667,0
id:ellen829,id:horsedongh,1,1,1,1.8666666666666667,1.8666666666666667,0
id:ellen829,id:koreatop,1,1,1,4.05,4.05,0
id:ellen829,id:novacane,1,1,1,4.733333333333333,4.733333333333333,0
id:ellen829,id:phoenixzin,1,1,1,0.8333333333333334,0.8333333333333334,0
id:ellen829,id:press21cc,1,1,1,2.2666666666666666,2.2666666666666666,0
id:ellen829,id:sounited13,1,1,1,3.933333333333333,3.933333333333333,0
id:enckdtlqkf,id:FeelingGood,1,1,1,1.3833333333333333,1.3833333333333333,0
id:enckdtlqkf,id:coolow,1,1,1,2.95,2.95,0
id:enckdtlqkf,id:dadoocom,1,1,1,4.733333333333333,4.733333333333333,0
id:enckdtlqkf,id:hpkim90,1,1,1,2.3333333333333335,2.3333333333333335,0
id:enckdtlqkf,id:sniper0724,1,1,1,1.95,1.95,0
id:englfish,id:deportivo7,1,1,1,3.5833333333333335,3.5833333333333335,0
id:englfish,id:donka,1,1,1,0.8833333333333333,0.8833333333333333,0
id:englfish,id:impactx84,1,1,1,2.933333333333333,2.933333333333333,0
id:englfish,id:yeonrang,1,1,1,3.966666666666667,3.966666666666667,0
id:epist,id:FeelingGood,1,1,1,2.066666666666667,2.066666666666667,0
id:epist,id:bulbol,1,1,1,2.3,2.3,0
id:epist,id:cjhoon87,1,1,1,2.966666666666667,2.966666666666667,0
id:epist,id:dlawls,1,1,1,3.5833333333333335,3.5833333333333335,0
id:epist,id:dleoduq1234,1,1,1,3.9,3.9,0
id:epist,id:life13579,1,1,1,2.9833333333333334,2.9833333333333334,0
id:epist,id:okao,1,1,1,4.4,4.4,0
id:epist,id:pjhwinner,1,1,1,1.05,1.05,0
id:erai7007,id:donka,1,1,1,0.6333333333333333,0.6333333333333333,0
id:erai7007,id:impactx84,1,1,1,0.9,0.9,0
id:erai7007,id:riverpine,1,1,1,1.4833333333333334,1.4833333333333334,0
id:erec,id:FeelingGood,1,1,1,2.75,2.75,0
id:erec,id:messiya2022,1,1,1,0.6333333333333333,0.6333333333333333,0
id:eufc,id:dress7,1,1,1,0.9333333333333333,0.9333333333333333,0
id:eufc,id:ezfreest,1,1,1,1.5333333333333334,1.5333333333333334,0
id:euji,id:kaizennf,1,1,1,1.1166666666666667,1.1166666666666667,0
id:everton87,id:ellen829,1,1,1,2.533333333333333,2.533333333333333,0
id:ex400,id:masok01,1,1,1,3.4,3.4,0
id:fantak,id:PhDinssajul,1,1,1,3.683333333333333,3.683333333333333,0
id:fantak,id:Sejongutd1,1,1,1,2.75,2.75,0
id:fantak,id:ajh30130,1,1,1,2.0166666666666666,2.0166666666666666,0
id:fantak,id:artemismoon,1,1,1,1.35,1.35,0
id:fantak,id:bbaks321,1,1,1,1.6833333333333333,1.6833333333333333,0
id:fantak,id:bell72,1,1,1,3.716666666666667,3.716666666666667,0
id:fantak,id:chakagesalja,1,1,1,2.033333333333333,2.033333333333333,0
id:fantak,id:chojja,1,1,1,1.8333333333333333,1.8333333333333333,0
id:fantak,id:chun1149,1,1,1,0.5666666666666667,0.5666666666666667,0
id:fantak,id:coolow,1,1,1,2.033333333333333,2.033333333333333,0
id:fantak,id:cytokine1234,1,1,1,1.3166666666666667,1.3166666666666667,0
id:fantak,id:donka,1,1,1,0.9833333333333333,0.9833333333333333,0
id:fantak,id:doochangman,1,1,1,4.266666666666667,4.266666666666667,0
id:fantak,id:erai7007,1,1,1,2.533333333333333,2.533333333333333,0
id:fantak,id:horsedongh,1,1,1,3.9833333333333334,3.9833333333333334,0
id:fantak,id:hyeok497,1,1,1,4.4,4.4,0
id:fantak,id:joohakmoo,1,1,1,3.3833333333333333,3.3833333333333333,0
id:fantak,id:kaizennf,1,1,1,2.9833333333333334,2.9833333333333334,0
id:fantak,id:kancho87,1,1,1,4.75,4.75,0
id:fantak,id:kaoruchan,1,1,1,1.0,1.0,0
id:fantak,id:kimks0824,1,1,1,4.9,4.9,0
id:fantak,id:kuoron,1,1,1,4.75,4.75,0
id:fantak,id:lfcthismeans,1,1,1,1.5166666666666666,1.5166666666666666,0
id:fantak,id:makaloni,1,1,1,4.266666666666667,4.266666666666667,0
id:fantak,id:malwool,1,1,1,0.85,0.85,0
id:fantak,id:mycrab7,1,1,1,4.283333333333333,4.283333333333333,0
id:fantak,id:psj205,1,1,1,0.9166666666666666,0.9166666666666666,0
id:fantak,id:rea1me,1,1,1,1.5,1.5,0
id:fantak,id:redsutd7,1,1,1,2.183333333333333,2.183333333333333,0
id:fantak,id:riverpine,1,1,1,4.266666666666667,4.266666666666667,0
id:fantak,id:sdh90,1,1,1,2.033333333333333,2.033333333333333,0
id:fantak,id:snarl,1,1,1,4.266666666666667,4.266666666666667,0
id:fantak,id:solution78,1,1,1,1.85,1.85,0
id:fantak,id:sounited13,1,1,1,3.6333333333333333,3.6333333333333333,0
id:fantak,id:sta0505,1,1,1,3.8666666666666667,3.8666666666666667,0
id:fantak,id:stabbie81,1,1,1,2.783333333333333,2.783333333333333,0
id:fantak,id:thuyu,1,1,1,2.1,2.1,0
id:fantak,id:todfndl12,1,1,1,0.55,0.55,0
id:fantak,id:typoonj2,1,1,1,3.933333333333333,3.933333333333333,0
id:fantak,id:wondh84,1,1,1,2.6,2.6,0
id:fantak,id:xxvxx,1,1,1,2.066666666666667,2.066666666666667,0
id:fantak,id:yally1010,1,1,1,1.4666666666666666,1.4666666666666666,0
id:fantak,id:yhtuos,1,1,1,1.8333333333333333,1.8333333333333333,0
id:ffk12349,id:dleoduq1234,1,1,1,0.9833333333333333,0.9833333333333333,0
id:ffk12349,id:donka,1,1,1,0.9833333333333333,0.9833333333333333,0
id:ffk12349,id:ehihoho,1,1,1,2.933333333333333,2.933333333333333,0
id:ffk12349,id:piter1976,1,1,1,2.933333333333333,2.933333333333333,0
id:ffk12349,id:press21cc,1,1,1,2.566666666666667,2.566666666666667,0
id:ffk12349,id:whoshot,1,1,1,1.05,1.05,0
id:filyeun2,id:BlackEyes23,1,1,1,0.7833333333333333,0.7833333333333333,0
id:flamans1,id:100m2,1,1,1,1.65,1.65,0
id:flamans1,id:FeelingGood,1,1,1,2.8,2.8,0
id:flamans1,id:YoLaTengo,1,1,1,0.7166666666666667,0.7166666666666667,0
id:flamans1,id:bbggkkk,1,1,1,3.1333333333333333,3.1333333333333333,0
id:flamans1,id:cubana,1,1,1,1.35,1.35,0
id:flamans1,id:dleoduq1234,1,1,1,3.0166666666666666,3.0166666666666666,0
id:flamans1,id:ehdtks9286,1,1,1,1.6333333333333333,1.6333333333333333,0
id:flamans1,id:hoffenheim,1,1,1,3.15,3.15,0
id:flamans1,id:huzuphop,1,1,1,3.3333333333333335,3.3333333333333335,0
id:flamans1,id:kapfazo,1,1,1,4.483333333333333,4.483333333333333,0
id:flamans1,id:mycrab7,1,1,1,3.6166666666666667,3.6166666666666667,0
id:flamans1,id:no14henry,1,1,1,1.2666666666666666,1.2666666666666666,0
id:flamans1,id:park8305,1,1,1,1.9333333333333333,1.9333333333333333,0
id:flamans1,id:pharm92,1,1,1,3.1,3.1,0
id:flamans1,id:regions,1,1,1,0.6666666666666666,0.6666666666666666,0
id:flamans1,id:rukk7812,1,1,1,2.7666666666666666,2.7666666666666666,0
id:flamans1,id:supremebape,1,1,1,2.2666666666666666,2.2666666666666666,0
id:flamans1,id:tldpfk232,1,1,1,3.7,3.7,0
id:flamans1,id:whoshot,1,1,1,2.566666666666667,2.566666666666667,0
id:flat,id:bluepillz,1,1,1,4.733333333333333,4.733333333333333,0
id:flat,id:kaizennf,1,1,1,1.4166666666666667,1.4166666666666667,0
id:flypcs20,id:YoLaTengo,1,1,1,4.866666666666666,4.866666666666666,0
id:flypcs20,id:gay1234,1,1,1,2.466666666666667,2.466666666666667,0
id:flypcs20,id:gong586,1,1,1,2.566666666666667,2.566666666666667,0
id:flypcs20,id:jkbliv,1,1,1,4.8,4.8,0
id:flypcs20,id:okao,1,1,1,4.55,4.55,0
id:flypcs20,id:pearson19,1,1,1,4.183333333333334,4.183333333333334,0
id:flypcs20,id:sounited13,1,1,1,2.183333333333333,2.183333333333333,0
id:flypcs20,id:ulsan0101,1,1,1,1.55,1.55,0
id:fngosrkdl1,id:FeelingGood,1,1,1,0.7833333333333333,0.7833333333333333,0
id:fngosrkdl1,id:Sejongutd1,1,1,1,1.7666666666666666,1.7666666666666666,0
id:fngosrkdl1,id:cooltiger,1,1,1,4.916666666666667,4.916666666666667,0
id:fngosrkdl1,id:horizon,1,1,1,1.0166666666666666,1.0166666666666666,0
id:fngosrkdl1,id:leoperiseus,1,1,1,4.033333333333333,4.033333333333333,0
id:fngosrkdl1,id:mcraky,1,1,1,1.5166666666666666,1.5166666666666666,0
id:fngosrkdl1,id:okao,1,1,1,1.1833333333333333,1.1833333333333333,0
id:fungus,id:malwool,1,1,1,2.966666666666667,2.966666666666667,0
id:fungus,id:sexline,1,1,1,2.8,2.8,0
id:garkas86,id:dleoduq10004,1,1,1,1.8,1.8,0
id:garkas86,id:leoperiseus,1,1,1,3.3,3.3,0
id:geni0,id:FeelingGood,1,1,1,1.5666666666666667,1.5666666666666667,0
id:geni0,id:Sejongutd1,1,1,1,1.6833333333333333,1.6833333333333333,0
id:geni0,id:ajh30130,1,1,1,4.45,4.45,0
id:geni0,id:donka,1,1,1,0.55,0.55,0
id:geni0,id:hypeboy,1,1,1,1.25,1.25,0
id:geni0,id:iglaman,1,1,1,1.1833333333333333,1.1833333333333333,0
id:geni0,id:lfcthismeans,1,1,1,4.583333333333333,4.583333333333333,0
id:geni0,id:todfndl12,1,1,1,1.25,1.25,0
id:geni0,id:yally1010,1,1,1,1.1833333333333333,1.1833333333333333,0
id:geni0,id:zesus91,1,1,1,4.366666666666666,4.366666666666666,0
id:gerrard88,id:KINGBATI,1,1,1,0.4166666666666667,0.4166666666666667,0
id:gerrard88,id:ManU01,1,1,1,2.0166666666666666,2.0166666666666666,0
id:gerrard88,id:Volvo,1,1,1,3.4,3.4,0
id:gerrard88,id:consul,1,1,1,2.3,2.3,0
id:gerrard88,id:cubana,1,1,1,1.0166666666666666,1.0166666666666666,0
id:gerrard88,id:cytokine1234,1,1,1,1.9166666666666667,1.9166666666666667,0
id:gerrard88,id:dlawls,1,1,1,3.966666666666667,3.966666666666667,0
id:gerrard88,id:dleoduq1234,1,1,1,2.95,2.95,0
id:gerrard88,id:euji,1,1,1,4.233333333333333,4.233333333333333,0
id:gerrard88,id:filyeun2,1,1,1,3.2333333333333334,3.2333333333333334,0
id:gerrard88,id:impactx84,1,1,1,1.1333333333333333,1.1333333333333333,0
id:gerrard88,id:malwool,1,1,1,0.8333333333333334,0.8333333333333334,0
id:gerrard88,id:messiya2022,1,1,1,1.3833333333333333,1.3833333333333333,0
id:gerrard88,id:oasiticjoo19,1,1,1,2.033333333333333,2.033333333333333,0
id:gerrard88,id:pearson19,1,1,1,2.966666666666667,2.966666666666667,0
id:gerrard88,id:rukk7812,1,1,1,2.2666666666666666,2.2666666666666666,0
id:gerrard88,id:spoops,1,1,1,2.15,2.15,0
id:gerrard88,id:ulsan0101,1,1,1,0.8333333333333334,0.8333333333333334,0
id:gerrardfan,id:sexline,1,1,1,2.5,2.5,0
id:ggum0205,id:FeelingGood,1,1,1,1.9333333333333333,1.9333333333333333,0
id:ggum0205,id:dlawls,1,1,1,3.2666666666666666,3.2666666666666666,0
id:ggum0205,id:kaizennf,1,1,1,0.8833333333333333,0.8833333333333333,0
id:ggum0205,id:xxvxx,1,1,1,1.15,1.15,0
id:gildo33,id:Iniesta8,1,1,1,1.6166666666666667,1.6166666666666667,0
id:gildo33,id:yhtuos,1,1,1,3.966666666666667,3.966666666666667,0
id:gildo33,id:yun9h1,1,1,1,4.783333333333333,4.783333333333333,0
id:god18xx,id:FeelingGood,1,1,1,0.5833333333333334,0.5833333333333334,0
id:god18xx,id:bell72,1,1,1,4.266666666666667,4.266666666666667,0
id:god18xx,id:cytokine1234,1,1,1,2.316666666666667,2.316666666666667,0
id:god18xx,id:dleoduq1234,1,1,1,2.066666666666667,2.066666666666667,0
id:god18xx,id:gotocity1,1,1,1,4.766666666666667,4.766666666666667,0
id:god18xx,id:pearson19,1,1,1,1.5166666666666666,1.5166666666666666,0
id:god18xx,id:qnflsdl,1,1,1,3.8666666666666667,3.8666666666666667,0
id:god18xx,id:shanledz,1,1,1,1.2166666666666666,1.2166666666666666,0
id:god18xx,id:soccerlineid,1,1,1,4.0,4.0,0
id:golfking,id:cydia14,1,1,1,1.9,1.9,0
id:grit,id:BongGu1103,1,1,1,3.2666666666666666,3.2666666666666666,0
id:grit,id:bulbol,1,1,1,2.183333333333333,2.183333333333333,0
id:grit,id:cauking,1,1,1,4.566666666666666,4.566666666666666,0
id:grit,id:dhdld321,1,1,1,3.55,3.55,0
id:grit,id:dleoduq10004,1,1,1,1.5833333333333333,1.5833333333333333,0
id:grit,id:donka,1,1,1,1.45,1.45,0
id:grit,id:edh2och,1,1,1,1.7166666666666666,1.7166666666666666,0
id:grit,id:forest,1,1,1,3.8333333333333335,3.8333333333333335,0
id:grit,id:god18xx,1,1,1,2.6333333333333333,2.6333333333333333,0
id:grit,id:horizon,1,1,1,0.7833333333333333,0.7833333333333333,0
id:grit,id:jojic32,1,1,1,2.066666666666667,2.066666666666667,0
id:grit,id:lfcthismeans,1,1,1,2.85,2.85,0
id:grit,id:malwool,1,1,1,0.7666666666666667,0.7666666666666667,0
id:grit,id:pms2906,1,1,1,4.483333333333333,4.483333333333333,0
id:grit,id:psj205,1,1,1,3.3666666666666667,3.3666666666666667,0
id:grit,id:realysoccer,1,1,1,0.9,0.9,0
id:grit,id:say1673,1,1,1,4.583333333333333,4.583333333333333,0
id:grit,id:sinn556i,1,1,1,2.3833333333333333,2.3833333333333333,0
id:grit,id:sounited13,1,1,1,3.7,3.7,0
id:grit,id:toninho07,1,1,1,3.3333333333333335,3.3333333333333335,0
id:grit,id:yally1010,1,1,1,0.4166666666666667,0.4166666666666667,0
id:gum0510,id:-_-)(jj1211,1,1,1,0.9333333333333333,0.9333333333333333,0
id:gum0510,id:Clocks,1,1,1,3.216666666666667,3.216666666666667,0
id:gum0510,id:KINGBATI,1,1,1,1.3666666666666667,1.3666666666666667,0
id:gum0510,id:Tenhag,1,1,1,3.1,3.1,0
id:gum0510,id:bundes1,1,1,1,1.0166666666666666,1.0166666666666666,0
id:gum0510,id:childpicture,1,1,1,0.95,0.95,0
id:gum0510,id:cydia14,1,1,1,1.0666666666666667,1.0666666666666667,0
id:gum0510,id:dhdld321,1,1,1,2.05,2.05,0
id:gum0510,id:diminish,1,1,1,0.5333333333333333,0.5333333333333333,0
id:gum0510,id:doochangman,1,1,1,0.45,0.45,0
id:gum0510,id:fenixduke,1,1,1,2.2,2.2,0
id:gum0510,id:grit,1,1,1,3.6333333333333333,3.6333333333333333,0
id:gum0510,id:hobro,1,1,1,0.6166666666666667,0.6166666666666667,0
id:gum0510,id:hohohal1717,1,1,1,3.1,3.1,0
id:gum0510,id:horizon,1,1,1,2.7333333333333334,2.7333333333333334,0
id:gum0510,id:hpkim90,1,1,1,2.0833333333333335,2.0833333333333335,0
id:gum0510,id:hyeok497,1,1,1,1.1333333333333333,1.1333333333333333,0
id:gum0510,id:itemptu2,1,1,1,3.5833333333333335,3.5833333333333335,0
id:gum0510,id:kanoutsider,1,1,1,2.183333333333333,2.183333333333333,0
id:gum0510,id:makaloni,1,1,1,4.133333333333334,4.133333333333334,0
id:gum0510,id:masterplan5,1,1,1,4.716666666666667,4.716666666666667,0
id:gum0510,id:monkjm,1,1,1,4.7,4.7,0
id:gum0510,id:redgundam,1,1,1,2.966666666666667,2.966666666666667,0
id:gum0510,id:salrara123,1,1,1,1.6666666666666667,1.6666666666666667,0
id:gum0510,id:say1673,1,1,1,3.95,3.95,0
id:gum0510,id:sheva7,1,1,1,3.3333333333333335,3.3333333333333335,0
id:gum0510,id:thesilver,1,1,1,2.4166666666666665,2.4166666666666665,0
id:gum0510,id:tjfghksss,1,1,1,1.9666666666666666,1.9666666666666666,0
id:gum0510,id:ttkwnffj,1,1,1,1.9,1.9,0
id:gum0510,id:ulsan0101,1,1,1,1.7666666666666666,1.7666666666666666,0
id:gum0510,id:upluis,1,1,1,4.916666666666667,4.916666666666667,0
id:gum0510,id:wind1123,1,1,1,3.4166666666666665,3.4166666666666665,0
id:gum0510,id:wltlswhd,1,1,1,4.75,4.75,0
id:gum0510,id:yjs1g,1,1,1,0.35,0.35,0
id:haallolee,id:BlackEyes23,1,1,1,0.85,0.85,0
id:haallolee,id:Sejongutd1,1,1,1,2.3,2.3,0
id:haallolee,id:dleoduq1234,1,1,1,0.6666666666666666,0.6666666666666666,0
id:haallolee,id:donka,1,1,1,1.95,1.95,0
id:haallolee,id:kicking,1,1,1,4.316666666666666,4.316666666666666,0
id:haallolee,id:novacane,1,1,1,2.25,2.25,0
id:haallolee,id:spoops,1,1,1,2.6166666666666667,2.6166666666666667,0
id:hak4544,id:cjswowns1,1,1,1,3.1166666666666667,3.1166666666666667,0
id:hak4544,id:erai7007,1,1,1,4.633333333333334,4.633333333333334,0
id:hak4544,id:malwool,1,1,1,3.466666666666667,3.466666666666667,0
id:hanlobby,id:10bergi,1,1,1,2.85,2.85,0
id:hanlobby,id:againstwin80,1,1,1,4.65,4.65,0
id:hanlobby,id:asdf3202,1,1,1,4.75,4.75,0
id:hanlobby,id:bonobono234,1,1,1,4.633333333333334,4.633333333333334,0
id:hanlobby,id:cubana,1,1,1,0.9666666666666667,0.9666666666666667,0
id:hanlobby,id:flypcs20,1,1,1,1.6333333333333333,1.6333333333333333,0
id:hanlobby,id:gksckd2227,1,1,1,3.8666666666666667,3.8666666666666667,0
id:hanlobby,id:jdspitz,1,1,1,2.183333333333333,2.183333333333333,0
id:hanlobby,id:kanoutsider,1,1,1,4.666666666666667,4.666666666666667,0
id:hanlobby,id:kaoruchan,1,1,1,1.0,1.0,0
id:hanlobby,id:kimga333,1,1,1,3.566666666666667,3.566666666666667,0
id:hanlobby,id:largejin,1,1,1,0.6833333333333333,0.6833333333333333,0
id:hanlobby,id:moohootae,1,1,1,3.683333333333333,3.683333333333333,0
id:hanlobby,id:pearson19,1,1,1,0.4,0.4,0
id:hanlobby,id:potatochip1,1,1,1,1.1,1.1,0
id:hanlobby,id:psj205,1,1,1,2.65,2.65,0
id:hanlobby,id:radioshot1,1,1,1,3.466666666666667,3.466666666666667,0
id:hanlobby,id:redondor,1,1,1,4.016666666666667,4.016666666666667,0
id:hanlobby,id:sexline,1,1,1,3.9833333333333334,3.9833333333333334,0
id:hanlobby,id:shrnhoist,1,1,1,4.416666666666667,4.416666666666667,0
id:hanlobby,id:yally1010,1,1,1,1.7666666666666666,1.7666666666666666,0
id:hannavi814,id:FeelingGood,1,1,1,0.7833333333333333,0.7833333333333333,0
id:hannavi814,id:masok01,1,1,1,1.9,1.9,0
id:hannavi814,id:spoops,1,1,1,1.5833333333333333,1.5833333333333333,0
id:hannavi814,id:whoshot,1,1,1,1.6,1.6,0
id:heherald,id:donka,1,1,1,2.75,2.75,0
id:heherald,id:iloveyousun,1,1,1,1.4166666666666667,1.4166666666666667,0
id:heherald,id:kicheon,1,1,1,2.5,2.5,0
id:heherald,id:regions,1,1,1,2.35,2.35,0
id:heherald,id:trokie,1,1,1,1.8833333333333333,1.8833333333333333,0
id:heo1935,id:artemismoon,1,1,1,1.8666666666666667,1.8666666666666667,0
id:heo1935,id:bulbol,1,1,1,3.3833333333333333,3.3833333333333333,0
id:heo1935,id:bundes1,1,1,1,2.65,2.65,0
id:heo1935,id:deportivo7,1,1,1,4.633333333333334,4.633333333333334,0
id:heo1935,id:heo1935,1,1,1,3.3666666666666667,3.3666666666666667,1
id:hjs3191,id:Clocks,1,1,1,1.1166666666666667,1.1166666666666667,0
id:hjs3191,id:Sejongutd1,1,1,1,2.0166666666666666,2.0166666666666666,0
id:hjs3191,id:consul,1,1,1,2.25,2.25,0
id:hjs3191,id:eostj127,1,1,1,4.333333333333333,4.333333333333333,0
id:hjs3191,id:gosari,1,1,1,2.9,2.9,0
id:hjs3191,id:ratm0303,1,1,1,2.75,2.75,0
id:hjs3191,id:redgundam,1,1,1,1.0833333333333333,1.0833333333333333,0
id:hjs3191,id:tavares,1,1,1,2.2333333333333334,2.2333333333333334,0
id:hjs3191,id:whoshot,1,1,1,1.0,1.0,0
id:hjsa2004,id:Sejongutd1,1,1,1,3.683333333333333,3.683333333333333,0
id:hjsa2004,id:Tenhag,1,1,1,1.3833333333333333,1.3833333333333333,0
id:hjsa2004,id:adnanjanuzaj,1,1,1,4.866666666666666,4.866666666666666,0
id:hjsa2004,id:jjuhyun92,1,1,1,3.683333333333333,3.683333333333333,0
id:hjsa2004,id:kiriman,1,1,1,1.2666666666666666,1.2666666666666666,0
id:hjsa2004,id:malwool,1,1,1,1.3,1.3,0
id:hjsa2004,id:monkjm,1,1,1,1.4666666666666666,1.4666666666666666,0
id:hjsa2004,id:spoops,1,1,1,1.35,1.35,0
id:hjsa2004,id:todfndl12,1,1,1,3.216666666666667,3.216666666666667,0
id:hkwo031,id:Marshmello,1,1,1,2.8,2.8,0
id:hkwo031,id:sexline,1,1,1,2.3833333333333333,2.3833333333333333,0
id:hkwo031,id:shkj22,1,1,1,0.7166666666666667,0.7166666666666667,0
id:hkwo031,id:yun9h1,1,1,1,1.45,1.45,0
id:hobro,id:-_-)(jj1211,1,1,1,1.25,1.25,0
id:hobro,id:10bergi,1,1,1,2.183333333333333,2.183333333333333,0
id:hobro,id:KINGBATI,1,1,1,1.9166666666666667,1.9166666666666667,0
id:hobro,id:bulbol,1,1,1,1.9166666666666667,1.9166666666666667,0
id:hobro,id:bundes1,1,1,1,0.7333333333333333,0.7333333333333333,0
id:hobro,id:donka,1,1,1,0.5666666666666667,0.5666666666666667,0
id:hobro,id:gerrard88,1,1,1,0.8833333333333333,0.8833333333333333,0
id:hobro,id:gum0510,1,1,1,4.966666666666667,4.966666666666667,0
id:hobro,id:hodoeel,1,1,1,3.1166666666666667,3.1166666666666667,0
id:hobro,id:horizon,1,1,1,2.4166666666666665,2.4166666666666665,0
id:hobro,id:impactx84,1,1,1,1.4,1.4,0
id:hobro,id:kimdw22,1,1,1,0.9333333333333333,0.9333333333333333,0
id:hobro,id:luna7742,1,1,1,2.45,2.45,0
id:hobro,id:mcraky,1,1,1,2.1666666666666665,2.1666666666666665,0
id:hobro,id:megacoffee25,1,1,1,4.05,4.05,0
id:hobro,id:nox911,1,1,1,2.3833333333333333,2.3833333333333333,0
id:hobro,id:okao,1,1,1,2.3833333333333333,2.3833333333333333,0
id:hobro,id:osodos,1,1,1,3.1333333333333333,3.1333333333333333,0
id:hobro,id:pharm92,1,1,1,1.6333333333333333,1.6333333333333333,0
id:hobro,id:progamer77,1,1,1,0.9833333333333333,0.9833333333333333,0
id:hobro,id:rhcp11,1,1,1,1.8666666666666667,1.8666666666666667,0
id:hobro,id:tgibhh111,1,1,1,1.2333333333333334,1.2333333333333334,0
id:hobro,id:yhtuos,1,1,1,2.9166666666666665,2.9166666666666665,0
id:hodoeel,id:balochanda,1,1,1,2.466666666666667,2.466666666666667,0
id:hodoeel,id:cydia14,1,1,1,1.1,1.1,0
id:hodoeel,id:ddongmat,1,1,1,4.816666666666666,4.816666666666666,0
id:hodoeel,id:grit,1,1,1,3.9833333333333334,3.9833333333333334,0
id:hodoeel,id:gto14,1,1,1,2.433333333333333,2.433333333333333,0
id:hodoeel,id:junho2008,1,1,1,1.2,1.2,0
id:hodoeel,id:kaizennf,1,1,1,1.3666666666666667,1.3666666666666667,0
id:hodoeel,id:liking83,1,1,1,2.933333333333333,2.933333333333333,0
id:hodoeel,id:makaloni,1,1,1,2.533333333333333,2.533333333333333,0
id:hodoeel,id:malwool,1,1,1,1.8333333333333333,1.8333333333333333,0
id:hodoeel,id:ms3582,1,1,1,4.116666666666666,4.116666666666666,0
id:hodoeel,id:progamer77,1,1,1,4.416666666666667,4.416666666666667,0
id:hodoeel,id:sta0505,1,1,1,3.2666666666666666,3.2666666666666666,0
id:hodoeel,id:thughu,1,1,1,2.8833333333333333,2.8833333333333333,0
id:hodoeel,id:vnweq956,1,1,1,4.016666666666667,4.016666666666667,0
id:hodoeel,id:whoshot,1,1,1,2.3,2.3,0
id:hodoeel,id:xxvxx,1,1,1,2.1,2.1,0
id:hodoeel,id:yally1010,1,1,1,0.4166666666666667,0.4166666666666667,0
id:hoffenheim,id:filyeun2,1,1,1,1.45,1.45,0
id:hoffenheim,id:kim2pac,1,1,1,3.816666666666667,3.816666666666667,0
id:hoffenheim,id:monkjm,1,1,1,2.1166666666666667,2.1166666666666667,0
id:hoffenheim,id:todfndl12,1,1,1,2.3333333333333335,2.3333333333333335,0
id:hohohal1717,id:ajh30130,1,1,1,4.066666666666666,4.066666666666666,0
id:hohohal1717,id:azulyoro,1,1,1,1.9666666666666666,1.9666666666666666,0
id:hohohal1717,id:hohohal1717,1,1,1,3.5166666666666666,3.5166666666666666,1
id:hohohal1717,id:kanoutsider,1,1,1,4.55,4.55,0
id:hohohal1717,id:mhp3rd,1,1,1,0.9166666666666666,0.9166666666666666,0
id:hohohal1717,id:todfndl12,1,1,1,0.75,0.75,0
id:hohohal1717,id:wind1123,1,1,1,4.15,4.15,0
id:hokuki,id:kim2pac,1,1,1,2.9833333333333334,2.9833333333333334,0
id:hokuki,id:okao,1,1,1,0.7,0.7,0
id:hokuki,id:pearson19,1,1,1,1.4666666666666666,1.4666666666666666,0
id:hopes,id:dadoocom,1,1,1,1.9666666666666666,1.9666666666666666,0
id:hopes,id:flypcs20,1,1,1,1.85,1.85,0
id:hopes,id:grit,1,1,1,3.3666666666666667,3.3666666666666667,0
id:hopes,id:juventus82,1,1,1,3.9833333333333334,3.9833333333333334,0
id:hopes,id:masok01,1,1,1,1.7666666666666666,1.7666666666666666,0
id:hopes,id:pearson19,1,1,1,1.9833333333333334,1.9833333333333334,0
id:hopes,id:sdh90,1,1,1,2.9166666666666665,2.9166666666666665,0
id:hopes,id:vincent85,1,1,1,4.7,4.7,0
id:hopes,id:vnweq956,1,1,1,3.0833333333333335,3.0833333333333335,0
id:hopes,id:xxvxx,1,1,1,2.55,2.55,0
id:horizon,id:Clocks,1,1,1,1.35,1.35,0
id:horizon,id:KINGBATI,1,1,1,2.6,2.6,0
id:horizon,id:PhDinssajul,1,1,1,3.5166666666666666,3.5166666666666666,0
id:horizon,id:YoLaTengo,1,1,1,2.15,2.15,0
id:horizon,id:aroha86,1,1,1,2.7333333333333334,2.7333333333333334,0
id:horizon,id:bluepillz,1,1,1,4.133333333333334,4.133333333333334,0
id:horizon,id:boba1983,1,1,1,4.8,4.8,0
id:horizon,id:citable,1,1,1,0.6,0.6,0
id:horizon,id:cubana,1,1,1,2.433333333333333,2.433333333333333,0
id:horizon,id:cydia14,1,1,1,1.9166666666666667,1.9166666666666667,0
id:horizon,id:deeblue,1,1,1,0.8833333333333333,0.8833333333333333,0
id:horizon,id:diminish,1,1,1,4.983333333333333,4.983333333333333,0
id:horizon,id:doochangman,1,1,1,1.7666666666666666,1.7666666666666666,0
id:horizon,id:ehsaksk,1,1,1,0.65,0.65,0
id:horizon,id:eory24,1,1,1,2.1666666666666665,2.1666666666666665,0
id:horizon,id:footpodo,1,1,1,2.15,2.15,0
id:horizon,id:ggum0205,1,1,1,4.916666666666667,4.916666666666667,0
id:horizon,id:gong586,1,1,1,3.0,3.0,0
id:horizon,id:hobro,1,1,1,3.933333333333333,3.933333333333333,0
id:horizon,id:ifleet,1,1,1,3.8333333333333335,3.8333333333333335,0
id:horizon,id:j8wkfn,1,1,1,3.95,3.95,0
id:horizon,id:kika1985,1,1,1,2.05,2.05,0
id:horizon,id:leoperiseus,1,1,1,4.25,4.25,0
id:horizon,id:lh1440,1,1,1,4.983333333333333,4.983333333333333,0
id:horizon,id:lj0608,1,1,1,2.4833333333333334,2.4833333333333334,0
id:horizon,id:makijeon,1,1,1,2.4166666666666665,2.4166666666666665,0
id:horizon,id:mirissoul2,1,1,1,2.933333333333333,2.933333333333333,0
id:horizon,id:moohootae,1,1,1,1.85,1.85,0
id:horizon,id:nike09,1,1,1,5.0,5.0,0
id:horizon,id:nikkohadal,1,1,1,1.0166666666666666,1.0166666666666666,0
id:horizon,id:nox911,1,1,1,4.483333333333333,4.483333333333333,0
id:horizon,id:press21cc,1,1,1,4.4,4.4,0
id:horizon,id:psj205,1,1,1,2.033333333333333,2.033333333333333,0
id:horizon,id:rainshowerkk,1,1,1,1.8,1.8,0
id:horizon,id:realysoccer,1,1,1,1.2666666666666666,1.2666666666666666,0
id:horizon,id:regnier,1,1,1,0.9666666666666667,0.9666666666666667,0
id:horizon,id:say1673,1,1,1,1.4333333333333333,1.4333333333333333,0
id:horizon,id:sdh90,1,1,1,3.3666666666666667,3.3666666666666667,0
id:horizon,id:snake38,1,1,1,2.183333333333333,2.183333333333333,0
id:horizon,id:sta0505,1,1,1,1.8666666666666667,1.8666666666666667,0
id:horizon,id:supremebape,1,1,1,2.4833333333333334,2.4833333333333334,0
id:horizon,id:takeout2002,1,1,1,0.48333333333333334,0.48333333333333334,0
id:horizon,id:vincent85,1,1,1,3.75,3.75,0
id:horizon,id:whoshot,1,1,1,2.6666666666666665,2.6666666666666665,0
id:horizon,id:xxvxx,1,1,1,2.7333333333333334,2.7333333333333334,0
id:horizon,id:新) 허정무(blue123,1,1,1,1.3666666666666667,1.3666666666666667,0
id:horsedongh,id:KINGBATI,1,1,1,0.8166666666666667,0.8166666666666667,0
id:horsedongh,id:dlawls,1,1,1,3.7333333333333334,3.7333333333333334,0
id:horsedongh,id:donka,1,1,1,1.3333333333333333,1.3333333333333333,0
id:horsedongh,id:jojic32,1,1,1,4.833333333333333,4.833333333333333,0
id:horsedongh,id:kaizennf,1,1,1,0.9833333333333333,0.9833333333333333,0
id:horsedongh,id:pearson19,1,1,1,0.6,0.6,0
id:horsedongh,id:tjf12012,1,1,1,2.35,2.35,0
id:horsedongh,id:wind1123,1,1,1,2.8333333333333335,2.8333333333333335,0
id:hpkim90,id:djk6982,1,1,1,1.1333333333333333,1.1333333333333333,0
id:hs10107,id:hs10107,1,1,1,0.8333333333333334,0.8333333333333334,1
id:htht709,id:Forturn,1,1,1,3.6,3.6,0
id:htht709,id:YoLaTengo,1,1,1,1.9,1.9,0
id:htht709,id:bookae1,1,1,1,2.0,2.0,0
id:htht709,id:bundes1,1,1,1,0.43333333333333335,0.43333333333333335,0
id:htht709,id:donka,1,1,1,3.1166666666666667,3.1166666666666667,0
id:htht709,id:ejirall,1,1,1,2.2333333333333334,2.2333333333333334,0
id:htht709,id:kaizennf,1,1,1,0.4166666666666667,0.4166666666666667,0
id:htht709,id:kakaka10,1,1,1,3.566666666666667,3.566666666666667,0
id:htht709,id:kim2pac,1,1,1,4.1,4.1,0
id:htht709,id:kohs98,1,1,1,2.433333333333333,2.433333333333333,0
id:htht709,id:kuo13,1,1,1,1.7166666666666666,1.7166666666666666,0
id:htht709,id:masok01,1,1,1,4.366666666666666,4.366666666666666,0
id:htht709,id:ortega12,1,1,1,1.2333333333333334,1.2333333333333334,0
id:htht709,id:pearson19,1,1,1,0.5833333333333334,0.5833333333333334,0
id:htht709,id:progamer77,1,1,1,1.65,1.65,0
id:htht709,id:psj205,1,1,1,1.25,1.25,0
id:htht709,id:realhahaaha,1,1,1,5.0,5.0,0
id:htht709,id:regnier,1,1,1,1.1833333333333333,1.1833333333333333,0
id:htht709,id:say1673,1,1,1,1.2166666666666666,1.2166666666666666,0
id:htht709,id:sdh90,1,1,1,1.8,1.8,0
id:htht709,id:skysay7,1,1,1,2.35,2.35,0
id:htht709,id:whoshot,1,1,1,0.5833333333333334,0.5833333333333334,0
id:htht709,id:wind1123,1,1,1,4.183333333333334,4.183333333333334,0
id:htht709,id:yally1010,1,1,1,0.75,0.75,0
id:htht709,id:yeonrang,1,1,1,1.9666666666666666,1.9666666666666666,0
id:hudson8866,id:hudson8866,1,1,1,4.816666666666666,4.816666666666666,1
id:hudson8866,id:streetdog18,1,1,1,4.85,4.85,0
id:hulk,id:Clocks,1,1,1,1.6333333333333333,1.6333333333333333,0
id:hulk,id:YoLaTengo,1,1,1,3.1166666666666667,3.1166666666666667,0
id:hulk,id:cauking,1,1,1,3.65,3.65,0
id:hulk,id:deportivo7,1,1,1,1.0166666666666666,1.0166666666666666,0
id:hulk,id:filyeun2,1,1,1,3.433333333333333,3.433333333333333,0
id:hulk,id:hyeok497,1,1,1,0.7333333333333333,0.7333333333333333,0
id:hulk,id:malwool,1,1,1,2.8833333333333333,2.8833333333333333,0
id:hulk,id:masterplan5,1,1,1,3.283333333333333,3.283333333333333,0
id:hulk,id:modern21,1,1,1,4.266666666666667,4.266666666666667,0
id:hulk,id:monkjm,1,1,1,1.8833333333333333,1.8833333333333333,0
id:hulk,id:reiun,1,1,1,1.8666666666666667,1.8666666666666667,0
id:hulk,id:rukk7812,1,1,1,2.8,2.8,0
id:hulk,id:sexline,1,1,1,1.2666666666666666,1.2666666666666666,0
id:hulk,id:skosko700,1,1,1,1.0833333333333333,1.0833333333333333,0
id:hulk,id:spoops,1,1,1,0.31666666666666665,0.31666666666666665,0
id:hwangheenim,id:Bluewings21,1,1,1,1.3333333333333333,1.3333333333333333,0
id:hwangheenim,id:FeelingGood,1,1,1,3.933333333333333,3.933333333333333,0
id:hwangheenim,id:Ibrahima,1,1,1,1.0666666666666667,1.0666666666666667,0
id:hwangheenim,id:Rojiblanco,1,1,1,2.45,2.45,0
id:hwangheenim,id:coolalexx,1,1,1,2.566666666666667,2.566666666666667,0
id:hwangheenim,id:cubana,1,1,1,1.6,1.6,0
id:hwangheenim,id:destin23,1,1,1,3.15,3.15,0
id:hwangheenim,id:dewsd,1,1,1,3.1,3.1,0
id:hwangheenim,id:dleoduq1234,1,1,1,4.65,4.65,0
id:hwangheenim,id:donka,1,1,1,1.2333333333333334,1.2333333333333334,0
id:hwangheenim,id:doochangman,1,1,1,1.5833333333333333,1.5833333333333333,0
id:hwangheenim,id:hopes,1,1,1,4.75,4.75,0
id:hwangheenim,id:impactx84,1,1,1,3.8833333333333333,3.8833333333333333,0
id:hwangheenim,id:kanoutsider,1,1,1,2.5833333333333335,2.5833333333333335,0
id:hwangheenim,id:kaoruchan,1,1,1,3.15,3.15,0
id:hwangheenim,id:pearson19,1,1,1,1.7333333333333334,1.7333333333333334,0
id:hwangheenim,id:radioshot1,1,1,1,3.55,3.55,0
id:hwangheenim,id:rascol,1,1,1,3.6666666666666665,3.6666666666666665,0
id:hwangheenim,id:terry34,1,1,1,3.066666666666667,3.066666666666667,0
id:hwangheenim,id:tjfghksss,1,1,1,2.7666666666666666,2.7666666666666666,0
id:hwangheenim,id:xxvxx,1,1,1,2.683333333333333,2.683333333333333,0
id:hyeok497,id:85yang,1,1,1,1.5333333333333334,1.5333333333333334,0
id:hyeok497,id:BlackEyes23,1,1,1,3.3833333333333333,3.3833333333333333,0
id:hyeok497,id:Clocks,1,1,1,4.816666666666666,4.816666666666666,0
id:hyeok497,id:LJM1389,1,1,1,4.05,4.05,0
id:hyeok497,id:Unsee8,1,1,1,3.5833333333333335,3.5833333333333335,0
id:hyeok497,id:ajh30130,1,1,1,1.2666666666666666,1.2666666666666666,0
id:hyeok497,id:arteta8,1,1,1,2.9166666666666665,2.9166666666666665,0
id:hyeok497,id:bald80,1,1,1,3.8333333333333335,3.8333333333333335,0
id:hyeok497,id:bluepillz,1,1,1,4.066666666666666,4.066666666666666,0
id:hyeok497,id:bluewind84,1,1,1,2.933333333333333,2.933333333333333,0
id:hyeok497,id:cjhoon87,1,1,1,1.0666666666666667,1.0666666666666667,0
id:hyeok497,id:cksdn852,1,1,1,3.2,3.2,0
id:hyeok497,id:claxn7,1,1,1,2.716666666666667,2.716666666666667,0
id:hyeok497,id:colacup,1,1,1,2.033333333333333,2.033333333333333,0
id:hyeok497,id:crazycho,1,1,1,3.0166666666666666,3.0166666666666666,0
id:hyeok497,id:dadoocom,1,1,1,3.2,3.2,0
id:hyeok497,id:eiskzm,1,1,1,2.1666666666666665,2.1666666666666665,0
id:hyeok497,id:enckdtlqkf,1,1,1,0.6666666666666666,0.6666666666666666,0
id:hyeok497,id:flypcs20,1,1,1,1.6333333333333333,1.6333333333333333,0
id:hyeok497,id:gum0510,1,1,1,1.7333333333333334,1.7333333333333334,0
id:hyeok497,id:haebark,1,1,1,2.683333333333333,2.683333333333333,0
id:hyeok497,id:hulk,1,1,1,2.5166666666666666,2.5166666666666666,0
id:hyeok497,id:idnya,1,1,1,0.3333333333333333,0.3333333333333333,0
id:hyeok497,id:kaoruchan,1,1,1,2.8833333333333333,2.8833333333333333,0
id:hyeok497,id:kduncan,1,1,1,4.4,4.4,0
id:hyeok497,id:kokand1912,1,1,1,1.8833333333333333,1.8833333333333333,0
id:hyeok497,id:kostanjino,1,1,1,3.05,3.05,0
id:hyeok497,id:kyoijjoo,1,1,1,1.5166666666666666,1.5166666666666666,0
id:hyeok497,id:lj0608,1,1,1,3.95,3.95,0
id:hyeok497,id:lyong5,1,1,1,2.6166666666666667,2.6166666666666667,0
id:hyeok497,id:malwool,1,1,1,2.5166666666666666,2.5166666666666666,0
id:hyeok497,id:mansun27,1,1,1,2.6,2.6,0
id:hyeok497,id:mcraky,1,1,1,1.1666666666666667,1.1666666666666667,0
id:hyeok497,id:mendieta06,1,1,1,4.6,4.6,0
id:hyeok497,id:millano,1,1,1,2.316666666666667,2.316666666666667,0
id:hyeok497,id:mirissoul2,1,1,1,2.3666666666666667,2.3666666666666667,0
id:hyeok497,id:modern21,1,1,1,1.5,1.5,0
id:hyeok497,id:motives,1,1,1,2.3,2.3,0
id:hyeok497,id:potatochip1,1,1,1,4.266666666666667,4.266666666666667,0
id:hyeok497,id:powerslam1,1,1,1,1.8833333333333333,1.8833333333333333,0
id:hyeok497,id:riverpine,1,1,1,3.55,3.55,0
id:hyeok497,id:salrara123,1,1,1,4.583333333333333,4.583333333333333,0
id:hyeok497,id:ses2580k,1,1,1,4.883333333333334,4.883333333333334,0
id:hyeok497,id:sinn556i,1,1,1,4.483333333333333,4.483333333333333,0
id:hyeok497,id:skosko700,1,1,1,2.75,2.75,0
id:hyeok497,id:sladkgold,1,1,1,4.4,4.4,0
id:hyeok497,id:sta0505,1,1,1,1.8166666666666667,1.8166666666666667,0
id:hyeok497,id:taebari,1,1,1,3.1666666666666665,3.1666666666666665,0
id:hyeok497,id:takeout2002,1,1,1,4.333333333333333,4.333333333333333,0
id:hyeok497,id:traum0105,1,1,1,4.533333333333333,4.533333333333333,0
id:hyeok497,id:yhtuos,1,1,1,3.5166666666666666,3.5166666666666666,0
id:hypeboy,id:10bergi,1,1,1,1.4166666666666667,1.4166666666666667,0
id:hypeboy,id:Realaqua,1,1,1,3.55,3.55,0
id:hypeboy,id:againstwin80,1,1,1,3.15,3.15,0
id:hypeboy,id:boba1983,1,1,1,3.0833333333333335,3.0833333333333335,0
id:hypeboy,id:bundes1,1,1,1,2.1333333333333333,2.1333333333333333,0
id:hypeboy,id:deportivo7,1,1,1,2.566666666666667,2.566666666666667,0
id:hypeboy,id:dleoduq1234,1,1,1,1.6166666666666667,1.6166666666666667,0
id:hypeboy,id:flypcs20,1,1,1,4.483333333333333,4.483333333333333,0
id:hypeboy,id:hyeok497,1,1,1,3.8833333333333333,3.8833333333333333,0
id:hypeboy,id:kapfazo,1,1,1,2.85,2.85,0
id:hypeboy,id:kduncan,1,1,1,2.783333333333333,2.783333333333333,0
id:hypeboy,id:kim2pac,1,1,1,3.283333333333333,3.283333333333333,0
id:hypeboy,id:kokomong,1,1,1,1.3833333333333333,1.3833333333333333,0
id:hypeboy,id:leoarada,1,1,1,3.9166666666666665,3.9166666666666665,0
id:hypeboy,id:lj0608,1,1,1,4.15,4.15,0
id:hypeboy,id:minami89,1,1,1,1.3166666666666667,1.3166666666666667,0
id:hypeboy,id:modern21,1,1,1,3.566666666666667,3.566666666666667,0
id:hypeboy,id:moohootae,1,1,1,3.8833333333333333,3.8833333333333333,0
id:hypeboy,id:oasiticjoo19,1,1,1,4.966666666666667,4.966666666666667,0
id:hypeboy,id:pms2906,1,1,1,2.5833333333333335,2.5833333333333335,0
id:hypeboy,id:potatochip1,1,1,1,1.4666666666666666,1.4666666666666666,0
id:hypeboy,id:powerslam1,1,1,1,3.2333333333333334,3.2333333333333334,0
id:hypeboy,id:regnier,1,1,1,3.533333333333333,3.533333333333333,0
id:hypeboy,id:reiun,1,1,1,1.1666666666666667,1.1666666666666667,0
id:hypeboy,id:solution78,1,1,1,4.333333333333333,4.333333333333333,0
id:hypeboy,id:stabbie81,1,1,1,2.8666666666666667,2.8666666666666667,0
id:hypeboy,id:sweething109,1,1,1,3.45,3.45,0
id:hypeboy,id:todfndl12,1,1,1,0.4,0.4,0
id:hypeboy,id:toninho07,1,1,1,1.9,1.9,0
id:hypeboy,id:ulsan0101,1,1,1,2.65,2.65,0
id:hypeboy,id:yamso,1,1,1,1.3833333333333333,1.3833333333333333,0
id:hypeboy,id:yjs1g,1,1,1,1.4333333333333333,1.4333333333333333,0
id:hypeboy,id:zzkk,1,1,1,3.4833333333333334,3.4833333333333334,0
id:icarus4301,id:df2shnl,1,1,1,2.9166666666666665,2.9166666666666665,0
id:icarus4301,id:gerrard88,1,1,1,0.65,0.65,0
id:icarus4301,id:hodoeel,1,1,1,3.0166666666666666,3.0166666666666666,0
id:icarus4301,id:terry34,1,1,1,0.65,0.65,0
id:ifleet,id:FeelingGood,1,1,1,0.5,0.5,0
id:ifleet,id:bulbol,1,1,1,3.45,3.45,0
id:ifleet,id:cauking,1,1,1,4.2,4.2,0
id:ifleet,id:cytokine1234,1,1,1,0.9166666666666666,0.9166666666666666,0
id:ifleet,id:deportivo7,1,1,1,2.3,2.3,0
id:ifleet,id:hoffenheim,1,1,1,3.85,3.85,0
id:ifleet,id:hulk,1,1,1,2.783333333333333,2.783333333333333,0
id:ifleet,id:potatochip1,1,1,1,1.4,1.4,0
id:ifleet,id:spoops,1,1,1,4.016666666666667,4.016666666666667,0
id:iloveyousun,id:donka,1,1,1,0.4,0.4,0
id:iloveyousun,id:kiriman,1,1,1,0.3,0.3,0
id:iloveyousun,id:okao,1,1,1,2.0166666666666666,2.0166666666666666,0
id:iloveyousun,id:rainshowerkk,1,1,1,0.4,0.4,0
id:iloveyousun,id:tjf12012,1,1,1,1.4666666666666666,1.4666666666666666,0
id:iloveyousun,id:yally1010,1,1,1,4.5,4.5,0
id:impactx84,id:-_-)(jj1211,1,1,1,1.5833333333333333,1.5833333333333333,0
id:impactx84,id:BlackEyes23,1,1,1,2.0166666666666666,2.0166666666666666,0
id:impactx84,id:Clousewitz,1,1,1,0.9666666666666667,0.9666666666666667,0
id:impactx84,id:PaulGeorge,1,1,1,2.25,2.25,0
id:impactx84,id:TRkenochan,1,1,1,2.3666666666666667,2.3666666666666667,0
id:impactx84,id:ar10,1,1,1,4.3,4.3,0
id:impactx84,id:artemismoon,1,1,1,2.433333333333333,2.433333333333333,0
id:impactx84,id:blacktube23,1,1,1,1.3166666666666667,1.3166666666666667,0
id:impactx84,id:chicdol,1,1,1,0.6,0.6,0
id:impactx84,id:cjhoon87,1,1,1,4.383333333333334,4.383333333333334,0
id:impactx84,id:claralike123,1,1,1,1.6,1.6,0
id:impactx84,id:cydia14,1,1,1,1.2166666666666666,1.2166666666666666,0
id:impactx84,id:darkchoco,1,1,1,2.9166666666666665,2.9166666666666665,0
id:impactx84,id:darthfish,1,1,1,3.0166666666666666,3.0166666666666666,0
id:impactx84,id:dass592,1,1,1,0.9333333333333333,0.9333333333333333,0
id:impactx84,id:ddongbada,1,1,1,0.8666666666666667,0.8666666666666667,0
id:impactx84,id:destin23,1,1,1,2.7333333333333334,2.7333333333333334,0
id:impactx84,id:dkzktldk,1,1,1,3.3833333333333333,3.3833333333333333,0
id:impactx84,id:dondekman,1,1,1,1.7833333333333334,1.7833333333333334,0
id:impactx84,id:eddie,1,1,1,1.9666666666666666,1.9666666666666666,0
id:impactx84,id:ellen829,1,1,1,3.15,3.15,0
id:impactx84,id:emknud,1,1,1,2.3666666666666667,2.3666666666666667,0
id:impactx84,id:eory24,1,1,1,2.9,2.9,0
id:impactx84,id:erai7007,1,1,1,1.7,1.7,0
id:impactx84,id:goormc,1,1,1,4.0,4.0,0
id:impactx84,id:gum0510,1,1,1,1.4166666666666667,1.4166666666666667,0
id:impactx84,id:hodoeel,1,1,1,2.55,2.55,0
id:impactx84,id:horsedongh,1,1,1,1.2666666666666666,1.2666666666666666,0
id:impactx84,id:hulk,1,1,1,1.9666666666666666,1.9666666666666666,0
id:impactx84,id:iglaman,1,1,1,2.5,2.5,0
id:impactx84,id:jeep126,1,1,1,2.3333333333333335,2.3333333333333335,0
id:impactx84,id:jun2312,1,1,1,3.6666666666666665,3.6666666666666665,0
id:impactx84,id:kp5189jp,1,1,1,1.4666666666666666,1.4666666666666666,0
id:impactx84,id:ksb7872,1,1,1,1.0666666666666667,1.0666666666666667,0
id:impactx84,id:lj0608,1,1,1,2.0,2.0,0
id:impactx84,id:luna7742,1,1,1,2.6333333333333333,2.6333333333333333,0
id:impactx84,id:minami89,1,1,1,3.8833333333333333,3.8833333333333333,0
id:impactx84,id:osodos,1,1,1,3.5,3.5,0
id:impactx84,id:pharm92,1,1,1,3.2,3.2,0
id:impactx84,id:raxh,1,1,1,3.2,3.2,0
id:impactx84,id:rhcp11,1,1,1,1.3166666666666667,1.3166666666666667,0
id:impactx84,id:rngns,1,1,1,1.4333333333333333,1.4333333333333333,0
id:impactx84,id:shdqn,1,1,1,4.066666666666666,4.066666666666666,0
id:impactx84,id:sheva7,1,1,1,1.0833333333333333,1.0833333333333333,0
id:impactx84,id:simbae1,1,1,1,1.3,1.3,0
id:impactx84,id:skysay7,1,1,1,1.85,1.85,0
id:impactx84,id:soccerlineid,1,1,1,0.5,0.5,0
id:impactx84,id:supremebape,1,1,1,1.3666666666666667,1.3666666666666667,0
id:impactx84,id:tavares,1,1,1,1.2833333333333334,1.2833333333333334,0
id:impactx84,id:tftf37,1,1,1,1.7833333333333334,1.7833333333333334,0
id:impactx84,id:thesilver,1,1,1,4.933333333333334,4.933333333333334,0
id:impactx84,id:tkrhdgus1,1,1,1,3.6666666666666665,3.6666666666666665,0
id:impactx84,id:trippark,1,1,1,1.8833333333333333,1.8833333333333333,0
id:impactx84,id:typoonj2,1,1,1,0.7,0.7,0
id:impactx84,id:ulddul,1,1,1,1.1166666666666667,1.1166666666666667,0
id:impactx84,id:wenli,1,1,1,1.7333333333333334,1.7333333333333334,0
id:impactx84,id:whksrns,1,1,1,4.566666666666666,4.566666666666666,0
id:impactx84,id:wowoyeah,1,1,1,1.45,1.45,0
id:impactx84,id:yeonrang,1,1,1,2.25,2.25,0
id:impactx84,id:yhtuos,1,1,1,2.1166666666666667,2.1166666666666667,0
id:impactx84,id:新) 허정무(blue123,1,1,1,1.9333333333333333,1.9333333333333333,0
id:iskoke,id:BongGu1103,1,1,1,3.716666666666667,3.716666666666667,0
id:iskoke,id:Iniesta8,1,1,1,1.3166666666666667,1.3166666666666667,0
id:iskoke,id:KINGBATI,1,1,1,1.25,1.25,0
id:iskoke,id:dialine,1,1,1,4.65,4.65,0
id:iskoke,id:jun2312,1,1,1,1.3,1.3,0
id:iskoke,id:kiriman,1,1,1,3.066666666666667,3.066666666666667,0
id:iskoke,id:monkjm,1,1,1,4.433333333333334,4.433333333333334,0
id:iskoke,id:pms2906,1,1,1,1.6333333333333333,1.6333333333333333,0
id:iskoke,id:shrnhoist,1,1,1,4.083333333333333,4.083333333333333,0
id:iskoke,id:ulsan0101,1,1,1,0.6166666666666667,0.6166666666666667,0
id:j8wkfn,id:soccerfw16,1,1,1,3.65,3.65,0
id:jdspitz,id:bvbreus11,1,1,1,0.85,0.85,0
id:jdspitz,id:pearson19,1,1,1,0.25,0.25,0
id:jdspitz,id:whoshot,1,1,1,1.4,1.4,0
id:jeep126,id:Milner7,1,1,1,4.133333333333334,4.133333333333334,0
id:jeep126,id:bundes1,1,1,1,1.1,1.1,0
id:jeep126,id:cytokine1234,1,1,1,4.816666666666666,4.816666666666666,0
id:jeep126,id:dress7,1,1,1,3.783333333333333,3.783333333333333,0
id:jeep126,id:filyeun2,1,1,1,0.8666666666666667,0.8666666666666667,0
id:jeep126,id:hyeok497,1,1,1,4.066666666666666,4.066666666666666,0
id:jeep126,id:maybee,1,1,1,4.083333333333333,4.083333333333333,0
id:jeep126,id:okao,1,1,1,4.516666666666667,4.516666666666667,0
id:jeffkent,id:FeelingGood,1,1,1,0.5666666666666667,0.5666666666666667,0
id:jeffkent,id:Pacojung102,1,1,1,4.066666666666666,4.066666666666666,0
id:jeffkent,id:Yeste,1,1,1,3.35,3.35,0
id:jeffkent,id:chakagesalja,1,1,1,1.1166666666666667,1.1166666666666667,0
id:jeffkent,id:crouch,1,1,1,1.5833333333333333,1.5833333333333333,0
id:jeffkent,id:dlawls,1,1,1,1.0166666666666666,1.0166666666666666,0
id:jeffkent,id:ehsaksk,1,1,1,1.7166666666666666,1.7166666666666666,0
id:jeffkent,id:feeder00,1,1,1,3.45,3.45,0
id:jeffkent,id:finishking,1,1,1,1.8166666666666667,1.8166666666666667,0
id:jeffkent,id:flareburst,1,1,1,1.25,1.25,0
id:jeffkent,id:footballge,1,1,1,2.1166666666666667,2.1166666666666667,0
id:jeffkent,id:mhp3rd,1,1,1,2.1166666666666667,2.1166666666666667,0
id:jeffkent,id:mirissoul2,1,1,1,1.45,1.45,0
id:jeffkent,id:monkjm,1,1,1,1.6833333333333333,1.6833333333333333,0
id:jeffkent,id:raistlin1,1,1,1,2.6333333333333333,2.6333333333333333,0
id:jeffkent,id:sadyguru,1,1,1,1.1833333333333333,1.1833333333333333,0
id:jeffkent,id:wind1123,1,1,1,3.3833333333333333,3.3833333333333333,0
id:jeffkent,id:yeonrang,1,1,1,0.9333333333333333,0.9333333333333333,0
id:jejajj9,id:ajh30130,1,1,1,0.9666666666666667,0.9666666666666667,0
id:jejajj9,id:dleoduq1234,1,1,1,0.5,0.5,0
id:jejajj9,id:jun2312,1,1,1,1.0166666666666666,1.0166666666666666,0
id:jejajj9,id:kicking,1,1,1,1.7833333333333334,1.7833333333333334,0
id:jejajj9,id:lfcthismeans,1,1,1,1.6833333333333333,1.6833333333333333,0
id:jejajj9,id:mirissoul2,1,1,1,3.533333333333333,3.533333333333333,0
id:jejajj9,id:rukk7812,1,1,1,4.283333333333333,4.283333333333333,0
id:jejajj9,id:tkrldh,1,1,1,4.45,4.45,0
id:jejajj9,id:todfndl12,1,1,1,0.6666666666666666,0.6666666666666666,0
id:jejajj9,id:vincent85,1,1,1,4.433333333333334,4.433333333333334,0
id:jejajj9,id:woobo,1,1,1,1.9166666666666667,1.9166666666666667,0
id:jinydesign,id:Rojiblanco,1,1,1,1.3833333333333333,1.3833333333333333,0
id:jinydesign,id:Tenhag,1,1,1,2.0,2.0,0
id:jinydesign,id:ar10,1,1,1,4.883333333333334,4.883333333333334,0
id:jinydesign,id:malwool,1,1,1,1.8166666666666667,1.8166666666666667,0
id:jiyoun1227,id:donka,1,1,1,2.5,2.5,0
id:jiyoun1227,id:impactx84,1,1,1,3.35,3.35,0
id:jj1211,id:FeelingGood,1,1,1,4.266666666666667,4.266666666666667,0
id:jj1211,id:chun1149,1,1,1,2.1,2.1,0
id:jj1211,id:cytokine1234,1,1,1,2.216666666666667,2.216666666666667,0
id:jj1211,id:ehsaksk,1,1,1,2.283333333333333,2.283333333333333,0
id:jj1211,id:ejirall,1,1,1,3.4,3.4,0
id:jj1211,id:erai7007,1,1,1,0.36666666666666664,0.36666666666666664,0
id:jj1211,id:hypeboy,1,1,1,1.1666666666666667,1.1666666666666667,0
id:jj1211,id:jeffkent,1,1,1,0.8,0.8,0
id:jj1211,id:loblue208,1,1,1,3.6166666666666667,3.6166666666666667,0
id:jj1211,id:mirissoul2,1,1,1,2.95,2.95,0
id:jj1211,id:oasiticjoo19,1,1,1,3.45,3.45,0
id:jj1211,id:okao,1,1,1,1.6,1.6,0
id:jj1211,id:placebo,1,1,1,4.95,4.95,0
id:jj1211,id:psj205,1,1,1,0.48333333333333334,0.48333333333333334,0
id:jj1211,id:radioshot1,1,1,1,0.8,0.8,0
id:jj1211,id:regions,1,1,1,2.1333333333333333,2.1333333333333333,0
id:jj1211,id:spoops,1,1,1,1.0333333333333334,1.0333333333333334,0
id:jj1211,id:sta0505,1,1,1,3.65,3.65,0
id:jj1211,id:stabbie81,1,1,1,1.2666666666666666,1.2666666666666666,0
id:jj1211,id:tjf12012,1,1,1,3.716666666666667,3.716666666666667,0
id:jj1211,id:v1004ses,1,1,1,1.6333333333333333,1.6333333333333333,0
id:jj1211,id:新) 허정무(blue123,1,1,1,0.5166666666666667,0.5166666666666667,0
id:jk3254792,id:aisiteru99,1,1,1,2.533333333333333,2.533333333333333,0
id:jk3254792,id:milkblue,1,1,1,0.9833333333333333,0.9833333333333333,0
id:jojic32,id:endingx,1,1,1,1.1,1.1,0
id:joohakmoo,id:Bluewings21,1,1,1,1.4,1.4,0
id:joohakmoo,id:Ibisevic,1,1,1,2.1,2.1,0
id:joohakmoo,id:Webhead,1,1,1,3.6,3.6,0
id:joohakmoo,id:ajh30130,1,1,1,0.9166666666666666,0.9166666666666666,0
id:joohakmoo,id:bbggkkk,1,1,1,1.1333333333333333,1.1333333333333333,0
id:joohakmoo,id:coolow,1,1,1,4.65,4.65,0
id:joohakmoo,id:dleoduq1234,1,1,1,1.8333333333333333,1.8333333333333333,0
id:joohakmoo,id:flareburst,1,1,1,1.5666666666666667,1.5666666666666667,0
id:joohakmoo,id:god18xx,1,1,1,3.183333333333333,3.183333333333333,0
id:joohakmoo,id:hodoeel,1,1,1,1.7666666666666666,1.7666666666666666,0
id:joohakmoo,id:kiriman,1,1,1,1.6166666666666667,1.6166666666666667,0
id:joohakmoo,id:malwool,1,1,1,1.4,1.4,0
id:joohakmoo,id:no14henry,1,1,1,1.55,1.55,0
id:joohakmoo,id:placebo,1,1,1,1.75,1.75,0
id:joohakmoo,id:press21cc,1,1,1,3.95,3.95,0
id:joohakmoo,id:regions,1,1,1,1.2166666666666666,1.2166666666666666,0
id:joohakmoo,id:rera,1,1,1,4.383333333333334,4.383333333333334,0
id:joohakmoo,id:spaceload1,1,1,1,2.216666666666667,2.216666666666667,0
id:joohakmoo,id:sta0505,1,1,1,2.0,2.0,0
id:joohakmoo,id:taz79,1,1,1,3.5833333333333335,3.5833333333333335,0
id:joohakmoo,id:thughu,1,1,1,3.2666666666666666,3.2666666666666666,0
id:joohakmoo,id:whoshot,1,1,1,0.6833333333333333,0.6833333333333333,0
id:joohakmoo,id:yhtuos,1,1,1,0.8666666666666667,0.8666666666666667,0
id:jordineducas,id:hsando1,1,1,1,2.0833333333333335,2.0833333333333335,0
id:jordineducas,id:impactx84,1,1,1,4.533333333333333,4.533333333333333,0
id:jordineducas,id:tkrldh,1,1,1,1.1333333333333333,1.1333333333333333,0
id:jseric,id:chun1149,1,1,1,0.5833333333333334,0.5833333333333334,0
id:jseric,id:donka,1,1,1,0.38333333333333336,0.38333333333333336,0
id:jseric,id:sexline,1,1,1,0.7666666666666667,0.7666666666666667,0
id:jun2312,id:Milner7,1,1,1,3.433333333333333,3.433333333333333,0
id:jun2312,id:cytokine1234,1,1,1,1.5333333333333334,1.5333333333333334,0
id:jun2312,id:dadoocom,1,1,1,0.8833333333333333,0.8833333333333333,0
id:jun2312,id:djsi,1,1,1,2.6166666666666667,2.6166666666666667,0
id:jun2312,id:gracepark31,1,1,1,3.4833333333333334,3.4833333333333334,0
id:jun2312,id:hmhgood,1,1,1,2.5833333333333335,2.5833333333333335,0
id:jun2312,id:hohohal1717,1,1,1,3.566666666666667,3.566666666666667,0
id:jun2312,id:hopes,1,1,1,1.1833333333333333,1.1833333333333333,0
id:jun2312,id:hpkim90,1,1,1,2.6166666666666667,2.6166666666666667,0
id:jun2312,id:jdspitz,1,1,1,3.966666666666667,3.966666666666667,0
id:jun2312,id:largejin,1,1,1,2.4166666666666665,2.4166666666666665,0
id:jun2312,id:makijeon,1,1,1,2.85,2.85,0
id:jun2312,id:malwool,1,1,1,0.5333333333333333,0.5333333333333333,0
id:jun2312,id:monkjm,1,1,1,3.0166666666666666,3.0166666666666666,0
id:jun2312,id:progamer77,1,1,1,0.75,0.75,0
id:jun2312,id:rainshowerkk,1,1,1,3.05,3.05,0
id:jun2312,id:say1673,1,1,1,0.7833333333333333,0.7833333333333333,0
id:jun2312,id:sossos,1,1,1,2.3,2.3,0
id:jun2312,id:taebari,1,1,1,4.166666666666667,4.166666666666667,0
id:jun2312,id:tkrhdgus1,1,1,1,1.8,1.8,0
id:jun2312,id:yally1010,1,1,1,1.2833333333333334,1.2833333333333334,0
id:junice98,id:bluepillz,1,1,1,3.2,3.2,0
id:junice98,id:cubana,1,1,1,4.266666666666667,4.266666666666667,0
id:junice98,id:donka,1,1,1,0.5666666666666667,0.5666666666666667,0
id:junice98,id:leoperiseus,1,1,1,2.85,2.85,0
id:junice98,id:malwool,1,1,1,1.6333333333333333,1.6333333333333333,0
id:junjung,id:juventus82,1,1,1,4.783333333333333,4.783333333333333,0
id:juventus82,id:BongGu1103,1,1,1,4.383333333333334,4.383333333333334,0
id:juventus82,id:Dawin0107,1,1,1,2.3833333333333333,2.3833333333333333,0
id:juventus82,id:KINGBATI,1,1,1,3.533333333333333,3.533333333333333,0
id:juventus82,id:cydia14,1,1,1,1.6166666666666667,1.6166666666666667,0
id:juventus82,id:eddie,1,1,1,1.6333333333333333,1.6333333333333333,0
id:juventus82,id:ehsaksk,1,1,1,3.9,3.9,0
id:juventus82,id:endingx,1,1,1,4.116666666666666,4.116666666666666,0
id:juventus82,id:hinboong,1,1,1,3.9833333333333334,3.9833333333333334,0
id:juventus82,id:hpkim90,1,1,1,3.2333333333333334,3.2333333333333334,0
id:juventus82,id:minami89,1,1,1,1.0333333333333334,1.0333333333333334,0
id:juventus82,id:oldslave,1,1,1,1.15,1.15,0
id:juventus82,id:placebo,1,1,1,2.6666666666666665,2.6666666666666665,0
id:juventus82,id:progamer77,1,1,1,2.6333333333333333,2.6333333333333333,0
id:juventus82,id:rhcp11,1,1,1,4.083333333333333,4.083333333333333,0
id:juventus82,id:roykie151,1,1,1,1.0666666666666667,1.0666666666666667,0
id:juventus82,id:seriouskhj,1,1,1,3.7,3.7,0
id:juventus82,id:sexline,1,1,1,1.75,1.75,0
id:juventus82,id:spoops,1,1,1,1.5166666666666666,1.5166666666666666,0
id:juventus82,id:tkrldh,1,1,1,3.2666666666666666,3.2666666666666666,0
id:juventus82,id:xxvxx,1,1,1,0.8166666666666667,0.8166666666666667,0
id:kaizennf,id:10bergi,1,1,1,2.1166666666666667,2.1166666666666667,0
id:kaizennf,id:BlackEyes23,1,1,1,1.7166666666666666,1.7166666666666666,0
id:kaizennf,id:Bluewings21,1,1,1,1.45,1.45,0
id:kaizennf,id:DKisKing,1,1,1,0.6333333333333333,0.6333333333333333,0
id:kaizennf,id:Necovv,1,1,1,1.9666666666666666,1.9666666666666666,0
id:kaizennf,id:ajh30130,1,1,1,3.7333333333333334,3.7333333333333334,0
id:kaizennf,id:donka,1,1,1,0.31666666666666665,0.31666666666666665,0
id:kaizennf,id:erai7007,1,1,1,3.433333333333333,3.433333333333333,0
id:kaizennf,id:flypcs20,1,1,1,4.05,4.05,0
id:kaizennf,id:kekekor,1,1,1,2.1,2.1,0
id:kaizennf,id:maelsy99,1,1,1,4.033333333333333,4.033333333333333,0
id:kaizennf,id:makaloni,1,1,1,3.816666666666667,3.816666666666667,0
id:kaizennf,id:mirissoul2,1,1,1,4.916666666666667,4.916666666666667,0
id:kaizennf,id:nicehost1234,1,1,1,2.816666666666667,2.816666666666667,0
id:kaizennf,id:purelife,1,1,1,3.283333333333333,3.283333333333333,0
id:kaizennf,id:realysoccer,1,1,1,2.1166666666666667,2.1166666666666667,0
id:kaizennf,id:spoops,1,1,1,1.7333333333333334,1.7333333333333334,0
id:kaizennf,id:summernight,1,1,1,3.2333333333333334,3.2333333333333334,0
id:kaizennf,id:ulsan0101,1,1,1,1.3333333333333333,1.3333333333333333,0
id:kakaka10,id:KINGBATI,1,1,1,3.683333333333333,3.683333333333333,0
id:kakaka10,id:blue5365,1,1,1,3.7333333333333334,3.7333333333333334,0
id:kakaka10,id:donka,1,1,1,0.65,0.65,0
id:kakaka10,id:masok01,1,1,1,0.8333333333333334,0.8333333333333334,0
id:kakaka10,id:todfndl12,1,1,1,0.6833333333333333,0.6833333333333333,0
id:kakaka10,id:whoshot,1,1,1,0.6333333333333333,0.6333333333333333,0
id:kanginmom,id:bbggkkk,1,1,1,4.533333333333333,4.533333333333333,0
id:kanginmom,id:bookae1,1,1,1,2.966666666666667,2.966666666666667,0
id:kanginmom,id:cytokine1234,1,1,1,1.4,1.4,0
id:kanginmom,id:destin23,1,1,1,4.783333333333333,4.783333333333333,0
id:kanginmom,id:gum0510,1,1,1,2.9833333333333334,2.9833333333333334,0
id:kanginmom,id:malwool,1,1,1,1.15,1.15,0
id:kanginmom,id:progamer77,1,1,1,1.1833333333333333,1.1833333333333333,0
id:kanginmom,id:spoops,1,1,1,2.1333333333333333,2.1333333333333333,0
id:kanginmom,id:todfndl12,1,1,1,2.1666666666666665,2.1666666666666665,0
id:kanginmom,id:whddlqlgodrl,1,1,1,2.0,2.0,0
id:kanoutsider,id:FeelingGood,1,1,1,0.6166666666666667,0.6166666666666667,0
id:kanoutsider,id:donka,1,1,1,2.8666666666666667,2.8666666666666667,0
id:kanoutsider,id:juventus82,1,1,1,3.1666666666666665,3.1666666666666665,0
id:kanoutsider,id:naco16,1,1,1,4.966666666666667,4.966666666666667,0
id:kaoruchan,id:10bergi,1,1,1,3.0,3.0,0
id:kaoruchan,id:ManU01,1,1,1,3.816666666666667,3.816666666666667,0
id:kaoruchan,id:bbggkkk,1,1,1,0.7833333333333333,0.7833333333333333,0
id:kaoruchan,id:dleoduq10004,1,1,1,3.5,3.5,0
id:kaoruchan,id:dleoduq1234,1,1,1,1.7833333333333334,1.7833333333333334,0
id:kaoruchan,id:donka,1,1,1,2.816666666666667,2.816666666666667,0
id:kaoruchan,id:flamans1,1,1,1,2.1666666666666665,2.1666666666666665,0
id:kaoruchan,id:flareburst,1,1,1,1.0833333333333333,1.0833333333333333,0
id:kaoruchan,id:impactx84,1,1,1,0.5,0.5,0
id:kaoruchan,id:monkjm,1,1,1,2.9,2.9,0
id:kaoruchan,id:roykie151,1,1,1,1.2333333333333334,1.2333333333333334,0
id:kaoruchan,id:stynerkn,1,1,1,0.5833333333333334,0.5833333333333334,0
id:kaoruchan,id:whoshot,1,1,1,4.733333333333333,4.733333333333333,0
id:keias1024,id:bulbol,1,1,1,3.1,3.1,0
id:keias1024,id:cydia14,1,1,1,3.6166666666666667,3.6166666666666667,0
id:keias1024,id:dadoocom,1,1,1,1.4333333333333333,1.4333333333333333,0
id:keias1024,id:dewsd,1,1,1,3.6666666666666665,3.6666666666666665,0
id:keias1024,id:dleoduq1234,1,1,1,3.95,3.95,0
id:keias1024,id:kakaka10,1,1,1,1.4166666666666667,1.4166666666666667,0
id:keias1024,id:kicking,1,1,1,1.9166666666666667,1.9166666666666667,0
id:keias1024,id:leoperiseus,1,1,1,1.7666666666666666,1.7666666666666666,0
id:keias1024,id:modern21,1,1,1,2.1,2.1,0
id:keias1024,id:regnier,1,1,1,1.4166666666666667,1.4166666666666667,0
id:keias1024,id:sbw1249,1,1,1,1.6,1.6,0
id:keias1024,id:taz79,1,1,1,1.2666666666666666,1.2666666666666666,0
id:keias1024,id:whoshot,1,1,1,0.7666666666666667,0.7666666666666667,0
id:keias1024,id:woobo,1,1,1,2.3833333333333333,2.3833333333333333,0
id:kenochanTR,id:bulbol,1,1,1,2.4166666666666665,2.4166666666666665,0
id:kenochanTR,id:dlawls,1,1,1,1.2666666666666666,1.2666666666666666,0
id:kenochanTR,id:dleoduq10004,1,1,1,0.85,0.85,0
id:kenochanTR,id:dleoduq1234,1,1,1,2.566666666666667,2.566666666666667,0
id:kenochanTR,id:eddie,1,1,1,0.35,0.35,0
id:kenochanTR,id:fantak,1,1,1,1.9833333333333334,1.9833333333333334,0
id:kenochanTR,id:impactx84,1,1,1,0.65,0.65,0
id:kenochanTR,id:jejajj9,1,1,1,1.9666666666666666,1.9666666666666666,0
id:kenochanTR,id:kenochanTR,1,1,1,2.2333333333333334,2.2333333333333334,1
id:kenochanTR,id:pearson19,1,1,1,1.1166666666666667,1.1166666666666667,0
id:kenochanTR,id:sounited13,1,1,1,1.0333333333333334,1.0333333333333334,0
id:kenochanTR,id:taz79,1,1,1,0.6,0.6,0
id:kenochanTR,id:ulsan0101,1,1,1,1.0,1.0,0
id:kglite,id:cubana,1,1,1,3.5166666666666666,3.5166666666666666,0
id:kglite,id:hopes,1,1,1,3.3333333333333335,3.3333333333333335,0
id:kglite,id:lfcthismeans,1,1,1,1.7833333333333334,1.7833333333333334,0
id:kglite,id:masok01,1,1,1,2.65,2.65,0
id:kglite,id:progamer77,1,1,1,1.9166666666666667,1.9166666666666667,0
id:kglite,id:rukk7812,1,1,1,0.6333333333333333,0.6333333333333333,0
id:khy80,id:cytokine1234,1,1,1,3.75,3.75,0
id:khy80,id:godthepixel,1,1,1,3.5,3.5,0
id:khy80,id:life13579,1,1,1,3.3,3.3,0
id:khy80,id:moohootae,1,1,1,2.4833333333333334,2.4833333333333334,0
id:khy80,id:radioshot1,1,1,1,0.8166666666666667,0.8166666666666667,0
id:khy80,id:whoshot,1,1,1,0.45,0.45,0
id:kicheon,id:dleoduq1234,1,1,1,3.25,3.25,0
id:kicheon,id:eddie,1,1,1,3.466666666666667,3.466666666666667,0
id:kicheon,id:forest,1,1,1,2.2666666666666666,2.2666666666666666,0
id:killy,id:FeelingGood,1,1,1,2.2333333333333334,2.2333333333333334,0
id:killy,id:hypeboy,1,1,1,3.65,3.65,0
id:kim2pac,id:Ibrahima,1,1,1,3.783333333333333,3.783333333333333,0
id:kim2pac,id:bulbol,1,1,1,1.55,1.55,0
id:kim2pac,id:casione,1,1,1,4.9,4.9,0
id:kim2pac,id:deportivo7,1,1,1,2.1,2.1,0
id:kim2pac,id:dleoduq1234,1,1,1,1.6333333333333333,1.6333333333333333,0
id:kim2pac,id:donka,1,1,1,0.5166666666666667,0.5166666666666667,0
id:kim2pac,id:eddie,1,1,1,3.216666666666667,3.216666666666667,0
id:kim2pac,id:euji,1,1,1,4.416666666666667,4.416666666666667,0
id:kim2pac,id:hoffenheim,1,1,1,2.2666666666666666,2.2666666666666666,0
id:kim2pac,id:horizon,1,1,1,4.683333333333334,4.683333333333334,0
id:kim2pac,id:hypeboy,1,1,1,4.283333333333333,4.283333333333333,0
id:kim2pac,id:progamer77,1,1,1,1.5166666666666666,1.5166666666666666,0
id:kim2pac,id:roe2k,1,1,1,2.35,2.35,0
id:kim2pac,id:wheotjd1,1,1,1,1.05,1.05,0
id:kim2pac,id:yhtuos,1,1,1,0.7833333333333333,0.7833333333333333,0
id:kimdel77,id:Mkisduchang,1,1,1,2.2666666666666666,2.2666666666666666,0
id:kimdel77,id:blacktube23,1,1,1,1.4666666666666666,1.4666666666666666,0
id:kimdel77,id:boba1983,1,1,1,3.6,3.6,0
id:kimdel77,id:bundes1,1,1,1,0.95,0.95,0
id:kimdel77,id:cydia14,1,1,1,0.85,0.85,0
id:kimdel77,id:dleoduq1234,1,1,1,0.75,0.75,0
id:kimdel77,id:gerrard88,1,1,1,1.8166666666666667,1.8166666666666667,0
id:kimdel77,id:kaizennf,1,1,1,3.65,3.65,0
id:kimdel77,id:kiriman,1,1,1,2.5166666666666666,2.5166666666666666,0
id:kimdel77,id:malwool,1,1,1,1.9833333333333334,1.9833333333333334,0
id:kimdel77,id:okao,1,1,1,4.266666666666667,4.266666666666667,0
id:kimdel77,id:tkzjfkdlsd,1,1,1,1.45,1.45,0
id:kimdel77,id:wondh84,1,1,1,0.5166666666666667,0.5166666666666667,0
id:kimpo,id:BlackEyes23,1,1,1,2.533333333333333,2.533333333333333,0
id:kimpo,id:MementoMori,1,1,1,4.4,4.4,0
id:kimpo,id:Milner7,1,1,1,3.216666666666667,3.216666666666667,0
id:kimpo,id:artemismoon,1,1,1,2.316666666666667,2.316666666666667,0
id:kimpo,id:chun1149,1,1,1,2.283333333333333,2.283333333333333,0
id:kimpo,id:dbsdudbsdu,1,1,1,3.6,3.6,0
id:kimpo,id:donka,1,1,1,4.05,4.05,0
id:kimpo,id:mhp3rd,1,1,1,1.1,1.1,0
id:kimpo,id:sexline,1,1,1,2.466666666666667,2.466666666666667,0
id:kimpo,id:stabbie81,1,1,1,2.95,2.95,0
id:kimpo,id:stynerkn,1,1,1,3.216666666666667,3.216666666666667,0
id:kimpo,id:summernight,1,1,1,4.733333333333333,4.733333333333333,0
id:kiriman,id:FeelingGood,1,1,1,1.4833333333333334,1.4833333333333334,0
id:kiriman,id:ajh30130,1,1,1,1.2333333333333334,1.2333333333333334,0
id:kiriman,id:cytokine1234,1,1,1,0.8666666666666667,0.8666666666666667,0
id:kiriman,id:dadoocom,1,1,1,2.1333333333333333,2.1333333333333333,0
id:kiriman,id:deportivo7,1,1,1,0.9166666666666666,0.9166666666666666,0
id:kiriman,id:forest,1,1,1,4.5,4.5,0
id:kiriman,id:kicking,1,1,1,1.9833333333333334,1.9833333333333334,0
id:kiriman,id:kiriman,1,1,1,2.05,2.05,1
id:kiriman,id:kuo13,1,1,1,0.9666666666666667,0.9666666666666667,0
id:kiriman,id:lfcthismeans,1,1,1,0.43333333333333335,0.43333333333333335,0
id:kiriman,id:makaloni,1,1,1,2.7666666666666666,2.7666666666666666,0
id:kiriman,id:masok01,1,1,1,1.2166666666666666,1.2166666666666666,0
id:kiriman,id:messiya2022,1,1,1,3.1,3.1,0
id:kiriman,id:minami89,1,1,1,1.2,1.2,0
id:kiriman,id:radioshot1,1,1,1,3.35,3.35,0
id:kiriman,id:raul7143,1,1,1,4.033333333333333,4.033333333333333,0
id:kiriman,id:realysoccer,1,1,1,2.533333333333333,2.533333333333333,0
id:kiriman,id:sinjjang,1,1,1,4.566666666666666,4.566666666666666,0
id:kiriman,id:snakeheads,1,1,1,2.8,2.8,0
id:kiriman,id:tjfghksss,1,1,1,1.1166666666666667,1.1166666666666667,0
id:kiriman,id:todfndl12,1,1,1,1.1333333333333333,1.1333333333333333,0
id:kiriman,id:whoshot,1,1,1,1.5833333333333333,1.5833333333333333,0
id:kiriman,id:yoon4859,1,1,1,4.333333333333333,4.333333333333333,0
id:kjk2880,id:dlawls,1,1,1,4.6,4.6,0
id:kjk2880,id:kaoruchan,1,1,1,3.3333333333333335,3.3333333333333335,0
id:kkpf1004,id:klay5587,1,1,1,2.2,2.2,0
id:kkt1216,id:Tenhag,1,1,1,0.38333333333333336,0.38333333333333336,0
id:kkt1216,id:donka,1,1,1,0.5666666666666667,0.5666666666666667,0
id:kkt1216,id:grimes,1,1,1,2.283333333333333,2.283333333333333,0
id:kkt1216,id:sexline,1,1,1,1.3166666666666667,1.3166666666666667,0
id:kkt1216,id:whoshot,1,1,1,1.9833333333333334,1.9833333333333334,0
id:klay5587,id:bonobono234,1,1,1,0.9166666666666666,0.9166666666666666,0
id:klay5587,id:cytokine1234,1,1,1,2.3333333333333335,2.3333333333333335,0
id:klay5587,id:makijeon,1,1,1,3.433333333333333,3.433333333333333,0
id:klay5587,id:mirissoul2,1,1,1,0.8666666666666667,0.8666666666666667,0
id:klay5587,id:stabbie81,1,1,1,2.4833333333333334,2.4833333333333334,0
id:klopp1104,id:dadoocom,1,1,1,3.25,3.25,0
id:klopp1104,id:donka,1,1,1,3.783333333333333,3.783333333333333,0
id:klopp1104,id:spoops,1,1,1,1.05,1.05,0
id:koaie123,id:Ibisevic,1,1,1,3.033333333333333,3.033333333333333,0
id:koaie123,id:KINGBATI,1,1,1,0.9833333333333333,0.9833333333333333,0
id:koaie123,id:bonobono234,1,1,1,3.8666666666666667,3.8666666666666667,0
id:koaie123,id:kiriman,1,1,1,1.3166666666666667,1.3166666666666667,0
id:koaie123,id:kokand1912,1,1,1,0.8833333333333333,0.8833333333333333,0
id:koaie123,id:leekh01,1,1,1,3.033333333333333,3.033333333333333,0
id:koaie123,id:pearson19,1,1,1,0.75,0.75,0
id:koaie123,id:rainshowerkk,1,1,1,0.8666666666666667,0.8666666666666667,0
id:koaie123,id:rhcp11,1,1,1,1.8,1.8,0
id:koaie123,id:rukk7812,1,1,1,2.283333333333333,2.283333333333333,0
id:koaie123,id:tjfghksss,1,1,1,3.3333333333333335,3.3333333333333335,0
id:koaie123,id:whoshot,1,1,1,2.3833333333333333,2.3833333333333333,0
id:kohs98,id:FeelingGood,1,1,1,1.9,1.9,0
id:kohs98,id:dadoocom,1,1,1,1.3166666666666667,1.3166666666666667,0
id:kohs98,id:ddongbada,1,1,1,4.35,4.35,0
id:kohs98,id:dlawls,1,1,1,0.8333333333333334,0.8333333333333334,0
id:kohs98,id:masok01,1,1,1,2.8,2.8,0
id:kohs98,id:radioshot1,1,1,1,2.933333333333333,2.933333333333333,0
id:kohs98,id:rkdtks87,1,1,1,1.7166666666666666,1.7166666666666666,0
id:kokomong,id:Ibrahima,1,1,1,1.2,1.2,0
id:kokomong,id:Mukari07,1,1,1,1.1666666666666667,1.1666666666666667,0
id:kokomong,id:Tenhag,1,1,1,1.1166666666666667,1.1166666666666667,0
id:kokomong,id:Volvo,1,1,1,2.2,2.2,0
id:kokomong,id:YoLaTengo,1,1,1,2.966666666666667,2.966666666666667,0
id:kokomong,id:ajh30130,1,1,1,1.0,1.0,0
id:kokomong,id:amaai,1,1,1,1.1333333333333333,1.1333333333333333,0
id:kokomong,id:bluepillz,1,1,1,3.4,3.4,0
id:kokomong,id:dleoduq10004,1,1,1,4.5,4.5,0
id:kokomong,id:ehsaksk,1,1,1,1.2333333333333334,1.2333333333333334,0
id:kokomong,id:eufc,1,1,1,1.8666666666666667,1.8666666666666667,0
id:kokomong,id:flypcs20,1,1,1,3.35,3.35,0
id:kokomong,id:forest,1,1,1,4.05,4.05,0
id:kokomong,id:juventus82,1,1,1,3.066666666666667,3.066666666666667,0
id:kokomong,id:kapfazo,1,1,1,2.0833333333333335,2.0833333333333335,0
id:kokomong,id:kiriman,1,1,1,3.1333333333333333,3.1333333333333333,0
id:kokomong,id:kjkim9612,1,1,1,0.55,0.55,0
id:kokomong,id:lj0608,1,1,1,1.85,1.85,0
id:kokomong,id:masok01,1,1,1,2.1333333333333333,2.1333333333333333,0
id:kokomong,id:metalgear,1,1,1,1.7166666666666666,1.7166666666666666,0
id:kokomong,id:roykie151,1,1,1,1.6666666666666667,1.6666666666666667,0
id:kokomong,id:seriousjoo,1,1,1,3.85,3.85,0
id:kokomong,id:sounited13,1,1,1,2.1166666666666667,2.1166666666666667,0
id:kokomong,id:stynerkn,1,1,1,3.6333333333333333,3.6333333333333333,0
id:kokomong,id:tftf37,1,1,1,1.45,1.45,0
id:kokomong,id:tjdqhrehd,1,1,1,4.9,4.9,0
id:kokomong,id:tjfghksss,1,1,1,1.1833333333333333,1.1833333333333333,0
id:kokomong,id:trippark,1,1,1,2.2333333333333334,2.2333333333333334,0
id:kokomong,id:ttkwnffj,1,1,1,3.9833333333333334,3.9833333333333334,0
id:kokomong,id:typoonj2,1,1,1,1.1166666666666667,1.1166666666666667,0
id:kokomong,id:ulsan0101,1,1,1,0.9666666666666667,0.9666666666666667,0
id:kokomong,id:video34,1,1,1,1.7,1.7,0
id:kokomong,id:yhtuos,1,1,1,2.5166666666666666,2.5166666666666666,0
id:kokomong,id:yoshiki2,1,1,1,4.466666666666667,4.466666666666667,0
id:kokomong,id:zxcvbnm00765,1,1,1,1.6666666666666667,1.6666666666666667,0
id:kopluke,id:Bluewings21,1,1,1,3.966666666666667,3.966666666666667,0
id:kopluke,id:aroha86,1,1,1,1.0666666666666667,1.0666666666666667,0
id:kopluke,id:edh2och,1,1,1,0.38333333333333336,0.38333333333333336,0
id:kopluke,id:kimdel77,1,1,1,3.4,3.4,0
id:korea1943,id:KINGBATI,1,1,1,2.0,2.0,0
id:korea1943,id:htht709,1,1,1,2.8833333333333333,2.8833333333333333,0
id:korea1943,id:kiriman,1,1,1,2.716666666666667,2.716666666666667,0
id:korea1943,id:mcraky,1,1,1,4.083333333333333,4.083333333333333,0
id:kp5189jp,id:bugfix,1,1,1,2.8833333333333333,2.8833333333333333,0
id:kp5189jp,id:dewsd,1,1,1,1.7833333333333334,1.7833333333333334,0
id:kp5189jp,id:donka,1,1,1,0.6333333333333333,0.6333333333333333,0
id:kp5189jp,id:flareburst,1,1,1,3.7,3.7,0
id:kp5189jp,id:zxcvbnm00765,1,1,1,4.9,4.9,0
id:ksydqtj,id:malwool,1,1,1,1.5833333333333333,1.5833333333333333,0
id:kuo13,id:Necovv,1,1,1,1.05,1.05,0
id:kuo13,id:cubana,1,1,1,1.5833333333333333,1.5833333333333333,0
id:kuo13,id:donka,1,1,1,0.95,0.95,0
id:kuo13,id:yhtuos,1,1,1,0.55,0.55,0
id:kuoron,id:Clousewitz,1,1,1,4.266666666666667,4.266666666666667,0
id:kuoron,id:Sejongutd1,1,1,1,1.7833333333333334,1.7833333333333334,0
id:kuoron,id:cytokine1234,1,1,1,3.0166666666666666,3.0166666666666666,0
id:kuoron,id:ddongmat,1,1,1,1.6,1.6,0
id:kuoron,id:dialine,1,1,1,3.15,3.15,0
id:kuoron,id:erai7007,1,1,1,3.7,3.7,0
id:kuoron,id:malwool,1,1,1,0.8166666666666667,0.8166666666666667,0
id:kuoron,id:sdh90,1,1,1,1.5,1.5,0
id:kyoijjoo,id:cubana,1,1,1,0.85,0.85,0
id:kyoijjoo,id:destin23,1,1,1,0.6333333333333333,0.6333333333333333,0
id:kyoijjoo,id:flamans1,1,1,1,2.7,2.7,0
id:kyoijjoo,id:kaoruchan,1,1,1,0.75,0.75,0
id:kyoijjoo,id:kimdw22,1,1,1,1.1833333333333333,1.1833333333333333,0
id:kyoijjoo,id:kyoijjoo,1,1,1,0.7166666666666667,0.7166666666666667,1
id:kyoijjoo,id:naco16,1,1,1,2.2333333333333334,2.2333333333333334,0
id:kyul1107,id:sonhh,1,1,1,3.6166666666666667,3.6166666666666667,0
id:lee5,id:tldpfk232,1,1,1,2.5,2.5,0
id:leed7584,id:benben,1,1,1,4.05,4.05,0
id:leed7584,id:iloveyousun,1,1,1,4.516666666666667,4.516666666666667,0
id:leed7584,id:kore200,1,1,1,2.033333333333333,2.033333333333333,0
id:leed7584,id:okao,1,1,1,0.8166666666666667,0.8166666666666667,0
id:leed7584,id:sdh90,1,1,1,1.0833333333333333,1.0833333333333333,0
id:leed7584,id:tkrldh,1,1,1,2.816666666666667,2.816666666666667,0
id:leoarada,id:htht709,1,1,1,0.7,0.7,0
id:leoarada,id:maya0501,1,1,1,3.3,3.3,0
id:leoarada,id:progamer77,1,1,1,3.9166666666666665,3.9166666666666665,0
id:leoarada,id:rkarlaos1,1,1,1,3.5166666666666666,3.5166666666666666,0
id:leoarada,id:spoops,1,1,1,1.3333333333333333,1.3333333333333333,0
id:leoarada,id:tgibhh111,1,1,1,1.9166666666666667,1.9166666666666667,0
id:leoarada,id:yhtuos,1,1,1,3.5,3.5,0
id:leoperiseus,id:-_-)(jj1211,1,1,1,1.0666666666666667,1.0666666666666667,0
id:leoperiseus,id:KINGBATI,1,1,1,1.85,1.85,0
id:leoperiseus,id:Sejongutd1,1,1,1,3.2,3.2,0
id:leoperiseus,id:bell72,1,1,1,3.683333333333333,3.683333333333333,0
id:leoperiseus,id:bulbol,1,1,1,2.683333333333333,2.683333333333333,0
id:leoperiseus,id:bvbreus11,1,1,1,1.4,1.4,0
id:leoperiseus,id:cauking,1,1,1,4.116666666666666,4.116666666666666,0
id:leoperiseus,id:cytokine1234,1,1,1,2.3833333333333333,2.3833333333333333,0
id:leoperiseus,id:ddmcd,1,1,1,1.5833333333333333,1.5833333333333333,0
id:leoperiseus,id:demosor333,1,1,1,1.25,1.25,0
id:leoperiseus,id:dlawls,1,1,1,2.9,2.9,0
id:leoperiseus,id:dleoduq1234,1,1,1,1.65,1.65,0
id:leoperiseus,id:erec,1,1,1,2.783333333333333,2.783333333333333,0
id:leoperiseus,id:fantak,1,1,1,2.8333333333333335,2.8333333333333335,0
id:leoperiseus,id:makijeon,1,1,1,3.183333333333333,3.183333333333333,0
id:leoperiseus,id:malwool,1,1,1,1.7666666666666666,1.7666666666666666,0
id:leoperiseus,id:milkblue,1,1,1,2.15,2.15,0
id:leoperiseus,id:modern21,1,1,1,4.4,4.4,0
id:leoperiseus,id:okao,1,1,1,2.1333333333333333,2.1333333333333333,0
id:leoperiseus,id:pearson19,1,1,1,1.3666666666666667,1.3666666666666667,0
id:leoperiseus,id:umamusume,1,1,1,3.8,3.8,0
id:lfcthismeans,id:Clocks,1,1,1,1.7666666666666666,1.7666666666666666,0
id:lfcthismeans,id:Tenhag,1,1,1,1.6833333333333333,1.6833333333333333,0
id:lfcthismeans,id:chun1149,1,1,1,4.666666666666667,4.666666666666667,0
id:lfcthismeans,id:consul,1,1,1,4.366666666666666,4.366666666666666,0
id:lfcthismeans,id:csh1194,1,1,1,2.1666666666666665,2.1666666666666665,0
id:lfcthismeans,id:djsi,1,1,1,3.0,3.0,0
id:lfcthismeans,id:ehihoho,1,1,1,0.8833333333333333,0.8833333333333333,0
id:lfcthismeans,id:fantak,1,1,1,4.6,4.6,0
id:lfcthismeans,id:hobro,1,1,1,1.0166666666666666,1.0166666666666666,0
id:lfcthismeans,id:kicking,1,1,1,1.9,1.9,0
id:lfcthismeans,id:kiriman,1,1,1,2.45,2.45,0
id:lfcthismeans,id:kuo13,1,1,1,4.616666666666666,4.616666666666666,0
id:lfcthismeans,id:leed7584,1,1,1,1.4333333333333333,1.4333333333333333,0
id:lfcthismeans,id:loblue208,1,1,1,4.816666666666666,4.816666666666666,0
id:lfcthismeans,id:millano,1,1,1,2.5166666666666666,2.5166666666666666,0
id:lfcthismeans,id:oasiticjoo19,1,1,1,3.9166666666666665,3.9166666666666665,0
id:lfcthismeans,id:osodos,1,1,1,4.35,4.35,0
id:lfcthismeans,id:rainshowerkk,1,1,1,4.45,4.45,0
id:lfcthismeans,id:reiun,1,1,1,2.5,2.5,0
id:lfcthismeans,id:roykie151,1,1,1,4.783333333333333,4.783333333333333,0
id:lfcthismeans,id:sdh90,1,1,1,4.433333333333334,4.433333333333334,0
id:lfcthismeans,id:simbae1,1,1,1,1.0666666666666667,1.0666666666666667,0
id:lfcthismeans,id:slayerluna,1,1,1,1.15,1.15,0
id:lfcthismeans,id:sounited13,1,1,1,0.9333333333333333,0.9333333333333333,0
id:lfcthismeans,id:tkrhdgus1,1,1,1,3.5,3.5,0
id:lfcthismeans,id:vnweq956,1,1,1,4.816666666666666,4.816666666666666,0
id:lfcthismeans,id:wheotjd1,1,1,1,2.55,2.55,0
id:lfcthismeans,id:wind1123,1,1,1,3.4,3.4,0
id:lfcthismeans,id:woobo,1,1,1,1.85,1.85,0
id:lh1440,id:bluepillz,1,1,1,2.4833333333333334,2.4833333333333334,0
id:lh1440,id:say1673,1,1,1,4.316666666666666,4.316666666666666,0
id:lh1440,id:zram,1,1,1,4.333333333333333,4.333333333333333,0
id:lhw8694,id:cubana,1,1,1,3.85,3.85,0
id:lhw8694,id:donka,1,1,1,2.566666666666667,2.566666666666667,0
id:life13579,id:BongGu1103,1,1,1,2.2666666666666666,2.2666666666666666,0
id:life13579,id:Ibrahima,1,1,1,3.5166666666666666,3.5166666666666666,0
id:life13579,id:cubana,1,1,1,5.0,5.0,0
id:life13579,id:dleoduq1234,1,1,1,2.0,2.0,0
id:life13579,id:donka,1,1,1,1.75,1.75,0
id:life13579,id:ex400,1,1,1,1.9166666666666667,1.9166666666666667,0
id:life13579,id:flamans1,1,1,1,4.083333333333333,4.083333333333333,0
id:life13579,id:kicking,1,1,1,3.8333333333333335,3.8333333333333335,0
id:life13579,id:lfcthismeans,1,1,1,1.8833333333333333,1.8833333333333333,0
id:life13579,id:malwool,1,1,1,4.483333333333333,4.483333333333333,0
id:life13579,id:megacoffee25,1,1,1,4.716666666666667,4.716666666666667,0
id:life13579,id:oasiticjoo19,1,1,1,2.6,2.6,0
id:life13579,id:pearson19,1,1,1,0.8333333333333334,0.8333333333333334,0
id:life13579,id:potatochip1,1,1,1,0.9833333333333333,0.9833333333333333,0
id:life13579,id:redondor,1,1,1,1.6666666666666667,1.6666666666666667,0
id:liking83,id:KINGBATI,1,1,1,4.75,4.75,0
id:liking83,id:ManU01,1,1,1,3.8333333333333335,3.8333333333333335,0
id:liking83,id:Milner7,1,1,1,3.05,3.05,0
id:liking83,id:Mukari07,1,1,1,2.9,2.9,0
id:liking83,id:dleoduq10004,1,1,1,2.75,2.75,0
id:lj0608,id:BongGu1103,1,1,1,3.9,3.9,0
id:lj0608,id:FeelingGood,1,1,1,0.8,0.8,0
id:lj0608,id:YoLaTengo,1,1,1,3.066666666666667,3.066666666666667,0
id:lj0608,id:adios00,1,1,1,2.8666666666666667,2.8666666666666667,0
id:lj0608,id:aht1324,1,1,1,3.1333333333333333,3.1333333333333333,0
id:lj0608,id:bluepillz,1,1,1,4.816666666666666,4.816666666666666,0
id:lj0608,id:cooltiger,1,1,1,1.5166666666666666,1.5166666666666666,0
id:lj0608,id:ddongbada,1,1,1,1.3166666666666667,1.3166666666666667,0
id:lj0608,id:dlawls,1,1,1,1.6666666666666667,1.6666666666666667,0
id:lj0608,id:dleoduq10004,1,1,1,1.9666666666666666,1.9666666666666666,0
id:lj0608,id:dosa0705,1,1,1,1.8,1.8,0
id:lj0608,id:ehdtks9286,1,1,1,1.75,1.75,0
id:lj0608,id:epist,1,1,1,0.8166666666666667,0.8166666666666667,0
id:lj0608,id:gerrard88,1,1,1,0.7666666666666667,0.7666666666666667,0
id:lj0608,id:hkwo031,1,1,1,4.233333333333333,4.233333333333333,0
id:lj0608,id:hobro,1,1,1,1.2,1.2,0
id:lj0608,id:hopes,1,1,1,0.4,0.4,0
id:lj0608,id:impactx84,1,1,1,1.25,1.25,0
id:lj0608,id:kiriman,1,1,1,2.3666666666666667,2.3666666666666667,0
id:lj0608,id:malwool,1,1,1,1.9833333333333334,1.9833333333333334,0
id:lj0608,id:modern21,1,1,1,1.8166666666666667,1.8166666666666667,0
id:lj0608,id:monkjm,1,1,1,1.8,1.8,0
id:lj0608,id:nox911,1,1,1,2.566666666666667,2.566666666666667,0
id:lj0608,id:pearson19,1,1,1,0.7333333333333333,0.7333333333333333,0
id:lj0608,id:placebo,1,1,1,1.7,1.7,0
id:lj0608,id:potatochip1,1,1,1,1.95,1.95,0
id:lj0608,id:pucrinyesir,1,1,1,2.55,2.55,0
id:lj0608,id:raul7143,1,1,1,4.916666666666667,4.916666666666667,0
id:lj0608,id:recnow,1,1,1,0.48333333333333334,0.48333333333333334,0
id:lj0608,id:rkdtks87,1,1,1,1.55,1.55,0
id:lj0608,id:sexline,1,1,1,0.95,0.95,0
id:lj0608,id:sinn556i,1,1,1,2.8833333333333333,2.8833333333333333,0
id:lj0608,id:ulsan0101,1,1,1,0.5166666666666667,0.5166666666666667,0
id:lj0608,id:umamusume,1,1,1,3.05,3.05,0
id:lj0608,id:whoshot,1,1,1,1.5166666666666666,1.5166666666666666,0
id:lj0608,id:yjs1g,1,1,1,1.5,1.5,0
id:lj0608,id:zerg3253,1,1,1,3.3833333333333333,3.3833333333333333,0
id:lovedavich,id:bundes1,1,1,1,3.4,3.4,0
id:lovedavich,id:dhdld321,1,1,1,1.75,1.75,0
id:lovedavich,id:hoffenheim,1,1,1,2.433333333333333,2.433333333333333,0
id:lovedavich,id:kim2pac,1,1,1,3.4833333333333334,3.4833333333333334,0
id:lovedavich,id:lfcthismeans,1,1,1,3.55,3.55,0
id:lovedavich,id:sounited13,1,1,1,1.1166666666666667,1.1166666666666667,0
id:luminai,id:KINGBATI,1,1,1,2.816666666666667,2.816666666666667,0
id:luminai,id:Tenhag,1,1,1,2.7666666666666666,2.7666666666666666,0
id:luminai,id:bonobono234,1,1,1,2.2,2.2,0
id:luminai,id:cauking,1,1,1,4.2,4.2,0
id:luminai,id:chakagesalja,1,1,1,2.0833333333333335,2.0833333333333335,0
id:luminai,id:dleoduq1234,1,1,1,0.6333333333333333,0.6333333333333333,0
id:luminai,id:gum0510,1,1,1,4.416666666666667,4.416666666666667,0
id:luminai,id:hoffenheim,1,1,1,0.8333333333333334,0.8333333333333334,0
id:luminai,id:kanoutsider,1,1,1,4.65,4.65,0
id:luminai,id:kapfazo,1,1,1,4.25,4.25,0
id:luminai,id:kokomong,1,1,1,1.35,1.35,0
id:luminai,id:whoshot,1,1,1,1.4333333333333333,1.4333333333333333,0
id:luna7742,id:FeelingGood,1,1,1,2.6,2.6,0
id:luna7742,id:Ibrahima,1,1,1,4.0,4.0,0
id:luna7742,id:amaai,1,1,1,0.95,0.95,0
id:luna7742,id:bookae1,1,1,1,4.283333333333333,4.283333333333333,0
id:luna7742,id:cauking,1,1,1,3.15,3.15,0
id:luna7742,id:chakagesalja,1,1,1,2.533333333333333,2.533333333333333,0
id:luna7742,id:colacup,1,1,1,2.05,2.05,0
id:luna7742,id:dadoocom,1,1,1,3.8333333333333335,3.8333333333333335,0
id:luna7742,id:dhdld321,1,1,1,0.5833333333333334,0.5833333333333334,0
id:luna7742,id:filyeun2,1,1,1,0.6333333333333333,0.6333333333333333,0
id:luna7742,id:htht709,1,1,1,3.216666666666667,3.216666666666667,0
id:luna7742,id:hypeboy,1,1,1,1.0166666666666666,1.0166666666666666,0
id:luna7742,id:kimks0824,1,1,1,1.2666666666666666,1.2666666666666666,0
id:luna7742,id:kings,1,1,1,2.9166666666666665,2.9166666666666665,0
id:luna7742,id:kokomong,1,1,1,1.3666666666666667,1.3666666666666667,0
id:luna7742,id:malwool,1,1,1,3.9166666666666665,3.9166666666666665,0
id:luna7742,id:mirissoul2,1,1,1,4.35,4.35,0
id:luna7742,id:pearson19,1,1,1,2.8,2.8,0
id:luna7742,id:press21cc,1,1,1,3.15,3.15,0
id:luna7742,id:raul7143,1,1,1,0.9666666666666667,0.9666666666666667,0
id:luna7742,id:rukk7812,1,1,1,0.9666666666666667,0.9666666666666667,0
id:luna7742,id:sexline,1,1,1,4.233333333333333,4.233333333333333,0
id:luna7742,id:sossos,1,1,1,1.85,1.85,0
id:luna7742,id:whddlqlgodrl,1,1,1,0.4,0.4,0
id:luna7742,id:whoshot,1,1,1,0.9166666666666666,0.9166666666666666,0
id:luna7742,id:zenic7,1,1,1,1.9833333333333334,1.9833333333333334,0
id:maelsy99,id:cytokine1234,1,1,1,1.6166666666666667,1.6166666666666667,0
id:maelsy99,id:edh2och,1,1,1,1.55,1.55,0
id:maelsy99,id:iglaman,1,1,1,1.9166666666666667,1.9166666666666667,0
id:maelsy99,id:modern21,1,1,1,1.4666666666666666,1.4666666666666666,0
id:maelsy99,id:monkjm,1,1,1,4.266666666666667,4.266666666666667,0
id:maelsy99,id:pearson19,1,1,1,4.2,4.2,0
id:maelsy99,id:timediver,1,1,1,4.05,4.05,0
id:makaloni,id:Sejongutd1,1,1,1,1.3666666666666667,1.3666666666666667,0
id:makaloni,id:bell72,1,1,1,2.183333333333333,2.183333333333333,0
id:makaloni,id:cauking,1,1,1,4.333333333333333,4.333333333333333,0
id:makaloni,id:destin23,1,1,1,3.033333333333333,3.033333333333333,0
id:makaloni,id:donka,1,1,1,0.43333333333333335,0.43333333333333335,0
id:makaloni,id:dt4evamore,1,1,1,3.3,3.3,0
id:makaloni,id:garkas86,1,1,1,2.5166666666666666,2.5166666666666666,0
id:makaloni,id:grit,1,1,1,3.15,3.15,0
id:makaloni,id:progamer77,1,1,1,2.7333333333333334,2.7333333333333334,0
id:makaloni,id:sexline,1,1,1,1.5333333333333334,1.5333333333333334,0
id:makaloni,id:spoops,1,1,1,2.1,2.1,0
id:makijeon,id:FeelingGood,1,1,1,4.1,4.1,0
id:makijeon,id:bulbol,1,1,1,4.383333333333334,4.383333333333334,0
id:makijeon,id:flareburst,1,1,1,2.15,2.15,0
id:makijeon,id:kicking,1,1,1,4.166666666666667,4.166666666666667,0
id:makijeon,id:makijeon,1,1,1,3.95,3.95,1
id:makijeon,id:malwool,1,1,1,4.783333333333333,4.783333333333333,0
id:makijeon,id:progamer77,1,1,1,2.6333333333333333,2.6333333333333333,0
id:makijeon,id:sexline,1,1,1,3.4833333333333334,3.4833333333333334,0
id:makijeon,id:whoshot,1,1,1,2.5166666666666666,2.5166666666666666,0
id:malwool,id:Clocks,1,1,1,1.2,1.2,0
id:malwool,id:KINGBATI,1,1,1,0.7666666666666667,0.7666666666666667,0
id:malwool,id:bulbol,1,1,1,4.3,4.3,0
id:malwool,id:bundes1,1,1,1,0.3,0.3,0
id:malwool,id:cafetango,1,1,1,1.25,1.25,0
id:malwool,id:choissi,1,1,1,3.2666666666666666,3.2666666666666666,0
id:malwool,id:cytokine1234,1,1,1,4.516666666666667,4.516666666666667,0
id:malwool,id:dadoocom,1,1,1,2.65,2.65,0
id:malwool,id:jun2312,1,1,1,0.7833333333333333,0.7833333333333333,0
id:malwool,id:kimida2005,1,1,1,1.05,1.05,0
id:malwool,id:kokomong,1,1,1,0.9333333333333333,0.9333333333333333,0
id:malwool,id:lfcthismeans,1,1,1,0.6833333333333333,0.6833333333333333,0
id:malwool,id:life13579,1,1,1,1.1666666666666667,1.1666666666666667,0
id:malwool,id:masok01,1,1,1,4.416666666666667,4.416666666666667,0
id:malwool,id:minami89,1,1,1,1.8833333333333333,1.8833333333333333,0
id:malwool,id:progamer77,1,1,1,2.033333333333333,2.033333333333333,0
id:malwool,id:rukk7812,1,1,1,2.0,2.0,0
id:malwool,id:say1673,1,1,1,2.4,2.4,0
id:malwool,id:tjfghksss,1,1,1,1.15,1.15,0
id:malwool,id:todfndl12,1,1,1,1.05,1.05,0
id:malwool,id:zkdltmffks,1,1,1,2.75,2.75,0
id:masok01,id:FeelingGood,1,1,1,1.0666666666666667,1.0666666666666667,0
id:masok01,id:Volvo,1,1,1,2.0,2.0,0
id:masok01,id:deportivo7,1,1,1,2.4833333333333334,2.4833333333333334,0
id:masok01,id:donka,1,1,1,1.0,1.0,0
id:masok01,id:horizon,1,1,1,2.6,2.6,0
id:masok01,id:kicheon,1,1,1,2.2666666666666666,2.2666666666666666,0
id:masok01,id:nas1984,1,1,1,4.466666666666667,4.466666666666667,0
id:masok01,id:realysoccer,1,1,1,3.0,3.0,0
id:masok01,id:ulsan0101,1,1,1,3.7333333333333334,3.7333333333333334,0
id:masterplan5,id:FeelingGood,1,1,1,1.1,1.1,0
id:masterplan5,id:Ibrahima,1,1,1,4.1,4.1,0
id:masterplan5,id:Milner7,1,1,1,3.3,3.3,0
id:masterplan5,id:YoLaTengo,1,1,1,5.0,5.0,0
id:masterplan5,id:cytokine1234,1,1,1,4.85,4.85,0
id:masterplan5,id:eddie,1,1,1,4.466666666666667,4.466666666666667,0
id:masterplan5,id:footpodo,1,1,1,3.5833333333333335,3.5833333333333335,0
id:masterplan5,id:geni0,1,1,1,3.7666666666666666,3.7666666666666666,0
id:masterplan5,id:hobro,1,1,1,1.3833333333333333,1.3833333333333333,0
id:masterplan5,id:pharm92,1,1,1,3.15,3.15,0
id:masterplan5,id:seungman98,1,1,1,4.45,4.45,0
id:maybee,id:Ibrahima,1,1,1,1.1166666666666667,1.1166666666666667,0
id:maybee,id:hobro,1,1,1,2.533333333333333,2.533333333333333,0
id:maybee,id:impactx84,1,1,1,1.7666666666666666,1.7666666666666666,0
id:maybee,id:spoops,1,1,1,2.2666666666666666,2.2666666666666666,0
id:maybee,id:zero080,1,1,1,2.65,2.65,0
id:mcraky,id:donka,1,1,1,0.7833333333333333,0.7833333333333333,0
id:mcraky,id:kokomong,1,1,1,0.7333333333333333,0.7333333333333333,0
id:mcraky,id:tjfghksss,1,1,1,0.6666666666666666,0.6666666666666666,0
id:mcraky,id:woobo,1,1,1,1.8333333333333333,1.8333333333333333,0
id:meaningless,id:KINGBATI,1,1,1,2.0833333333333335,2.0833333333333335,0
id:meaningless,id:artemismoon,1,1,1,3.0,3.0,0
id:meaningless,id:spiderman91,1,1,1,2.8,2.8,0
id:meaningless,id:whoshot,1,1,1,1.4,1.4,0
id:megacoffee25,id:YoLaTengo,1,1,1,0.95,0.95,0
id:megacoffee25,id:dleoduq1234,1,1,1,1.65,1.65,0
id:megacoffee25,id:donka,1,1,1,0.6666666666666666,0.6666666666666666,0
id:megacoffee25,id:dress7,1,1,1,4.633333333333334,4.633333333333334,0
id:megacoffee25,id:ejrwls91,1,1,1,4.533333333333333,4.533333333333333,0
id:megacoffee25,id:emknud,1,1,1,2.3333333333333335,2.3333333333333335,0
id:megacoffee25,id:iloveyousun,1,1,1,4.516666666666667,4.516666666666667,0
id:megacoffee25,id:impactx84,1,1,1,2.1166666666666667,2.1166666666666667,0
id:megacoffee25,id:kakaka10,1,1,1,3.2666666666666666,3.2666666666666666,0
id:megacoffee25,id:pms2906,1,1,1,1.2,1.2,0
id:megacoffee25,id:sounited13,1,1,1,0.9166666666666666,0.9166666666666666,0
id:megacoffee25,id:whoshot,1,1,1,0.48333333333333334,0.48333333333333334,0
id:megacoffee25,id:zxcvbnm00765,1,1,1,3.3,3.3,0
id:messiya2022,id:amadirty,1,1,1,0.43333333333333335,0.43333333333333335,0
id:messiya2022,id:bookae1,1,1,1,4.483333333333333,4.483333333333333,0
id:messiya2022,id:cytokine1234,1,1,1,4.866666666666666,4.866666666666666,0
id:messiya2022,id:donka,1,1,1,1.3333333333333333,1.3333333333333333,0
id:messiya2022,id:gum0510,1,1,1,2.1,2.1,0
id:messiya2022,id:hodoeel,1,1,1,3.6666666666666665,3.6666666666666665,0
id:messiya2022,id:hypeboy,1,1,1,2.3333333333333335,2.3333333333333335,0
id:messiya2022,id:rascol,1,1,1,4.55,4.55,0
id:messiya2022,id:solution78,1,1,1,1.6,1.6,0
id:messiya2022,id:summernight,1,1,1,1.6,1.6,0
id:mhp3rd,id:10bergi,1,1,1,2.55,2.55,0
id:mhp3rd,id:childpicture,1,1,1,4.0,4.0,0
id:mhp3rd,id:cytokine1234,1,1,1,4.183333333333334,4.183333333333334,0
id:mhp3rd,id:dlawls,1,1,1,3.75,3.75,0
id:mhp3rd,id:jojic32,1,1,1,3.1166666666666667,3.1166666666666667,0
id:mhp3rd,id:kduncan,1,1,1,0.8166666666666667,0.8166666666666667,0
id:mhp3rd,id:klay5587,1,1,1,3.4833333333333334,3.4833333333333334,0
id:mhp3rd,id:kokomong,1,1,1,2.55,2.55,0
id:mhp3rd,id:rokafryu,1,1,1,4.933333333333334,4.933333333333334,0
id:mhp3rd,id:tkrhdgus1,1,1,1,4.533333333333333,4.533333333333333,0
id:mhp3rd,id:whoshot,1,1,1,4.283333333333333,4.283333333333333,0
id:millano,id:Ibrahima,1,1,1,2.8666666666666667,2.8666666666666667,0
id:millano,id:zero080,1,1,1,1.4,1.4,0
id:minami89,id:aduno,1,1,1,0.6833333333333333,0.6833333333333333,0
id:minami89,id:dadoocom,1,1,1,0.4666666666666667,0.4666666666666667,0
id:minami89,id:gbu17,1,1,1,4.116666666666666,4.116666666666666,0
id:minami89,id:horsedongh,1,1,1,3.716666666666667,3.716666666666667,0
id:minami89,id:juventus82,1,1,1,1.35,1.35,0
id:minami89,id:masok01,1,1,1,4.333333333333333,4.333333333333333,0
id:minami89,id:mirissoul2,1,1,1,1.1833333333333333,1.1833333333333333,0
id:minami89,id:yhtuos,1,1,1,0.5833333333333334,0.5833333333333334,0
id:mirissoul2,id:FeelingGood,1,1,1,1.6666666666666667,1.6666666666666667,0
id:mirissoul2,id:ajh30130,1,1,1,2.4,2.4,0
id:mirissoul2,id:donka,1,1,1,0.48333333333333334,0.48333333333333334,0
id:mirissoul2,id:eddie,1,1,1,4.533333333333333,4.533333333333333,0
id:mirissoul2,id:flareburst,1,1,1,1.9666666666666666,1.9666666666666666,0
id:mirissoul2,id:htht709,1,1,1,2.5,2.5,0
id:mirissoul2,id:j8wkfn,1,1,1,3.7333333333333334,3.7333333333333334,0
id:mirissoul2,id:kiriman,1,1,1,4.233333333333333,4.233333333333333,0
id:mirissoul2,id:nikkohadal,1,1,1,3.8333333333333335,3.8333333333333335,0
id:mirissoul2,id:oasiticjoo19,1,1,1,3.933333333333333,3.933333333333333,0
id:mirissoul2,id:progamer77,1,1,1,1.75,1.75,0
id:mirissoul2,id:rukk7812,1,1,1,1.4166666666666667,1.4166666666666667,0
id:mirissoul2,id:spoops,1,1,1,1.8333333333333333,1.8333333333333333,0
id:mirissoul2,id:wind1123,1,1,1,3.7666666666666666,3.7666666666666666,0
id:mmq0626,id:djsi,1,1,1,1.2833333333333334,1.2833333333333334,0
id:mmq0626,id:impactx84,1,1,1,2.65,2.65,0
id:mmq0626,id:mirissoul2,1,1,1,1.8,1.8,0
id:mmq0626,id:xxvxx,1,1,1,3.3333333333333335,3.3333333333333335,0
id:mnyj,id:bulbol,1,1,1,2.433333333333333,2.433333333333333,0
id:mnyj,id:cjhoon87,1,1,1,1.9166666666666667,1.9166666666666667,0
id:mnyj,id:cytokine1234,1,1,1,0.9833333333333333,0.9833333333333333,0
id:mnyj,id:flareburst,1,1,1,1.75,1.75,0
id:mnyj,id:hoffenheim,1,1,1,3.1666666666666665,3.1666666666666665,0
id:mnyj,id:impactx84,1,1,1,2.9833333333333334,2.9833333333333334,0
id:mnyj,id:kanoutsider,1,1,1,3.2333333333333334,3.2333333333333334,0
id:mnyj,id:kapfazo,1,1,1,3.6,3.6,0
id:mnyj,id:kokomong,1,1,1,1.95,1.95,0
id:mnyj,id:lhw8694,1,1,1,4.383333333333334,4.383333333333334,0
id:mnyj,id:monkjm,1,1,1,4.233333333333333,4.233333333333333,0
id:mnyj,id:solution78,1,1,1,1.05,1.05,0
id:mnyj,id:spiderman91,1,1,1,3.566666666666667,3.566666666666667,0
id:mnyj,id:todfndl12,1,1,1,2.0833333333333335,2.0833333333333335,0
id:mnyj,id:yoon4859,1,1,1,1.75,1.75,0
id:modern21,id:KINGBATI,1,1,1,0.48333333333333334,0.48333333333333334,0
id:modern21,id:Marshmello,1,1,1,0.7333333333333333,0.7333333333333333,0
id:modern21,id:YoLaTengo,1,1,1,2.066666666666667,2.066666666666667,0
id:modern21,id:amaai,1,1,1,1.3166666666666667,1.3166666666666667,0
id:modern21,id:ar10,1,1,1,2.1333333333333333,2.1333333333333333,0
id:modern21,id:bulbol,1,1,1,2.283333333333333,2.283333333333333,0
id:modern21,id:chakagesalja,1,1,1,1.8166666666666667,1.8166666666666667,0
id:modern21,id:claralike123,1,1,1,2.6666666666666665,2.6666666666666665,0
id:modern21,id:cytokine1234,1,1,1,0.6833333333333333,0.6833333333333333,0
id:modern21,id:dltjdwns1212,1,1,1,1.3666666666666667,1.3666666666666667,0
id:modern21,id:hobro,1,1,1,1.5333333333333334,1.5333333333333334,0
id:modern21,id:horsedongh,1,1,1,2.3,2.3,0
id:modern21,id:hulk,1,1,1,3.433333333333333,3.433333333333333,0
id:modern21,id:iglaman,1,1,1,0.8666666666666667,0.8666666666666667,0
id:modern21,id:impactx84,1,1,1,2.2,2.2,0
id:modern21,id:iskoke,1,1,1,2.2333333333333334,2.2333333333333334,0
id:modern21,id:jjuhyun92,1,1,1,2.066666666666667,2.066666666666667,0
id:modern21,id:kaizennf,1,1,1,2.816666666666667,2.816666666666667,0
id:modern21,id:kicheon,1,1,1,3.216666666666667,3.216666666666667,0
id:modern21,id:kuo13,1,1,1,2.816666666666667,2.816666666666667,0
id:modern21,id:lfcthismeans,1,1,1,4.183333333333334,4.183333333333334,0
id:modern21,id:naco16,1,1,1,1.1666666666666667,1.1666666666666667,0
id:modern21,id:novacane,1,1,1,1.7833333333333334,1.7833333333333334,0
id:modern21,id:nox911,1,1,1,4.716666666666667,4.716666666666667,0
id:modern21,id:okao,1,1,1,1.4833333333333334,1.4833333333333334,0
id:modern21,id:placebo,1,1,1,3.5833333333333335,3.5833333333333335,0
id:modern21,id:potatochip1,1,1,1,3.5166666666666666,3.5166666666666666,0
id:modern21,id:raul7143,1,1,1,2.85,2.85,0
id:modern21,id:realysoccer,1,1,1,1.5333333333333334,1.5333333333333334,0
id:modern21,id:shkj22,1,1,1,2.316666666666667,2.316666666666667,0
id:modern21,id:thesilver,1,1,1,1.3333333333333333,1.3333333333333333,0
id:modern21,id:tjfghksss,1,1,1,4.183333333333334,4.183333333333334,0
id:modern21,id:wind1123,1,1,1,4.683333333333334,4.683333333333334,0
id:modern21,id:woobo,1,1,1,3.533333333333333,3.533333333333333,0
id:modern21,id:yun9h1,1,1,1,2.9,2.9,0
id:modern21,id:zero080,1,1,1,1.1833333333333333,1.1833333333333333,0
id:moonplay,id:cytokine1234,1,1,1,1.8,1.8,0
id:moonplay,id:diminish,1,1,1,2.433333333333333,2.433333333333333,0
id:moonplay,id:leoperiseus,1,1,1,2.05,2.05,0
id:mrnohsr,id:Tenhag,1,1,1,3.75,3.75,0
id:mrnohsr,id:yoon4859,1,1,1,4.666666666666667,4.666666666666667,0
id:mymoretz1,id:donka,1,1,1,1.15,1.15,0
id:naco16,id:-_-)(jj1211,1,1,1,1.55,1.55,0
id:naco16,id:Clousewitz,1,1,1,3.3,3.3,0
id:naco16,id:Pacojung102,1,1,1,1.35,1.35,0
id:naco16,id:Sejongutd1,1,1,1,2.433333333333333,2.433333333333333,0
id:naco16,id:Tenhag,1,1,1,0.9,0.9,0
id:naco16,id:againstwin80,1,1,1,4.033333333333333,4.033333333333333,0
id:naco16,id:ajh30130,1,1,1,1.2166666666666666,1.2166666666666666,0
id:naco16,id:artemismoon,1,1,1,0.65,0.65,0
id:naco16,id:arteta8,1,1,1,4.883333333333334,4.883333333333334,0
id:naco16,id:authur,1,1,1,4.183333333333334,4.183333333333334,0
id:naco16,id:bookae1,1,1,1,1.8833333333333333,1.8833333333333333,0
id:naco16,id:bsbtheone,1,1,1,1.5833333333333333,1.5833333333333333,0
id:naco16,id:cokabel,1,1,1,2.783333333333333,2.783333333333333,0
id:naco16,id:coolow,1,1,1,4.283333333333333,4.283333333333333,0
id:naco16,id:eddie,1,1,1,2.783333333333333,2.783333333333333,0
id:naco16,id:ehihoho,1,1,1,3.6166666666666667,3.6166666666666667,0
id:naco16,id:ehsaksk,1,1,1,1.7833333333333334,1.7833333333333334,0
id:naco16,id:enckdtlqkf,1,1,1,0.9833333333333333,0.9833333333333333,0
id:naco16,id:eostj127,1,1,1,4.883333333333334,4.883333333333334,0
id:naco16,id:flareburst,1,1,1,3.3833333333333333,3.3833333333333333,0
id:naco16,id:ghkehdmq100,1,1,1,2.3333333333333335,2.3333333333333335,0
id:naco16,id:hinboong,1,1,1,3.1333333333333333,3.1333333333333333,0
id:naco16,id:horsedongh,1,1,1,2.7333333333333334,2.7333333333333334,0
id:naco16,id:iglaman,1,1,1,4.016666666666667,4.016666666666667,0
id:naco16,id:jeorth91,1,1,1,1.3666666666666667,1.3666666666666667,0
id:naco16,id:kimdw22,1,1,1,1.7,1.7,0
id:naco16,id:kiriman,1,1,1,1.9,1.9,0
id:naco16,id:lj0608,1,1,1,2.6166666666666667,2.6166666666666667,0
id:naco16,id:loblue208,1,1,1,2.8666666666666667,2.8666666666666667,0
id:naco16,id:mantis,1,1,1,2.7,2.7,0
id:naco16,id:masterplan5,1,1,1,3.65,3.65,0
id:naco16,id:millano,1,1,1,1.3,1.3,0
id:naco16,id:mirissoul2,1,1,1,4.066666666666666,4.066666666666666,0
id:naco16,id:nox911,1,1,1,1.0833333333333333,1.0833333333333333,0
id:naco16,id:phantom112,1,1,1,1.25,1.25,0
id:naco16,id:pharm92,1,1,1,1.5166666666666666,1.5166666666666666,0
id:naco16,id:psj1905,1,1,1,2.8,2.8,0
id:naco16,id:qnflsdl,1,1,1,1.7666666666666666,1.7666666666666666,0
id:naco16,id:rararabbon,1,1,1,2.45,2.45,0
id:naco16,id:rhcp11,1,1,1,3.25,3.25,0
id:naco16,id:sadyguru,1,1,1,3.4833333333333334,3.4833333333333334,0
id:naco16,id:sc1984,1,1,1,1.5166666666666666,1.5166666666666666,0
id:naco16,id:simbae1,1,1,1,2.4,2.4,0
id:naco16,id:sladkgold,1,1,1,2.8833333333333333,2.8833333333333333,0
id:naco16,id:soccerlineid,1,1,1,1.95,1.95,0
id:naco16,id:tjfghksss,1,1,1,3.5166666666666666,3.5166666666666666,0
id:naco16,id:tkrhdgus1,1,1,1,1.2333333333333334,1.2333333333333334,0
id:naco16,id:ttkwnffj,1,1,1,3.7,3.7,0
id:naco16,id:tupik,1,1,1,3.55,3.55,0
id:naco16,id:vnweq956,1,1,1,2.783333333333333,2.783333333333333,0
id:naco16,id:zavawork01,1,1,1,1.0333333333333334,1.0333333333333334,0
id:naco16,id:zerostar20,1,1,1,4.683333333333334,4.683333333333334,0
id:ngis11,id:Sejongutd1,1,1,1,1.35,1.35,0
id:ngis11,id:hpkim90,1,1,1,1.3666666666666667,1.3666666666666667,0
id:ngis11,id:okao,1,1,1,4.5,4.5,0
id:nike09,id:amaai,1,1,1,1.0166666666666666,1.0166666666666666,0
id:nikkohadal,id:wind1123,1,1,1,1.9333333333333333,1.9333333333333333,0
id:nikkohadal,id:xxvxx,1,1,1,2.4,2.4,0
id:ninety5mph,id:Pacojung102,1,1,1,4.95,4.95,0
id:ninety5mph,id:Tenhag,1,1,1,2.2666666666666666,2.2666666666666666,0
id:ninety5mph,id:arteta8,1,1,1,4.25,4.25,0
id:ninety5mph,id:bbggkkk,1,1,1,0.55,0.55,0
id:ninety5mph,id:boba1983,1,1,1,3.5833333333333335,3.5833333333333335,0
id:ninety5mph,id:botocs,1,1,1,2.1666666666666665,2.1666666666666665,0
id:ninety5mph,id:chun1149,1,1,1,4.783333333333333,4.783333333333333,0
id:ninety5mph,id:cjhoon87,1,1,1,1.5833333333333333,1.5833333333333333,0
id:ninety5mph,id:cydia14,1,1,1,1.25,1.25,0
id:ninety5mph,id:cytokine1234,1,1,1,2.7666666666666666,2.7666666666666666,0
id:ninety5mph,id:darthfish,1,1,1,0.55,0.55,0
id:ninety5mph,id:deportivo7,1,1,1,2.566666666666667,2.566666666666667,0
id:ninety5mph,id:dhdld321,1,1,1,0.7333333333333333,0.7333333333333333,0
id:ninety5mph,id:dress7,1,1,1,2.0,2.0,0
id:ninety5mph,id:flat,1,1,1,0.45,0.45,0
id:ninety5mph,id:gerrard88,1,1,1,2.6,2.6,0
id:ninety5mph,id:grit,1,1,1,4.45,4.45,0
id:ninety5mph,id:hanlobby,1,1,1,2.2333333333333334,2.2333333333333334,0
id:ninety5mph,id:horsedongh,1,1,1,4.583333333333333,4.583333333333333,0
id:ninety5mph,id:iloveyousun,1,1,1,0.9833333333333333,0.9833333333333333,0
id:ninety5mph,id:jeffkent,1,1,1,3.183333333333333,3.183333333333333,0
id:ninety5mph,id:jeorth91,1,1,1,2.3,2.3,0
id:ninety5mph,id:kim2pac,1,1,1,0.8166666666666667,0.8166666666666667,0
id:ninety5mph,id:kiriman,1,1,1,2.1166666666666667,2.1166666666666667,0
id:ninety5mph,id:kokand1912,1,1,1,1.7166666666666666,1.7166666666666666,0
id:ninety5mph,id:mirissoul2,1,1,1,3.216666666666667,3.216666666666667,0
id:ninety5mph,id:mnyj,1,1,1,1.8833333333333333,1.8833333333333333,0
id:ninety5mph,id:regnier,1,1,1,2.8666666666666667,2.8666666666666667,0
id:ninety5mph,id:roykie151,1,1,1,0.9833333333333333,0.9833333333333333,0
id:ninety5mph,id:sinn556i,1,1,1,3.2,3.2,0
id:ninety5mph,id:ulsan0101,1,1,1,1.2333333333333334,1.2333333333333334,0
id:ninety5mph,id:video34,1,1,1,1.05,1.05,0
id:ninety5mph,id:wenli,1,1,1,4.066666666666666,4.066666666666666,0
id:ninety5mph,id:whoshot,1,1,1,1.0833333333333333,1.0833333333333333,0
id:ninety5mph,id:wildoroiss,1,1,1,1.3166666666666667,1.3166666666666667,0
id:ninety5mph,id:wind1123,1,1,1,4.416666666666667,4.416666666666667,0
id:niwoong1,id:bbggkkk,1,1,1,1.6833333333333333,1.6833333333333333,0
id:niwoong1,id:blue5365,1,1,1,2.2333333333333334,2.2333333333333334,0
id:niwoong1,id:chun1149,1,1,1,3.033333333333333,3.033333333333333,0
id:niwoong1,id:dadoocom,1,1,1,2.8833333333333333,2.8833333333333333,0
id:niwoong1,id:hanlobby,1,1,1,2.9,2.9,0
id:niwoong1,id:jun2312,1,1,1,3.3666666666666667,3.3666666666666667,0
id:niwoong1,id:kim2pac,1,1,1,3.066666666666667,3.066666666666667,0
id:niwoong1,id:kiriman,1,1,1,1.1833333333333333,1.1833333333333333,0
id:niwoong1,id:maelsy99,1,1,1,0.9333333333333333,0.9333333333333333,0
id:niwoong1,id:mirissoul2,1,1,1,2.8666666666666667,2.8666666666666667,0
id:niwoong1,id:regions,1,1,1,4.366666666666666,4.366666666666666,0
id:niwoong1,id:wenli,1,1,1,2.15,2.15,0
id:niwoong1,id:wltlswhd,1,1,1,2.6666666666666665,2.6666666666666665,0
id:no14henry,id:bonobono234,1,1,1,2.066666666666667,2.066666666666667,0
id:no14henry,id:malwool,1,1,1,1.4333333333333333,1.4333333333333333,0
id:no14henry,id:oasiticjoo19,1,1,1,4.266666666666667,4.266666666666667,0
id:no14henry,id:yhtuos,1,1,1,1.0166666666666666,1.0166666666666666,0
id:noel608,id:NANRIBLUCE,1,1,1,4.266666666666667,4.266666666666667,0
id:noel608,id:dass592,1,1,1,2.95,2.95,0
id:noel608,id:elcelebro,1,1,1,3.7666666666666666,3.7666666666666666,0
id:nojester,id:progamer77,1,1,1,0.85,0.85,0
id:nojester,id:wind1123,1,1,1,2.4,2.4,0
id:novacane,id:Clocks,1,1,1,3.95,3.95,0
id:novacane,id:Milner7,1,1,1,3.5833333333333335,3.5833333333333335,0
id:novacane,id:Sejongutd1,1,1,1,1.4833333333333334,1.4833333333333334,0
id:novacane,id:Tenhag,1,1,1,0.35,0.35,0
id:novacane,id:adios00,1,1,1,2.4166666666666665,2.4166666666666665,0
id:novacane,id:amadirty,1,1,1,0.8166666666666667,0.8166666666666667,0
id:novacane,id:aroha86,1,1,1,2.6,2.6,0
id:novacane,id:cafetango,1,1,1,2.3833333333333333,2.3833333333333333,0
id:novacane,id:choiyut,1,1,1,3.75,3.75,0
id:novacane,id:dewsd,1,1,1,1.7166666666666666,1.7166666666666666,0
id:novacane,id:diminish,1,1,1,0.9,0.9,0
id:novacane,id:dlawls,1,1,1,3.216666666666667,3.216666666666667,0
id:novacane,id:donka,1,1,1,0.35,0.35,0
id:novacane,id:ejirall,1,1,1,2.283333333333333,2.283333333333333,0
id:novacane,id:euji,1,1,1,3.0833333333333335,3.0833333333333335,0
id:novacane,id:flareburst,1,1,1,2.066666666666667,2.066666666666667,0
id:novacane,id:hobro,1,1,1,0.6333333333333333,0.6333333333333333,0
id:novacane,id:jdspitz,1,1,1,1.9833333333333334,1.9833333333333334,0
id:novacane,id:jjuhyun92,1,1,1,2.966666666666667,2.966666666666667,0
id:novacane,id:kinomayu,1,1,1,4.933333333333334,4.933333333333334,0
id:novacane,id:malwool,1,1,1,1.3333333333333333,1.3333333333333333,0
id:novacane,id:mcraky,1,1,1,1.0333333333333334,1.0333333333333334,0
id:novacane,id:okao,1,1,1,1.2333333333333334,1.2333333333333334,0
id:novacane,id:osodos,1,1,1,4.85,4.85,0
id:novacane,id:progamer77,1,1,1,1.4,1.4,0
id:novacane,id:pudingm,1,1,1,2.3333333333333335,2.3333333333333335,0
id:novacane,id:rainshowerkk,1,1,1,2.8333333333333335,2.8333333333333335,0
id:novacane,id:rukk7812,1,1,1,0.5333333333333333,0.5333333333333333,0
id:novacane,id:sexline,1,1,1,1.4833333333333334,1.4833333333333334,0
id:novacane,id:sis97y53,1,1,1,4.0,4.0,0
id:novacane,id:stynerkn,1,1,1,3.6333333333333333,3.6333333333333333,0
id:novacane,id:wind1123,1,1,1,4.583333333333333,4.583333333333333,0
id:novacane,id:yhtuos,1,1,1,2.1666666666666665,2.1666666666666665,0
id:novacane,id:yun9h1,1,1,1,0.8,0.8,0
id:nox911,id:Ibrahima,1,1,1,1.8833333333333333,1.8833333333333333,0
id:nox911,id:forest,1,1,1,2.9166666666666665,2.9166666666666665,0
id:nox911,id:malwool,1,1,1,2.216666666666667,2.216666666666667,0
id:nox911,id:messiya2022,1,1,1,2.466666666666667,2.466666666666667,0
id:nox911,id:placebo,1,1,1,3.8,3.8,0
id:nox911,id:radioshot1,1,1,1,0.6,0.6,0
id:nox911,id:rainshowerkk,1,1,1,0.9,0.9,0
id:nox911,id:sonhh,1,1,1,1.8,1.8,0
id:oasiticjoo19,id:Tenhag,1,1,1,3.6166666666666667,3.6166666666666667,0
id:oasiticjoo19,id:dleoduq1234,1,1,1,1.1333333333333333,1.1333333333333333,0
id:oasiticjoo19,id:edh2och,1,1,1,1.7166666666666666,1.7166666666666666,0
id:oasiticjoo19,id:ehsaksk,1,1,1,3.966666666666667,3.966666666666667,0
id:oasiticjoo19,id:fantak,1,1,1,1.1,1.1,0
id:oasiticjoo19,id:filyeun2,1,1,1,2.966666666666667,2.966666666666667,0
id:oasiticjoo19,id:flat,1,1,1,1.2833333333333334,1.2833333333333334,0
id:oasiticjoo19,id:forest,1,1,1,1.6666666666666667,1.6666666666666667,0
id:oasiticjoo19,id:hopes,1,1,1,2.85,2.85,0
id:oasiticjoo19,id:kokand1912,1,1,1,3.7,3.7,0
id:oasiticjoo19,id:lfcthismeans,1,1,1,3.2,3.2,0
id:oasiticjoo19,id:malwool,1,1,1,2.1666666666666665,2.1666666666666665,0
id:oasiticjoo19,id:megacoffee25,1,1,1,3.5,3.5,0
id:oasiticjoo19,id:mhp3rd,1,1,1,0.65,0.65,0
id:oasiticjoo19,id:minami89,1,1,1,3.4,3.4,0
id:oasiticjoo19,id:pearson19,1,1,1,0.3,0.3,0
id:oasiticjoo19,id:sexline,1,1,1,3.216666666666667,3.216666666666667,0
id:oasiticjoo19,id:snakeheads,1,1,1,3.816666666666667,3.816666666666667,0
id:oasiticjoo19,id:tjdgh09123,1,1,1,1.85,1.85,0
id:oasiticjoo19,id:tjfghksss,1,1,1,1.1,1.1,0
id:oasiticjoo19,id:ulsan0101,1,1,1,0.5166666666666667,0.5166666666666667,0
id:oasiticjoo19,id:xxvxx,1,1,1,2.3666666666666667,2.3666666666666667,0
id:oasiticjoo19,id:zero080,1,1,1,1.3166666666666667,1.3166666666666667,0
id:ok2id,id:chily0117,1,1,1,4.5,4.5,0
id:ok2id,id:horsedongh,1,1,1,2.033333333333333,2.033333333333333,0
id:ok2id,id:hpkim90,1,1,1,3.25,3.25,0
id:ok2id,id:tgibhh111,1,1,1,2.683333333333333,2.683333333333333,0
id:ok2id,id:typoonj2,1,1,1,2.0166666666666666,2.0166666666666666,0
id:oldslave,id:rukk7812,1,1,1,2.466666666666667,2.466666666666667,0
id:oldslave,id:skylky,1,1,1,2.3333333333333335,2.3333333333333335,0
id:oldslave,id:spoops,1,1,1,3.566666666666667,3.566666666666667,0
id:onana,id:FeelingGood,1,1,1,0.8666666666666667,0.8666666666666667,0
id:onana,id:KINGBATI,1,1,1,1.6166666666666667,1.6166666666666667,0
id:onana,id:Milner7,1,1,1,3.466666666666667,3.466666666666667,0
id:onana,id:bulbol,1,1,1,1.3,1.3,0
id:onana,id:cauking,1,1,1,1.2666666666666666,1.2666666666666666,0
id:onana,id:cjhoon87,1,1,1,4.05,4.05,0
id:onana,id:dlawls,1,1,1,1.4666666666666666,1.4666666666666666,0
id:onana,id:ehihoho,1,1,1,3.783333333333333,3.783333333333333,0
id:onana,id:ejirall,1,1,1,2.5166666666666666,2.5166666666666666,0
id:onana,id:horizon,1,1,1,4.8,4.8,0
id:onana,id:kanoutsider,1,1,1,0.9333333333333333,0.9333333333333333,0
id:onana,id:lfcthismeans,1,1,1,2.9833333333333334,2.9833333333333334,0
id:onana,id:mirissoul2,1,1,1,3.466666666666667,3.466666666666667,0
id:onana,id:progamer77,1,1,1,2.35,2.35,0
id:onana,id:raistlin1,1,1,1,3.316666666666667,3.316666666666667,0
id:onana,id:regnier,1,1,1,3.533333333333333,3.533333333333333,0
id:onana,id:rhcp11,1,1,1,1.0833333333333333,1.0833333333333333,0
id:onana,id:rukk7812,1,1,1,2.933333333333333,2.933333333333333,0
id:onana,id:spoops,1,1,1,2.8,2.8,0
id:onana,id:tkrldh,1,1,1,2.1,2.1,0
id:onana,id:todfndl12,1,1,1,1.25,1.25,0
id:onana,id:ttkwnffj,1,1,1,4.116666666666666,4.116666666666666,0
id:onana,id:whksrns,1,1,1,1.8833333333333333,1.8833333333333333,0
id:opopgogo,id:YoLaTengo,1,1,1,3.75,3.75,0
id:opopgogo,id:chun1149,1,1,1,4.983333333333333,4.983333333333333,0
id:opopgogo,id:dleoduq1234,1,1,1,4.15,4.15,0
id:opopgogo,id:haebark,1,1,1,3.7,3.7,0
id:opopgogo,id:kim2pac,1,1,1,4.816666666666666,4.816666666666666,0
id:opopgogo,id:vdvaart,1,1,1,2.1166666666666667,2.1166666666666667,0
id:orange14,id:Bluewings21,1,1,1,3.8333333333333335,3.8333333333333335,0
id:orange14,id:priport,1,1,1,4.083333333333333,4.083333333333333,0
id:osodos,id:LJM1389,1,1,1,3.966666666666667,3.966666666666667,0
id:osodos,id:blue5365,1,1,1,3.7666666666666666,3.7666666666666666,0
id:osodos,id:bookae1,1,1,1,2.45,2.45,0
id:osodos,id:bugfix,1,1,1,2.1666666666666665,2.1666666666666665,0
id:osodos,id:dleoduq1234,1,1,1,0.9833333333333333,0.9833333333333333,0
id:osodos,id:horizon,1,1,1,4.3,4.3,0
id:osodos,id:hypeboy,1,1,1,3.3,3.3,0
id:osodos,id:okao,1,1,1,4.766666666666667,4.766666666666667,0
id:osodos,id:pearson19,1,1,1,2.783333333333333,2.783333333333333,0
id:osodos,id:rainshowerkk,1,1,1,2.4,2.4,0
id:osodos,id:sonhh,1,1,1,3.55,3.55,0
id:osodos,id:tkrhdgus1,1,1,1,2.216666666666667,2.216666666666667,0
id:osodos,id:v1004ses,1,1,1,3.1333333333333333,3.1333333333333333,0
id:owngoal,id:malwool,1,1,1,2.2666666666666666,2.2666666666666666,0
id:pearson19,id:FeelingGood,1,1,1,2.816666666666667,2.816666666666667,0
id:pearson19,id:KINGBATI,1,1,1,2.183333333333333,2.183333333333333,0
id:pearson19,id:ManU01,1,1,1,1.3833333333333333,1.3833333333333333,0
id:pearson19,id:Marshmello,1,1,1,1.5666666666666667,1.5666666666666667,0
id:pearson19,id:adsf753,1,1,1,3.433333333333333,3.433333333333333,0
id:pearson19,id:ajh30130,1,1,1,4.95,4.95,0
id:pearson19,id:asdf3202,1,1,1,0.3333333333333333,0.3333333333333333,0
id:pearson19,id:bugfix,1,1,1,4.016666666666667,4.016666666666667,0
id:pearson19,id:bvbreus11,1,1,1,1.15,1.15,0
id:pearson19,id:chy7253958,1,1,1,2.966666666666667,2.966666666666667,0
id:pearson19,id:cydia14,1,1,1,4.133333333333334,4.133333333333334,0
id:pearson19,id:dhdld321,1,1,1,2.433333333333333,2.433333333333333,0
id:pearson19,id:dlawls,1,1,1,3.683333333333333,3.683333333333333,0
id:pearson19,id:dleoduq1234,1,1,1,2.5,2.5,0
id:pearson19,id:ehdtks9286,1,1,1,1.3666666666666667,1.3666666666666667,0
id:pearson19,id:ehsaksk,1,1,1,3.8666666666666667,3.8666666666666667,0
id:pearson19,id:emknud,1,1,1,3.7666666666666666,3.7666666666666666,0
id:pearson19,id:horsedongh,1,1,1,4.6,4.6,0
id:pearson19,id:iskoke,1,1,1,2.5166666666666666,2.5166666666666666,0
id:pearson19,id:kaizennf,1,1,1,4.95,4.95,0
id:pearson19,id:kakaka10,1,1,1,3.716666666666667,3.716666666666667,0
id:pearson19,id:ksb7872,1,1,1,3.783333333333333,3.783333333333333,0
id:pearson19,id:kyoijjoo,1,1,1,2.0,2.0,0
id:pearson19,id:life13579,1,1,1,1.6833333333333333,1.6833333333333333,0
id:pearson19,id:lordljh,1,1,1,3.8333333333333335,3.8333333333333335,0
id:pearson19,id:maelsy99,1,1,1,4.383333333333334,4.383333333333334,0
id:pearson19,id:modern21,1,1,1,3.2,3.2,0
id:pearson19,id:okao,1,1,1,2.3833333333333333,2.3833333333333333,0
id:pearson19,id:radioshot1,1,1,1,1.55,1.55,0
id:pearson19,id:raistlin1,1,1,1,2.3833333333333333,2.3833333333333333,0
id:pearson19,id:realysoccer,1,1,1,2.1,2.1,0
id:pearson19,id:rukk7812,1,1,1,1.95,1.95,0
id:pearson19,id:shkj22,1,1,1,1.1,1.1,0
id:pearson19,id:simpleisbest,1,1,1,3.8333333333333335,3.8333333333333335,0
id:pearson19,id:soju4jan,1,1,1,2.283333333333333,2.283333333333333,0
id:pearson19,id:sunrrard,1,1,1,1.3,1.3,0
id:pearson19,id:todfndl12,1,1,1,1.7666666666666666,1.7666666666666666,0
id:pearson19,id:vincent85,1,1,1,4.683333333333334,4.683333333333334,0
id:pearson19,id:vnweq956,1,1,1,4.283333333333333,4.283333333333333,0
id:pedogogist,id:blacktube23,1,1,1,1.7666666666666666,1.7666666666666666,0
id:pedogogist,id:icarus4301,1,1,1,1.4833333333333334,1.4833333333333334,0
id:pedogogist,id:rainshowerkk,1,1,1,4.783333333333333,4.783333333333333,0
id:piter1976,id:okao,1,1,1,1.6,1.6,0
id:piter1976,id:zero080,1,1,1,1.1333333333333333,1.1333333333333333,0
id:pjh1421,id:bundes1,1,1,1,4.5,4.5,0
id:pjh1421,id:cauking,1,1,1,3.716666666666667,3.716666666666667,0
id:pjh1421,id:hwarang34,1,1,1,3.5,3.5,0
id:pjh1421,id:malwool,1,1,1,4.133333333333334,4.133333333333334,0
id:pjhwinner,id:armwear,1,1,1,4.0,4.0,0
id:pjhwinner,id:dialine,1,1,1,3.216666666666667,3.216666666666667,0
id:pjhwinner,id:dleoduq1234,1,1,1,0.75,0.75,0
id:pjhwinner,id:pearson19,1,1,1,2.65,2.65,0
id:pjhwinner,id:reiun,1,1,1,1.0833333333333333,1.0833333333333333,0
id:pjhwinner,id:rhcp11,1,1,1,3.316666666666667,3.316666666666667,0
id:placebo,id:BongGu1103,1,1,1,3.15,3.15,0
id:placebo,id:Tenhag,1,1,1,0.95,0.95,0
id:placebo,id:bluepillz,1,1,1,1.5333333333333334,1.5333333333333334,0
id:placebo,id:cesc31,1,1,1,4.616666666666666,4.616666666666666,0
id:placebo,id:chun1149,1,1,1,0.3,0.3,0
id:placebo,id:donka,1,1,1,1.1,1.1,0
id:placebo,id:malwool,1,1,1,1.05,1.05,0
id:postechno1,id:dadoocom,1,1,1,2.716666666666667,2.716666666666667,0
id:postechno1,id:kduncan,1,1,1,3.4,3.4,0
id:postechno1,id:whoshot,1,1,1,2.683333333333333,2.683333333333333,0
id:potatochip1,id:impactx84,1,1,1,1.55,1.55,0
id:potatochip1,id:leoperiseus,1,1,1,2.0,2.0,0
id:potatochip1,id:skyskysky1,1,1,1,0.5666666666666667,0.5666666666666667,0
id:pqowie,id:pqowie,1,1,1,1.6,1.6,1
id:pqowie,id:skosko700,1,1,1,2.183333333333333,2.183333333333333,0
id:press21cc,id:FeelingGood,1,1,1,0.85,0.85,0
id:press21cc,id:itemptu2,1,1,1,4.5,4.5,0
id:press21cc,id:malwool,1,1,1,2.55,2.55,0
id:press21cc,id:spoops,1,1,1,1.0333333333333334,1.0333333333333334,0
id:progamer77,id:hoffenheim,1,1,1,2.15,2.15,0
id:progamer77,id:pearson19,1,1,1,0.6166666666666667,0.6166666666666667,0
id:psj1905,id:kim2pac,1,1,1,3.533333333333333,3.533333333333333,0
id:psj1905,id:simbae1,1,1,1,3.95,3.95,0
id:pucrinyesir,id:FeelingGood,1,1,1,1.0,1.0,0
id:pucrinyesir,id:Unsee8,1,1,1,1.8166666666666667,1.8166666666666667,0
id:pucrinyesir,id:asdf3202,1,1,1,2.6,2.6,0
id:pucrinyesir,id:cafetango,1,1,1,3.15,3.15,0
id:pucrinyesir,id:childpicture,1,1,1,0.9,0.9,0
id:pucrinyesir,id:chun1149,1,1,1,2.566666666666667,2.566666666666667,0
id:pucrinyesir,id:csh1194,1,1,1,1.7833333333333334,1.7833333333333334,0
id:pucrinyesir,id:cydia14,1,1,1,1.5,1.5,0
id:pucrinyesir,id:dadoocom,1,1,1,2.6333333333333333,2.6333333333333333,0
id:pucrinyesir,id:dlawls,1,1,1,3.4,3.4,0
id:pucrinyesir,id:dleoduq10004,1,1,1,0.38333333333333336,0.38333333333333336,0
id:pucrinyesir,id:fantak,1,1,1,2.183333333333333,2.183333333333333,0
id:pucrinyesir,id:gerrard88,1,1,1,2.4,2.4,0
id:pucrinyesir,id:horsedongh,1,1,1,3.1666666666666665,3.1666666666666665,0
id:pucrinyesir,id:jun2312,1,1,1,2.4833333333333334,2.4833333333333334,0
id:pucrinyesir,id:kaizelfire,1,1,1,1.65,1.65,0
id:pucrinyesir,id:kimga333,1,1,1,0.8166666666666667,0.8166666666666667,0
id:pucrinyesir,id:lfcthismeans,1,1,1,1.65,1.65,0
id:pucrinyesir,id:luna7742,1,1,1,1.65,1.65,0
id:pucrinyesir,id:makijeon,1,1,1,1.7,1.7,0
id:pucrinyesir,id:megacoffee25,1,1,1,4.116666666666666,4.116666666666666,0
id:pucrinyesir,id:millano,1,1,1,0.21666666666666667,0.21666666666666667,0
id:pucrinyesir,id:novacane,1,1,1,2.5166666666666666,2.5166666666666666,0
id:pucrinyesir,id:ortega12,1,1,1,1.5666666666666667,1.5666666666666667,0
id:pucrinyesir,id:placebo,1,1,1,2.7,2.7,0
id:pucrinyesir,id:rascol,1,1,1,4.45,4.45,0
id:pucrinyesir,id:realysoccer,1,1,1,1.2166666666666666,1.2166666666666666,0
id:pucrinyesir,id:rukk7812,1,1,1,1.6833333333333333,1.6833333333333333,0
id:pucrinyesir,id:skylky,1,1,1,3.783333333333333,3.783333333333333,0
id:pucrinyesir,id:skysay7,1,1,1,2.4,2.4,0
id:pucrinyesir,id:sounited13,1,1,1,5.0,5.0,0
id:pucrinyesir,id:supremebape,1,1,1,1.2,1.2,0
id:pucrinyesir,id:thughu,1,1,1,4.5,4.5,0
id:pucrinyesir,id:tkrhdgus1,1,1,1,2.4,2.4,0
id:pucrinyesir,id:traum0105,1,1,1,3.3833333333333333,3.3833333333333333,0
id:pucrinyesir,id:tupik,1,1,1,0.7666666666666667,0.7666666666666667,0
id:pucrinyesir,id:video34,1,1,1,2.6666666666666665,2.6666666666666665,0
id:pucrinyesir,id:vnweq956,1,1,1,3.0166666666666666,3.0166666666666666,0
id:pucrinyesir,id:whoshot,1,1,1,1.8,1.8,0
id:pucrinyesir,id:yjs1g,1,1,1,1.5666666666666667,1.5666666666666667,0
id:puh1993,id:hsando1,1,1,1,1.2666666666666666,1.2666666666666666,0
id:puh1993,id:spoops,1,1,1,3.3666666666666667,3.3666666666666667,0
id:purelife,id:kekekor,1,1,1,3.05,3.05,0
id:purelife,id:okao,1,1,1,0.9166666666666666,0.9166666666666666,0
id:qhdtlsdl,id:10bergi,1,1,1,2.95,2.95,0
id:qhdtlsdl,id:amaai,1,1,1,2.783333333333333,2.783333333333333,0
id:qhdtlsdl,id:burtsbees,1,1,1,3.6,3.6,0
id:qhdtlsdl,id:chakagesalja,1,1,1,1.65,1.65,0
id:qhdtlsdl,id:dress7,1,1,1,2.15,2.15,0
id:qhdtlsdl,id:ehihoho,1,1,1,4.166666666666667,4.166666666666667,0
id:qhdtlsdl,id:fantak,1,1,1,3.2333333333333334,3.2333333333333334,0
id:qhdtlsdl,id:forest,1,1,1,1.8333333333333333,1.8333333333333333,0
id:qhdtlsdl,id:hopes,1,1,1,1.8,1.8,0
id:qhdtlsdl,id:horizon,1,1,1,3.75,3.75,0
id:qhdtlsdl,id:kiriman,1,1,1,3.45,3.45,0
id:qhdtlsdl,id:lfcthismeans,1,1,1,3.3833333333333333,3.3833333333333333,0
id:qhdtlsdl,id:maelsy99,1,1,1,1.7833333333333334,1.7833333333333334,0
id:qhdtlsdl,id:malwool,1,1,1,3.2333333333333334,3.2333333333333334,0
id:qhdtlsdl,id:oasiticjoo19,1,1,1,3.05,3.05,0
id:qhdtlsdl,id:placebo,1,1,1,1.45,1.45,0
id:qhdtlsdl,id:recur,1,1,1,1.5,1.5,0
id:qhdtlsdl,id:regnier,1,1,1,1.0166666666666666,1.0166666666666666,0
id:qhdtlsdl,id:rkwhrdo11,1,1,1,3.5166666666666666,3.5166666666666666,0
id:qhdtlsdl,id:skosko700,1,1,1,2.2333333333333334,2.2333333333333334,0
id:qhdtlsdl,id:summernight,1,1,1,2.45,2.45,0
id:qhdtlsdl,id:todfndl12,1,1,1,1.8833333333333333,1.8833333333333333,0
id:qnflsdl,id:donka,1,1,1,1.1333333333333333,1.1333333333333333,0
id:qnflsdl,id:hypeboy,1,1,1,1.9666666666666666,1.9666666666666666,0
id:qnflsdl,id:rhcp11,1,1,1,1.8333333333333333,1.8333333333333333,0
id:qnflsdl,id:whoshot,1,1,1,1.3166666666666667,1.3166666666666667,0
id:qnflsdl,id:zkdltmffks,1,1,1,4.283333333333333,4.283333333333333,0
id:radioshot1,id:1987vintage,1,1,1,2.2,2.2,0
id:radioshot1,id:KINGBATI,1,1,1,0.85,0.85,0
id:radioshot1,id:PabloGavi,1,1,1,0.48333333333333334,0.48333333333333334,0
id:radioshot1,id:Sejongutd1,1,1,1,3.25,3.25,0
id:radioshot1,id:azulyoro,1,1,1,1.6833333333333333,1.6833333333333333,0
id:radioshot1,id:bald80,1,1,1,1.1666666666666667,1.1666666666666667,0
id:radioshot1,id:boba1983,1,1,1,2.316666666666667,2.316666666666667,0
id:radioshot1,id:cesc31,1,1,1,1.2166666666666666,1.2166666666666666,0
id:radioshot1,id:doochangman,1,1,1,1.15,1.15,0
id:radioshot1,id:ejirall,1,1,1,0.9666666666666667,0.9666666666666667,0
id:radioshot1,id:ffk12349,1,1,1,4.45,4.45,0
id:radioshot1,id:forest,1,1,1,2.6666666666666665,2.6666666666666665,0
id:radioshot1,id:gerrard88,1,1,1,0.7,0.7,0
id:radioshot1,id:hobro,1,1,1,3.7333333333333334,3.7333333333333334,0
id:radioshot1,id:impactx84,1,1,1,1.3,1.3,0
id:radioshot1,id:kakaka10,1,1,1,1.7833333333333334,1.7833333333333334,0
id:radioshot1,id:kaoruchan,1,1,1,4.4,4.4,0
id:radioshot1,id:kenochanTR,1,1,1,1.15,1.15,0
id:radioshot1,id:kicheon,1,1,1,2.1333333333333333,2.1333333333333333,0
id:radioshot1,id:kim2pac,1,1,1,1.4166666666666667,1.4166666666666667,0
id:radioshot1,id:kuo13,1,1,1,1.5666666666666667,1.5666666666666667,0
id:radioshot1,id:lfcthismeans,1,1,1,3.3,3.3,0
id:radioshot1,id:luna7742,1,1,1,4.716666666666667,4.716666666666667,0
id:radioshot1,id:masok01,1,1,1,1.5166666666666666,1.5166666666666666,0
id:radioshot1,id:masterplan5,1,1,1,0.9666666666666667,0.9666666666666667,0
id:radioshot1,id:nox911,1,1,1,1.9333333333333333,1.9333333333333333,0
id:radioshot1,id:placebo,1,1,1,1.6666666666666667,1.6666666666666667,0
id:radioshot1,id:pudingm,1,1,1,1.1,1.1,0
id:radioshot1,id:qhdtlsdl,1,1,1,4.333333333333333,4.333333333333333,0
id:radioshot1,id:raccon9942,1,1,1,1.0666666666666667,1.0666666666666667,0
id:radioshot1,id:raul7143,1,1,1,1.85,1.85,0
id:radioshot1,id:realysoccer,1,1,1,1.2666666666666666,1.2666666666666666,0
id:radioshot1,id:reiun,1,1,1,1.1666666666666667,1.1666666666666667,0
id:radioshot1,id:rukk7812,1,1,1,2.3666666666666667,2.3666666666666667,0
id:radioshot1,id:sanga,1,1,1,1.1666666666666667,1.1666666666666667,0
id:radioshot1,id:say1673,1,1,1,0.9666666666666667,0.9666666666666667,0
id:radioshot1,id:terry34,1,1,1,0.5833333333333334,0.5833333333333334,0
id:radioshot1,id:typoonj2,1,1,1,1.5,1.5,0
id:radioshot1,id:whoshot,1,1,1,0.6666666666666666,0.6666666666666666,0
id:radioshot1,id:wondh84,1,1,1,4.016666666666667,4.016666666666667,0
id:radioshot1,id:xxvxx,1,1,1,1.6833333333333333,1.6833333333333333,0
id:radioshot1,id:yhtuos,1,1,1,0.7166666666666667,0.7166666666666667,0
id:radioshot1,id:yoon4859,1,1,1,0.8666666666666667,0.8666666666666667,0
id:rainshowerkk,id:85yang,1,1,1,1.9333333333333333,1.9333333333333333,0
id:rainshowerkk,id:FeelingGood,1,1,1,1.4166666666666667,1.4166666666666667,0
id:rainshowerkk,id:KINGBATI,1,1,1,1.2,1.2,0
id:rainshowerkk,id:Milner7,1,1,1,3.933333333333333,3.933333333333333,0
id:rainshowerkk,id:YoLaTengo,1,1,1,1.2666666666666666,1.2666666666666666,0
id:rainshowerkk,id:ashluna,1,1,1,0.7666666666666667,0.7666666666666667,0
id:rainshowerkk,id:casione,1,1,1,3.1333333333333333,3.1333333333333333,0
id:rainshowerkk,id:cauking,1,1,1,2.8,2.8,0
id:rainshowerkk,id:cytokine1234,1,1,1,3.15,3.15,0
id:rainshowerkk,id:donka,1,1,1,0.38333333333333336,0.38333333333333336,0
id:rainshowerkk,id:hpkim90,1,1,1,4.133333333333334,4.133333333333334,0
id:rainshowerkk,id:kim2pac,1,1,1,1.95,1.95,0
id:rainshowerkk,id:kohs98,1,1,1,1.4166666666666667,1.4166666666666667,0
id:rainshowerkk,id:maelsy99,1,1,1,1.9333333333333333,1.9333333333333333,0
id:rainshowerkk,id:megacoffee25,1,1,1,3.6,3.6,0
id:rainshowerkk,id:okao,1,1,1,4.066666666666666,4.066666666666666,0
id:rainshowerkk,id:progamer77,1,1,1,1.5333333333333334,1.5333333333333334,0
id:rainshowerkk,id:rainshowerkk,1,1,1,4.5,4.5,1
id:rainshowerkk,id:rhcp11,1,1,1,4.533333333333333,4.533333333333333,0
id:rainshowerkk,id:roe2k,1,1,1,3.283333333333333,3.283333333333333,0
id:rainshowerkk,id:solution78,1,1,1,1.7,1.7,0
id:rainshowerkk,id:wind1123,1,1,1,4.65,4.65,0
id:raistlin1,id:bulbol,1,1,1,2.5,2.5,0
id:raistlin1,id:dadoocom,1,1,1,1.6833333333333333,1.6833333333333333,0
id:raistlin1,id:impactx84,1,1,1,1.2333333333333334,1.2333333333333334,0
id:raistlin1,id:kicking,1,1,1,4.55,4.55,0
id:raistlin1,id:okao,1,1,1,4.333333333333333,4.333333333333333,0
id:raistlin1,id:wheotjd1,1,1,1,3.75,3.75,0
id:raistlin1,id:whoshot,1,1,1,2.5166666666666666,2.5166666666666666,0
id:rararabbon,id:dlawls,1,1,1,3.8333333333333335,3.8333333333333335,0
id:rararabbon,id:impactx84,1,1,1,3.5,3.5,0
id:rararabbon,id:malwool,1,1,1,2.45,2.45,0
id:rararabbon,id:rararabbon,1,1,1,3.566666666666667,3.566666666666667,1
id:rararabbon,id:spoops,1,1,1,1.2166666666666666,1.2166666666666666,0
id:rascol,id:dlawls,1,1,1,3.0,3.0,0
id:rascol,id:dress7,1,1,1,1.8833333333333333,1.8833333333333333,0
id:rascol,id:footballge,1,1,1,0.4166666666666667,0.4166666666666667,0
id:rascol,id:kiriman,1,1,1,2.566666666666667,2.566666666666667,0
id:rascol,id:roe2k,1,1,1,2.5,2.5,0
id:rascol,id:terry34,1,1,1,3.6666666666666665,3.6666666666666665,0
id:rea1me,id:donka,1,1,1,2.25,2.25,0
id:rea1me,id:maelsy99,1,1,1,2.316666666666667,2.316666666666667,0
id:rea1me,id:progamer77,1,1,1,1.05,1.05,0
id:rea1me,id:spoops,1,1,1,2.966666666666667,2.966666666666667,0
id:redgundam,id:Clocks,1,1,1,3.45,3.45,0
id:redgundam,id:da99da,1,1,1,3.0,3.0,0
id:redgundam,id:dolbegae,1,1,1,4.933333333333334,4.933333333333334,0
id:redgundam,id:gwinita90,1,1,1,4.983333333333333,4.983333333333333,0
id:redgundam,id:spoops,1,1,1,0.8,0.8,0
id:regions,id:85yang,1,1,1,2.05,2.05,0
id:regions,id:Clocks,1,1,1,1.3333333333333333,1.3333333333333333,0
id:regions,id:ajh30130,1,1,1,1.7666666666666666,1.7666666666666666,0
id:regions,id:arc1997,1,1,1,2.9,2.9,0
id:regions,id:bulbol,1,1,1,1.6166666666666667,1.6166666666666667,0
id:regions,id:bundes1,1,1,1,2.6333333333333333,2.6333333333333333,0
id:regions,id:cesc31,1,1,1,4.233333333333333,4.233333333333333,0
id:regions,id:cjhoon87,1,1,1,0.6833333333333333,0.6833333333333333,0
id:regions,id:coolow,1,1,1,0.65,0.65,0
id:regions,id:deportivo7,1,1,1,1.35,1.35,0
id:regions,id:dleoduq10004,1,1,1,2.65,2.65,0
id:regions,id:impactx84,1,1,1,0.36666666666666664,0.36666666666666664,0
id:regions,id:kim2pac,1,1,1,2.9833333333333334,2.9833333333333334,0
id:regions,id:kimdw22,1,1,1,2.3833333333333333,2.3833333333333333,0
id:regions,id:lfcthismeans,1,1,1,1.7666666666666666,1.7666666666666666,0
id:regions,id:lj0608,1,1,1,2.95,2.95,0
id:regions,id:metalgear,1,1,1,3.0,3.0,0
id:regions,id:minami89,1,1,1,3.4166666666666665,3.4166666666666665,0
id:regions,id:modern21,1,1,1,0.7833333333333333,0.7833333333333333,0
id:regions,id:nox911,1,1,1,1.7166666666666666,1.7166666666666666,0
id:regions,id:supremebape,1,1,1,2.966666666666667,2.966666666666667,0
id:regions,id:timediver,1,1,1,3.7,3.7,0
id:regions,id:zavawork01,1,1,1,0.2,0.2,0
id:reiun,id:kaizennf,1,1,1,1.1,1.1,0
id:reiun,id:kiriman,1,1,1,2.816666666666667,2.816666666666667,0
id:reiun,id:luna7742,1,1,1,3.25,3.25,0
id:reiun,id:rainshowerkk,1,1,1,3.0833333333333335,3.0833333333333335,0
id:reiun,id:spoops,1,1,1,1.2833333333333334,1.2833333333333334,0
id:reiun,id:tjfghksss,1,1,1,1.2833333333333334,1.2833333333333334,0
id:reiun,id:xxvxx,1,1,1,4.733333333333333,4.733333333333333,0
id:renanlodi12,id:donka,1,1,1,4.416666666666667,4.416666666666667,0
id:renanlodi12,id:ilikeps,1,1,1,2.7666666666666666,2.7666666666666666,0
id:renanlodi12,id:minami89,1,1,1,4.116666666666666,4.116666666666666,0
id:renanlodi12,id:rera,1,1,1,1.1333333333333333,1.1333333333333333,0
id:rera,id:kiriman,1,1,1,1.7666666666666666,1.7666666666666666,0
id:rera,id:returnbox,1,1,1,1.0166666666666666,1.0166666666666666,0
id:rera,id:whoshot,1,1,1,4.833333333333333,4.833333333333333,0
id:rera,id:wind1123,1,1,1,2.183333333333333,2.183333333333333,0
id:rhcp11,id:Mukari07,1,1,1,2.0833333333333335,2.0833333333333335,0
id:rhcp11,id:Tenhag,1,1,1,3.8333333333333335,3.8333333333333335,0
id:rhcp11,id:cauking,1,1,1,4.933333333333334,4.933333333333334,0
id:rhcp11,id:colacup,1,1,1,2.4166666666666665,2.4166666666666665,0
id:rhcp11,id:deportivo7,1,1,1,3.533333333333333,3.533333333333333,0
id:rhcp11,id:dlawls,1,1,1,3.1,3.1,0
id:rhcp11,id:dleoduq1234,1,1,1,2.783333333333333,2.783333333333333,0
id:rhcp11,id:donka,1,1,1,1.1333333333333333,1.1333333333333333,0
id:rhcp11,id:flareburst,1,1,1,1.1166666666666667,1.1166666666666667,0
id:rhcp11,id:grimes,1,1,1,3.25,3.25,0
id:rhcp11,id:masok01,1,1,1,1.0166666666666666,1.0166666666666666,0
id:rhcp11,id:monkjm,1,1,1,1.7333333333333334,1.7333333333333334,0
id:rhcp11,id:novacane,1,1,1,2.6166666666666667,2.6166666666666667,0
id:rhcp11,id:progamer77,1,1,1,2.216666666666667,2.216666666666667,0
id:rhcp11,id:prostar0416,1,1,1,1.0,1.0,0
id:rhcp11,id:qhdtlsdl,1,1,1,1.6,1.6,0
id:rhcp11,id:rukk7812,1,1,1,3.6166666666666667,3.6166666666666667,0
id:rhcp11,id:seryu2,1,1,1,1.6333333333333333,1.6333333333333333,0
id:rhcp11,id:sexline,1,1,1,1.2166666666666666,1.2166666666666666,0
id:rhcp11,id:thughu,1,1,1,1.7833333333333334,1.7833333333333334,0
id:rhcp11,id:toomuch,1,1,1,3.316666666666667,3.316666666666667,0
id:rhcp11,id:whddlqlgodrl,1,1,1,3.6666666666666665,3.6666666666666665,0
id:rhcp11,id:yeonrang,1,1,1,2.3833333333333333,2.3833333333333333,0
id:rhcp11,id:zero080,1,1,1,2.183333333333333,2.183333333333333,0
id:rkarlaos1,id:malwool,1,1,1,2.033333333333333,2.033333333333333,0
id:rkdtks87,id:FeelingGood,1,1,1,4.233333333333333,4.233333333333333,0
id:rkdtks87,id:dleoduq1234,1,1,1,3.2333333333333334,3.2333333333333334,0
id:rkdtks87,id:rkdtks87,1,1,1,4.0,4.0,1
id:rkdtks87,id:yally1010,1,1,1,0.95,0.95,0
id:rltjddyd16,id:FeelingGood,1,1,1,2.3833333333333333,2.3833333333333333,0
id:rltjddyd16,id:KINGBATI,1,1,1,1.0333333333333334,1.0333333333333334,0
id:rltjddyd16,id:gerrard88,1,1,1,2.566666666666667,2.566666666666667,0
id:rltjddyd16,id:okao,1,1,1,4.016666666666667,4.016666666666667,0
id:rnjswd,id:BlackEyes23,1,1,1,2.8666666666666667,2.8666666666666667,0
id:rnjswd,id:cydia14,1,1,1,0.9666666666666667,0.9666666666666667,0
id:roe2k,id:85yang,1,1,1,4.316666666666666,4.316666666666666,0
id:roe2k,id:FeelingGood,1,1,1,3.316666666666667,3.316666666666667,0
id:roe2k,id:bluepillz,1,1,1,4.066666666666666,4.066666666666666,0
id:roe2k,id:destin23,1,1,1,2.5166666666666666,2.5166666666666666,0
id:roe2k,id:hopes,1,1,1,2.55,2.55,0
id:roe2k,id:iglaman,1,1,1,4.7,4.7,0
id:roe2k,id:impactx84,1,1,1,3.5833333333333335,3.5833333333333335,0
id:roe2k,id:jeep126,1,1,1,1.9,1.9,0
id:roe2k,id:jk3254792,1,1,1,2.2,2.2,0
id:roe2k,id:juventus82,1,1,1,4.816666666666666,4.816666666666666,0
id:roe2k,id:leoperiseus,1,1,1,1.1166666666666667,1.1166666666666667,0
id:roe2k,id:lfcthismeans,1,1,1,3.6666666666666665,3.6666666666666665,0
id:roe2k,id:publicatio,1,1,1,2.4166666666666665,2.4166666666666665,0
id:roe2k,id:sdh90,1,1,1,1.9166666666666667,1.9166666666666667,0
id:roe2k,id:solution78,1,1,1,3.15,3.15,0
id:roe2k,id:sounited13,1,1,1,1.4666666666666666,1.4666666666666666,0
id:roe2k,id:spoops,1,1,1,1.65,1.65,0
id:roe2k,id:todfndl12,1,1,1,2.5833333333333335,2.5833333333333335,0
id:rrlatls18,id:chun1149,1,1,1,1.8333333333333333,1.8333333333333333,0
id:rrlatls18,id:dlawls,1,1,1,3.066666666666667,3.066666666666667,0
id:rrlatls18,id:hypeboy,1,1,1,1.7,1.7,0
id:rrlatls18,id:kokand1912,1,1,1,2.283333333333333,2.283333333333333,0
id:rrlatls18,id:solution78,1,1,1,0.6666666666666666,0.6666666666666666,0
id:rrlatls18,id:summernight,1,1,1,3.95,3.95,0
id:rukk7812,id:0405psv,1,1,1,1.6333333333333333,1.6333333333333333,0
id:rukk7812,id:100m2,1,1,1,0.9833333333333333,0.9833333333333333,0
id:rukk7812,id:6667sh,1,1,1,4.883333333333334,4.883333333333334,0
id:rukk7812,id:85yang,1,1,1,2.066666666666667,2.066666666666667,0
id:rukk7812,id:Unsee8,1,1,1,4.916666666666667,4.916666666666667,0
id:rukk7812,id:arteta8,1,1,1,4.833333333333333,4.833333333333333,0
id:rukk7812,id:bonobono234,1,1,1,1.0666666666666667,1.0666666666666667,0
id:rukk7812,id:claralike123,1,1,1,1.0333333333333334,1.0333333333333334,0
id:rukk7812,id:conami05,1,1,1,1.6,1.6,0
id:rukk7812,id:coolow,1,1,1,2.316666666666667,2.316666666666667,0
id:rukk7812,id:djsi,1,1,1,1.3833333333333333,1.3833333333333333,0
id:rukk7812,id:dondekman,1,1,1,3.9166666666666665,3.9166666666666665,0
id:rukk7812,id:englfish,1,1,1,2.466666666666667,2.466666666666667,0
id:rukk7812,id:euji,1,1,1,4.516666666666667,4.516666666666667,0
id:rukk7812,id:flypcs20,1,1,1,2.5,2.5,0
id:rukk7812,id:garkas86,1,1,1,2.4166666666666665,2.4166666666666665,0
id:rukk7812,id:gerrard88,1,1,1,1.4833333333333334,1.4833333333333334,0
id:rukk7812,id:gogumadory,1,1,1,2.9166666666666665,2.9166666666666665,0
id:rukk7812,id:headworld,1,1,1,2.65,2.65,0
id:rukk7812,id:hoyaaa,1,1,1,3.1333333333333333,3.1333333333333333,0
id:rukk7812,id:hyeok497,1,1,1,1.8166666666666667,1.8166666666666667,0
id:rukk7812,id:iskoke,1,1,1,4.2,4.2,0
id:rukk7812,id:itsmyzone,1,1,1,4.866666666666666,4.866666666666666,0
id:rukk7812,id:judge,1,1,1,4.033333333333333,4.033333333333333,0
id:rukk7812,id:kaizennf,1,1,1,2.6,2.6,0
id:rukk7812,id:kaoruchan,1,1,1,0.9333333333333333,0.9333333333333333,0
id:rukk7812,id:kimdw22,1,1,1,3.933333333333333,3.933333333333333,0
id:rukk7812,id:kiriman,1,1,1,4.6,4.6,0
id:rukk7812,id:kohs98,1,1,1,4.583333333333333,4.583333333333333,0
id:rukk7812,id:koreatop,1,1,1,4.116666666666666,4.116666666666666,0
id:rukk7812,id:kyoijjoo,1,1,1,2.7666666666666666,2.7666666666666666,0
id:rukk7812,id:lj0608,1,1,1,3.0833333333333335,3.0833333333333335,0
id:rukk7812,id:mainkms,1,1,1,0.31666666666666665,0.31666666666666665,0
id:rukk7812,id:maybee,1,1,1,1.7333333333333334,1.7333333333333334,0
id:rukk7812,id:mnyj,1,1,1,3.05,3.05,0
id:rukk7812,id:ninety5mph,1,1,1,1.7333333333333334,1.7333333333333334,0
id:rukk7812,id:ortega12,1,1,1,0.55,0.55,0
id:rukk7812,id:owngoal,1,1,1,4.516666666666667,4.516666666666667,0
id:rukk7812,id:pharm92,1,1,1,3.2,3.2,0
id:rukk7812,id:pudingm,1,1,1,2.8666666666666667,2.8666666666666667,0
id:rukk7812,id:regions,1,1,1,3.4833333333333334,3.4833333333333334,0
id:rukk7812,id:sheva7,1,1,1,2.4,2.4,0
id:rukk7812,id:skylky,1,1,1,1.75,1.75,0
id:rukk7812,id:solution78,1,1,1,3.5166666666666666,3.5166666666666666,0
id:rukk7812,id:supremebape,1,1,1,1.9833333333333334,1.9833333333333334,0
id:rukk7812,id:taz79,1,1,1,3.9833333333333334,3.9833333333333334,0
id:rukk7812,id:terry34,1,1,1,2.533333333333333,2.533333333333333,0
id:rukk7812,id:thughu,1,1,1,3.6166666666666667,3.6166666666666667,0
id:rukk7812,id:v1004ses,1,1,1,2.316666666666667,2.316666666666667,0
id:rukk7812,id:vincent85,1,1,1,4.2,4.2,0
id:rukk7812,id:yeonrang,1,1,1,3.75,3.75,0
id:rukk7812,id:yjs1g,1,1,1,4.566666666666666,4.566666666666666,0
id:rukk7812,id:zero080,1,1,1,3.466666666666667,3.466666666666667,0
id:rukk7812,id:ㅡㅠㅡ)파(tlscnsansd,1,1,1,3.9833333333333334,3.9833333333333334,0
id:salrara123,id:bulbol,1,1,1,1.9166666666666667,1.9166666666666667,0
id:salrara123,id:okao,1,1,1,1.7666666666666666,1.7666666666666666,0
id:salrara123,id:yamso,1,1,1,2.1166666666666667,2.1166666666666667,0
id:sanapati,id:-_-)(jj1211,1,1,1,0.6666666666666666,0.6666666666666666,0
id:sanapati,id:ManU01,1,1,1,2.033333333333333,2.033333333333333,0
id:sanapati,id:arteta8,1,1,1,3.216666666666667,3.216666666666667,0
id:sanapati,id:bell3,1,1,1,1.6166666666666667,1.6166666666666667,0
id:sanapati,id:donka,1,1,1,1.7,1.7,0
id:sanapati,id:potatochip1,1,1,1,3.35,3.35,0
id:sanapati,id:sladkgold,1,1,1,1.1666666666666667,1.1666666666666667,0
id:sanapati,id:sta0505,1,1,1,4.716666666666667,4.716666666666667,0
id:sanapati,id:tjfghksss,1,1,1,3.316666666666667,3.316666666666667,0
id:sanapati,id:vdvaart,1,1,1,0.7166666666666667,0.7166666666666667,0
id:sanapati,id:vincent85,1,1,1,3.0166666666666666,3.0166666666666666,0
id:sanapati,id:yhtuos,1,1,1,3.316666666666667,3.316666666666667,0
id:sarajevo,id:Clocks,1,1,1,0.9333333333333333,0.9333333333333333,0
id:sarajevo,id:Pacojung102,1,1,1,2.933333333333333,2.933333333333333,0
id:sarajevo,id:bbaks321,1,1,1,1.25,1.25,0
id:sarajevo,id:donka,1,1,1,4.016666666666667,4.016666666666667,0
id:sarajevo,id:grit,1,1,1,4.25,4.25,0
id:sarajevo,id:impactx84,1,1,1,1.9333333333333333,1.9333333333333333,0
id:sarajevo,id:kokomong,1,1,1,0.5333333333333333,0.5333333333333333,0
id:sarajevo,id:naco16,1,1,1,2.45,2.45,0
id:sarajevo,id:whoshot,1,1,1,2.1666666666666665,2.1666666666666665,0
id:sarajevo,id:yally1010,1,1,1,1.6833333333333333,1.6833333333333333,0
id:say1673,id:bald80,1,1,1,3.033333333333333,3.033333333333333,0
id:say1673,id:benben,1,1,1,3.8666666666666667,3.8666666666666667,0
id:say1673,id:bluepillz,1,1,1,1.9,1.9,0
id:say1673,id:bonobono234,1,1,1,1.4,1.4,0
id:say1673,id:hokuki,1,1,1,4.033333333333333,4.033333333333333,0
id:say1673,id:hyeok497,1,1,1,2.533333333333333,2.533333333333333,0
id:say1673,id:idnya,1,1,1,3.3333333333333335,3.3333333333333335,0
id:say1673,id:kuo13,1,1,1,0.9333333333333333,0.9333333333333333,0
id:say1673,id:leed7584,1,1,1,4.65,4.65,0
id:say1673,id:mirissoul2,1,1,1,3.816666666666667,3.816666666666667,0
id:say1673,id:nox911,1,1,1,0.8333333333333334,0.8333333333333334,0
id:say1673,id:oasiticjoo19,1,1,1,2.4833333333333334,2.4833333333333334,0
id:say1673,id:sexline,1,1,1,1.2333333333333334,1.2333333333333334,0
id:say1673,id:shkj22,1,1,1,4.383333333333334,4.383333333333334,0
id:say1673,id:xxvxx,1,1,1,3.5166666666666666,3.5166666666666666,0
id:say1673,id:zerostar20,1,1,1,4.966666666666667,4.966666666666667,0
id:sbw1249,id:KINGBATI,1,1,1,3.45,3.45,0
id:sbw1249,id:hodoeel,1,1,1,3.3833333333333333,3.3833333333333333,0
id:sbw1249,id:solution78,1,1,1,2.55,2.55,0
id:sc1984,id:ManU01,1,1,1,1.0,1.0,0
id:sc1984,id:YoLaTengo,1,1,1,1.0,1.0,0
id:sc1984,id:cauking,1,1,1,3.283333333333333,3.283333333333333,0
id:sc1984,id:childpicture,1,1,1,2.75,2.75,0
id:sc1984,id:cytokine1234,1,1,1,2.1,2.1,0
id:sc1984,id:dlawls,1,1,1,2.9,2.9,0
id:sc1984,id:dleoduq1234,1,1,1,0.6666666666666666,0.6666666666666666,0
id:sc1984,id:hyeok497,1,1,1,1.45,1.45,0
id:sc1984,id:ifleet,1,1,1,4.333333333333333,4.333333333333333,0
id:sc1984,id:iglaman,1,1,1,4.566666666666666,4.566666666666666,0
id:sc1984,id:iloveyousun,1,1,1,2.5833333333333335,2.5833333333333335,0
id:sc1984,id:impactx84,1,1,1,1.0,1.0,0
id:sc1984,id:makijeon,1,1,1,3.0833333333333335,3.0833333333333335,0
id:sc1984,id:okao,1,1,1,2.15,2.15,0
id:sc1984,id:progamer77,1,1,1,3.5166666666666666,3.5166666666666666,0
id:sc1984,id:rainshowerkk,1,1,1,1.8,1.8,0
id:sc1984,id:summernight,1,1,1,1.2833333333333334,1.2833333333333334,0
id:sc1984,id:tjfghksss,1,1,1,0.9,0.9,0
id:sc1984,id:zero080,1,1,1,1.0666666666666667,1.0666666666666667,0
id:scary910,id:doochangman,1,1,1,0.6666666666666666,0.6666666666666666,0
id:scary910,id:hopes,1,1,1,1.1,1.1,0
id:scary910,id:oasiticjoo19,1,1,1,2.4,2.4,0
id:scary910,id:whoshot,1,1,1,1.4166666666666667,1.4166666666666667,0
id:sdh90,id:Ibrahima,1,1,1,3.6666666666666665,3.6666666666666665,0
id:sdh90,id:ajh30130,1,1,1,0.7666666666666667,0.7666666666666667,0
id:sdh90,id:bluepillz,1,1,1,2.966666666666667,2.966666666666667,0
id:sdh90,id:dondekhmann,1,1,1,1.9,1.9,0
id:sdh90,id:donka,1,1,1,2.45,2.45,0
id:sdh90,id:gerrardfan,1,1,1,2.55,2.55,0
id:sdh90,id:heo1935,1,1,1,0.9,0.9,0
id:sdh90,id:jjuhyun92,1,1,1,3.3,3.3,0
id:sdh90,id:kanoutsider,1,1,1,3.433333333333333,3.433333333333333,0
id:sdh90,id:nox911,1,1,1,4.833333333333333,4.833333333333333,0
id:sdh90,id:shkj22,1,1,1,3.816666666666667,3.816666666666667,0
id:sdh90,id:solution78,1,1,1,0.5833333333333334,0.5833333333333334,0
id:sdh90,id:spoops,1,1,1,1.5166666666666666,1.5166666666666666,0
id:sdh90,id:xxvxx,1,1,1,4.7,4.7,0
id:sexline,id:Ibrahima,1,1,1,1.8166666666666667,1.8166666666666667,0
id:sexline,id:Tenhag,1,1,1,0.38333333333333336,0.38333333333333336,0
id:sexline,id:deportivo7,1,1,1,2.8333333333333335,2.8333333333333335,0
id:sexline,id:donka,1,1,1,4.033333333333333,4.033333333333333,0
id:sexline,id:fallsky,1,1,1,1.5166666666666666,1.5166666666666666,0
id:sexline,id:flareburst,1,1,1,1.9833333333333334,1.9833333333333334,0
id:sexline,id:horizon,1,1,1,4.25,4.25,0
id:sexline,id:pearson19,1,1,1,0.85,0.85,0
id:sexline,id:rea1me,1,1,1,3.933333333333333,3.933333333333333,0
id:sexline,id:rhcp11,1,1,1,4.266666666666667,4.266666666666667,0
id:sexline,id:roykie151,1,1,1,4.433333333333334,4.433333333333334,0
id:sexline,id:skylky,1,1,1,0.65,0.65,0
id:shdqn,id:dadoocom,1,1,1,0.9666666666666667,0.9666666666666667,0
id:shkj22,id:bonobono234,1,1,1,2.816666666666667,2.816666666666667,0
id:shkj22,id:clowleed,1,1,1,3.75,3.75,0
id:shkj22,id:filyeun2,1,1,1,1.7833333333333334,1.7833333333333334,0
id:shkj22,id:kenochanTR,1,1,1,0.9333333333333333,0.9333333333333333,0
id:shkj22,id:kicking,1,1,1,1.7,1.7,0
id:shkj22,id:kings,1,1,1,2.5,2.5,0
id:shkj22,id:okao,1,1,1,2.1666666666666665,2.1666666666666665,0
id:shkj22,id:pearson19,1,1,1,1.15,1.15,0
id:shkj22,id:新) 허정무(blue123,1,1,1,0.75,0.75,0
id:simbae1,id:Bluewings21,1,1,1,3.15,3.15,0
id:simbae1,id:KINGBATI,1,1,1,1.65,1.65,0
id:simbae1,id:amaai,1,1,1,4.833333333333333,4.833333333333333,0
id:simbae1,id:donka,1,1,1,0.95,0.95,0
id:simbae1,id:ejirall,1,1,1,1.5666666666666667,1.5666666666666667,0
id:simbae1,id:itsmyzone,1,1,1,3.566666666666667,3.566666666666667,0
id:simbae1,id:juventus82,1,1,1,1.5333333333333334,1.5333333333333334,0
id:simbae1,id:kduncan,1,1,1,1.9833333333333334,1.9833333333333334,0
id:simbae1,id:kicking,1,1,1,3.1166666666666667,3.1166666666666667,0
id:simbae1,id:lfcthismeans,1,1,1,2.466666666666667,2.466666666666667,0
id:simbae1,id:whoshot,1,1,1,1.1,1.1,0
id:simbae1,id:yhtuos,1,1,1,1.0333333333333334,1.0333333333333334,0
id:sis97y53,id:dleoduq1234,1,1,1,0.9833333333333333,0.9833333333333333,0
id:skfkssutjr,id:oasiticjoo19,1,1,1,1.4333333333333333,1.4333333333333333,0
id:skfkssutjr,id:press21cc,1,1,1,3.9166666666666665,3.9166666666666665,0
id:skfkssutjr,id:yally1010,1,1,1,1.4333333333333333,1.4333333333333333,0
id:skykys85,id:placebo,1,1,1,1.9,1.9,0
id:skykys85,id:rea1me,1,1,1,4.033333333333333,4.033333333333333,0
id:skysay7,id:dleoduq1234,1,1,1,4.733333333333333,4.733333333333333,0
id:skysay7,id:flypcs20,1,1,1,1.4833333333333334,1.4833333333333334,0
id:skysay7,id:hohohal1717,1,1,1,1.05,1.05,0
id:skysay7,id:malwool,1,1,1,1.3166666666666667,1.3166666666666667,0
id:skysay7,id:wondh84,1,1,1,1.05,1.05,0
id:sm101v,id:whoshot,1,1,1,4.283333333333333,4.283333333333333,0
id:snakeheads,id:gum0510,1,1,1,2.15,2.15,0
id:snap23,id:BlackEyes23,1,1,1,2.1333333333333333,2.1333333333333333,0
id:snap23,id:blue5365,1,1,1,1.7333333333333334,1.7333333333333334,0
id:snap23,id:bulbol,1,1,1,0.7,0.7,0
id:snap23,id:dleoduq1234,1,1,1,1.8166666666666667,1.8166666666666667,0
id:snap23,id:flypcs20,1,1,1,4.416666666666667,4.416666666666667,0
id:snap23,id:horizon,1,1,1,1.1666666666666667,1.1666666666666667,0
id:snap23,id:iloveyousun,1,1,1,1.4,1.4,0
id:snap23,id:jkv2,1,1,1,2.4833333333333334,2.4833333333333334,0
id:snap23,id:kim2pac,1,1,1,0.5166666666666667,0.5166666666666667,0
id:snap23,id:kiriman,1,1,1,2.2333333333333334,2.2333333333333334,0
id:snap23,id:kwjunon,1,1,1,1.2666666666666666,1.2666666666666666,0
id:snap23,id:lee5,1,1,1,0.48333333333333334,0.48333333333333334,0
id:snap23,id:lj0608,1,1,1,2.183333333333333,2.183333333333333,0
id:snap23,id:loblue208,1,1,1,2.066666666666667,2.066666666666667,0
id:snap23,id:mhp3rd,1,1,1,2.45,2.45,0
id:snap23,id:pms2906,1,1,1,2.55,2.55,0
id:snap23,id:psj1905,1,1,1,2.816666666666667,2.816666666666667,0
id:snap23,id:psj205,1,1,1,3.1333333333333333,3.1333333333333333,0
id:snap23,id:regions,1,1,1,2.5166666666666666,2.5166666666666666,0
id:snap23,id:simpleisbest,1,1,1,1.0833333333333333,1.0833333333333333,0
id:snap23,id:soccerlineid,1,1,1,2.033333333333333,2.033333333333333,0
id:snap23,id:sonhh,1,1,1,2.1666666666666665,2.1666666666666665,0
id:snap23,id:ttangsoo6,1,1,1,4.683333333333334,4.683333333333334,0
id:snap23,id:whoshot,1,1,1,3.3333333333333335,3.3333333333333335,0
id:snap23,id:yhtuos,1,1,1,0.8,0.8,0
id:sobad,id:cytokine1234,1,1,1,1.0166666666666666,1.0166666666666666,0
id:sobad,id:roe2k,1,1,1,3.8833333333333333,3.8833333333333333,0
id:soccerfw16,id:dlawls,1,1,1,2.05,2.05,0
id:soccerfw16,id:malwool,1,1,1,3.1166666666666667,3.1166666666666667,0
id:soccerfw16,id:powerwkill1,1,1,1,2.5833333333333335,2.5833333333333335,0
id:soccerfw16,id:roykie151,1,1,1,0.9166666666666666,0.9166666666666666,0
id:soccerfw16,id:stynerkn,1,1,1,3.35,3.35,0
id:soccerfw16,id:wheotjd1,1,1,1,2.6666666666666665,2.6666666666666665,0
id:soccerlineid,id:YoLaTengo,1,1,1,3.85,3.85,0
id:soccerlineid,id:addedtime,1,1,1,2.0833333333333335,2.0833333333333335,0
id:soccerlineid,id:donka,1,1,1,1.2333333333333334,1.2333333333333334,0
id:soccerlineid,id:iglaman,1,1,1,4.866666666666666,4.866666666666666,0
id:soccerlineid,id:kakaka10,1,1,1,4.216666666666667,4.216666666666667,0
id:soccerlineid,id:kinomayu,1,1,1,3.45,3.45,0
id:soccerlineid,id:makaloni,1,1,1,3.7666666666666666,3.7666666666666666,0
id:soccerlineid,id:mirissoul2,1,1,1,3.1666666666666665,3.1666666666666665,0
id:soccerlineid,id:rogueone1,1,1,1,4.866666666666666,4.866666666666666,0
id:soccerlineid,id:sonhh,1,1,1,4.783333333333333,4.783333333333333,0
id:sof8,id:artemismoon,1,1,1,1.9833333333333334,1.9833333333333334,0
id:sof8,id:deportivo7,1,1,1,1.8666666666666667,1.8666666666666667,0
id:sof8,id:spoops,1,1,1,3.5166666666666666,3.5166666666666666,0
id:solution78,id:BongGu1103,1,1,1,4.166666666666667,4.166666666666667,0
id:solution78,id:MementoMori,1,1,1,1.6,1.6,0
id:solution78,id:Unsee8,1,1,1,0.6666666666666666,0.6666666666666666,0
id:solution78,id:acid9990,1,1,1,3.3666666666666667,3.3666666666666667,0
id:solution78,id:againstwin80,1,1,1,4.333333333333333,4.333333333333333,0
id:solution78,id:aisiteru99,1,1,1,3.8333333333333335,3.8333333333333335,0
id:solution78,id:amaai,1,1,1,2.9833333333333334,2.9833333333333334,0
id:solution78,id:boba1983,1,1,1,2.0833333333333335,2.0833333333333335,0
id:solution78,id:camel55,1,1,1,2.1,2.1,0
id:solution78,id:dress7,1,1,1,2.05,2.05,0
id:solution78,id:edh2och,1,1,1,2.933333333333333,2.933333333333333,0
id:solution78,id:ejirall,1,1,1,1.45,1.45,0
id:solution78,id:erec,1,1,1,1.1833333333333333,1.1833333333333333,0
id:solution78,id:filyeun2,1,1,1,1.2166666666666666,1.2166666666666666,0
id:solution78,id:flypcs20,1,1,1,1.1333333333333333,1.1333333333333333,0
id:solution78,id:forest,1,1,1,3.5833333333333335,3.5833333333333335,0
id:solution78,id:horizon,1,1,1,4.85,4.85,0
id:solution78,id:hsando1,1,1,1,2.4166666666666665,2.4166666666666665,0
id:solution78,id:hyunookk,1,1,1,2.9833333333333334,2.9833333333333334,0
id:solution78,id:idnya,1,1,1,4.35,4.35,0
id:solution78,id:itemptu2,1,1,1,3.3333333333333335,3.3333333333333335,0
id:solution78,id:kenochanTR,1,1,1,3.8666666666666667,3.8666666666666667,0
id:solution78,id:kiriman,1,1,1,0.7166666666666667,0.7166666666666667,0
id:solution78,id:lh1440,1,1,1,4.066666666666666,4.066666666666666,0
id:solution78,id:liking83,1,1,1,4.416666666666667,4.416666666666667,0
id:solution78,id:luna7742,1,1,1,2.65,2.65,0
id:solution78,id:mcraky,1,1,1,1.15,1.15,0
id:solution78,id:metalgear,1,1,1,3.4166666666666665,3.4166666666666665,0
id:solution78,id:mhp3rd,1,1,1,1.9166666666666667,1.9166666666666667,0
id:solution78,id:millano,1,1,1,4.383333333333334,4.383333333333334,0
id:solution78,id:osodos,1,1,1,4.083333333333333,4.083333333333333,0
id:solution78,id:progamer77,1,1,1,3.95,3.95,0
id:solution78,id:psj1905,1,1,1,1.7833333333333334,1.7833333333333334,0
id:solution78,id:sadyguru,1,1,1,2.5166666666666666,2.5166666666666666,0
id:solution78,id:sounited13,1,1,1,1.2333333333333334,1.2333333333333334,0
id:solution78,id:tactimp,1,1,1,4.35,4.35,0
id:solution78,id:taz79,1,1,1,4.033333333333333,4.033333333333333,0
id:solution78,id:ulsan0101,1,1,1,1.85,1.85,0
id:solution78,id:wind1123,1,1,1,3.0833333333333335,3.0833333333333335,0
id:solution78,id:zero080,1,1,1,0.7833333333333333,0.7833333333333333,0
id:solution78,id:zxcvbnm00765,1,1,1,4.383333333333334,4.383333333333334,0
id:sonhh,id:FeelingGood,1,1,1,2.5,2.5,0
id:sonhh,id:bulbol,1,1,1,3.35,3.35,0
id:sonhh,id:dadoocom,1,1,1,2.0,2.0,0
id:sonhh,id:halleng82,1,1,1,1.6,1.6,0
id:sonhh,id:horizon,1,1,1,2.75,2.75,0
id:sonhh,id:iglaman,1,1,1,4.583333333333333,4.583333333333333,0
id:sonhh,id:malwool,1,1,1,1.95,1.95,0
id:sonhh,id:qnflsdl,1,1,1,4.466666666666667,4.466666666666667,0
id:sonhh,id:rukk7812,1,1,1,2.95,2.95,0
id:sonhh,id:todfndl12,1,1,1,3.8333333333333335,3.8333333333333335,0
id:sonhh,id:wltlswhd,1,1,1,2.4,2.4,0
id:sooahn,id:spoops,1,1,1,0.6666666666666666,0.6666666666666666,0
id:soparkbj,id:Sejongutd1,1,1,1,2.033333333333333,2.033333333333333,0
id:soparkbj,id:donka,1,1,1,0.7833333333333333,0.7833333333333333,0
id:soparkbj,id:juventus82,1,1,1,3.283333333333333,3.283333333333333,0
id:soparkbj,id:sanga,1,1,1,2.1333333333333333,2.1333333333333333,0
id:soparkbj,id:solution78,1,1,1,1.8833333333333333,1.8833333333333333,0
id:soparkbj,id:whoshot,1,1,1,4.333333333333333,4.333333333333333,0
id:sounited13,id:Clocks,1,1,1,0.75,0.75,0
id:sounited13,id:KINGBATI,1,1,1,0.4,0.4,0
id:sounited13,id:ajh30130,1,1,1,0.9166666666666666,0.9166666666666666,0
id:sounited13,id:bizmoney,1,1,1,4.083333333333333,4.083333333333333,0
id:sounited13,id:cjhoon87,1,1,1,0.95,0.95,0
id:sounited13,id:cutler,1,1,1,4.033333333333333,4.033333333333333,0
id:sounited13,id:dialine,1,1,1,3.7666666666666666,3.7666666666666666,0
id:sounited13,id:eddie,1,1,1,0.5,0.5,0
id:sounited13,id:j697469,1,1,1,3.5833333333333335,3.5833333333333335,0
id:sounited13,id:kimkey,1,1,1,4.15,4.15,0
id:sounited13,id:masok01,1,1,1,2.183333333333333,2.183333333333333,0
id:sounited13,id:modern21,1,1,1,4.116666666666666,4.116666666666666,0
id:sounited13,id:recnow,1,1,1,3.066666666666667,3.066666666666667,0
id:sounited13,id:shkj22,1,1,1,4.616666666666666,4.616666666666666,0
id:sounited13,id:thesilver,1,1,1,1.3833333333333333,1.3833333333333333,0
id:spiderman91,id:pearson19,1,1,1,1.0,1.0,0
id:spiderman91,id:spiderman91,1,1,1,3.5166666666666666,3.5166666666666666,1
id:spoops,id:chakagesalja,1,1,1,0.7833333333333333,0.7833333333333333,0
id:spoops,id:dleoduq1234,1,1,1,2.816666666666667,2.816666666666667,0
id:spoops,id:flamans1,1,1,1,3.15,3.15,0
id:spoops,id:hoffenheim,1,1,1,3.0166666666666666,3.0166666666666666,0
id:spoops,id:pearson19,1,1,1,0.8833333333333333,0.8833333333333333,0
id:spurt9,id:donka,1,1,1,2.05,2.05,0
id:spurt9,id:koreafigo,1,1,1,1.8333333333333333,1.8333333333333333,0
id:spurt9,id:sounited13,1,1,1,3.6666666666666665,3.6666666666666665,0
id:spurt9,id:xxvxx,1,1,1,4.833333333333333,4.833333333333333,0
id:sta0505,id:kim2pac,1,1,1,1.6166666666666667,1.6166666666666667,0
id:sta0505,id:potatochip1,1,1,1,1.0,1.0,0
id:sta0505,id:spoops,1,1,1,3.316666666666667,3.316666666666667,0
id:stynerkn,id:85yang,1,1,1,3.9833333333333334,3.9833333333333334,0
id:stynerkn,id:LJM1389,1,1,1,5.0,5.0,0
id:stynerkn,id:cubana,1,1,1,0.55,0.55,0
id:stynerkn,id:cytokine1234,1,1,1,1.0833333333333333,1.0833333333333333,0
id:stynerkn,id:dlawls,1,1,1,3.8666666666666667,3.8666666666666667,0
id:stynerkn,id:ejirall,1,1,1,0.85,0.85,0
id:stynerkn,id:fantak,1,1,1,3.9166666666666665,3.9166666666666665,0
id:stynerkn,id:gerrard88,1,1,1,0.9333333333333333,0.9333333333333333,0
id:stynerkn,id:grit,1,1,1,4.866666666666666,4.866666666666666,0
id:stynerkn,id:hodoeel,1,1,1,2.2666666666666666,2.2666666666666666,0
id:stynerkn,id:horizon,1,1,1,2.3333333333333335,2.3333333333333335,0
id:stynerkn,id:impactx84,1,1,1,4.433333333333334,4.433333333333334,0
id:stynerkn,id:kim2pac,1,1,1,0.8166666666666667,0.8166666666666667,0
id:stynerkn,id:leoperiseus,1,1,1,3.6,3.6,0
id:stynerkn,id:millano,1,1,1,4.066666666666666,4.066666666666666,0
id:stynerkn,id:modern21,1,1,1,2.0,2.0,0
id:stynerkn,id:radioshot1,1,1,1,2.3833333333333333,2.3833333333333333,0
id:stynerkn,id:sta0505,1,1,1,0.9833333333333333,0.9833333333333333,0
id:stynerkn,id:wind1123,1,1,1,1.4666666666666666,1.4666666666666666,0
id:stynerkn,id:yally1010,1,1,1,3.9166666666666665,3.9166666666666665,0
id:stynerkn,id:yhtuos,1,1,1,0.7166666666666667,0.7166666666666667,0
id:summernight,id:Milner7,1,1,1,3.85,3.85,0
id:summernight,id:amaai,1,1,1,3.8333333333333335,3.8333333333333335,0
id:summernight,id:aracra,1,1,1,2.3666666666666667,2.3666666666666667,0
id:summernight,id:bbggkkk,1,1,1,3.433333333333333,3.433333333333333,0
id:summernight,id:blue5365,1,1,1,2.7,2.7,0
id:summernight,id:boba1983,1,1,1,1.6,1.6,0
id:summernight,id:chakagesalja,1,1,1,4.0,4.0,0
id:summernight,id:claralike123,1,1,1,1.4,1.4,0
id:summernight,id:cubana,1,1,1,1.1,1.1,0
id:summernight,id:cytokine1234,1,1,1,1.55,1.55,0
id:summernight,id:ddongbada,1,1,1,1.9333333333333333,1.9333333333333333,0
id:summernight,id:doochangman,1,1,1,3.3666666666666667,3.3666666666666667,0
id:summernight,id:dosa0705,1,1,1,5.0,5.0,0
id:summernight,id:ehsaksk,1,1,1,0.9666666666666667,0.9666666666666667,0
id:summernight,id:flareburst,1,1,1,1.8,1.8,0
id:summernight,id:haebark,1,1,1,1.55,1.55,0
id:summernight,id:hsocio95,1,1,1,1.7666666666666666,1.7666666666666666,0
id:summernight,id:hsw0119,1,1,1,3.433333333333333,3.433333333333333,0
id:summernight,id:hyeok497,1,1,1,1.2333333333333334,1.2333333333333334,0
id:summernight,id:jeffkent,1,1,1,0.8,0.8,0
id:summernight,id:jun2312,1,1,1,0.95,0.95,0
id:summernight,id:keditor,1,1,1,4.216666666666667,4.216666666666667,0
id:summernight,id:kokand1912,1,1,1,1.6333333333333333,1.6333333333333333,0
id:summernight,id:kokomong,1,1,1,0.43333333333333335,0.43333333333333335,0
id:summernight,id:kuo13,1,1,1,2.183333333333333,2.183333333333333,0
id:summernight,id:lfcthismeans,1,1,1,4.133333333333334,4.133333333333334,0
id:summernight,id:luna7742,1,1,1,3.6,3.6,0
id:summernight,id:makijeon,1,1,1,1.1333333333333333,1.1333333333333333,0
id:summernight,id:messiya2022,1,1,1,1.5333333333333334,1.5333333333333334,0
id:summernight,id:pearson19,1,1,1,0.5833333333333334,0.5833333333333334,0
id:summernight,id:placebo,1,1,1,1.4666666666666666,1.4666666666666666,0
id:summernight,id:realysoccer,1,1,1,1.9166666666666667,1.9166666666666667,0
id:summernight,id:roykie151,1,1,1,2.716666666666667,2.716666666666667,0
id:summernight,id:rukk7812,1,1,1,2.7666666666666666,2.7666666666666666,0
id:summernight,id:sdh90,1,1,1,1.2666666666666666,1.2666666666666666,0
id:summernight,id:stynerkn,1,1,1,1.6833333333333333,1.6833333333333333,0
id:summernight,id:takeout2002,1,1,1,3.2333333333333334,3.2333333333333334,0
id:summernight,id:tftf37,1,1,1,2.2666666666666666,2.2666666666666666,0
id:summernight,id:vincent85,1,1,1,3.6,3.6,0
id:summernight,id:yally1010,1,1,1,1.0666666666666667,1.0666666666666667,0
id:summernight,id:yhtuos,1,1,1,0.7166666666666667,0.7166666666666667,0
id:summernight,id:yjs1g,1,1,1,0.9333333333333333,0.9333333333333333,0
id:summernight,id:zkdltmffks,1,1,1,1.7666666666666666,1.7666666666666666,0
id:sunnyten,id:bulbol,1,1,1,1.9166666666666667,1.9166666666666667,0
id:sunnyten,id:dleoduq1234,1,1,1,1.8333333333333333,1.8333333333333333,0
id:sunnyten,id:sounited13,1,1,1,1.7,1.7,0
id:sy1238,id:FeelingGood,1,1,1,1.1,1.1,0
id:sy1238,id:KINGBATI,1,1,1,0.65,0.65,0
id:sy1238,id:Sejongutd1,1,1,1,0.7666666666666667,0.7666666666666667,0
id:sy1238,id:consul,1,1,1,2.283333333333333,2.283333333333333,0
id:sy1238,id:deportivo7,1,1,1,1.6333333333333333,1.6333333333333333,0
id:sy1238,id:destin23,1,1,1,1.0833333333333333,1.0833333333333333,0
id:sy1238,id:dialine,1,1,1,4.3,4.3,0
id:sy1238,id:inflam,1,1,1,2.95,2.95,0
id:sy1238,id:sta0505,1,1,1,0.9666666666666667,0.9666666666666667,0
id:sy1238,id:yun9h1,1,1,1,1.2166666666666666,1.2166666666666666,0
id:taqerkim,id:tkrldh,1,1,1,4.633333333333334,4.633333333333334,0
id:tendre,id:solution78,1,1,1,4.983333333333333,4.983333333333333,0
id:terry34,id:mogaros,1,1,1,4.016666666666667,4.016666666666667,0
id:terry34,id:shkj22,1,1,1,2.3,2.3,0
id:tgibhh111,id:dadoocom,1,1,1,4.216666666666667,4.216666666666667,0
id:thesilver,id:okao,1,1,1,2.066666666666667,2.066666666666667,0
id:thesilver,id:pearson19,1,1,1,1.3666666666666667,1.3666666666666667,0
id:thughu,id:donka,1,1,1,0.5166666666666667,0.5166666666666667,0
id:thuyu,id:DKisKing,1,1,1,2.25,2.25,0
id:thuyu,id:ajh30130,1,1,1,0.7,0.7,0
id:thuyu,id:donka,1,1,1,2.6166666666666667,2.6166666666666667,0
id:thuyu,id:edh2och,1,1,1,2.033333333333333,2.033333333333333,0
id:thuyu,id:juventus82,1,1,1,3.75,3.75,0
id:thuyu,id:kanoutsider,1,1,1,2.8333333333333335,2.8333333333333335,0
id:thuyu,id:kiriman,1,1,1,0.65,0.65,0
id:thuyu,id:malwool,1,1,1,0.6166666666666667,0.6166666666666667,0
id:thuyu,id:monkjm,1,1,1,1.9333333333333333,1.9333333333333333,0
id:thuyu,id:pearson19,1,1,1,0.55,0.55,0
id:thuyu,id:piter1976,1,1,1,3.05,3.05,0
id:thuyu,id:radioshot1,1,1,1,4.0,4.0,0
id:thuyu,id:redondor,1,1,1,1.0,1.0,0
id:thuyu,id:regnier,1,1,1,2.066666666666667,2.066666666666667,0
id:thuyu,id:sounited13,1,1,1,1.0,1.0,0
id:thuyu,id:spoops,1,1,1,0.7666666666666667,0.7666666666666667,0
id:tjdgh09123,id:bulbol,1,1,1,2.4166666666666665,2.4166666666666665,0
id:tjdgh09123,id:dadoocom,1,1,1,4.533333333333333,4.533333333333333,0
id:tjdgh09123,id:hobro,1,1,1,1.6333333333333333,1.6333333333333333,0
id:tjdgh09123,id:kaizennf,1,1,1,2.5833333333333335,2.5833333333333335,0
id:tjdgh09123,id:kakaka10,1,1,1,3.3,3.3,0
id:tjdgh09123,id:kim2pac,1,1,1,3.183333333333333,3.183333333333333,0
id:tjdgh09123,id:mrculbin7,1,1,1,2.65,2.65,0
id:tjdgh09123,id:redgundam,1,1,1,1.55,1.55,0
id:tjdgh09123,id:ulsan0101,1,1,1,0.55,0.55,0
id:tjdgh09123,id:yhtuos,1,1,1,0.8166666666666667,0.8166666666666667,0
id:tjfghksss,id:FeelingGood,1,1,1,1.9166666666666667,1.9166666666666667,0
id:tjfghksss,id:Marshmello,1,1,1,0.4,0.4,0
id:tjfghksss,id:ajh30130,1,1,1,1.5666666666666667,1.5666666666666667,0
id:tjfghksss,id:cjhoon87,1,1,1,1.05,1.05,0
id:tjfghksss,id:cubana,1,1,1,3.2333333333333334,3.2333333333333334,0
id:tjfghksss,id:donka,1,1,1,0.25,0.25,0
id:tjfghksss,id:elcelebro,1,1,1,3.3833333333333333,3.3833333333333333,0
id:tjfghksss,id:filyeun2,1,1,1,3.433333333333333,3.433333333333333,0
id:tjfghksss,id:hodoeel,1,1,1,2.9,2.9,0
id:tjfghksss,id:itsmyzone,1,1,1,1.8166666666666667,1.8166666666666667,0
id:tjfghksss,id:kduncan,1,1,1,4.333333333333333,4.333333333333333,0
id:tjfghksss,id:kiriman,1,1,1,2.283333333333333,2.283333333333333,0
id:tjfghksss,id:kopluke,1,1,1,1.1166666666666667,1.1166666666666667,0
id:tjfghksss,id:koreatop,1,1,1,4.433333333333334,4.433333333333334,0
id:tjfghksss,id:mhp3rd,1,1,1,4.933333333333334,4.933333333333334,0
id:tjfghksss,id:pearson19,1,1,1,0.6666666666666666,0.6666666666666666,0
id:tjfghksss,id:progamer77,1,1,1,2.1166666666666667,2.1166666666666667,0
id:tjfghksss,id:sexline,1,1,1,2.3833333333333333,2.3833333333333333,0
id:tjfghksss,id:solution78,1,1,1,3.316666666666667,3.316666666666667,0
id:tjfghksss,id:whoshot,1,1,1,1.5833333333333333,1.5833333333333333,0
id:tjfghksss,id:wondh84,1,1,1,4.05,4.05,0
id:tjfghksss,id:xxvxx,1,1,1,1.75,1.75,0
id:tjfghksss,id:zero080,1,1,1,2.3,2.3,0
id:tkrhdgus1,id:FeelingGood,1,1,1,0.85,0.85,0
id:tkrhdgus1,id:YoLaTengo,1,1,1,1.6,1.6,0
id:tkrhdgus1,id:deportivo7,1,1,1,2.95,2.95,0
id:tkrhdgus1,id:doochangman,1,1,1,1.3,1.3,0
id:tkrhdgus1,id:erec,1,1,1,1.35,1.35,0
id:tkrhdgus1,id:haebark,1,1,1,2.9166666666666665,2.9166666666666665,0
id:tkrhdgus1,id:iglaman,1,1,1,4.233333333333333,4.233333333333333,0
id:tkrhdgus1,id:judge,1,1,1,3.566666666666667,3.566666666666667,0
id:tkrhdgus1,id:kicking,1,1,1,4.283333333333333,4.283333333333333,0
id:tkrhdgus1,id:lee108123,1,1,1,3.3666666666666667,3.3666666666666667,0
id:tkrhdgus1,id:mirissoul2,1,1,1,1.5666666666666667,1.5666666666666667,0
id:tkrhdgus1,id:okao,1,1,1,1.9333333333333333,1.9333333333333333,0
id:tkrhdgus1,id:rea1me,1,1,1,1.8166666666666667,1.8166666666666667,0
id:tkrhdgus1,id:seriousjoo,1,1,1,2.216666666666667,2.216666666666667,0
id:tkrhdgus1,id:xavier,1,1,1,1.0666666666666667,1.0666666666666667,0
id:tkrhdgus1,id:yjs1g,1,1,1,0.9,0.9,0
id:tkzjfkdlsd,id:cytokine1234,1,1,1,3.816666666666667,3.816666666666667,0
id:tkzjfkdlsd,id:hopes,1,1,1,3.6666666666666665,3.6666666666666665,0
id:tkzjfkdlsd,id:leoarada,1,1,1,1.8166666666666667,1.8166666666666667,0
id:tkzjfkdlsd,id:lfcthismeans,1,1,1,0.6833333333333333,0.6833333333333333,0
id:tkzjfkdlsd,id:sidlove,1,1,1,4.7,4.7,0
id:tkzjfkdlsd,id:wind1123,1,1,1,3.466666666666667,3.466666666666667,0
id:tmclaah5531,id:Milner7,1,1,1,1.0666666666666667,1.0666666666666667,0
id:tmclaah5531,id:Scv001,1,1,1,4.35,4.35,0
id:tmclaah5531,id:dleoduq1234,1,1,1,0.85,0.85,0
id:todfndl12,id:BlackEyes23,1,1,1,2.283333333333333,2.283333333333333,0
id:todfndl12,id:HENSON05,1,1,1,2.3,2.3,0
id:todfndl12,id:Milner7,1,1,1,1.4833333333333334,1.4833333333333334,0
id:todfndl12,id:amaai,1,1,1,4.683333333333334,4.683333333333334,0
id:todfndl12,id:cubana,1,1,1,3.0833333333333335,3.0833333333333335,0
id:todfndl12,id:donka,1,1,1,0.4,0.4,0
id:todfndl12,id:hobro,1,1,1,2.0166666666666666,2.0166666666666666,0
id:todfndl12,id:hodoeel,1,1,1,2.35,2.35,0
id:todfndl12,id:judge,1,1,1,3.5,3.5,0
id:todfndl12,id:kaizennf,1,1,1,3.85,3.85,0
id:todfndl12,id:kim2pac,1,1,1,1.2833333333333334,1.2833333333333334,0
id:todfndl12,id:nas1984,1,1,1,2.1666666666666665,2.1666666666666665,0
id:todfndl12,id:press21cc,1,1,1,1.3333333333333333,1.3333333333333333,0
id:todfndl12,id:roykie151,1,1,1,2.533333333333333,2.533333333333333,0
id:todfndl12,id:sexline,1,1,1,3.3833333333333333,3.3833333333333333,0
id:todfndl12,id:sheva7,1,1,1,4.733333333333333,4.733333333333333,0
id:todfndl12,id:summernight,1,1,1,2.433333333333333,2.433333333333333,0
id:todfndl12,id:tactimp,1,1,1,2.783333333333333,2.783333333333333,0
id:todfndl12,id:wind1123,1,1,1,1.5833333333333333,1.5833333333333333,0
id:toninho07,id:Clocks,1,1,1,4.016666666666667,4.016666666666667,0
id:toninho07,id:Ibrahima,1,1,1,4.0,4.0,0
id:toninho07,id:Tenhag,1,1,1,0.6333333333333333,0.6333333333333333,0
id:toninho07,id:ajh30130,1,1,1,0.9166666666666666,0.9166666666666666,0
id:toninho07,id:bulbol,1,1,1,2.7666666666666666,2.7666666666666666,0
id:toninho07,id:claxn7,1,1,1,4.916666666666667,4.916666666666667,0
id:toninho07,id:donka,1,1,1,0.5166666666666667,0.5166666666666667,0
id:toninho07,id:ehihoho,1,1,1,4.383333333333334,4.383333333333334,0
id:toninho07,id:malwool,1,1,1,2.4833333333333334,2.4833333333333334,0
id:toninho07,id:progamer77,1,1,1,1.6833333333333333,1.6833333333333333,0
id:toninho07,id:rainshowerkk,1,1,1,1.55,1.55,0
id:toninho07,id:raulgonzo,1,1,1,2.6666666666666665,2.6666666666666665,0
id:toninho07,id:rhcp11,1,1,1,2.0166666666666666,2.0166666666666666,0
id:toninho07,id:wind1123,1,1,1,2.95,2.95,0
id:traum0105,id:85yang,1,1,1,2.95,2.95,0
id:traum0105,id:bugfix,1,1,1,0.7,0.7,0
id:traum0105,id:chun1149,1,1,1,2.8666666666666667,2.8666666666666667,0
id:traum0105,id:claralike123,1,1,1,0.65,0.65,0
id:traum0105,id:dlawls,1,1,1,3.6,3.6,0
id:traum0105,id:donka,1,1,1,4.583333333333333,4.583333333333333,0
id:traum0105,id:ehihoho,1,1,1,1.1333333333333333,1.1333333333333333,0
id:traum0105,id:hsando1,1,1,1,0.55,0.55,0
id:traum0105,id:impactx84,1,1,1,2.7,2.7,0
id:traum0105,id:jun2312,1,1,1,1.0833333333333333,1.0833333333333333,0
id:traum0105,id:juventus82,1,1,1,0.8333333333333334,0.8333333333333334,0
id:traum0105,id:k000ooo,1,1,1,3.683333333333333,3.683333333333333,0
id:traum0105,id:kanoutsider,1,1,1,3.75,3.75,0
id:traum0105,id:kimga333,1,1,1,1.8333333333333333,1.8333333333333333,0
id:traum0105,id:leoperiseus,1,1,1,4.533333333333333,4.533333333333333,0
id:traum0105,id:lfcthismeans,1,1,1,1.7166666666666666,1.7166666666666666,0
id:traum0105,id:malwool,1,1,1,2.7333333333333334,2.7333333333333334,0
id:traum0105,id:milkblue,1,1,1,1.6333333333333333,1.6333333333333333,0
id:traum0105,id:modern21,1,1,1,0.9333333333333333,0.9333333333333333,0
id:traum0105,id:okao,1,1,1,3.966666666666667,3.966666666666667,0
id:traum0105,id:progamer77,1,1,1,1.1166666666666667,1.1166666666666667,0
id:traum0105,id:realysoccer,1,1,1,1.7333333333333334,1.7333333333333334,0
id:traum0105,id:whoshot,1,1,1,1.1166666666666667,1.1166666666666667,0
id:traum0105,id:yhtuos,1,1,1,0.3,0.3,0
id:traum0105,id:yjs1g,1,1,1,4.1,4.1,0
id:ttkwnffj,id:cubana,1,1,1,4.733333333333333,4.733333333333333,0
id:ttkwnffj,id:horizon,1,1,1,3.9166666666666665,3.9166666666666665,0
id:ttkwnffj,id:kuo13,1,1,1,0.8666666666666667,0.8666666666666667,0
id:ttkwnffj,id:xxvxx,1,1,1,4.0,4.0,0
id:twija100,id:Bluewings21,1,1,1,3.0166666666666666,3.0166666666666666,0
id:twija100,id:iskoke,1,1,1,4.416666666666667,4.416666666666667,0
id:twija100,id:koreafigo,1,1,1,2.4833333333333334,2.4833333333333334,0
id:twija100,id:okao,1,1,1,2.9,2.9,0
id:twija100,id:seongmina,1,1,1,1.8666666666666667,1.8666666666666667,0
id:twinpeaks1,id:donka,1,1,1,0.4,0.4,0
id:twinpeaks1,id:endingx,1,1,1,4.1,4.1,0
id:twinpeaks1,id:makaloni,1,1,1,2.8833333333333333,2.8833333333333333,0
id:twinpeaks1,id:placebo,1,1,1,4.333333333333333,4.333333333333333,0
id:twinpeaks1,id:tjfghksss,1,1,1,2.2666666666666666,2.2666666666666666,0
id:twinpeaks1,id:todfndl12,1,1,1,2.5,2.5,0
id:typhoonjun,id:choissi,1,1,1,4.883333333333334,4.883333333333334,0
id:typhoonjun,id:jun2312,1,1,1,3.95,3.95,0
id:typhoonjun,id:radioshot1,1,1,1,3.566666666666667,3.566666666666667,0
id:typoonj2,id:PhDinssajul,1,1,1,3.6666666666666665,3.6666666666666665,0
id:typoonj2,id:Sejongutd1,1,1,1,2.566666666666667,2.566666666666667,0
id:typoonj2,id:bald80,1,1,1,3.9833333333333334,3.9833333333333334,0
id:typoonj2,id:bundes1,1,1,1,2.95,2.95,0
id:typoonj2,id:cafetango,1,1,1,2.566666666666667,2.566666666666667,0
id:typoonj2,id:chun1149,1,1,1,4.3,4.3,0
id:typoonj2,id:dhdld321,1,1,1,0.7666666666666667,0.7666666666666667,0
id:typoonj2,id:dleoduq10004,1,1,1,1.4166666666666667,1.4166666666666667,0
id:typoonj2,id:doochangman,1,1,1,4.066666666666666,4.066666666666666,0
id:typoonj2,id:ejirall,1,1,1,3.1666666666666665,3.1666666666666665,0
id:typoonj2,id:erai7007,1,1,1,3.8333333333333335,3.8333333333333335,0
id:typoonj2,id:fantak,1,1,1,2.45,2.45,0
id:typoonj2,id:grit,1,1,1,2.716666666666667,2.716666666666667,0
id:typoonj2,id:hoffenheim,1,1,1,2.316666666666667,2.316666666666667,0
id:typoonj2,id:hypeboy,1,1,1,2.433333333333333,2.433333333333333,0
id:typoonj2,id:impactx84,1,1,1,2.2333333333333334,2.2333333333333334,0
id:typoonj2,id:itsmyzone,1,1,1,1.8166666666666667,1.8166666666666667,0
id:typoonj2,id:kim2pac,1,1,1,2.6333333333333333,2.6333333333333333,0
id:typoonj2,id:klopp1104,1,1,1,2.0833333333333335,2.0833333333333335,0
id:typoonj2,id:lfcthismeans,1,1,1,1.7333333333333334,1.7333333333333334,0
id:typoonj2,id:luminai,1,1,1,2.4833333333333334,2.4833333333333334,0
id:typoonj2,id:masok01,1,1,1,1.3666666666666667,1.3666666666666667,0
id:typoonj2,id:press21cc,1,1,1,0.8166666666666667,0.8166666666666667,0
id:typoonj2,id:raul7143,1,1,1,3.933333333333333,3.933333333333333,0
id:typoonj2,id:solution78,1,1,1,3.3833333333333333,3.3833333333333333,0
id:typoonj2,id:todfndl12,1,1,1,1.4166666666666667,1.4166666666666667,0
id:typoonj2,id:typoonj2,1,1,1,1.6333333333333333,1.6333333333333333,1
id:typoonj2,id:zerg3253,1,1,1,1.4166666666666667,1.4166666666666667,0
id:typoonj2,id:zero080,1,1,1,3.9,3.9,0
id:ulsan0101,id:FeelingGood,1,1,1,2.433333333333333,2.433333333333333,0
id:ulsan0101,id:kokomong,1,1,1,1.2833333333333334,1.2833333333333334,0
id:umamusume,id:Ibrahima,1,1,1,2.966666666666667,2.966666666666667,0
id:umamusume,id:TRkenochan,1,1,1,3.933333333333333,3.933333333333333,0
id:umamusume,id:bugfix,1,1,1,2.0,2.0,0
id:umamusume,id:bulbol,1,1,1,4.75,4.75,0
id:umamusume,id:cauking,1,1,1,2.95,2.95,0
id:umamusume,id:csh1194,1,1,1,1.6666666666666667,1.6666666666666667,0
id:umamusume,id:jun2312,1,1,1,1.15,1.15,0
id:umamusume,id:kduncan,1,1,1,2.3666666666666667,2.3666666666666667,0
id:umamusume,id:mcraky,1,1,1,3.1166666666666667,3.1166666666666667,0
id:umamusume,id:okao,1,1,1,0.8333333333333334,0.8333333333333334,0
id:umamusume,id:tkrhdgus1,1,1,1,1.7833333333333334,1.7833333333333334,0
id:umamusume,id:vincent85,1,1,1,3.183333333333333,3.183333333333333,0
id:unknownuser,id:KINGBATI,1,1,1,2.3666666666666667,2.3666666666666667,0
id:unknownuser,id:Tenhag,1,1,1,2.6666666666666665,2.6666666666666665,0
id:unknownuser,id:ajh30130,1,1,1,3.2666666666666666,3.2666666666666666,0
id:unknownuser,id:dleoduq1234,1,1,1,0.6666666666666666,0.6666666666666666,0
id:unknownuser,id:euji,1,1,1,4.233333333333333,4.233333333333333,0
id:unknownuser,id:gerrard88,1,1,1,1.6833333333333333,1.6833333333333333,0
id:unknownuser,id:monkjm,1,1,1,1.4666666666666666,1.4666666666666666,0
id:unknownuser,id:zxcvv,1,1,1,1.7,1.7,0
id:upandgogo,id:iloveyousun,1,1,1,2.0,2.0,0
id:upandgogo,id:progamer77,1,1,1,1.6166666666666667,1.6166666666666667,0
id:upandgogo,id:upandgogo,1,1,1,0.36666666666666664,0.36666666666666664,1
id:urmyboo,id:donka,1,1,1,1.7333333333333334,1.7333333333333334,0
id:v1004ses,id:FeelingGood,1,1,1,0.4,0.4,0
id:v1004ses,id:KINGBATI,1,1,1,1.7333333333333334,1.7333333333333334,0
id:v1004ses,id:artemismoon,1,1,1,0.6333333333333333,0.6333333333333333,0
id:v1004ses,id:blue5365,1,1,1,3.9,3.9,0
id:v1004ses,id:kanoutsider,1,1,1,1.6333333333333333,1.6333333333333333,0
id:v1004ses,id:lhw8694,1,1,1,1.0333333333333334,1.0333333333333334,0
id:v1004ses,id:riverpine,1,1,1,1.7833333333333334,1.7833333333333334,0
id:v1004ses,id:roe2k,1,1,1,4.766666666666667,4.766666666666667,0
id:v1004ses,id:spoops,1,1,1,1.55,1.55,0
id:vamman,id:cytokine1234,1,1,1,2.1,2.1,0
id:vamman,id:malwool,1,1,1,1.2166666666666666,1.2166666666666666,0
id:vamman,id:sounited13,1,1,1,1.0666666666666667,1.0666666666666667,0
id:vamman,id:yeonrang,1,1,1,2.316666666666667,2.316666666666667,0
id:vamman,id:yoshiki2,1,1,1,1.65,1.65,0
id:veratis,id:Marshmello,1,1,1,0.7333333333333333,0.7333333333333333,0
id:veratis,id:ajh30130,1,1,1,3.1666666666666665,3.1666666666666665,0
id:veratis,id:ar10,1,1,1,2.9,2.9,0
id:veratis,id:cubana,1,1,1,2.1666666666666665,2.1666666666666665,0
id:veratis,id:doochangman,1,1,1,3.2666666666666666,3.2666666666666666,0
id:veratis,id:filyeun2,1,1,1,4.033333333333333,4.033333333333333,0
id:veratis,id:impactx84,1,1,1,4.433333333333334,4.433333333333334,0
id:veratis,id:kicking,1,1,1,3.7666666666666666,3.7666666666666666,0
id:veratis,id:lfcthismeans,1,1,1,1.45,1.45,0
id:veratis,id:pearson19,1,1,1,4.683333333333334,4.683333333333334,0
id:veratis,id:spoops,1,1,1,1.3333333333333333,1.3333333333333333,0
id:veratis,id:thesilver,1,1,1,3.9833333333333334,3.9833333333333334,0
id:vincent85,id:85yang,1,1,1,1.6333333333333333,1.6333333333333333,0
id:vincent85,id:blue5365,1,1,1,1.7333333333333334,1.7333333333333334,0
id:vincent85,id:chun1149,1,1,1,4.066666666666666,4.066666666666666,0
id:vincent85,id:donka,1,1,1,0.6333333333333333,0.6333333333333333,0
id:vincent85,id:ehdtks9286,1,1,1,2.033333333333333,2.033333333333333,0
id:vincent85,id:eory24,1,1,1,3.7,3.7,0
id:vincent85,id:figo7428,1,1,1,4.933333333333334,4.933333333333334,0
id:vincent85,id:hanlobby,1,1,1,2.183333333333333,2.183333333333333,0
id:vincent85,id:icarus4301,1,1,1,0.8166666666666667,0.8166666666666667,0
id:vincent85,id:iskoke,1,1,1,4.05,4.05,0
id:vincent85,id:jdspitz,1,1,1,2.4166666666666665,2.4166666666666665,0
id:vincent85,id:k970425,1,1,1,3.3,3.3,0
id:vincent85,id:lj0608,1,1,1,2.3666666666666667,2.3666666666666667,0
id:vincent85,id:mirissoul2,1,1,1,3.6,3.6,0
id:vincent85,id:psj205,1,1,1,2.5833333333333335,2.5833333333333335,0
id:vincent85,id:rainshowerkk,1,1,1,4.133333333333334,4.133333333333334,0
id:vincent85,id:rukk7812,1,1,1,0.5,0.5,0
id:vincent85,id:sladkgold,1,1,1,2.0833333333333335,2.0833333333333335,0
id:vincent85,id:spoops,1,1,1,0.9,0.9,0
id:vincent85,id:sta0505,1,1,1,3.683333333333333,3.683333333333333,0
id:vincent85,id:ulsan0101,1,1,1,3.1666666666666665,3.1666666666666665,0
id:vincent85,id:whoshot,1,1,1,4.45,4.45,0
id:vlffpqhtm,id:KINGBATI,1,1,1,1.1833333333333333,1.1833333333333333,0
id:vnweq956,id:deportivo7,1,1,1,1.2666666666666666,1.2666666666666666,0
id:vnweq956,id:impactx84,1,1,1,2.15,2.15,0
id:vnweq956,id:mirissoul2,1,1,1,2.2,2.2,0
id:vnweq956,id:pjhwinner,1,1,1,1.3166666666666667,1.3166666666666667,0
id:vnweq956,id:todfndl12,1,1,1,2.566666666666667,2.566666666666667,0
id:whddlqlgodrl,id:Clousewitz,1,1,1,1.45,1.45,0
id:whddlqlgodrl,id:Rojiblanco,1,1,1,4.383333333333334,4.383333333333334,0
id:whddlqlgodrl,id:Tenhag,1,1,1,1.95,1.95,0
id:whddlqlgodrl,id:bundes1,1,1,1,4.016666666666667,4.016666666666667,0
id:whddlqlgodrl,id:cauking,1,1,1,3.433333333333333,3.433333333333333,0
id:whddlqlgodrl,id:dass592,1,1,1,4.916666666666667,4.916666666666667,0
id:whddlqlgodrl,id:deportivo7,1,1,1,0.7833333333333333,0.7833333333333333,0
id:whddlqlgodrl,id:dleoduq1234,1,1,1,0.7166666666666667,0.7166666666666667,0
id:whddlqlgodrl,id:eufc,1,1,1,1.9666666666666666,1.9666666666666666,0
id:whddlqlgodrl,id:filyeun2,1,1,1,3.4166666666666665,3.4166666666666665,0
id:whddlqlgodrl,id:flamans1,1,1,1,2.55,2.55,0
id:whddlqlgodrl,id:iloveyousun,1,1,1,3.8833333333333333,3.8833333333333333,0
id:whddlqlgodrl,id:lfcthismeans,1,1,1,1.2,1.2,0
id:whddlqlgodrl,id:luna7742,1,1,1,2.9166666666666665,2.9166666666666665,0
id:whddlqlgodrl,id:malwool,1,1,1,2.966666666666667,2.966666666666667,0
id:whddlqlgodrl,id:modern21,1,1,1,1.3333333333333333,1.3333333333333333,0
id:whddlqlgodrl,id:rascol,1,1,1,1.75,1.75,0
id:whddlqlgodrl,id:riverpine,1,1,1,1.7,1.7,0
id:whddlqlgodrl,id:rwingback,1,1,1,2.933333333333333,2.933333333333333,0
id:whddlqlgodrl,id:tjdqhrehd,1,1,1,1.4333333333333333,1.4333333333333333,0
id:whddlqlgodrl,id:whoshot,1,1,1,0.7,0.7,0
id:wheotjd1,id:FeelingGood,1,1,1,1.3333333333333333,1.3333333333333333,0
id:wheotjd1,id:YoLaTengo,1,1,1,2.033333333333333,2.033333333333333,0
id:wheotjd1,id:bbggkkk,1,1,1,2.783333333333333,2.783333333333333,0
id:wheotjd1,id:coolow,1,1,1,0.85,0.85,0
id:wheotjd1,id:doochangman,1,1,1,1.0666666666666667,1.0666666666666667,0
id:wheotjd1,id:dosa0705,1,1,1,2.816666666666667,2.816666666666667,0
id:wheotjd1,id:gerrard88,1,1,1,1.8833333333333333,1.8833333333333333,0
id:wheotjd1,id:horizon,1,1,1,3.3333333333333335,3.3333333333333335,0
id:wheotjd1,id:kim2pac,1,1,1,3.9166666666666665,3.9166666666666665,0
id:wheotjd1,id:lfcthismeans,1,1,1,1.8333333333333333,1.8333333333333333,0
id:wheotjd1,id:modern21,1,1,1,0.7333333333333333,0.7333333333333333,0
id:wheotjd1,id:okao,1,1,1,2.1666666666666665,2.1666666666666665,0
id:wheotjd1,id:peterock83,1,1,1,1.9166666666666667,1.9166666666666667,0
id:wheotjd1,id:potatochip1,1,1,1,0.8,0.8,0
id:wheotjd1,id:sounited13,1,1,1,2.433333333333333,2.433333333333333,0
id:wheotjd1,id:tftf37,1,1,1,0.7833333333333333,0.7833333333333333,0
id:wheotjd1,id:tjfghksss,1,1,1,0.9833333333333333,0.9833333333333333,0
id:whksrns,id:FeelingGood,1,1,1,1.6666666666666667,1.6666666666666667,0
id:whksrns,id:Tenhag,1,1,1,3.6666666666666665,3.6666666666666665,0
id:whksrns,id:bluepillz,1,1,1,2.716666666666667,2.716666666666667,0
id:whksrns,id:cauking,1,1,1,2.3666666666666667,2.3666666666666667,0
id:whksrns,id:footpodo,1,1,1,1.1,1.1,0
id:whksrns,id:forest,1,1,1,1.3333333333333333,1.3333333333333333,0
id:whksrns,id:gum0510,1,1,1,0.9,0.9,0
id:whksrns,id:knight11,1,1,1,2.066666666666667,2.066666666666667,0
id:whksrns,id:okao,1,1,1,3.933333333333333,3.933333333333333,0
id:whksrns,id:zxcvbnm00765,1,1,1,4.283333333333333,4.283333333333333,0
id:whoshot,id:donka,1,1,1,0.8333333333333334,0.8333333333333334,0
id:whoshot,id:eddie,1,1,1,1.15,1.15,0
id:whoshot,id:iloveyousun,1,1,1,1.7,1.7,0
id:whoshot,id:kim2pac,1,1,1,1.8,1.8,0
id:whoshot,id:kokomong,1,1,1,0.8666666666666667,0.8666666666666667,0
id:whoshot,id:rukk7812,1,1,1,1.0833333333333333,1.0833333333333333,0
id:whoshot,id:sonhh,1,1,1,2.966666666666667,2.966666666666667,0
id:whoshot,id:stynerkn,1,1,1,3.5166666666666666,3.5166666666666666,0
id:whoshot,id:todfndl12,1,1,1,2.2666666666666666,2.2666666666666666,0
id:whoshot,id:typoonj2,1,1,1,2.45,2.45,0
id:whylee,id:Sejongutd1,1,1,1,1.0333333333333334,1.0333333333333334,0
id:whylee,id:spoops,1,1,1,1.0833333333333333,1.0833333333333333,0
id:wind1123,id:KINGBATI,1,1,1,2.9,2.9,0
id:wind1123,id:Milner7,1,1,1,1.1833333333333333,1.1833333333333333,0
id:wind1123,id:Sejongutd1,1,1,1,2.1,2.1,0
id:wind1123,id:ar10,1,1,1,2.8333333333333335,2.8333333333333335,0
id:wind1123,id:aracra,1,1,1,1.3,1.3,0
id:wind1123,id:benben,1,1,1,3.2333333333333334,3.2333333333333334,0
id:wind1123,id:bggp19,1,1,1,4.916666666666667,4.916666666666667,0
id:wind1123,id:bookae1,1,1,1,0.9666666666666667,0.9666666666666667,0
id:wind1123,id:bundes1,1,1,1,2.683333333333333,2.683333333333333,0
id:wind1123,id:cjhoon87,1,1,1,1.6166666666666667,1.6166666666666667,0
id:wind1123,id:colacup,1,1,1,1.45,1.45,0
id:wind1123,id:coolow,1,1,1,0.7333333333333333,0.7333333333333333,0
id:wind1123,id:hmhgood,1,1,1,1.4,1.4,0
id:wind1123,id:jeffkent,1,1,1,2.3833333333333333,2.3833333333333333,0
id:wind1123,id:jejajj9,1,1,1,1.4666666666666666,1.4666666666666666,0
id:wind1123,id:kostunica,1,1,1,1.4666666666666666,1.4666666666666666,0
id:wind1123,id:minami89,1,1,1,0.9666666666666667,0.9666666666666667,0
id:wind1123,id:pearson19,1,1,1,0.3,0.3,0
id:wind1123,id:progamer77,1,1,1,1.1666666666666667,1.1666666666666667,0
id:wind1123,id:raistlin1,1,1,1,2.4166666666666665,2.4166666666666665,0
id:wind1123,id:redondor,1,1,1,1.4833333333333334,1.4833333333333334,0
id:wind1123,id:sexline,1,1,1,1.8333333333333333,1.8333333333333333,0
id:wind1123,id:sinn556i,1,1,1,3.933333333333333,3.933333333333333,0
id:wind1123,id:soju4jan,1,1,1,2.85,2.85,0
id:wind1123,id:tgibhh111,1,1,1,3.3833333333333333,3.3833333333333333,0
id:wind1123,id:tkrldh,1,1,1,5.0,5.0,0
id:wind1123,id:ulsan0101,1,1,1,4.266666666666667,4.266666666666667,0
id:wind1123,id:xavi08,1,1,1,3.9,3.9,0
id:wind1123,id:yhtuos,1,1,1,1.4166666666666667,1.4166666666666667,0
id:wjstkqn1235,id:dress7,1,1,1,4.233333333333333,4.233333333333333,0
id:wltlswhd,id:hypeboy,1,1,1,2.7333333333333334,2.7333333333333334,0
id:wltlswhd,id:okao,1,1,1,0.75,0.75,0
id:wltlswhd,id:seriousjoo,1,1,1,2.0166666666666666,2.0166666666666666,0
id:wltlswhd,id:zero080,1,1,1,0.8833333333333333,0.8833333333333333,0
id:wondh84,id:2egg3things,1,1,1,1.1833333333333333,1.1833333333333333,0
id:wondh84,id:consul,1,1,1,2.183333333333333,2.183333333333333,0
id:wondh84,id:mirissoul2,1,1,1,1.7833333333333334,1.7833333333333334,0
id:wondh84,id:psj205,1,1,1,2.433333333333333,2.433333333333333,0
id:wondh84,id:rukk7812,1,1,1,1.6166666666666667,1.6166666666666667,0
id:wondh84,id:yhtuos,1,1,1,0.7,0.7,0
id:worldwill,id:dosa0705,1,1,1,2.066666666666667,2.066666666666667,0
id:worldwill,id:hypeboy,1,1,1,2.966666666666667,2.966666666666667,0
id:worldwill,id:mrculbin7,1,1,1,3.15,3.15,0
id:xxvxx,id:BlackEyes23,1,1,1,1.6,1.6,0
id:xxvxx,id:FeelingGood,1,1,1,1.9833333333333334,1.9833333333333334,0
id:xxvxx,id:Ibrahima,1,1,1,2.466666666666667,2.466666666666667,0
id:xxvxx,id:NANRIBLUCE,1,1,1,3.7,3.7,0
id:xxvxx,id:Tenhag,1,1,1,3.066666666666667,3.066666666666667,0
id:xxvxx,id:YoLaTengo,1,1,1,4.333333333333333,4.333333333333333,0
id:xxvxx,id:alfatini,1,1,1,4.533333333333333,4.533333333333333,0
id:xxvxx,id:bbggkkk,1,1,1,0.9833333333333333,0.9833333333333333,0
id:xxvxx,id:claralike123,1,1,1,2.1333333333333333,2.1333333333333333,0
id:xxvxx,id:cokabel,1,1,1,2.783333333333333,2.783333333333333,0
id:xxvxx,id:coolalexx,1,1,1,0.7333333333333333,0.7333333333333333,0
id:xxvxx,id:cydia14,1,1,1,1.4333333333333333,1.4333333333333333,0
id:xxvxx,id:flamans1,1,1,1,3.3666666666666667,3.3666666666666667,0
id:xxvxx,id:flareburst,1,1,1,3.966666666666667,3.966666666666667,0
id:xxvxx,id:gkdlfndtjr,1,1,1,1.95,1.95,0
id:xxvxx,id:hoffenheim,1,1,1,0.9166666666666666,0.9166666666666666,0
id:xxvxx,id:hypeboy,1,1,1,2.4,2.4,0
id:xxvxx,id:ireland7,1,1,1,1.6333333333333333,1.6333333333333333,0
id:xxvxx,id:jeep126,1,1,1,0.85,0.85,0
id:xxvxx,id:jojic32,1,1,1,4.4,4.4,0
id:xxvxx,id:kduncan,1,1,1,2.183333333333333,2.183333333333333,0
id:xxvxx,id:kopluke,1,1,1,3.816666666666667,3.816666666666667,0
id:xxvxx,id:leed7584,1,1,1,2.566666666666667,2.566666666666667,0
id:xxvxx,id:makaloni,1,1,1,1.3666666666666667,1.3666666666666667,0
id:xxvxx,id:makijeon,1,1,1,0.85,0.85,0
id:xxvxx,id:modern21,1,1,1,2.75,2.75,0
id:xxvxx,id:powerslam1,1,1,1,2.7333333333333334,2.7333333333333334,0
id:xxvxx,id:progamer77,1,1,1,1.5833333333333333,1.5833333333333333,0
id:xxvxx,id:radioshot1,1,1,1,0.8666666666666667,0.8666666666666667,0
id:xxvxx,id:riverpine,1,1,1,1.3,1.3,0
id:xxvxx,id:sounited13,1,1,1,1.85,1.85,0
id:xxvxx,id:summernight,1,1,1,3.6333333333333333,3.6333333333333333,0
id:xxvxx,id:swat890,1,1,1,4.866666666666666,4.866666666666666,0
id:xxvxx,id:ttangsoo6,1,1,1,0.5166666666666667,0.5166666666666667,0
id:xxvxx,id:typoonj2,1,1,1,2.783333333333333,2.783333333333333,0
id:xxvxx,id:whoshot,1,1,1,1.0666666666666667,1.0666666666666667,0
id:xxvxx,id:yhtuos,1,1,1,1.45,1.45,0
id:xxvxx,id:yoshiki2,1,1,1,2.65,2.65,0
id:yally1010,id:KINGBATI,1,1,1,0.9833333333333333,0.9833333333333333,0
id:yally1010,id:Tenhag,1,1,1,1.2166666666666666,1.2166666666666666,0
id:yally1010,id:artemismoon,1,1,1,4.616666666666666,4.616666666666666,0
id:yally1010,id:blacktube23,1,1,1,1.0833333333333333,1.0833333333333333,0
id:yally1010,id:bulbol,1,1,1,4.116666666666666,4.116666666666666,0
id:yally1010,id:chakagesalja,1,1,1,4.766666666666667,4.766666666666667,0
id:yally1010,id:cjhoon87,1,1,1,2.4,2.4,0
id:yally1010,id:cytokine1234,1,1,1,1.9,1.9,0
id:yally1010,id:dlawls,1,1,1,2.533333333333333,2.533333333333333,0
id:yally1010,id:englfish,1,1,1,3.7666666666666666,3.7666666666666666,0
id:yally1010,id:grit,1,1,1,1.1166666666666667,1.1166666666666667,0
id:yally1010,id:gum0510,1,1,1,4.983333333333333,4.983333333333333,0
id:yally1010,id:kicking,1,1,1,2.7,2.7,0
id:yally1010,id:ksb7872,1,1,1,2.8833333333333333,2.8833333333333333,0
id:yally1010,id:messiya2022,1,1,1,1.6,1.6,0
id:yally1010,id:novacane,1,1,1,0.8166666666666667,0.8166666666666667,0
id:yally1010,id:pearson19,1,1,1,1.3833333333333333,1.3833333333333333,0
id:yally1010,id:raistlin1,1,1,1,3.2666666666666666,3.2666666666666666,0
id:yally1010,id:regions,1,1,1,2.0833333333333335,2.0833333333333335,0
id:yally1010,id:regnier,1,1,1,1.7833333333333334,1.7833333333333334,0
id:yally1010,id:say1673,1,1,1,0.6,0.6,0
id:yally1010,id:sdh90,1,1,1,4.9,4.9,0
id:yally1010,id:spoops,1,1,1,1.35,1.35,0
id:yally1010,id:todfndl12,1,1,1,0.95,0.95,0
id:yally1010,id:whoshot,1,1,1,1.0166666666666666,1.0166666666666666,0
id:yally1010,id:yjs1g,1,1,1,1.35,1.35,0
id:yeodarl,id:cytokine1234,1,1,1,0.6,0.6,0
id:yeodarl,id:placebo,1,1,1,4.95,4.95,0
id:yeonrang,id:kiriman,1,1,1,1.9333333333333333,1.9333333333333333,0
id:yeonrang,id:spoops,1,1,1,2.3333333333333335,2.3333333333333335,0
id:yesyes5467,id:taz79,1,1,1,4.216666666666667,4.216666666666667,0
id:yesyes5467,id:wowoyeah,1,1,1,0.65,0.65,0
id:yesyes5467,id:yhtuos,1,1,1,4.7,4.7,0
id:yhtuos,id:claralike123,1,1,1,3.183333333333333,3.183333333333333,0
id:yhtuos,id:kim2pac,1,1,1,2.85,2.85,0
id:yhtuos,id:yohe,1,1,1,1.55,1.55,0
id:yjs1g,id:kokomong,1,1,1,0.35,0.35,0
id:yo821281,id:6667sh,1,1,1,2.8666666666666667,2.8666666666666667,0
id:yo821281,id:Clocks,1,1,1,1.4166666666666667,1.4166666666666667,0
id:yo821281,id:Tenhag,1,1,1,0.38333333333333336,0.38333333333333336,0
id:yo821281,id:Unsee8,1,1,1,1.0166666666666666,1.0166666666666666,0
id:yo821281,id:ajh30130,1,1,1,0.3333333333333333,0.3333333333333333,0
id:yo821281,id:bookae1,1,1,1,1.3833333333333333,1.3833333333333333,0
id:yo821281,id:bugfix,1,1,1,1.9166666666666667,1.9166666666666667,0
id:yo821281,id:chakagesalja,1,1,1,4.85,4.85,0
id:yo821281,id:dadoocom,1,1,1,1.1,1.1,0
id:yo821281,id:dhdld321,1,1,1,1.3166666666666667,1.3166666666666667,0
id:yo821281,id:dlawls,1,1,1,2.5,2.5,0
id:yo821281,id:doochangman,1,1,1,1.3666666666666667,1.3666666666666667,0
id:yo821281,id:fantak,1,1,1,2.2666666666666666,2.2666666666666666,0
id:yo821281,id:flypcs20,1,1,1,1.1166666666666667,1.1166666666666667,0
id:yo821281,id:hjsa2004,1,1,1,2.6666666666666665,2.6666666666666665,0
id:yo821281,id:htht709,1,1,1,2.05,2.05,0
id:yo821281,id:iglaman,1,1,1,1.9833333333333334,1.9833333333333334,0
id:yo821281,id:jeffkent,1,1,1,3.033333333333333,3.033333333333333,0
id:yo821281,id:kapfazo,1,1,1,4.766666666666667,4.766666666666667,0
id:yo821281,id:kiriman,1,1,1,4.983333333333333,4.983333333333333,0
id:yo821281,id:kokand1912,1,1,1,3.8333333333333335,3.8333333333333335,0
id:yo821281,id:lj0608,1,1,1,2.183333333333333,2.183333333333333,0
id:yo821281,id:luckyjsm,1,1,1,2.816666666666667,2.816666666666667,0
id:yo821281,id:luminai,1,1,1,2.066666666666667,2.066666666666667,0
id:yo821281,id:millano,1,1,1,2.6,2.6,0
id:yo821281,id:mirissoul2,1,1,1,2.783333333333333,2.783333333333333,0
id:yo821281,id:mnyj,1,1,1,4.233333333333333,4.233333333333333,0
id:yo821281,id:okao,1,1,1,2.4,2.4,0
id:yo821281,id:radioshot1,1,1,1,0.85,0.85,0
id:yo821281,id:raulgonzo,1,1,1,2.0166666666666666,2.0166666666666666,0
id:yo821281,id:redondor,1,1,1,2.283333333333333,2.283333333333333,0
id:yo821281,id:rhcp11,1,1,1,1.0166666666666666,1.0166666666666666,0
id:yo821281,id:rms1011,1,1,1,4.366666666666666,4.366666666666666,0
id:yo821281,id:roykie151,1,1,1,2.316666666666667,2.316666666666667,0
id:yo821281,id:tkzjfkdlsd,1,1,1,2.65,2.65,0
id:yoon4859,id:dadoocom,1,1,1,1.0166666666666666,1.0166666666666666,0
id:yoon4859,id:dleoduq1234,1,1,1,1.6166666666666667,1.6166666666666667,0
id:yoon4859,id:epist,1,1,1,2.8833333333333333,2.8833333333333333,0
id:yoon4859,id:grit,1,1,1,3.4833333333333334,3.4833333333333334,0
id:yoon4859,id:hopes,1,1,1,2.9833333333333334,2.9833333333333334,0
id:yoon4859,id:horsedongh,1,1,1,3.466666666666667,3.466666666666667,0
id:yoon4859,id:impactx84,1,1,1,0.9166666666666666,0.9166666666666666,0
id:yoon4859,id:jun2312,1,1,1,1.8166666666666667,1.8166666666666667,0
id:yoon4859,id:kiriman,1,1,1,3.4166666666666665,3.4166666666666665,0
id:yoon4859,id:modern21,1,1,1,2.8,2.8,0
id:yoon4859,id:okao,1,1,1,2.05,2.05,0
id:yoon4859,id:phantom112,1,1,1,4.483333333333333,4.483333333333333,0
id:yoon4859,id:pharm92,1,1,1,1.5166666666666666,1.5166666666666666,0
id:yoon4859,id:riverpine,1,1,1,3.816666666666667,3.816666666666667,0
id:yoon4859,id:roykie151,1,1,1,2.8833333333333333,2.8833333333333333,0
id:yoon4859,id:whoshot,1,1,1,3.966666666666667,3.966666666666667,0
id:yoon4859,id:yoon4859,1,1,1,2.65,2.65,1
id:yoon4859,id:ywj7890,1,1,1,3.1,3.1,0
id:yun9h1,id:FeelingGood,1,1,1,3.7,3.7,0
id:yun9h1,id:Tenhag,1,1,1,1.05,1.05,0
id:yun9h1,id:cytokine1234,1,1,1,4.033333333333333,4.033333333333333,0
id:yun9h1,id:forest,1,1,1,2.6,2.6,0
id:yun9h1,id:okao,1,1,1,0.6166666666666667,0.6166666666666667,0
id:yun9h1,id:pms2906,1,1,1,2.966666666666667,2.966666666666667,0
id:yun9h1,id:rokafryu,1,1,1,2.1,2.1,0
id:zavawork01,id:Milner7,1,1,1,3.95,3.95,0
id:zavawork01,id:Sejongutd1,1,1,1,2.75,2.75,0
id:zavawork01,id:dlawls,1,1,1,1.7333333333333334,1.7333333333333334,0
id:zavawork01,id:gerrard88,1,1,1,4.25,4.25,0
id:zavawork01,id:iloveyousun,1,1,1,1.5666666666666667,1.5666666666666667,0
id:zavawork01,id:modern21,1,1,1,0.85,0.85,0
id:zavawork01,id:okao,1,1,1,1.6,1.6,0
id:zavawork01,id:priport,1,1,1,0.4666666666666667,0.4666666666666667,0
id:zenic7,id:Zeit0809,1,1,1,1.35,1.35,0
id:zero080,id:85yang,1,1,1,2.7666666666666666,2.7666666666666666,0
id:zero080,id:KINGBATI,1,1,1,3.466666666666667,3.466666666666667,0
id:zero080,id:Mobaraeram,1,1,1,1.2,1.2,0
id:zero080,id:Necovv,1,1,1,2.75,2.75,0
id:zero080,id:YoLaTengo,1,1,1,2.1,2.1,0
id:zero080,id:aracra,1,1,1,0.9333333333333333,0.9333333333333333,0
id:zero080,id:aroha86,1,1,1,3.4,3.4,0
id:zero080,id:cafetango,1,1,1,0.3333333333333333,0.3333333333333333,0
id:zero080,id:chakagesalja,1,1,1,2.0166666666666666,2.0166666666666666,0
id:zero080,id:chulki87,1,1,1,4.533333333333333,4.533333333333333,0
id:zero080,id:chun1149,1,1,1,1.3333333333333333,1.3333333333333333,0
id:zero080,id:cytokine1234,1,1,1,3.1666666666666665,3.1666666666666665,0
id:zero080,id:ddongbada,1,1,1,4.7,4.7,0
id:zero080,id:dhdld321,1,1,1,2.1166666666666667,2.1166666666666667,0
id:zero080,id:ehsaksk,1,1,1,1.7166666666666666,1.7166666666666666,0
id:zero080,id:ejirall,1,1,1,2.65,2.65,0
id:zero080,id:forest,1,1,1,1.2666666666666666,1.2666666666666666,0
id:zero080,id:gum0510,1,1,1,3.2666666666666666,3.2666666666666666,0
id:zero080,id:hkwo031,1,1,1,2.3333333333333335,2.3333333333333335,0
id:zero080,id:hopes,1,1,1,2.3,2.3,0
id:zero080,id:hypeboy,1,1,1,3.1,3.1,0
id:zero080,id:iloveyousun,1,1,1,2.3833333333333333,2.3833333333333333,0
id:zero080,id:kokomong,1,1,1,0.7833333333333333,0.7833333333333333,0
id:zero080,id:lfcthismeans,1,1,1,4.616666666666666,4.616666666666666,0
id:zero080,id:makijeon,1,1,1,1.9333333333333333,1.9333333333333333,0
id:zero080,id:mhp3rd,1,1,1,0.7,0.7,0
id:zero080,id:osodos,1,1,1,4.15,4.15,0
id:zero080,id:pearson19,1,1,1,1.8833333333333333,1.8833333333333333,0
id:zero080,id:pjhwinner,1,1,1,3.7666666666666666,3.7666666666666666,0
id:zero080,id:pudingm,1,1,1,4.45,4.45,0
id:zero080,id:raul7143,1,1,1,4.833333333333333,4.833333333333333,0
id:zero080,id:regnier,1,1,1,2.7666666666666666,2.7666666666666666,0
id:zero080,id:roykie151,1,1,1,1.7833333333333334,1.7833333333333334,0
id:zero080,id:shon0501,1,1,1,2.533333333333333,2.533333333333333,0
id:zero080,id:yally1010,1,1,1,1.15,1.15,0
id:zero080,id:yellowsoul,1,1,1,3.85,3.85,0
id:zero080,id:yhtuos,1,1,1,1.15,1.15,0
id:zestgo,id:85yang,1,1,1,2.2,2.2,0
id:zestgo,id:KINGBATI,1,1,1,0.9333333333333333,0.9333333333333333,0
id:zestgo,id:donka,1,1,1,3.6333333333333333,3.6333333333333333,0
id:zestgo,id:footpodo,1,1,1,4.75,4.75,0
id:zestgo,id:malwool,1,1,1,0.95,0.95,0
id:zestgo,id:wind1123,1,1,1,2.283333333333333,2.283333333333333,0
id:zestgo,id:xavier,1,1,1,1.9,1.9,0
id:zkdltmffks,id:Unsee8,1,1,1,1.5333333333333334,1.5333333333333334,0
id:zkdltmffks,id:bulbol,1,1,1,1.2333333333333334,1.2333333333333334,0
id:zkdltmffks,id:bundes1,1,1,1,2.816666666666667,2.816666666666667,0
id:zkdltmffks,id:childpicture,1,1,1,1.6,1.6,0
id:zkdltmffks,id:deportivo7,1,1,1,1.3833333333333333,1.3833333333333333,0
id:zkdltmffks,id:kiriman,1,1,1,1.1166666666666667,1.1166666666666667,0
id:zkdltmffks,id:malwool,1,1,1,2.85,2.85,0
id:zkdltmffks,id:mingzzi,1,1,1,3.15,3.15,0
id:zkdltmffks,id:solution78,1,1,1,1.4166666666666667,1.4166666666666667,0
id:zkdltmffks,id:spoops,1,1,1,1.8166666666666667,1.8166666666666667,0
id:zkdltmffks,id:yally1010,1,1,1,3.3333333333333335,3.3333333333333335,0
id:zlwon83,id:bluepillz,1,1,1,1.7,1.7,0
id:zornik,id:masok01,1,1,1,3.816666666666667,3.816666666666667,0
id:zornik,id:modern21,1,1,1,2.0833333333333335,2.0833333333333335,0
id:zxcvbnm00765,id:amadirty,1,1,1,1.1166666666666667,1.1166666666666667,0
id:zxcvbnm00765,id:bulbol,1,1,1,3.7,3.7,0
id:zxcvbnm00765,id:claralike123,1,1,1,2.55,2.55,0
id:zxcvbnm00765,id:dleoduq10004,1,1,1,3.85,3.85,0
id:zxcvbnm00765,id:forest,1,1,1,0.95,0.95,0
id:zxcvbnm00765,id:horizon,1,1,1,3.933333333333333,3.933333333333333,0
id:zxcvbnm00765,id:iglaman,1,1,1,1.1666666666666667,1.1666666666666667,0
id:zxcvbnm00765,id:kicheon,1,1,1,0.8,0.8,0
id:zxcvbnm00765,id:leoperiseus,1,1,1,4.266666666666667,4.266666666666667,0
id:zxcvbnm00765,id:realysoccer,1,1,1,4.066666666666666,4.066666666666666,0
id:zxcvbnm00765,id:todfndl12,1,1,1,2.5166666666666666,2.5166666666666666,0
id:zxcvbnm00765,id:whoshot,1,1,1,2.85,2.85,0
id:zxcvbnm00765,id:wind1123,1,1,1,4.066666666666666,4.066666666666666,0
id:rukk7812,id:shkj22,8,8,0,18.34166666666667,7.716666666666667,0
id:solution78,id:roe2k,8,8,0,62.650000000000006,9.0,0
id:fantak,id:thesilver,7,7,0,15.066666666666666,7.5,0
id:radioshot1,id:roe2k,7,7,0,19.533333333333335,6.766666666666667,0
id:rukk7812,id:tkrldh,7,7,0,15.566666666666666,6.5,0
id:qnflsdl,id:citable,7,4,0,976.1833333333333,449.73333333333335,0
id:bulbol,id:IGoHigh18,6,6,0,24.791666666666664,8.083333333333334,0
id:bulbol,id:grit,6,6,0,7.758333333333333,5.366666666666666,0
id:pucrinyesir,id:shkj22,6,6,0,12.075,6.533333333333333,0
id:qnflsdl,id:kakaka10,6,6,0,46.975,16.483333333333334,0
id:bulbol,id:BongGu1103,5,5,0,66.98333333333333,14.633333333333333,0
id:bulbol,id:tkrldh,5,5,0,11.45,5.516666666666667,0
id:fantak,id:BongGu1103,5,5,0,49.983333333333334,21.733333333333334,0
id:fantak,id:cubana,5,5,0,88.71666666666667,8.15,0
id:fantak,id:rascol,5,5,0,45.3,35.78333333333333,0
id:hyeok497,id:IGoHigh18,5,5,0,25.566666666666666,12.916666666666666,0
id:impactx84,id:redondor,5,5,0,64.38333333333334,7.216666666666667,0
id:pearson19,id:dialine,5,5,0,71.03333333333333,6.55,0
id:summernight,id:summernight,5,5,0,15.7,7.8,5
id:dleoduq1234,id:monkjm,5,4,0,53.93333333333333,5.3,0
id:grit,id:oasiticjoo19,5,4,0,14.9,5.516666666666667,0
id:roe2k,id:roe2k,5,4,0,15.65,9.766666666666667,5
id:6830,id:roe2k,4,4,0,88.55833333333334,6.883333333333334,0
id:FeelingGood,id:Mobaraeram,4,4,0,36.41666666666667,6.633333333333334,0
id:bluepillz,id:roe2k,4,4,0,50.15,18.85,0
id:bookae1,id:roe2k,4,4,0,47.43333333333333,5.65,0
id:bulbol,id:hoffenheim,4,4,0,23.275,12.6,0
id:bulbol,id:iglaman,4,4,0,47.81666666666666,9.733333333333333,0
id:bulbol,id:jeffkent,4,4,0,17.216666666666665,5.6,0
id:bulbol,id:realysoccer,4,4,0,27.008333333333333,11.85,0
id:bulbol,id:say1673,4,4,0,44.016666666666666,7.933333333333334,0
id:bulbol,id:yoon4859,4,4,0,7.691666666666666,6.766666666666667,0
id:bundes1,id:dlawls,4,4,0,21.09166666666667,5.1,0
id:bvbreus11,id:roe2k,4,4,0,28.51666666666667,5.516666666666667,0
id:dlawls,id:oasiticjoo19,4,4,0,7.066666666666666,6.133333333333334,0
id:fantak,id:leoperiseus,4,4,0,37.025,8.183333333333334,0
id:fantak,id:messiya2022,4,4,0,263.2916666666667,12.066666666666666,0
id:hyeok497,id:monkjm,4,4,0,15.0,5.083333333333333,0
id:hyeok497,id:placebo,4,4,0,12.45,9.25,0
id:impactx84,id:yally1010,4,4,0,8.758333333333333,6.333333333333333,0
id:ninety5mph,id:messiya2022,4,4,0,10.716666666666667,6.133333333333334,0
id:qnflsdl,id:marush,4,4,0,14.483333333333334,8.433333333333334,0
id:qnflsdl,id:spoops,4,4,0,13.45,5.2,0
id:rukk7812,id:kapfazo,4,4,0,40.5,35.0,0
id:rukk7812,id:oasiticjoo19,4,4,0,9.125,5.55,0
id:summernight,id:shkj22,4,4,0,15.274999999999999,12.383333333333333,0
id:Clocks,id:Clocks,4,3,0,9.666666666666666,6.333333333333333,4
id:wind1123,id:monkjm,4,3,0,70.2,12.95,0
id:j8wkfn,id:dleoduq1234,4,1,0,14.516666666666666,11.083333333333334,0
id:puh1993,id:j8wkfn,4,1,0,209.75833333333333,193.06666666666666,0
id:qnflsdl,id:ktma1001,4,1,0,88.25,82.78333333333333,0
id:6830,id:kim2pac,3,3,0,10.816666666666666,8.433333333333334,0
id:6830,id:monkjm,3,3,0,24.716666666666665,19.816666666666666,0
id:6830,id:taz79,3,3,0,76.36666666666666,7.566666666666666,0
id:Clocks,id:kiriman,3,3,0,10.7,7.283333333333333,0
id:FeelingGood,id:kanoutsider,3,3,0,19.233333333333334,10.666666666666666,0
id:FeelingGood,id:whoshot,3,3,0,8.6,5.733333333333333,0
id:ManU01,id:roe2k,3,3,0,15.466666666666667,14.233333333333333,0
id:Tenhag,id:monkjm,3,3,0,6.783333333333333,5.966666666666667,0
id:armwear,id:kuo13,3,3,0,17.4,11.266666666666667,0
id:ashluna,id:wind1123,3,3,0,7.0,6.2,0
id:blue123,id:cubana,3,3,0,23.55,18.5,0
id:blue123,id:kanoutsider,3,3,0,11.433333333333334,5.316666666666666,0
id:boba1983,id:cubana,3,3,0,22.333333333333332,9.433333333333334,0
id:bugfix,id:monkjm,3,3,0,46.85,8.3,0
id:bulbol,id:Mobaraeram,3,3,0,73.05,27.166666666666668,0
id:bulbol,id:ar10,3,3,0,12.75,10.833333333333334,0
id:bulbol,id:choissi,3,3,0,10.75,10.45,0
id:bulbol,id:deeblue,3,3,0,24.833333333333332,11.883333333333333,0
id:bulbol,id:ex400,3,3,0,11.483333333333333,8.833333333333334,0
id:bulbol,id:kaizennf,3,3,0,19.05,16.35,0
id:bulbol,id:loadone,3,3,0,10.283333333333333,9.516666666666667,0
id:bulbol,id:press21cc,3,3,0,17.616666666666667,8.683333333333334,0
id:bulbol,id:redgundam,3,3,0,10.616666666666667,7.4,0
id:bulbol,id:xowhdeo,3,3,0,272.3666666666667,195.36666666666667,0
id:bulbol,id:yellowsoul,3,3,0,40.88333333333333,10.316666666666666,0
id:bundes1,id:roe2k,3,3,0,30.266666666666666,7.366666666666666,0
id:bvbreus11,id:vincent85,3,3,0,8.45,6.5,0
id:cytokine1234,id:kicheon,3,3,0,18.366666666666667,6.833333333333333,0
id:dadoocom,id:spoops,3,3,0,38.36666666666667,6.866666666666666,0
id:fantak,id:blue5365,3,3,0,44.166666666666664,23.45,0
id:fantak,id:cydia14,3,3,0,10.95,8.033333333333333,0
id:fantak,id:loblue208,3,3,0,14.716666666666667,8.866666666666667,0
id:fantak,id:naco16,3,3,0,11.383333333333333,5.533333333333333,0
id:fantak,id:raulgonzo,3,3,0,8.683333333333334,5.05,0
id:fantak,id:sonhh,3,3,0,24.6,22.4,0
id:flypcs20,id:purelife,3,3,0,20.05,12.116666666666667,0
id:grit,id:cokabel,3,3,0,14.366666666666667,7.333333333333333,0
id:grit,id:consul,3,3,0,6.016666666666667,5.9,0
id:grit,id:kostanjino,3,3,0,355.81666666666666,25.35,0
id:hodoeel,id:MementoMori,3,3,0,441.06666666666666,58.18333333333333,0
id:hodoeel,id:bluepillz,3,3,0,6.0,5.516666666666667,0
id:htht709,id:monkjm,3,3,0,51.53333333333333,44.7,0
id:hwangheenim,id:kicheon,3,3,0,30.916666666666668,5.333333333333333,0
id:hwangheenim,id:mrnohsr,3,3,0,389.93333333333334,310.96666666666664,0
id:hyeok497,id:erec,3,3,0,16.316666666666666,12.633333333333333,0
id:hyeok497,id:hanlobby,3,3,0,11.683333333333334,5.533333333333333,0
id:hyeok497,id:leoperiseus,3,3,0,7.533333333333333,5.7,0
id:hyeok497,id:loadone,3,3,0,19.016666666666666,6.7,0
id:hypeboy,id:dlawls,3,3,0,17.2,11.433333333333334,0
id:hypeboy,id:iglaman,3,3,0,5.583333333333333,5.433333333333334,0
id:impactx84,id:aoi04,3,3,0,38.78333333333333,5.533333333333333,0
id:impactx84,id:benben,3,3,0,8.366666666666667,5.733333333333333,0
id:impactx84,id:ddmcd,3,3,0,9.383333333333333,8.75,0
id:impactx84,id:kim2pac,3,3,0,69.6,23.9,0
id:impactx84,id:redgundam,3,3,0,12.516666666666667,5.433333333333334,0
id:impactx84,id:regnier,3,3,0,20.1,16.45,0
id:impactx84,id:roe2k,3,3,0,31.616666666666667,10.65,0
id:impactx84,id:vnweq956,3,3,0,15.333333333333334,7.616666666666666,0
id:jeffkent,id:shkj22,3,3,0,11.433333333333334,7.45,0
id:juventus82,id:oasiticjoo19,3,3,0,9.15,6.633333333333334,0
id:kaizennf,id:wind1123,3,3,0,19.616666666666667,13.183333333333334,0
id:kglite,id:roe2k,3,3,0,8.4,6.683333333333334,0
id:kokomong,id:dlawls,3,3,0,30.233333333333334,5.933333333333334,0
id:lfcthismeans,id:leoperiseus,3,3,0,45.416666666666664,5.45,0
id:luna7742,id:placebo,3,3,0,58.8,27.083333333333332,0
id:malwool,id:ifleet,3,3,0,22.366666666666667,12.366666666666667,0
id:modern21,id:kicking,3,3,0,11.616666666666667,7.783333333333333,0
id:naco16,id:0979yj,3,3,0,15.916666666666666,5.75,0
id:naco16,id:YoLaTengo,3,3,0,7.666666666666667,7.3,0
id:naco16,id:adios00,3,3,0,32.93333333333333,9.1,0
id:naco16,id:emknud,3,3,0,9.266666666666667,5.45,0
id:ninety5mph,id:monkjm,3,3,0,6.516666666666667,5.933333333333334,0
id:ninety5mph,id:roe2k,3,3,0,89.55,51.71666666666667,0
id:niwoong1,id:thesilver,3,3,0,7.15,6.366666666666666,0
id:novacane,id:ksb7872,3,3,0,17.85,15.85,0
id:oasiticjoo19,id:roe2k,3,3,0,105.35,10.266666666666667,0
id:opopgogo,id:pjhwinner,3,3,0,8.733333333333333,7.95,0
id:pucrinyesir,id:blue5365,3,3,0,8.466666666666667,5.583333333333333,0
id:pucrinyesir,id:mantis,3,3,0,17.316666666666666,7.5,0
id:pucrinyesir,id:thesilver,3,3,0,38.06666666666667,13.166666666666666,0
id:qnflsdl,id:kim2pac,3,3,0,52.416666666666664,6.083333333333333,0
id:qnflsdl,id:shrnhoist,3,3,0,10.45,7.3,0
id:qnflsdl,id:tjf12012,3,3,0,10.25,10.166666666666666,0
id:qnflsdl,id:ulsan0101,3,3,0,12.683333333333334,7.466666666666667,0
id:radioshot1,id:Bluewings21,3,3,0,28.083333333333332,11.266666666666667,0
id:radioshot1,id:kanoutsider,3,3,0,16.166666666666668,8.566666666666666,0
id:regions,id:naco16,3,3,0,14.1,9.633333333333333,0
id:regions,id:stynerkn,3,3,0,6.516666666666667,5.2,0
id:rhcp11,id:cubana,3,3,0,8.25,7.333333333333333,0
id:rukk7812,id:ehsaksk,3,3,0,5.666666666666667,5.1,0
id:rukk7812,id:forest,3,3,0,16.2,11.366666666666667,0
id:rukk7812,id:hanlobby,3,3,0,26.383333333333333,17.416666666666668,0
id:rukk7812,id:leoperiseus,3,3,0,12.533333333333333,7.533333333333333,0
id:sc1984,id:cubana,3,3,0,16.0,7.016666666666667,0
id:snap23,id:redondor,3,3,0,15.466666666666667,6.183333333333334,0
id:solution78,id:Mokko,3,3,0,177.95,28.433333333333334,0
id:sounited13,id:rukk7812,3,3,0,17.1,6.583333333333333,0
id:summernight,id:press21cc,3,3,0,274.68333333333334,53.55,0
id:summernight,id:roe2k,3,3,0,262.4166666666667,85.53333333333333,0
id:todfndl12,id:kuo13,3,3,0,8.466666666666667,5.916666666666667,0
id:typoonj2,id:cubana,3,3,0,6.866666666666666,5.466666666666667,0
id:typoonj2,id:leoperiseus,3,3,0,14.033333333333333,12.616666666666667,0
id:vincent85,id:roe2k,3,3,0,198.71666666666667,46.53333333333333,0
id:yally1010,id:cubana,3,3,0,87.05,14.983333333333333,0
id:yo821281,id:bluepillz,3,3,0,9.766666666666667,9.35,0
id:yo821281,id:reiun,3,3,0,13.05,9.733333333333333,0
id:zero080,id:roe2k,3,3,0,14.833333333333334,13.6,0
id:bulbol,id:dsgmjj,3,2,0,84.5,82.96666666666667,0
id:bulbol,id:shin4687,3,2,0,61.46666666666667,52.166666666666664,0
id:dbsupers,id:alfatini,3,2,0,14.666666666666666,11.533333333333333,0
id:flypcs20,id:kaizennf,3,2,0,51.2,7.166666666666667,0
id:hak4544,id:ksb7872,3,2,0,369.9,264.03333333333336,0
id:impactx84,id:spaceload1,3,2,0,12.133333333333333,7.1,0
id:j8wkfn,id:j8wkfn,3,2,0,28.966666666666665,20.566666666666666,3
id:kanginmom,id:YoLaTengo,3,2,0,10.55,9.183333333333334,0
id:kimdel77,id:kimdel77,3,2,0,6.45,6.283333333333333,3
id:solution78,id:xowhdeo,3,2,0,248.43333333333334,222.26666666666668,0
id:sonhh,id:sonhh,3,2,0,7.516666666666667,6.816666666666666,3
id:summernight,id:Mobaraeram,3,2,0,49.833333333333336,17.333333333333332,0
id:unknownuser,id:TheHart,3,2,0,405.53333333333336,404.15,0
id:bookae1,id:loki83,3,1,0,462.6,366.85,0
id:coood7824,id:j8wkfn,3,1,0,13.916666666666666,9.583333333333334,0
id:dosa0705,id:neovis,3,1,0,32.45,19.9,0
id:hypeboy,id:sanapati,3,1,0,525.0666666666667,521.8166666666667,0
id:jiyoun1227,id:kicking,3,1,0,77.05,75.36666666666666,0
id:lovedavich,id:lovedavich,3,1,0,19.15,17.3,3
id:6830,id:PhDinssajul,2,2,0,103.14166666666667,19.85,0
id:6830,id:bulbol,2,2,0,6.916666666666666,6.55,0
id:6830,id:carlos02k,2,2,0,36.08333333333333,33.15,0
id:6830,id:dmis2111,2,2,0,189.17499999999998,27.516666666666666,0
id:6830,id:kopluke,2,2,0,263.15,68.23333333333333,0
id:6830,id:ksb7872,2,2,0,81.95833333333333,54.63333333333333,0
id:6830,id:mantis,2,2,0,31.491666666666667,9.916666666666666,0
id:6830,id:mendieta06,2,2,0,342.6166666666667,238.28333333333333,0
id:6830,id:mirissoul2,2,2,0,55.475,22.783333333333335,0
id:6830,id:naco16,2,2,0,12.416666666666666,8.816666666666666,0
id:BlackEyes23,id:adios00,2,2,0,5.558333333333334,5.466666666666667,0
id:BlackEyes23,id:arteta8,2,2,0,7.816666666666666,7.483333333333333,0
id:BlackEyes23,id:bluepillz,2,2,0,12.141666666666666,11.466666666666667,0
id:BlackEyes23,id:jdspitz,2,2,0,15.358333333333333,5.583333333333333,0
id:BlackEyes23,id:shkj22,2,2,0,10.0,8.216666666666667,0
id:Clocks,id:redgundam,2,2,0,87.5,7.833333333333333,0
id:FeelingGood,id:BongGu1103,2,2,0,172.79166666666669,26.8,0
id:FeelingGood,id:Ibrahima,2,2,0,7.533333333333333,6.383333333333334,0
id:FeelingGood,id:consul,2,2,0,16.55,6.433333333333334,0
id:FeelingGood,id:hypeboy,2,2,0,11.608333333333334,6.8,0
id:FeelingGood,id:kaizennf,2,2,0,6.616666666666667,5.7,0
id:FeelingGood,id:kapfazo,2,2,0,11.416666666666668,8.0,0
id:FeelingGood,id:kim2pac,2,2,0,30.833333333333332,11.533333333333333,0
id:FeelingGood,id:moohootae,2,2,0,9.0,5.766666666666667,0
id:FeelingGood,id:qnflsdl,2,2,0,11.808333333333334,9.3,0
id:FeelingGood,id:realysoccer,2,2,0,8.5,6.0,0
id:Ibisevic,id:forest,2,2,0,17.608333333333334,7.016666666666667,0
id:Ibisevic,id:kaoruchan,2,2,0,6.1,5.333333333333333,0
id:Ibisevic,id:mcraky,2,2,0,18.375,8.066666666666666,0
id:Ibisevic,id:press21cc,2,2,0,14.899999999999999,11.483333333333333,0
id:Ibisevic,id:raulgonzo,2,2,0,343.1583333333333,60.65,0
id:Ibisevic,id:regnier,2,2,0,39.46666666666667,20.75,0
id:Ibisevic,id:shdqn,2,2,0,112.5,68.05,0
id:Ibisevic,id:sinn556i,2,2,0,202.63333333333333,6.05,0
id:KINGBATI,id:dialine,2,2,0,7.6499999999999995,5.066666666666666,0
id:LJM1389,id:publicatio,2,2,0,7.35,6.316666666666666,0
id:LJM1389,id:rascol,2,2,0,270.5333333333333,106.93333333333334,0
id:ManU01,id:monkjm,2,2,0,46.074999999999996,5.533333333333333,0
id:Milner7,id:malwool,2,2,0,5.191666666666666,5.066666666666666,0
id:Mkisduchang,id:kiriman,2,2,0,11.524999999999999,6.1,0
id:Necovv,id:loblue208,2,2,0,7.216666666666667,7.083333333333333,0
id:Necovv,id:redondor,2,2,0,9.458333333333334,6.333333333333333,0
id:Ronaldo34,id:raulgonzo,2,2,0,20.841666666666665,13.666666666666666,0
id:Tenhag,id:kicheon,2,2,0,7.758333333333333,6.333333333333333,0
id:Tenhag,id:malwool,2,2,0,8.191666666666666,6.766666666666667,0
id:Tenhag,id:roe2k,2,2,0,71.58333333333334,10.9,0
id:Volvo,id:leoperiseus,2,2,0,27.233333333333334,24.5,0
id:Volvo,id:monkjm,2,2,0,13.566666666666666,6.416666666666667,0
id:YoLaTengo,id:cubana,2,2,0,238.975,6.25,0
id:YoLaTengo,id:wind1123,2,2,0,40.849999999999994,38.05,0
id:Zeit0809,id:MementoMori,2,2,0,449.0083333333333,443.93333333333334,0
id:Zeit0809,id:cubana,2,2,0,199.10833333333335,14.866666666666667,0
id:adkse,id:kaoruchan,2,2,0,15.391666666666667,8.183333333333334,0
id:adkse,id:monkjm,2,2,0,50.81666666666666,36.416666666666664,0
id:alfatini,id:dlawls,2,2,0,26.008333333333333,7.266666666666667,0
id:alfatini,id:kanoutsider,2,2,0,27.941666666666666,7.35,0
id:alfatini,id:leoperiseus,2,2,0,38.375,17.65,0
id:alfatini,id:vnweq956,2,2,0,7.975,7.6,0
id:armwear,id:cauking,2,2,0,12.841666666666667,7.933333333333334,0
id:armwear,id:roe2k,2,2,0,36.56666666666666,28.4,0
id:ashluna,id:zxcvbnm00765,2,2,0,13.441666666666666,11.6,0
id:bakjang,id:bakjang,2,2,0,21.908333333333335,14.516666666666667,2
id:bakjang,id:mrnohsr,2,2,0,231.20833333333334,64.43333333333334,0
id:bakjang,id:roe2k,2,2,0,23.625,6.616666666666666,0
id:blue123,id:Mukari07,2,2,0,24.941666666666666,14.633333333333333,0
id:blue123,id:arteta8,2,2,0,5.483333333333333,5.216666666666667,0
id:blue123,id:bookae1,2,2,0,9.616666666666667,5.1,0
id:blue123,id:erai7007,2,2,0,13.983333333333334,10.8,0
id:blue123,id:hoffenheim,2,2,0,16.441666666666666,5.033333333333333,0
id:blue123,id:juventus82,2,2,0,14.558333333333334,7.933333333333334,0
id:blue123,id:masok01,2,2,0,16.983333333333334,5.433333333333334,0
id:blue123,id:mhp3rd,2,2,0,12.533333333333333,11.116666666666667,0
id:blue123,id:naco16,2,2,0,26.95,7.716666666666667,0
id:blue123,id:rascol,2,2,0,32.5,13.183333333333334,0
id:blue123,id:roe2k,2,2,0,28.233333333333334,19.85,0
id:blue123,id:ulsan0101,2,2,0,15.200000000000001,6.116666666666666,0
id:blue123,id:ysy1214,2,2,0,32.075,11.25,0
id:bluepillz,id:dialine,2,2,0,11.625,10.116666666666667,0
id:bluepillz,id:leoperiseus,2,2,0,20.316666666666666,6.366666666666666,0
id:bluepillz,id:life13579,2,2,0,26.14166666666667,14.333333333333334,0
id:bluepillz,id:monkjm,2,2,0,25.525,5.666666666666667,0
id:boba1983,id:ImDoubleJ,2,2,0,29.491666666666667,10.55,0
id:boba1983,id:bluepillz,2,2,0,8.808333333333334,6.666666666666667,0
id:bookae1,id:arteta8,2,2,0,10.266666666666666,10.1,0
id:bookae1,id:bluepillz,2,2,0,7.608333333333333,7.516666666666667,0
id:bookae1,id:cauking,2,2,0,9.075,6.583333333333333,0
id:bookae1,id:rkarlaos1,2,2,0,237.11666666666667,41.63333333333333,0
id:bookae1,id:ttkwnffj,2,2,0,237.78333333333333,38.916666666666664,0
id:bugfix,id:okao,2,2,0,19.625,14.466666666666667,0
id:bugfix,id:progamer77,2,2,0,8.483333333333333,6.233333333333333,0
id:bugfix,id:tkrldh,2,2,0,121.66666666666666,103.45,0
id:bugfix,id:umamusume,2,2,0,7.075000000000001,5.133333333333334,0
id:bulbol,id:HENSON05,2,2,0,256.29166666666663,106.93333333333334,0
id:bulbol,id:MementoMori,2,2,0,10.125,9.433333333333334,0
id:bulbol,id:adios00,2,2,0,1027.5333333333333,23.866666666666667,0
id:bulbol,id:bbggkkk,2,2,0,13.05,6.5,0
id:bulbol,id:bell72,2,2,0,491.04999999999995,488.51666666666665,0
id:bulbol,id:blue5365,2,2,0,17.041666666666668,8.083333333333334,0
id:bulbol,id:bonobono234,2,2,0,12.35,6.5,0
id:bulbol,id:citable,2,2,0,15.791666666666668,7.733333333333333,0
id:bulbol,id:claxn7,2,2,0,76.26666666666668,20.483333333333334,0
id:bulbol,id:ddmcd,2,2,0,9.725000000000001,5.433333333333334,0
id:bulbol,id:dhdld321,2,2,0,10.008333333333333,5.1,0
id:bulbol,id:dining,2,2,0,224.13333333333333,46.21666666666667,0
id:bulbol,id:ehihoho,2,2,0,63.80833333333333,15.833333333333334,0
id:bulbol,id:englfish,2,2,0,7.35,5.816666666666666,0
id:bulbol,id:flamans1,2,2,0,9.891666666666666,9.583333333333334,0
id:bulbol,id:gum0510,2,2,0,16.566666666666666,7.483333333333333,0
id:bulbol,id:gunfilm,2,2,0,16.666666666666668,8.766666666666667,0
id:bulbol,id:hs10107,2,2,0,46.425,40.43333333333333,0
id:bulbol,id:itemptu2,2,2,0,25.25,7.216666666666667,0
id:bulbol,id:jinnankr,2,2,0,226.74166666666667,135.08333333333334,0
id:bulbol,id:koreatop,2,2,0,24.90833333333333,9.7,0
id:bulbol,id:mansun27,2,2,0,24.566666666666666,9.65,0
id:bulbol,id:millano,2,2,0,17.191666666666666,11.383333333333333,0
id:bulbol,id:nikkohadal,2,2,0,27.883333333333333,21.8,0
id:bulbol,id:reiun,2,2,0,7.658333333333333,5.1,0
id:bulbol,id:shrnhoist,2,2,0,27.900000000000002,9.233333333333333,0
id:bulbol,id:twija100,2,2,0,20.641666666666666,17.066666666666666,0
id:bulbol,id:yjs1g,2,2,0,14.933333333333334,5.8,0
id:bundes1,id:bookae1,2,2,0,9.458333333333332,6.183333333333334,0
id:bundes1,id:footpodo,2,2,0,8.075,6.25,0
id:bundes1,id:tkrldh,2,2,0,30.258333333333333,21.233333333333334,0
id:bvbreus11,id:gogumadory,2,2,0,294.76666666666665,289.6,0
id:bvbreus11,id:iglaman,2,2,0,8.45,7.666666666666667,0
id:bvbreus11,id:kim2pac,2,2,0,7.116666666666666,6.066666666666666,0
id:bvbreus11,id:leoperiseus,2,2,0,27.15833333333333,23.883333333333333,0
id:bvbreus11,id:redondor,2,2,0,16.96666666666667,14.0,0
id:byh3718,id:shkj22,2,2,0,16.783333333333335,5.45,0
id:cafetango,id:dleoduq1234,2,2,0,22.8,6.2,0
id:cho1250,id:iloveyousun,2,2,0,94.56666666666666,24.45,0
id:cho1250,id:redgundam,2,2,0,16.666666666666664,9.5,0
id:chun1149,id:Clousewitz,2,2,0,224.6,8.5,0
id:colacup,id:cubana,2,2,0,69.525,27.266666666666666,0
id:cydia14,id:itemptu2,2,2,0,9.158333333333333,8.183333333333334,0
id:cytokine1234,id:cauking,2,2,0,19.475,11.633333333333333,0
id:cytokine1234,id:ejirall,2,2,0,5.35,5.283333333333333,0
id:cytokine1234,id:liking83,2,2,0,14.783333333333335,6.783333333333333,0
id:cytokine1234,id:qnflsdl,2,2,0,18.791666666666664,7.066666666666666,0
id:cytokine1234,id:roe2k,2,2,0,15.275,14.183333333333334,0
id:cytokine1234,id:sinn556i,2,2,0,61.08333333333333,57.36666666666667,0
id:cytokine1234,id:stynerkn,2,2,0,10.316666666666666,9.6,0
id:dadoocom,id:kicheon,2,2,0,60.483333333333334,9.016666666666667,0
id:dadoocom,id:loadone,2,2,0,240.0,40.75,0
id:dbsupers,id:juventus82,2,2,0,152.525,37.416666666666664,0
id:deportivo7,id:BongGu1103,2,2,0,176.6833333333333,26.466666666666665,0
id:deportivo7,id:cubana,2,2,0,174.54999999999998,14.966666666666667,0
id:dlawls,id:itemptu2,2,2,0,77.85833333333333,15.883333333333333,0
id:dlawls,id:shkj22,2,2,0,9.616666666666667,6.466666666666667,0
id:dlawls,id:tactimp,2,2,0,63.49166666666666,21.65,0
id:dleoduq10004,id:life13579,2,2,0,10.591666666666667,6.433333333333334,0
id:dleoduq1234,id:god18xx,2,2,0,35.74166666666667,27.1,0
id:donka,id:monkjm,2,2,0,13.941666666666666,5.633333333333334,0
id:donka,id:shkj22,2,2,0,19.483333333333334,16.8,0
id:dress7,id:cubana,2,2,0,34.13333333333333,27.6,0
id:edh2och,id:placebo,2,2,0,13.775,7.25,0
id:edh2och,id:rukk7812,2,2,0,10.108333333333334,5.566666666666666,0
id:ehdtks9286,id:cubana,2,2,0,11.391666666666667,7.7,0
id:ehdtks9286,id:dialine,2,2,0,39.925,25.45,0
id:ehdtks9286,id:horsedongh,2,2,0,29.049999999999997,19.3,0
id:ehdtks9286,id:kiriman,2,2,0,14.883333333333333,14.3,0
id:ehdtks9286,id:redgundam,2,2,0,26.599999999999998,16.15,0
id:ejirall,id:cubana,2,2,0,6.691666666666666,6.3,0
id:epist,id:powerwkill1,2,2,0,16.558333333333334,11.983333333333333,0
id:euji,id:malwool,2,2,0,7.758333333333334,6.716666666666667,0
id:fantak,id:Clousewitz,2,2,0,20.825,20.466666666666665,0
id:fantak,id:Mobaraeram,2,2,0,280.45,134.28333333333333,0
id:fantak,id:Rojiblanco,2,2,0,13.833333333333332,5.45,0
id:fantak,id:adios00,2,2,0,10.358333333333334,9.616666666666667,0
id:fantak,id:dnfkfnpr,2,2,0,15.25,8.483333333333333,0
id:fantak,id:dress7,2,2,0,127.475,17.966666666666665,0
id:fantak,id:ehdtks9286,2,2,0,8.25,6.833333333333333,0
id:fantak,id:hopes,2,2,0,7.741666666666666,6.033333333333333,0
id:fantak,id:kicheon,2,2,0,39.050000000000004,7.7,0
id:fantak,id:kicking,2,2,0,11.983333333333334,6.216666666666667,0
id:fantak,id:loadone,2,2,0,10.041666666666666,5.516666666666667,0
id:fantak,id:milkblue,2,2,0,12.733333333333334,11.966666666666667,0
id:fantak,id:pucrinyesir,2,2,0,82.47500000000001,16.583333333333332,0
id:fantak,id:reiun,2,2,0,57.075,20.466666666666665,0
id:fantak,id:stynerkn,2,2,0,180.65,8.733333333333333,0
id:fantak,id:sugarlim,2,2,0,42.88333333333333,25.516666666666666,0
id:fantak,id:summernight,2,2,0,8.3,5.266666666666667,0
id:fantak,id:tactimp,2,2,0,262.30833333333334,91.98333333333333,0
id:fantak,id:vincent85,2,2,0,429.81666666666666,399.6666666666667,0
id:fantak,id:whoshot,2,2,0,13.108333333333334,7.666666666666667,0
id:fantak,id:xavi08,2,2,0,221.81666666666666,24.666666666666668,0
id:fantak,id:yjs1g,2,2,0,11.758333333333333,6.016666666666667,0
id:fantak,id:zerostar20,2,2,0,15.658333333333333,8.316666666666666,0
id:fantak,id:新) 허정무(blue123,2,2,0,7.275,6.433333333333334,0
id:flypcs20,id:FeelingGood,2,2,0,1123.7916666666665,16.383333333333333,0
id:flypcs20,id:bggp19,2,2,0,627.9166666666667,14.45,0
id:flypcs20,id:eobuba74,2,2,0,73.60833333333333,31.016666666666666,0
id:flypcs20,id:raulgonzo,2,2,0,346.3416666666667,279.8666666666667,0
id:grit,id:geni0,2,2,0,49.641666666666666,44.85,0
id:grit,id:kaizennf,2,2,0,8.675,6.266666666666667,0
id:grit,id:vincent85,2,2,0,11.183333333333334,5.95,0
id:grit,id:zxcvbnm00765,2,2,0,5.333333333333333,5.3,0
id:hak4544,id:roe2k,2,2,0,175.29166666666666,12.583333333333334,0
id:hanlobby,id:0979yj,2,2,0,23.433333333333334,9.25,0
id:hanlobby,id:flamans1,2,2,0,28.03333333333333,21.7,0
id:hanlobby,id:forest,2,2,0,11.366666666666667,5.8,0
id:hanlobby,id:iglaman,2,2,0,131.9,40.05,0
id:hanlobby,id:rascol,2,2,0,57.083333333333336,5.25,0
id:hobro,id:footpodo,2,2,0,7.391666666666667,6.966666666666667,0
id:hodoeel,id:10bergi,2,2,0,9.416666666666666,5.1,0
id:hodoeel,id:ajh30130,2,2,0,13.858333333333334,6.716666666666667,0
id:hodoeel,id:benben,2,2,0,262.5333333333333,81.3,0
id:hodoeel,id:dlawls,2,2,0,169.20000000000002,6.283333333333333,0
id:hodoeel,id:kakaka10,2,2,0,211.06666666666666,22.383333333333333,0
id:hodoeel,id:kanoutsider,2,2,0,65.8,7.116666666666666,0
id:hodoeel,id:kicking,2,2,0,10.758333333333333,10.433333333333334,0
id:hodoeel,id:realysoccer,2,2,0,16.316666666666666,7.633333333333334,0
id:hodoeel,id:summernight,2,2,0,216.30833333333334,24.766666666666666,0
id:horizon,id:ehdtks9286,2,2,0,10.241666666666667,6.316666666666666,0
id:horizon,id:kapfazo,2,2,0,290.98333333333335,6.25,0
id:horizon,id:lfcthismeans,2,2,0,11.433333333333334,8.883333333333333,0
id:horizon,id:oasiticjoo19,2,2,0,11.25,7.633333333333334,0
id:horizon,id:sonhh,2,2,0,234.53333333333333,9.083333333333334,0
id:htht709,id:arteta8,2,2,0,14.183333333333334,7.983333333333333,0
id:htht709,id:roe2k,2,2,0,29.683333333333334,8.4,0
id:htht709,id:sonhh,2,2,0,186.30833333333334,59.18333333333333,0
id:hudson8866,id:chojja,2,2,0,221.03333333333333,56.233333333333334,0
id:hwangheenim,id:yoshiki2,2,2,0,62.875,48.68333333333333,0
id:hyeok497,id:HENSON05,2,2,0,734.4083333333333,548.8333333333334,0
id:hyeok497,id:LosBlanco,2,2,0,90.58333333333333,10.95,0
id:hyeok497,id:gunfilm,2,2,0,13.491666666666667,5.3,0
id:hyeok497,id:messiya2022,2,2,0,149.8,38.68333333333333,0
id:hyeok497,id:oasiticjoo19,2,2,0,8.25,5.433333333333334,0
id:hyeok497,id:po1053,2,2,0,11.658333333333333,7.166666666666667,0
id:hyeok497,id:rwingback,2,2,0,11.341666666666667,10.933333333333334,0
id:hyeok497,id:shon0501,2,2,0,17.275,12.283333333333333,0
id:hypeboy,id:bluepillz,2,2,0,7.85,7.05,0
id:hypeboy,id:bookae1,2,2,0,24.991666666666667,10.15,0
id:hypeboy,id:eory24,2,2,0,21.46666666666667,18.7,0
id:hypeboy,id:korea1943,2,2,0,244.61666666666667,8.483333333333333,0
id:hypeboy,id:orangein0775,2,2,0,9.350000000000001,8.3,0
id:hypeboy,id:placebo,2,2,0,33.49166666666667,7.55,0
id:hypeboy,id:sonhh,2,2,0,17.916666666666664,11.866666666666667,0
id:hypeboy,id:wind1123,2,2,0,6.25,5.183333333333334,0
id:hypeboy,id:yelloweyes,2,2,0,231.88333333333335,20.983333333333334,0
id:hypeboy,id:yun9h1,2,2,0,12.441666666666666,8.616666666666667,0
id:impactx84,id:10bergi,2,2,0,6.175000000000001,5.7,0
id:impactx84,id:IGoHigh18,2,2,0,38.525,33.916666666666664,0
id:impactx84,id:MementoMori,2,2,0,153.80833333333334,139.0,0
id:impactx84,id:YoLaTengo,2,2,0,7.3500000000000005,5.9,0
id:impactx84,id:consul,2,2,0,27.15833333333333,21.283333333333335,0
id:impactx84,id:itemptu2,2,2,0,7.6083333333333325,7.083333333333333,0
id:impactx84,id:kaoruchan,2,2,0,23.96666666666667,7.95,0
id:impactx84,id:kimdw22,2,2,0,59.68333333333334,5.416666666666667,0
id:impactx84,id:kokand1912,2,2,0,72.725,35.916666666666664,0
id:impactx84,id:kokomong,2,2,0,9.558333333333334,9.383333333333333,0
id:impactx84,id:makaloni,2,2,0,11.575,9.716666666666667,0
id:impactx84,id:oasiticjoo19,2,2,0,19.75,11.583333333333334,0
id:impactx84,id:rkarlaos1,2,2,0,449.14166666666665,312.81666666666666,0
id:impactx84,id:seungman98,2,2,0,38.333333333333336,5.416666666666667,0
id:impactx84,id:sinn556i,2,2,0,11.791666666666668,7.55,0
id:impactx84,id:summernight,2,2,0,25.266666666666666,10.45,0
id:impactx84,id:tkrldh,2,2,0,13.533333333333333,7.683333333333334,0
id:impactx84,id:zxcvbnm00765,2,2,0,20.90833333333333,19.366666666666667,0
id:jeffkent,id:kanoutsider,2,2,0,50.18333333333334,6.216666666666667,0
id:jejajj9,id:BlackEyes23,2,2,0,13.816666666666666,10.65,0
id:jejajj9,id:BongGu1103,2,2,0,72.73333333333333,41.15,0
id:jj1211,id:yjkown,2,2,0,213.6833333333333,11.4,0
id:joohakmoo,id:kapfazo,2,2,0,11.808333333333334,7.583333333333333,0
id:joohakmoo,id:okao,2,2,0,19.566666666666666,15.333333333333334,0
id:jun2312,id:oasiticjoo19,2,2,0,9.916666666666668,8.766666666666667,0
id:jun2312,id:placebo,2,2,0,11.883333333333333,9.0,0
id:juventus82,id:bulbol,2,2,0,28.116666666666667,16.016666666666666,0
id:juventus82,id:grit,2,2,0,20.03333333333333,5.883333333333334,0
id:juventus82,id:roe2k,2,2,0,203.475,29.4,0
id:kaizennf,id:dlawls,2,2,0,31.69166666666667,16.533333333333335,0
id:kaizennf,id:shkj22,2,2,0,9.583333333333332,6.5,0
id:keias1024,id:gum0510,2,2,0,6.65,6.2,0
id:kim2pac,id:leoperiseus,2,2,0,23.46666666666667,7.816666666666666,0
id:kimdel77,id:hjsa2004,2,2,0,9.616666666666667,8.133333333333333,0
id:kimdel77,id:rascol,2,2,0,24.766666666666666,6.566666666666666,0
id:kimdel77,id:tkrldh,2,2,0,26.7,8.233333333333333,0
id:kimpo,id:bluepillz,2,2,0,236.225,5.8,0
id:kohs98,id:deportivo7,2,2,0,19.491666666666667,15.333333333333334,0
id:kohs98,id:vnweq956,2,2,0,36.61666666666667,31.783333333333335,0
id:kokomong,id:BongGu1103,2,2,0,10.95,7.416666666666667,0
id:kokomong,id:rkarlaos1,2,2,0,255.53333333333333,88.8,0
id:kokomong,id:tkrldh,2,2,0,6.083333333333333,5.816666666666666,0
id:kp5189jp,id:pearson19,2,2,0,41.25833333333333,27.45,0
id:kyoijjoo,id:新) 허정무(blue123,2,2,0,21.3,8.25,0
id:leed7584,id:dleoduq1234,2,2,0,8.691666666666666,7.483333333333333,0
id:lfcthismeans,id:eiskzm,2,2,0,9.825,8.516666666666667,0
id:lfcthismeans,id:kicheon,2,2,0,58.90833333333333,12.766666666666667,0
id:lfcthismeans,id:maya0501,2,2,0,16.05,9.9,0
id:lfcthismeans,id:mingzzi,2,2,0,20.308333333333334,5.266666666666667,0
id:lfcthismeans,id:realysoccer,2,2,0,18.116666666666667,16.883333333333333,0
id:lfcthismeans,id:sonhh,2,2,0,8.208333333333334,7.866666666666666,0
id:lh1440,id:lh1440,2,2,0,7.133333333333333,6.583333333333333,2
id:life13579,id:xavi08,2,2,0,317.69166666666666,152.75,0
id:liking83,id:BongGu1103,2,2,0,19.758333333333333,17.6,0
id:luna7742,id:bulbol,2,2,0,9.541666666666666,6.866666666666666,0
id:luna7742,id:juventus82,2,2,0,7.75,5.883333333333334,0
id:luna7742,id:kaizennf,2,2,0,43.18333333333334,23.616666666666667,0
id:luna7742,id:kanoutsider,2,2,0,5.941666666666666,5.75,0
id:makaloni,id:malwool,2,2,0,13.216666666666667,11.033333333333333,0
id:makaloni,id:monkjm,2,2,0,17.741666666666667,10.183333333333334,0
id:malwool,id:boba1983,2,2,0,7.683333333333334,5.683333333333334,0
id:malwool,id:juventus82,2,2,0,10.725,7.5,0
id:masok01,id:dlawls,2,2,0,12.641666666666667,7.666666666666667,0
id:masterplan5,id:bluepillz,2,2,0,10.275,7.866666666666666,0
id:masterplan5,id:cauking,2,2,0,24.599999999999998,5.166666666666667,0
id:masterplan5,id:monkjm,2,2,0,10.941666666666666,8.05,0
id:masterplan5,id:placebo,2,2,0,210.3,45.03333333333333,0
id:mhp3rd,id:chakagesalja,2,2,0,15.166666666666668,6.216666666666667,0
id:mhp3rd,id:donka,2,2,0,16.191666666666666,11.783333333333333,0
id:mhp3rd,id:ehihoho,2,2,0,181.34166666666664,83.1,0
id:mhp3rd,id:roe2k,2,2,0,65.85833333333333,25.45,0
id:mhp3rd,id:sonhh,2,2,0,44.141666666666666,8.1,0
id:mnyj,id:hypeboy,2,2,0,20.15,7.15,0
id:modern21,id:forest,2,2,0,11.408333333333333,9.533333333333333,0
id:modern21,id:horizon,2,2,0,14.85,13.85,0
id:modern21,id:oasiticjoo19,2,2,0,8.75,5.8,0
id:modern21,id:roe2k,2,2,0,50.725,26.266666666666666,0
id:modern21,id:vnweq956,2,2,0,93.48333333333333,7.0,0
id:naco16,id:kapfazo,2,2,0,11.716666666666665,11.7,0
id:naco16,id:kimga333,2,2,0,17.35,15.65,0
id:naco16,id:leoperiseus,2,2,0,7.191666666666666,6.866666666666666,0
id:naco16,id:maya0501,2,2,0,25.975,15.983333333333333,0
id:naco16,id:redgundam,2,2,0,92.90833333333333,17.433333333333334,0
id:naco16,id:regnier,2,2,0,26.84166666666667,25.083333333333332,0
id:naco16,id:riverpine,2,2,0,10.333333333333334,7.883333333333334,0
id:naco16,id:sta0505,2,2,0,20.45,12.15,0
id:naco16,id:striker18,2,2,0,60.15,24.2,0
id:naco16,id:tkrldh,2,2,0,25.741666666666667,21.383333333333333,0
id:naco16,id:zero080,2,2,0,6.316666666666666,5.566666666666666,0
id:ninety5mph,id:erai7007,2,2,0,184.03333333333333,59.56666666666667,0
id:ninety5mph,id:oasiticjoo19,2,2,0,6.225,5.7,0
id:niwoong1,id:roe2k,2,2,0,29.549999999999997,8.316666666666666,0
id:novacane,id:klay5587,2,2,0,276.15833333333336,9.25,0
id:novacane,id:yeodarl,2,2,0,1439.2916666666665,1302.55,0
id:oasiticjoo19,id:monkjm,2,2,0,153.80833333333334,16.3,0
id:oasiticjoo19,id:okao,2,2,0,6.449999999999999,6.1,0
id:oasiticjoo19,id:spiderman91,2,2,0,223.14166666666668,29.85,0
id:oasiticjoo19,id:stynerkn,2,2,0,125.85833333333333,16.533333333333335,0
id:pearson19,id:HENSON05,2,2,0,270.40833333333336,11.316666666666666,0
id:pearson19,id:cubana,2,2,0,48.625,46.5,0
id:pearson19,id:cytokine1234,2,2,0,13.691666666666666,5.7,0
id:pearson19,id:hkwo031,2,2,0,17.625,15.9,0
id:pearson19,id:monkjm,2,2,0,14.625,13.083333333333334,0
id:pearson19,id:redgundam,2,2,0,29.566666666666666,28.25,0
id:pearson19,id:sonhh,2,2,0,225.00833333333333,14.883333333333333,0
id:pearson19,id:stabbie81,2,2,0,52.71666666666667,12.466666666666667,0
id:pearson19,id:taz79,2,2,0,34.074999999999996,15.1,0
id:pearson19,id:zxcvv,2,2,0,13.441666666666666,11.85,0
id:pearson19,id:新) 허정무(blue123,2,2,0,10.341666666666667,7.733333333333333,0
id:placebo,id:cubana,2,2,0,41.949999999999996,13.55,0
id:pucrinyesir,id:ehdtks9286,2,2,0,29.80833333333333,27.716666666666665,0
id:pucrinyesir,id:krttdragon,2,2,0,154.36666666666665,10.966666666666667,0
id:pucrinyesir,id:redgundam,2,2,0,20.475,8.883333333333333,0
id:pucrinyesir,id:redondor,2,2,0,14.216666666666667,8.433333333333334,0
id:pucrinyesir,id:roe2k,2,2,0,245.10833333333332,83.7,0
id:pucrinyesir,id:sidlove,2,2,0,65.8,20.65,0
id:pucrinyesir,id:taz79,2,2,0,42.724999999999994,13.833333333333334,0
id:pucrinyesir,id:timediver,2,2,0,564.2666666666667,11.816666666666666,0
id:pucrinyesir,id:wenli,2,2,0,8.3,7.1,0
id:qhdtlsdl,id:FeelingGood,2,2,0,8.641666666666667,6.983333333333333,0
id:qhdtlsdl,id:arteta8,2,2,0,18.35,6.25,0
id:qhdtlsdl,id:footpodo,2,2,0,113.40833333333333,5.116666666666666,0
id:qhdtlsdl,id:shkj22,2,2,0,17.583333333333332,5.283333333333333,0
id:qnflsdl,id:armwear,2,2,0,425.9416666666667,354.35,0
id:qnflsdl,id:bluepillz,2,2,0,254.375,22.433333333333334,0
id:qnflsdl,id:bulbol,2,2,0,6.833333333333333,5.466666666666667,0
id:qnflsdl,id:hjs3191,2,2,0,82.23333333333335,35.95,0
id:qnflsdl,id:kaizennf,2,2,0,15.991666666666667,6.433333333333334,0
id:qnflsdl,id:kanginmom,2,2,0,15.183333333333334,10.766666666666667,0
id:qnflsdl,id:kanoutsider,2,2,0,15.033333333333333,5.516666666666667,0
id:qnflsdl,id:kdd0902,2,2,0,728.0416666666666,13.616666666666667,0
id:qnflsdl,id:kiriman,2,2,0,34.233333333333334,8.633333333333333,0
id:qnflsdl,id:kjssid,2,2,0,932.1583333333334,31.166666666666668,0
id:qnflsdl,id:minami89,2,2,0,9.991666666666667,6.9,0
id:qnflsdl,id:oasiticjoo19,2,2,0,11.658333333333333,8.966666666666667,0
id:qnflsdl,id:okao,2,2,0,10.575,5.716666666666667,0
id:qnflsdl,id:shin4687,2,2,0,1298.825,113.25,0
id:qnflsdl,id:sychul67,2,2,0,1182.725,898.7,0
id:qnflsdl,id:todfndl12,2,2,0,9.908333333333333,8.483333333333333,0
id:qnflsdl,id:xpelwh,2,2,0,23.75,20.45,0
id:radioshot1,id:HENSON05,2,2,0,232.66666666666666,95.81666666666666,0
id:radioshot1,id:dialine,2,2,0,13.75,7.716666666666667,0
id:radioshot1,id:roykie151,2,2,0,130.44166666666666,13.966666666666667,0
id:radioshot1,id:tkrldh,2,2,0,8.775,5.75,0
id:radioshot1,id:vincent85,2,2,0,151.39166666666665,9.816666666666666,0
id:regions,id:BlackEyes23,2,2,0,16.5,11.316666666666666,0
id:regions,id:chojja,2,2,0,1138.8,339.48333333333335,0
id:regions,id:iloveyousun,2,2,0,17.308333333333334,16.733333333333334,0
id:regions,id:iskoke,2,2,0,7.233333333333333,5.216666666666667,0
id:regions,id:kanoutsider,2,2,0,16.008333333333333,12.35,0
id:regions,id:oasiticjoo19,2,2,0,336.03333333333336,25.75,0
id:regions,id:redondor,2,2,0,117.10833333333333,8.433333333333334,0
id:regions,id:wind1123,2,2,0,8.641666666666666,7.5,0
id:regions,id:新) 허정무(blue123,2,2,0,15.491666666666667,10.15,0
id:reiun,id:kanoutsider,2,2,0,30.258333333333333,8.5,0
id:rera,id:kyul1107,2,2,0,166.29166666666666,7.083333333333333,0
id:rhcp11,id:rhcp11,2,2,0,13.716666666666667,13.116666666666667,2
id:rhcp11,id:wind1123,2,2,0,13.591666666666667,13.066666666666666,0
id:roe2k,id:kinomayu,2,2,0,9.708333333333334,7.15,0
id:rukk7812,id:KINGBATI,2,2,0,12.166666666666668,5.15,0
id:rukk7812,id:adios00,2,2,0,93.09166666666667,46.233333333333334,0
id:rukk7812,id:ar10,2,2,0,12.416666666666666,5.683333333333334,0
id:rukk7812,id:bomulsearch,2,2,0,21.183333333333334,13.266666666666667,0
id:rukk7812,id:burtsbees,2,2,0,190.58333333333331,50.333333333333336,0
id:rukk7812,id:childpicture,2,2,0,9.575,6.366666666666666,0
id:rukk7812,id:chojja,2,2,0,1364.8916666666667,466.0,0
id:rukk7812,id:citable,2,2,0,352.3916666666667,49.333333333333336,0
id:rukk7812,id:cjhoon87,2,2,0,156.625,15.283333333333333,0
id:rukk7812,id:ehdtks9286,2,2,0,241.99166666666667,6.983333333333333,0
id:rukk7812,id:ehihoho,2,2,0,8.808333333333334,8.25,0
id:rukk7812,id:erec,2,2,0,134.58333333333334,15.883333333333333,0
id:rukk7812,id:iloveyousun,2,2,0,17.8,9.9,0
id:rukk7812,id:megacoffee25,2,2,0,114.64166666666668,21.766666666666666,0
id:rukk7812,id:mhp3rd,2,2,0,41.724999999999994,18.35,0
id:rukk7812,id:mingzzi,2,2,0,72.58333333333333,67.11666666666666,0
id:rukk7812,id:nicehost1234,2,2,0,198.53333333333336,181.51666666666668,0
id:rukk7812,id:osodos,2,2,0,27.09166666666667,20.283333333333335,0
id:rukk7812,id:qnflsdl,2,2,0,88.49166666666667,10.833333333333334,0
id:rukk7812,id:raistlin1,2,2,0,9.091666666666667,6.016666666666667,0
id:rukk7812,id:regnier,2,2,0,28.96666666666667,6.366666666666666,0
id:rukk7812,id:seungman98,2,2,0,158.68333333333334,9.416666666666666,0
id:rukk7812,id:spark9944,2,2,0,1203.3166666666666,920.75,0
id:rukk7812,id:todfndl12,2,2,0,10.65,7.883333333333334,0
id:rukk7812,id:umamusume,2,2,0,41.458333333333336,5.2,0
id:rukk7812,id:yellowsoul,2,2,0,27.766666666666666,9.033333333333333,0
id:rukk7812,id:zxcvv,2,2,0,288.1,241.51666666666668,0
id:sc1984,id:bookae1,2,2,0,28.041666666666664,6.033333333333333,0
id:scary910,id:roe2k,2,2,0,158.35833333333335,8.35,0
id:sexline,id:shkj22,2,2,0,16.725,15.183333333333334,0
id:shkj22,id:monkjm,2,2,0,31.90833333333333,5.666666666666667,0
id:snap23,id:cauking,2,2,0,21.575,11.733333333333333,0
id:snap23,id:cubana,2,2,0,137.64166666666668,10.983333333333333,0
id:snap23,id:dosa0705,2,2,0,32.583333333333336,29.55,0
id:snap23,id:icarus4301,2,2,0,213.71666666666667,11.116666666666667,0
id:snap23,id:kokomong,2,2,0,10.158333333333333,5.2,0
id:snap23,id:shkj22,2,2,0,40.81666666666666,8.55,0
id:snap23,id:vnweq956,2,2,0,13.416666666666666,6.7,0
id:snap23,id:yjs1g,2,2,0,161.70833333333331,15.2,0
id:soccerfw16,id:vincent85,2,2,0,185.45833333333331,177.13333333333333,0
id:soccerlineid,id:consul,2,2,0,7.683333333333334,6.416666666666667,0
id:solution78,id:adios00,2,2,0,17.966666666666665,8.283333333333333,0
id:solution78,id:cydia14,2,2,0,105.36666666666667,9.716666666666667,0
id:solution78,id:eory24,2,2,0,15.433333333333334,9.933333333333334,0
id:solution78,id:gogumadory,2,2,0,129.1,8.983333333333333,0
id:solution78,id:jmw1121,2,2,0,6.641666666666667,6.533333333333333,0
id:solution78,id:kanoutsider,2,2,0,15.424999999999999,9.633333333333333,0
id:solution78,id:kicheon,2,2,0,30.925,6.65,0
id:solution78,id:mirissoul2,2,2,0,102.74166666666667,22.766666666666666,0
id:solution78,id:sonhh,2,2,0,215.875,7.933333333333334,0
id:solution78,id:vnweq956,2,2,0,26.375,16.783333333333335,0
id:soparkbj,id:horsedongh,2,2,0,363.89166666666665,10.783333333333333,0
id:sounited13,id:colacup,2,2,0,23.85,13.616666666666667,0
id:sounited13,id:lfcthismeans,2,2,0,11.525,7.9,0
id:sounited13,id:monkjm,2,2,0,42.3,21.866666666666667,0
id:sounited13,id:qnflsdl,2,2,0,20.958333333333332,9.633333333333333,0
id:sounited13,id:yellowsoul,2,2,0,10.066666666666666,6.933333333333334,0
id:stynerkn,id:donka,2,2,0,24.258333333333333,10.85,0
id:summernight,id:Clousewitz,2,2,0,188.95,22.75,0
id:summernight,id:bluepillz,2,2,0,7.858333333333334,6.416666666666667,0
id:summernight,id:chun1149,2,2,0,11.616666666666667,9.133333333333333,0
id:summernight,id:colacup,2,2,0,239.46666666666667,10.633333333333333,0
id:summernight,id:horsedongh,2,2,0,10.741666666666667,8.383333333333333,0
id:summernight,id:kostanjino,2,2,0,442.17499999999995,436.6333333333333,0
id:summernight,id:mazenta064,2,2,0,222.84166666666667,170.56666666666666,0
id:thuyu,id:erec,2,2,0,23.558333333333334,15.35,0
id:thuyu,id:oasiticjoo19,2,2,0,29.608333333333334,23.316666666666666,0
id:tjfghksss,id:bluepillz,2,2,0,14.341666666666667,5.2,0
id:tkrhdgus1,id:hopes,2,2,0,15.333333333333332,13.416666666666666,0
id:tkrhdgus1,id:press21cc,2,2,0,7.691666666666666,6.166666666666667,0
id:tkrhdgus1,id:spoops,2,2,0,7.7333333333333325,6.083333333333333,0
id:toninho07,id:flamans1,2,2,0,26.266666666666666,6.766666666666667,0
id:traum0105,id:shkj22,2,2,0,29.908333333333335,18.0,0
id:ttkwnffj,id:iglaman,2,2,0,7.491666666666667,6.616666666666666,0
id:twija100,id:twija100,2,2,0,18.2,5.75,2
id:typoonj2,id:leed7584,2,2,0,27.616666666666667,8.883333333333333,0
id:typoonj2,id:tkrldh,2,2,0,10.416666666666668,8.816666666666666,0
id:typoonj2,id:wenli,2,2,0,17.883333333333333,7.833333333333333,0
id:unknownuser,id:iloveyousun,2,2,0,218.6833333333333,8.65,0
id:unknownuser,id:juventus82,2,2,0,186.975,120.91666666666667,0
id:unknownuser,id:kostanjino,2,2,0,49.75833333333333,20.783333333333335,0
id:unknownuser,id:mcraky,2,2,0,34.05833333333334,9.3,0
id:unknownuser,id:qnflsdl,2,2,0,352.85833333333335,50.5,0
id:unknownuser,id:raistlin1,2,2,0,1350.2166666666667,666.1833333333333,0
id:unknownuser,id:raulgonzo,2,2,0,264.9666666666667,227.31666666666666,0
id:unknownuser,id:roe2k,2,2,0,57.11666666666667,14.716666666666667,0
id:unknownuser,id:thesilver,2,2,0,438.94166666666666,360.8833333333333,0
id:vincent85,id:oasiticjoo19,2,2,0,8.858333333333334,7.816666666666666,0
id:vincent85,id:taz79,2,2,0,14.416666666666668,8.783333333333333,0
id:whddlqlgodrl,id:messiya2022,2,2,0,201.73333333333332,12.0,0
id:whddlqlgodrl,id:roe2k,2,2,0,67.78333333333333,35.166666666666664,0
id:wind1123,id:BongGu1103,2,2,0,64.39166666666667,32.61666666666667,0
id:wind1123,id:feeder00,2,2,0,30.0,11.1,0
id:wind1123,id:roe2k,2,2,0,79.25833333333334,8.433333333333334,0
id:xxvxx,id:Mokko,2,2,0,40.36666666666667,10.516666666666667,0
id:xxvxx,id:antivan,2,2,0,215.53333333333336,15.033333333333333,0
id:xxvxx,id:claxn7,2,2,0,8.025,7.466666666666667,0
id:xxvxx,id:leoperiseus,2,2,0,28.941666666666666,10.616666666666667,0
id:xxvxx,id:raistlin1,2,2,0,519.5666666666667,32.18333333333333,0
id:xxvxx,id:roe2k,2,2,0,471.0083333333333,239.01666666666668,0
id:xxvxx,id:yeodarl,2,2,0,163.0,24.516666666666666,0
id:yally1010,id:roe2k,2,2,0,42.65833333333333,29.533333333333335,0
id:yally1010,id:yally1010,2,2,0,9.516666666666667,6.483333333333333,2
id:yo821281,id:ar10,2,2,0,11.991666666666667,8.566666666666666,0
id:yo821281,id:cubana,2,2,0,398.30833333333334,358.75,0
id:yo821281,id:footpodo,2,2,0,116.75833333333334,9.65,0
id:yo821281,id:ifleet,2,2,0,32.0,9.35,0
id:yo821281,id:placebo,2,2,0,28.666666666666664,13.916666666666666,0
id:yo821281,id:sdh90,2,2,0,71.15,9.25,0
id:yo821281,id:taebari,2,2,0,7.758333333333334,6.5,0
id:yo821281,id:thesilver,2,2,0,46.65,17.066666666666666,0
id:yo821281,id:vincent85,2,2,0,23.03333333333333,18.133333333333333,0
id:yo821281,id:wenli,2,2,0,60.06666666666666,6.116666666666666,0
id:yo821281,id:zesus91,2,2,0,283.54166666666663,222.45,0
id:zero080,id:Clousewitz,2,2,0,6.016666666666667,6.0,0
id:zero080,id:colacup,2,2,0,16.191666666666666,10.233333333333333,0
id:zero080,id:hpkim90,2,2,0,9.208333333333334,8.4,0
id:zero080,id:sdh90,2,2,0,12.516666666666666,10.916666666666666,0
id:zero080,id:shkj22,2,2,0,6.583333333333334,5.933333333333334,0
id:zestgo,id:oasiticjoo19,2,2,0,29.916666666666664,11.183333333333334,0
id:zxcvbnm00765,id:cauking,2,2,0,427.4166666666667,14.766666666666667,0
id:zxcvbnm00765,id:okao,2,2,0,18.741666666666667,14.433333333333334,0
id:LJM1389,id:Tenhag,2,1,0,27.541666666666664,6.283333333333333,0
id:LJM1389,id:andrewjsj,2,1,0,28.125,26.1,0
id:LJM1389,id:spoops,2,1,0,612.0416666666666,601.4333333333333,0
id:ManU01,id:yeodarl,2,1,0,18.358333333333334,15.433333333333334,0
id:Mkisduchang,id:yeodarl,2,1,0,1035.825,1030.9833333333333,0
id:Pacojung102,id:eiskzm,2,1,0,17.1,15.4,0
id:bluepillz,id:j8wkfn,2,1,0,370.14166666666665,370.0833333333333,0
id:bulbol,id:cokabel,2,1,0,29.491666666666667,28.65,0
id:bulbol,id:finishking,2,1,0,135.95833333333334,135.9,0
id:bundes1,id:gomepj,2,1,0,300.1166666666667,299.6,0
id:carmenhayes,id:jec0412,2,1,0,441.7,439.6333333333333,0
id:chun1149,id:darkforce,2,1,0,527.0166666666667,219.4,0
id:colacup,id:colacup,2,1,0,45.625,45.266666666666666,2
id:dadoocom,id:vlffpqhtm,2,1,0,226.15,225.43333333333334,0
id:dlawls,id:ktma1001,2,1,0,30.516666666666666,28.883333333333333,0
id:dlawls,id:skylky,2,1,0,9.908333333333335,9.516666666666667,0
id:golfking,id:golfking,2,1,0,7.991666666666667,7.416666666666667,2
id:grit,id:TheHart,2,1,0,323.6583333333333,321.6166666666667,0
id:grit,id:dlawls,2,1,0,9.258333333333333,8.666666666666666,0
id:grit,id:kicking,2,1,0,13.5,12.333333333333334,0
id:hak4544,id:hinboong,2,1,0,74.61666666666667,74.2,0
id:hjs3191,id:chojja,2,1,0,207.14166666666665,205.5,0
id:hobro,id:cubana,2,1,0,17.758333333333333,6.766666666666667,0
id:hodoeel,id:geni0,2,1,0,132.525,132.43333333333334,0
id:hodoeel,id:raistlin1,2,1,0,24.55,9.25,0
id:htht709,id:mirissoul2,2,1,0,25.43333333333333,24.966666666666665,0
id:hyeok497,id:geni0,2,1,0,12.583333333333332,12.1,0
id:hypeboy,id:citable,2,1,0,14.508333333333333,13.5,0
id:hypeboy,id:ksb7872,2,1,0,470.51666666666665,469.1,0
id:impactx84,id:citable,2,1,0,13.166666666666668,12.716666666666667,0
id:j8wkfn,id:hodoeel,2,1,0,12.116666666666667,11.266666666666667,0
id:jeffkent,id:ses2580k,2,1,0,8.95,8.533333333333333,0
id:kakaka10,id:monkjm,2,1,0,10.825,5.766666666666667,0
id:kanginmom,id:liking83,2,1,0,44.125,41.21666666666667,0
id:keias1024,id:aduno,2,1,0,6.258333333333333,6.016666666666667,0
id:kokomong,id:j8wkfn,2,1,0,6.125,5.383333333333334,0
id:lovedavich,id:lavlemon,2,1,0,12.425,11.033333333333333,0
id:masok01,id:balochanda,2,1,0,265.1166666666667,264.7,0
id:mhp3rd,id:nalratoss,2,1,0,168.69166666666666,155.38333333333333,0
id:mrnohsr,id:mrnohsr,2,1,0,10.7,10.5,2
id:novacane,id:citable,2,1,0,1000.1833333333334,5.683333333333334,0
id:novacane,id:hsando1,2,1,0,428.60833333333335,392.46666666666664,0
id:puh1993,id:Luhamnn47,2,1,0,443.8416666666667,442.3833333333333,0
id:qnflsdl,id:Luhamnn47,2,1,0,645.4083333333333,644.5333333333333,0
id:rascol,id:rascol,2,1,0,9.658333333333333,7.383333333333334,2
id:rrlatls18,id:spoops,2,1,0,97.98333333333335,50.7,0
id:rukk7812,id:bohaesoju,2,1,0,350.04999999999995,349.9,0
id:sanapati,id:PL5675,2,1,0,68.55,64.83333333333333,0
id:soccerfw16,id:hinboong,2,1,0,123.34166666666667,123.01666666666667,0
id:solution78,id:citable,2,1,0,386.16666666666663,384.45,0
id:solution78,id:dsgmjj,2,1,0,180.16666666666669,178.4,0
id:solution78,id:inflam,2,1,0,48.29166666666667,46.61666666666667,0
id:soparkbj,id:citable,2,1,0,1309.3083333333332,179.48333333333332,0
id:summernight,id:balochanda,2,1,0,846.95,151.13333333333333,0
id:twinpeaks1,id:monkjm,2,1,0,27.875,26.75,0
id:wind1123,id:shrnhoist,2,1,0,15.966666666666667,5.933333333333334,0
id:wjqslek,id:monkjm,2,1,0,12.708333333333334,8.816666666666666,0
id:yally1010,id:horizon,2,1,0,15.258333333333333,14.833333333333334,0
id:yeodarl,id:dadoocom,2,1,0,11.025,5.25,0
id:yo821281,id:ses2580k,2,1,0,447.81666666666666,446.75,0
id:zero080,id:realysoccer,2,1,0,13.291666666666666,12.883333333333333,0
id:0405psv,id:ehsaksk,1,1,0,5.466666666666667,5.466666666666667,0
id:0405psv,id:taz79,1,1,0,51.266666666666666,51.266666666666666,0
id:100m2,id:bluepillz,1,1,0,5.466666666666667,5.466666666666667,0
id:1987vintage,id:BlackEyes23,1,1,0,5.333333333333333,5.333333333333333,0
id:1987vintage,id:Brown,1,1,0,38.71666666666667,38.71666666666667,0
id:1987vintage,id:Ibrahima,1,1,0,11.516666666666667,11.516666666666667,0
id:1987vintage,id:Marshmello,1,1,0,10.083333333333334,10.083333333333334,0
id:1987vintage,id:bundes1,1,1,0,25.7,25.7,0
id:1987vintage,id:dleoduq1234,1,1,0,7.216666666666667,7.216666666666667,0
id:1987vintage,id:edh2och,1,1,0,10.683333333333334,10.683333333333334,0
id:1987vintage,id:frandlo,1,1,0,61.68333333333333,61.68333333333333,0
id:1987vintage,id:karisma7,1,1,0,24.366666666666667,24.366666666666667,0
id:1987vintage,id:mamamoo,1,1,0,17.583333333333332,17.583333333333332,0
id:1987vintage,id:milkblue,1,1,0,45.333333333333336,45.333333333333336,0
id:1987vintage,id:niwoong1,1,1,0,19.6,19.6,0
id:1987vintage,id:purelife,1,1,0,6.333333333333333,6.333333333333333,0
id:1987vintage,id:qnflsdl,1,1,0,9.966666666666667,9.966666666666667,0
id:1987vintage,id:sonhh,1,1,0,43.583333333333336,43.583333333333336,0
id:1987vintage,id:spoops,1,1,0,20.383333333333333,20.383333333333333,0
id:1987vintage,id:thesilver,1,1,0,74.21666666666667,74.21666666666667,0
id:1987vintage,id:zerostar20,1,1,0,16.083333333333332,16.083333333333332,0
id:1987vintage,id:zxcvbnm00765,1,1,0,6.916666666666667,6.916666666666667,0
id:6667sh,id:adios00,1,1,0,15.766666666666667,15.766666666666667,0
id:6667sh,id:azulyoro,1,1,0,11.3,11.3,0
id:6667sh,id:best91,1,1,0,10.383333333333333,10.383333333333333,0
id:6667sh,id:dleoduq1234,1,1,0,5.65,5.65,0
id:6667sh,id:doxan,1,1,0,15.05,15.05,0
id:6667sh,id:god18xx,1,1,0,16.066666666666666,16.066666666666666,0
id:6667sh,id:hanlobby,1,1,0,24.566666666666666,24.566666666666666,0
id:6667sh,id:horsedongh,1,1,0,10.75,10.75,0
id:6667sh,id:ifleet,1,1,0,5.833333333333333,5.833333333333333,0
id:6667sh,id:juventus82,1,1,0,6.266666666666667,6.266666666666667,0
id:6667sh,id:kanoutsider,1,1,0,28.5,28.5,0
id:6667sh,id:kd0079,1,1,0,13.1,13.1,0
id:6667sh,id:v1004ses,1,1,0,11.883333333333333,11.883333333333333,0
id:6667sh,id:yoon4859,1,1,0,33.083333333333336,33.083333333333336,0
id:6667sh,id:zerostar20,1,1,0,19.566666666666666,19.566666666666666,0
id:6830,id:Bluewings21,1,1,0,10.15,10.15,0
id:6830,id:KINGBATI,1,1,0,6.983333333333333,6.983333333333333,0
id:6830,id:Milner7,1,1,0,8.766666666666667,8.766666666666667,0
id:6830,id:NANRIBLUCE,1,1,0,49.71666666666667,49.71666666666667,0
id:6830,id:Necovv,1,1,0,25.233333333333334,25.233333333333334,0
id:6830,id:Vitohong,1,1,0,50.31666666666667,50.31666666666667,0
id:6830,id:Whaled,1,1,0,1484.2666666666667,1484.2666666666667,0
id:6830,id:adios00,1,1,0,69.06666666666666,69.06666666666666,0
id:6830,id:aduno,1,1,0,11.75,11.75,0
id:6830,id:againstwin80,1,1,0,23.366666666666667,23.366666666666667,0
id:6830,id:arteta8,1,1,0,8.666666666666666,8.666666666666666,0
id:6830,id:bbaks321,1,1,0,43.166666666666664,43.166666666666664,0
id:6830,id:chily0117,1,1,0,169.21666666666667,169.21666666666667,0
id:6830,id:consul,1,1,0,8.1,8.1,0
id:6830,id:cooltiger,1,1,0,168.43333333333334,168.43333333333334,0
id:6830,id:cubing,1,1,0,89.65,89.65,0
id:6830,id:dadoocom,1,1,0,6.1,6.1,0
id:6830,id:darkknight1,1,1,0,430.06666666666666,430.06666666666666,0
id:6830,id:darthfish,1,1,0,1076.4666666666667,1076.4666666666667,0
id:6830,id:dialine,1,1,0,21.316666666666666,21.316666666666666,0
id:6830,id:diminish,1,1,0,38.06666666666667,38.06666666666667,0
id:6830,id:dress7,1,1,0,92.38333333333334,92.38333333333334,0
id:6830,id:ehdtks9286,1,1,0,13.016666666666667,13.016666666666667,0
id:6830,id:ehihoho,1,1,0,94.51666666666667,94.51666666666667,0
id:6830,id:elan8501,1,1,0,8.216666666666667,8.216666666666667,0
id:6830,id:erec,1,1,0,381.9,381.9,0
id:6830,id:eugenenah17,1,1,0,452.3333333333333,452.3333333333333,0
id:6830,id:forest,1,1,0,7.716666666666667,7.716666666666667,0
id:6830,id:gogumadory,1,1,0,62.25,62.25,0
id:6830,id:gosari,1,1,0,184.95,184.95,0
id:6830,id:hobro,1,1,0,6.95,6.95,0
id:6830,id:horsedongh,1,1,0,191.11666666666667,191.11666666666667,0
id:6830,id:howie,1,1,0,1661.8333333333333,1661.8333333333333,0
id:6830,id:hoyaaa,1,1,0,16.883333333333333,16.883333333333333,0
id:6830,id:huveron,1,1,0,38.36666666666667,38.36666666666667,0
id:6830,id:iloveyousun,1,1,0,8.316666666666666,8.316666666666666,0
id:6830,id:jdspitz,1,1,0,5.383333333333334,5.383333333333334,0
id:6830,id:jec0412,1,1,0,8.55,8.55,0
id:6830,id:judge,1,1,0,10.4,10.4,0
id:6830,id:jun2312,1,1,0,10.633333333333333,10.633333333333333,0
id:6830,id:kaoruchan,1,1,0,7.516666666666667,7.516666666666667,0
id:6830,id:kapfazo,1,1,0,196.18333333333334,196.18333333333334,0
id:6830,id:kimida2005,1,1,0,13.366666666666667,13.366666666666667,0
id:6830,id:klopp1104,1,1,0,21.083333333333332,21.083333333333332,0
id:6830,id:kokand1912,1,1,0,34.53333333333333,34.53333333333333,0
id:6830,id:kokomong,1,1,0,13.05,13.05,0
id:6830,id:kostanjino,1,1,0,577.2833333333333,577.2833333333333,0
id:6830,id:kugnuoy,1,1,0,38.5,38.5,0
id:6830,id:lckvi,1,1,0,12.1,12.1,0
id:6830,id:leoperiseus,1,1,0,17.166666666666668,17.166666666666668,0
id:6830,id:leyura0802,1,1,0,60.233333333333334,60.233333333333334,0
id:6830,id:life13579,1,1,0,7.716666666666667,7.716666666666667,0
id:6830,id:lim0620,1,1,0,422.8,422.8,0
id:6830,id:loadone,1,1,0,39.7,39.7,0
id:6830,id:lordljh,1,1,0,9.283333333333333,9.283333333333333,0
id:6830,id:luckyjsm,1,1,0,18.033333333333335,18.033333333333335,0
id:6830,id:maelsy99,1,1,0,16.916666666666668,16.916666666666668,0
id:6830,id:martialarts,1,1,0,29.633333333333333,29.633333333333333,0
id:6830,id:metalgear,1,1,0,437.8333333333333,437.8333333333333,0
id:6830,id:minjaekore,1,1,0,720.9666666666667,720.9666666666667,0
id:6830,id:modern21,1,1,0,11.45,11.45,0
id:6830,id:nox911,1,1,0,9.783333333333333,9.783333333333333,0
id:6830,id:oblak,1,1,0,469.35,469.35,0
id:6830,id:orangein0775,1,1,0,6.633333333333334,6.633333333333334,0
id:6830,id:osodos,1,1,0,12.083333333333334,12.083333333333334,0
id:6830,id:pastorius,1,1,0,394.81666666666666,394.81666666666666,0
id:6830,id:placebo,1,1,0,1187.5666666666666,1187.5666666666666,0
id:6830,id:po1053,1,1,0,9.3,9.3,0
id:6830,id:potatochip1,1,1,0,413.65,413.65,0
id:6830,id:powerslam1,1,1,0,8.9,8.9,0
id:6830,id:priport,1,1,0,16.716666666666665,16.716666666666665,0
id:6830,id:psj205,1,1,0,28.25,28.25,0
id:6830,id:pucrinyesir,1,1,0,6.266666666666667,6.266666666666667,0
id:6830,id:pullmeunder,1,1,0,13.083333333333334,13.083333333333334,0
id:6830,id:raistlin1,1,1,0,873.8833333333333,873.8833333333333,0
id:6830,id:rascol,1,1,0,57.06666666666667,57.06666666666667,0
id:6830,id:raul7143,1,1,0,14.466666666666667,14.466666666666667,0
id:6830,id:realysoccer,1,1,0,36.28333333333333,36.28333333333333,0
id:6830,id:redgundam,1,1,0,17.55,17.55,0
id:6830,id:regions,1,1,0,9.866666666666667,9.866666666666667,0
id:6830,id:rkarlaos1,1,1,0,41.166666666666664,41.166666666666664,0
id:6830,id:sangtuk,1,1,0,211.0,211.0,0
id:6830,id:sc1984,1,1,0,5.683333333333334,5.683333333333334,0
id:6830,id:ses2580k,1,1,0,124.61666666666666,124.61666666666666,0
id:6830,id:sidlove,1,1,0,486.06666666666666,486.06666666666666,0
id:6830,id:sinn556i,1,1,0,11.25,11.25,0
id:6830,id:soccerlineid,1,1,0,6.516666666666667,6.516666666666667,0
id:6830,id:sta0505,1,1,0,7.766666666666667,7.766666666666667,0
id:6830,id:totozone17,1,1,0,293.23333333333335,293.23333333333335,0
id:6830,id:vincent85,1,1,0,485.48333333333335,485.48333333333335,0
id:6830,id:vnweq956,1,1,0,21.283333333333335,21.283333333333335,0
id:6830,id:whddlqlgodrl,1,1,0,5.2,5.2,0
id:6830,id:wildoroiss,1,1,0,8.616666666666667,8.616666666666667,0
id:6830,id:xavi08,1,1,0,239.21666666666667,239.21666666666667,0
id:6830,id:xowhdeo,1,1,0,467.3833333333333,467.3833333333333,0
id:6830,id:yeonrang,1,1,0,267.35,267.35,0
id:6830,id:yjkown,1,1,0,399.1,399.1,0
id:6830,id:zesus91,1,1,0,402.6,402.6,0
id:6830,id:zxcvv,1,1,0,10.916666666666666,10.916666666666666,0
id:85yang,id:Bluewings21,1,1,0,10.283333333333333,10.283333333333333,0
id:85yang,id:FeelingGood,1,1,0,10.75,10.75,0
id:85yang,id:bulbol,1,1,0,13.416666666666666,13.416666666666666,0
id:85yang,id:cubana,1,1,0,7.333333333333333,7.333333333333333,0
id:85yang,id:ejirall,1,1,0,24.916666666666668,24.916666666666668,0
id:85yang,id:luna7742,1,1,0,49.733333333333334,49.733333333333334,0
id:85yang,id:monkjm,1,1,0,11.733333333333333,11.733333333333333,0
id:85yang,id:raistlin1,1,1,0,8.533333333333333,8.533333333333333,0
id:85yang,id:realysoccer,1,1,0,6.45,6.45,0
id:BlackEyes23,id:WEZARD777,1,1,0,14.666666666666666,14.666666666666666,0
id:BlackEyes23,id:YoLaTengo,1,1,0,6.533333333333333,6.533333333333333,0
id:BlackEyes23,id:addedtime,1,1,0,8.6,8.6,0
id:BlackEyes23,id:aracra,1,1,0,7.1,7.1,0
id:BlackEyes23,id:bbggkkk,1,1,0,5.183333333333334,5.183333333333334,0
id:BlackEyes23,id:coood7824,1,1,0,7.8,7.8,0
id:BlackEyes23,id:cubana,1,1,0,22.566666666666666,22.566666666666666,0
id:BlackEyes23,id:dialine,1,1,0,12.316666666666666,12.316666666666666,0
id:BlackEyes23,id:dlawls,1,1,0,6.05,6.05,0
id:BlackEyes23,id:dress7,1,1,0,8.383333333333333,8.383333333333333,0
id:BlackEyes23,id:ejrwls91,1,1,0,12.4,12.4,0
id:BlackEyes23,id:emknud,1,1,0,10.4,10.4,0
id:BlackEyes23,id:god18xx,1,1,0,8.433333333333334,8.433333333333334,0
id:BlackEyes23,id:hodoeel,1,1,0,14.433333333333334,14.433333333333334,0
id:BlackEyes23,id:honeypage,1,1,0,11.633333333333333,11.633333333333333,0
id:BlackEyes23,id:hulk,1,1,0,15.633333333333333,15.633333333333333,0
id:BlackEyes23,id:j8wkfn,1,1,0,42.266666666666666,42.266666666666666,0
id:BlackEyes23,id:jeffkent,1,1,0,5.166666666666667,5.166666666666667,0
id:BlackEyes23,id:juventus82,1,1,0,7.783333333333333,7.783333333333333,0
id:BlackEyes23,id:kaizennf,1,1,0,181.66666666666666,181.66666666666666,0
id:BlackEyes23,id:kanoutsider,1,1,0,6.316666666666666,6.316666666666666,0
id:BlackEyes23,id:kinomayu,1,1,0,5.116666666666666,5.116666666666666,0
id:BlackEyes23,id:koreatop,1,1,0,11.316666666666666,11.316666666666666,0
id:BlackEyes23,id:maya0501,1,1,0,13.516666666666667,13.516666666666667,0
id:BlackEyes23,id:mnyj,1,1,0,11.566666666666666,11.566666666666666,0
id:BlackEyes23,id:ph41791,1,1,0,7.116666666666666,7.116666666666666,0
id:BlackEyes23,id:tgibhh111,1,1,0,6.05,6.05,0
id:BlackEyes23,id:wltlswhd,1,1,0,34.18333333333333,34.18333333333333,0
id:BlackEyes23,id:xesc,1,1,0,119.51666666666667,119.51666666666667,0
id:BlackEyes23,id:zxcvbnm00765,1,1,0,14.15,14.15,0
id:Bluewings21,id:Bluewings21,1,1,0,25.016666666666666,25.016666666666666,1
id:Bluewings21,id:ajh30130,1,1,0,5.25,5.25,0
id:Bluewings21,id:dleoduq1234,1,1,0,8.783333333333333,8.783333333333333,0
id:Bluewings21,id:gum0510,1,1,0,5.6,5.6,0
id:Bluewings21,id:howie,1,1,0,7.0,7.0,0
id:Bluewings21,id:ifleet,1,1,0,50.96666666666667,50.96666666666667,0
id:Bluewings21,id:modern21,1,1,0,5.9,5.9,0
id:Bluewings21,id:okao,1,1,0,10.516666666666667,10.516666666666667,0
id:Bluewings21,id:powerslam1,1,1,0,8.65,8.65,0
id:Bluewings21,id:psj1905,1,1,0,21.033333333333335,21.033333333333335,0
id:Bluewings21,id:realysoccer,1,1,0,5.816666666666666,5.816666666666666,0
id:Bluewings21,id:wind1123,1,1,0,6.233333333333333,6.233333333333333,0
id:BongGu1103,id:dewsd,1,1,0,8.166666666666666,8.166666666666666,0
id:BongGu1103,id:monkjm,1,1,0,8.7,8.7,0
id:BongGu1103,id:shkj22,1,1,0,5.05,5.05,0
id:Clocks,id:0405psv,1,1,0,12.233333333333333,12.233333333333333,0
id:Clocks,id:YoLaTengo,1,1,0,12.983333333333333,12.983333333333333,0
id:Clocks,id:againstwin80,1,1,0,12.616666666666667,12.616666666666667,0
id:Clocks,id:buk123,1,1,0,304.6166666666667,304.6166666666667,0
id:Clocks,id:chioo38,1,1,0,65.9,65.9,0
id:Clocks,id:dleoduq1234,1,1,0,10.65,10.65,0
id:Clocks,id:dress7,1,1,0,22.8,22.8,0
id:Clocks,id:eory24,1,1,0,12.65,12.65,0
id:Clocks,id:gkdlfndtjr,1,1,0,9.633333333333333,9.633333333333333,0
id:Clocks,id:kicking,1,1,0,240.78333333333333,240.78333333333333,0
id:Clocks,id:kuo13,1,1,0,11.05,11.05,0
id:Clocks,id:lavlemon,1,1,0,55.81666666666667,55.81666666666667,0
id:Clocks,id:maelsy99,1,1,0,9.9,9.9,0
id:Clocks,id:malwool,1,1,0,28.55,28.55,0
id:Clocks,id:nikkohadal,1,1,0,15.416666666666666,15.416666666666666,0
id:Clocks,id:osodos,1,1,0,5.516666666666667,5.516666666666667,0
id:Clocks,id:ses2580k,1,1,0,294.98333333333335,294.98333333333335,0
id:Clocks,id:spoops,1,1,0,12.016666666666667,12.016666666666667,0
id:Clocks,id:summernight,1,1,0,24.616666666666667,24.616666666666667,0
id:Clocks,id:tactimp,1,1,0,19.6,19.6,0
id:Clocks,id:tjfghksss,1,1,0,70.15,70.15,0
id:Clocks,id:tkrldh,1,1,0,43.05,43.05,0
id:Clocks,id:whoshot,1,1,0,13.9,13.9,0
id:Cvc77777,id:Clousewitz,1,1,0,271.81666666666666,271.81666666666666,0
id:Cvc77777,id:Necovv,1,1,0,235.61666666666667,235.61666666666667,0
id:Cvc77777,id:aabcd011,1,1,0,217.78333333333333,217.78333333333333,0
id:Cvc77777,id:cetapow,1,1,0,402.5,402.5,0
id:Cvc77777,id:chojja,1,1,0,312.3,312.3,0
id:Cvc77777,id:colacup,1,1,0,47.06666666666667,47.06666666666667,0
id:Cvc77777,id:donka,1,1,0,9.55,9.55,0
id:Cvc77777,id:footpodo,1,1,0,23.266666666666666,23.266666666666666,0
id:Cvc77777,id:jinnankr,1,1,0,949.25,949.25,0
id:Cvc77777,id:kokand1912,1,1,0,8.583333333333334,8.583333333333334,0
id:Cvc77777,id:m2man,1,1,0,453.05,453.05,0
id:Cvc77777,id:placebo,1,1,0,370.3666666666667,370.3666666666667,0
id:Cvc77777,id:raulgonzo,1,1,0,722.0166666666667,722.0166666666667,0
id:Cvc77777,id:roe2k,1,1,0,65.7,65.7,0
id:Cvc77777,id:rokafryu,1,1,0,310.46666666666664,310.46666666666664,0
id:Cvc77777,id:thughu,1,1,0,71.33333333333333,71.33333333333333,0
id:Cvc77777,id:umamusume,1,1,0,28.8,28.8,0
id:Cvc77777,id:xowhdeo,1,1,0,290.78333333333336,290.78333333333336,0
id:DKisKing,id:kohs98,1,1,0,13.816666666666666,13.816666666666666,0
id:DKisKing,id:say1673,1,1,0,6.916666666666667,6.916666666666667,0
id:DKisKing,id:sbw1249,1,1,0,19.283333333333335,19.283333333333335,0
id:DiogoJota,id:bluepillz,1,1,0,16.366666666666667,16.366666666666667,0
id:Dkapqkzjfcu,id:donka,1,1,0,7.016666666666667,7.016666666666667,0
id:Dkapqkzjfcu,id:ejspff,1,1,0,20.733333333333334,20.733333333333334,0
id:Dkapqkzjfcu,id:juventus82,1,1,0,15.383333333333333,15.383333333333333,0
id:Dkapqkzjfcu,id:krsoccerline,1,1,0,8.233333333333333,8.233333333333333,0
id:Dkapqkzjfcu,id:redgundam,1,1,0,7.383333333333334,7.383333333333334,0
id:Dkapqkzjfcu,id:summernight,1,1,0,5.783333333333333,5.783333333333333,0
id:Dkapqkzjfcu,id:新) 허정무(blue123,1,1,0,22.633333333333333,22.633333333333333,0
id:FeelingGood,id:2egg3things,1,1,0,23.083333333333332,23.083333333333332,0
id:FeelingGood,id:Bluewings21,1,1,0,6.783333333333333,6.783333333333333,0
id:FeelingGood,id:Clousewitz,1,1,0,21.866666666666667,21.866666666666667,0
id:FeelingGood,id:Yeste,1,1,0,10.35,10.35,0
id:FeelingGood,id:YoLaTengo,1,1,0,5.733333333333333,5.733333333333333,0
id:FeelingGood,id:aisiteru99,1,1,0,5.083333333333333,5.083333333333333,0
id:FeelingGood,id:anarkor,1,1,0,8.466666666666667,8.466666666666667,0
id:FeelingGood,id:blue5365,1,1,0,32.25,32.25,0
id:FeelingGood,id:bluepillz,1,1,0,10.2,10.2,0
id:FeelingGood,id:bvbreus11,1,1,0,5.116666666666666,5.116666666666666,0
id:FeelingGood,id:cesc31,1,1,0,7.183333333333334,7.183333333333334,0
id:FeelingGood,id:citable,1,1,0,98.76666666666667,98.76666666666667,0
id:FeelingGood,id:crouch,1,1,0,475.1333333333333,475.1333333333333,0
id:FeelingGood,id:englfish,1,1,0,55.28333333333333,55.28333333333333,0
id:FeelingGood,id:flypcs20,1,1,0,6.283333333333333,6.283333333333333,0
id:FeelingGood,id:hanlobby,1,1,0,8.55,8.55,0
id:FeelingGood,id:heo1935,1,1,0,5.033333333333333,5.033333333333333,0
id:FeelingGood,id:hjsa2004,1,1,0,10.5,10.5,0
id:FeelingGood,id:jeffkent,1,1,0,8.566666666666666,8.566666666666666,0
id:FeelingGood,id:jojic32,1,1,0,6.883333333333334,6.883333333333334,0
id:FeelingGood,id:k970425,1,1,0,460.05,460.05,0
id:FeelingGood,id:khj0309,1,1,0,44.63333333333333,44.63333333333333,0
id:FeelingGood,id:klay5587,1,1,0,64.46666666666667,64.46666666666667,0
id:FeelingGood,id:kyoijjoo,1,1,0,28.833333333333332,28.833333333333332,0
id:FeelingGood,id:leoperiseus,1,1,0,6.533333333333333,6.533333333333333,0
id:FeelingGood,id:leyura0802,1,1,0,42.9,42.9,0
id:FeelingGood,id:liking83,1,1,0,38.35,38.35,0
id:FeelingGood,id:mansun27,1,1,0,38.03333333333333,38.03333333333333,0
id:FeelingGood,id:minami89,1,1,0,13.283333333333333,13.283333333333333,0
id:FeelingGood,id:mrnohsr,1,1,0,38.31666666666667,38.31666666666667,0
id:FeelingGood,id:ngis11,1,1,0,6.75,6.75,0
id:FeelingGood,id:oasiticjoo19,1,1,0,10.05,10.05,0
id:FeelingGood,id:peterock83,1,1,0,15.883333333333333,15.883333333333333,0
id:FeelingGood,id:publicatio,1,1,0,473.68333333333334,473.68333333333334,0
id:FeelingGood,id:rainmaker4,1,1,0,79.61666666666666,79.61666666666666,0
id:FeelingGood,id:rascol,1,1,0,24.033333333333335,24.033333333333335,0
id:FeelingGood,id:rkdtks87,1,1,0,17.583333333333332,17.583333333333332,0
id:FeelingGood,id:sadyguru,1,1,0,11.266666666666667,11.266666666666667,0
id:FeelingGood,id:seriouskhj,1,1,0,455.7,455.7,0
id:FeelingGood,id:sidlove,1,1,0,31.8,31.8,0
id:FeelingGood,id:sinn556i,1,1,0,20.166666666666668,20.166666666666668,0
id:FeelingGood,id:sm101v,1,1,0,125.91666666666667,125.91666666666667,0
id:FeelingGood,id:sonhh,1,1,0,17.266666666666666,17.266666666666666,0
id:FeelingGood,id:sotec40,1,1,0,25.3,25.3,0
id:FeelingGood,id:sounited13,1,1,0,16.333333333333332,16.333333333333332,0
id:FeelingGood,id:spaceload1,1,1,0,503.71666666666664,503.71666666666664,0
id:FeelingGood,id:supremebape,1,1,0,6.55,6.55,0
id:FeelingGood,id:tkrldh,1,1,0,259.3,259.3,0
id:FeelingGood,id:vnweq956,1,1,0,8.483333333333333,8.483333333333333,0
id:FeelingGood,id:wltlswhd,1,1,0,6.933333333333334,6.933333333333334,0
id:FeelingGood,id:xowhdeo,1,1,0,236.81666666666666,236.81666666666666,0
id:FeelingGood,id:zesus91,1,1,0,18.783333333333335,18.783333333333335,0
id:Grassland,id:Bluewings21,1,1,0,27.75,27.75,0
id:Grassland,id:Necovv,1,1,0,352.28333333333336,352.28333333333336,0
id:Grassland,id:Realaqua,1,1,0,355.28333333333336,355.28333333333336,0
id:Grassland,id:Sejongutd1,1,1,0,11.65,11.65,0
id:Grassland,id:Vallejo,1,1,0,24.483333333333334,24.483333333333334,0
id:Grassland,id:adidas1998,1,1,0,1173.4333333333334,1173.4333333333334,0
id:Grassland,id:bbggkkk,1,1,0,6.166666666666667,6.166666666666667,0
id:Grassland,id:benben,1,1,0,8.95,8.95,0
id:Grassland,id:choith3,1,1,0,189.0,189.0,0
id:Grassland,id:chojja,1,1,0,218.78333333333333,218.78333333333333,0
id:Grassland,id:citable,1,1,0,266.9,266.9,0
id:Grassland,id:dass592,1,1,0,15.416666666666666,15.416666666666666,0
id:Grassland,id:dosa0705,1,1,0,173.08333333333334,173.08333333333334,0
id:Grassland,id:dsgmjj,1,1,0,164.75,164.75,0
id:Grassland,id:eddie,1,1,0,6.4,6.4,0
id:Grassland,id:edgeplus,1,1,0,1205.6333333333334,1205.6333333333334,0
id:Grassland,id:feeder00,1,1,0,110.88333333333334,110.88333333333334,0
id:Grassland,id:holim1,1,1,0,63.11666666666667,63.11666666666667,0
id:Grassland,id:hsocio95,1,1,0,5.283333333333333,5.283333333333333,0
id:Grassland,id:jejajj9,1,1,0,20.466666666666665,20.466666666666665,0
id:Grassland,id:kanoutsider,1,1,0,20.45,20.45,0
id:Grassland,id:ksb7872,1,1,0,888.6,888.6,0
id:Grassland,id:messiya2022,1,1,0,35.1,35.1,0
id:Grassland,id:nox911,1,1,0,10.733333333333333,10.733333333333333,0
id:Grassland,id:qnflsdl,1,1,0,15.983333333333333,15.983333333333333,0
id:Grassland,id:rararo1985,1,1,0,278.03333333333336,278.03333333333336,0
id:Grassland,id:redgundam,1,1,0,10.716666666666667,10.716666666666667,0
id:Grassland,id:stabbie81,1,1,0,35.86666666666667,35.86666666666667,0
id:Grassland,id:tjdmsdud,1,1,0,334.73333333333335,334.73333333333335,0
id:Grassland,id:trokie,1,1,0,33.86666666666667,33.86666666666667,0
id:Grassland,id:youngzinpp,1,1,0,330.23333333333335,330.23333333333335,0
id:Grassland,id:ysy1214,1,1,0,427.0833333333333,427.0833333333333,0
id:Grassland,id:zenic7,1,1,0,427.15,427.15,0
id:Grassland,id:zesus91,1,1,0,342.78333333333336,342.78333333333336,0
id:Groin,id:Naul1987,1,1,0,20.05,20.05,0
id:Groin,id:dosa0705,1,1,0,34.516666666666666,34.516666666666666,0
id:Groin,id:feeder00,1,1,0,65.56666666666666,65.56666666666666,0
id:Groin,id:stabbie81,1,1,0,39.016666666666666,39.016666666666666,0
id:Gvardiol,id:bonobono234,1,1,0,16.883333333333333,16.883333333333333,0
id:Gvardiol,id:hantempler,1,1,0,5.466666666666667,5.466666666666667,0
id:Gvardiol,id:mantis,1,1,0,11.716666666666667,11.716666666666667,0
id:Gvardiol,id:mirissoul2,1,1,0,11.216666666666667,11.216666666666667,0
id:Gvardiol,id:oasiticjoo19,1,1,0,7.183333333333334,7.183333333333334,0
id:Gvardiol,id:rea1me,1,1,0,16.1,16.1,0
id:HONG43,id:chioo38,1,1,0,7.066666666666666,7.066666666666666,0
id:HONG43,id:consul,1,1,0,7.866666666666666,7.866666666666666,0
id:HONG43,id:cubana,1,1,0,13.683333333333334,13.683333333333334,0
id:HONG43,id:kaizennf,1,1,0,29.583333333333332,29.583333333333332,0
id:HONG43,id:kicking,1,1,0,20.283333333333335,20.283333333333335,0
id:HONG43,id:lim0620,1,1,0,21.683333333333334,21.683333333333334,0
id:HONG43,id:makijeon,1,1,0,49.28333333333333,49.28333333333333,0
id:HONG43,id:rararabbon,1,1,0,5.466666666666667,5.466666666666667,0
id:HONG43,id:rukk7812,1,1,0,9.65,9.65,0
id:HONG43,id:shkj22,1,1,0,21.566666666666666,21.566666666666666,0
id:HONG43,id:sidlove,1,1,0,18.083333333333332,18.083333333333332,0
id:HONG43,id:sounited13,1,1,0,5.166666666666667,5.166666666666667,0
id:HONG43,id:summernight,1,1,0,8.266666666666667,8.266666666666667,0
id:HONG43,id:ttkwnffj,1,1,0,16.416666666666668,16.416666666666668,0
id:IGoHigh18,id:chakagesalja,1,1,0,192.4,192.4,0
id:IGoHigh18,id:cubana,1,1,0,207.68333333333334,207.68333333333334,0
id:IGoHigh18,id:kaizennf,1,1,0,49.35,49.35,0
id:IGoHigh18,id:kicheon,1,1,0,197.05,197.05,0
id:IGoHigh18,id:monkjm,1,1,0,230.63333333333333,230.63333333333333,0
id:IGoHigh18,id:realysoccer,1,1,0,391.56666666666666,391.56666666666666,0
id:IGoHigh18,id:riverpine,1,1,0,397.6666666666667,397.6666666666667,0
id:IGoHigh18,id:roe2k,1,1,0,252.03333333333333,252.03333333333333,0
id:IGoHigh18,id:sinn556i,1,1,0,97.3,97.3,0
id:IGoHigh18,id:tkrldh,1,1,0,387.0833333333333,387.0833333333333,0
id:IGoHigh18,id:wolfmask,1,1,0,305.5833333333333,305.5833333333333,0
id:IGoHigh18,id:yellowsoul,1,1,0,32.45,32.45,0
id:Ibisevic,id:85yang,1,1,0,6.883333333333334,6.883333333333334,0
id:Ibisevic,id:Knolan,1,1,0,9.983333333333333,9.983333333333333,0
id:Ibisevic,id:Milner7,1,1,0,28.916666666666668,28.916666666666668,0
id:Ibisevic,id:Mukari07,1,1,0,11.533333333333333,11.533333333333333,0
id:Ibisevic,id:adios00,1,1,0,31.933333333333334,31.933333333333334,0
id:Ibisevic,id:aoi04,1,1,0,23.9,23.9,0
id:Ibisevic,id:bbaks321,1,1,0,399.55,399.55,0
id:Ibisevic,id:blife,1,1,0,289.3,289.3,0
id:Ibisevic,id:bluepillz,1,1,0,6.8,6.8,0
id:Ibisevic,id:bluewind84,1,1,0,12.366666666666667,12.366666666666667,0
id:Ibisevic,id:chily0117,1,1,0,5.133333333333334,5.133333333333334,0
id:Ibisevic,id:chocomilk,1,1,0,9.5,9.5,0
id:Ibisevic,id:chojja,1,1,0,1581.55,1581.55,0
id:Ibisevic,id:claxn7,1,1,0,70.08333333333333,70.08333333333333,0
id:Ibisevic,id:dadoocom,1,1,0,13.016666666666667,13.016666666666667,0
id:Ibisevic,id:dlatjdduq,1,1,0,15.9,15.9,0
id:Ibisevic,id:dosa0705,1,1,0,14.083333333333334,14.083333333333334,0
id:Ibisevic,id:ehsaksk,1,1,0,7.416666666666667,7.416666666666667,0
id:Ibisevic,id:enzoew,1,1,0,34.083333333333336,34.083333333333336,0
id:Ibisevic,id:erec,1,1,0,36.68333333333333,36.68333333333333,0
id:Ibisevic,id:eufc,1,1,0,1481.95,1481.95,0
id:Ibisevic,id:evetoeve,1,1,0,324.4,324.4,0
id:Ibisevic,id:fenixduke,1,1,0,11.716666666666667,11.716666666666667,0
id:Ibisevic,id:garugaru,1,1,0,61.65,61.65,0
id:Ibisevic,id:geni0,1,1,0,15.566666666666666,15.566666666666666,0
id:Ibisevic,id:gomoong13,1,1,0,141.88333333333333,141.88333333333333,0
id:Ibisevic,id:hanlobby,1,1,0,17.266666666666666,17.266666666666666,0
id:Ibisevic,id:hkwo031,1,1,0,13.166666666666666,13.166666666666666,0
id:Ibisevic,id:hodduk,1,1,0,9.8,9.8,0
id:Ibisevic,id:hoffenheim,1,1,0,6.533333333333333,6.533333333333333,0
id:Ibisevic,id:hopes,1,1,0,23.45,23.45,0
id:Ibisevic,id:horizon,1,1,0,6.983333333333333,6.983333333333333,0
id:Ibisevic,id:horsedongh,1,1,0,14.933333333333334,14.933333333333334,0
id:Ibisevic,id:hsw0119,1,1,0,75.6,75.6,0
id:Ibisevic,id:icarus4301,1,1,0,30.583333333333332,30.583333333333332,0
id:Ibisevic,id:idnya,1,1,0,312.28333333333336,312.28333333333336,0
id:Ibisevic,id:iglaman,1,1,0,8.083333333333334,8.083333333333334,0
id:Ibisevic,id:iloveyousun,1,1,0,14.15,14.15,0
id:Ibisevic,id:isu00,1,1,0,7.233333333333333,7.233333333333333,0
id:Ibisevic,id:joohakmoo,1,1,0,6.783333333333333,6.783333333333333,0
id:Ibisevic,id:kimdw22,1,1,0,10.916666666666666,10.916666666666666,0
id:Ibisevic,id:lovestory,1,1,0,84.06666666666666,84.06666666666666,0
id:Ibisevic,id:luminai,1,1,0,27.9,27.9,0
id:Ibisevic,id:makijeon,1,1,0,6.033333333333333,6.033333333333333,0
id:Ibisevic,id:messiya2022,1,1,0,590.1666666666666,590.1666666666666,0
id:Ibisevic,id:mingzzi,1,1,0,36.45,36.45,0
id:Ibisevic,id:naco16,1,1,0,23.616666666666667,23.616666666666667,0
id:Ibisevic,id:osodos,1,1,0,7.0,7.0,0
id:Ibisevic,id:progamer77,1,1,0,13.7,13.7,0
id:Ibisevic,id:qnflsdl,1,1,0,2180.6833333333334,2180.6833333333334,0
id:Ibisevic,id:raul7143,1,1,0,41.45,41.45,0
id:Ibisevic,id:roe2k,1,1,0,37.88333333333333,37.88333333333333,0
id:Ibisevic,id:rukk7812,1,1,0,22.233333333333334,22.233333333333334,0
id:Ibisevic,id:rwingback,1,1,0,24.366666666666667,24.366666666666667,0
id:Ibisevic,id:sdh90,1,1,0,27.433333333333334,27.433333333333334,0
id:Ibisevic,id:simpleisbest,1,1,0,11.133333333333333,11.133333333333333,0
id:Ibisevic,id:sof8,1,1,0,11.75,11.75,0
id:Ibisevic,id:soundzh23,1,1,0,5.216666666666667,5.216666666666667,0
id:Ibisevic,id:spiderman91,1,1,0,16.133333333333333,16.133333333333333,0
id:Ibisevic,id:sta0505,1,1,0,8.383333333333333,8.383333333333333,0
id:Ibisevic,id:stynerkn,1,1,0,15.25,15.25,0
id:Ibisevic,id:taz79,1,1,0,34.06666666666667,34.06666666666667,0
id:Ibisevic,id:thezesty,1,1,0,150.5,150.5,0
id:Ibisevic,id:ulrrr,1,1,0,87.38333333333334,87.38333333333334,0
id:Ibisevic,id:v1004ses,1,1,0,39.05,39.05,0
id:Ibisevic,id:yoshiki2,1,1,0,13.9,13.9,0
id:Ibisevic,id:ysy1214,1,1,0,14.166666666666666,14.166666666666666,0
id:Ibisevic,id:zesus91,1,1,0,350.3666666666667,350.3666666666667,0
id:Ibisevic,id:新) 허정무(blue123,1,1,0,6.75,6.75,0
id:KINGBATI,id:BlackEyes23,1,1,0,5.433333333333334,5.433333333333334,0
id:KINGBATI,id:Clocks,1,1,0,16.366666666666667,16.366666666666667,0
id:KINGBATI,id:Tenhag,1,1,0,10.15,10.15,0
id:KINGBATI,id:cauking,1,1,0,21.733333333333334,21.733333333333334,0
id:KINGBATI,id:claxn7,1,1,0,14.883333333333333,14.883333333333333,0
id:KINGBATI,id:cubana,1,1,0,6.6,6.6,0
id:KINGBATI,id:dlawls,1,1,0,66.41666666666667,66.41666666666667,0
id:KINGBATI,id:dosa0705,1,1,0,27.966666666666665,27.966666666666665,0
id:KINGBATI,id:eufc,1,1,0,11.433333333333334,11.433333333333334,0
id:KINGBATI,id:fenixduke,1,1,0,5.766666666666667,5.766666666666667,0
id:KINGBATI,id:hobro,1,1,0,6.6,6.6,0
id:KINGBATI,id:honeypage,1,1,0,9.2,9.2,0
id:KINGBATI,id:hpkim90,1,1,0,8.316666666666666,8.316666666666666,0
id:KINGBATI,id:j8wkfn,1,1,0,7.316666666666666,7.316666666666666,0
id:KINGBATI,id:kinomayu,1,1,0,15.083333333333334,15.083333333333334,0
id:KINGBATI,id:moohootae,1,1,0,9.6,9.6,0
id:KINGBATI,id:osodos,1,1,0,5.1,5.1,0
id:KINGBATI,id:pearson19,1,1,0,40.06666666666667,40.06666666666667,0
id:KINGBATI,id:radioshot1,1,1,0,5.9,5.9,0
id:KINGBATI,id:tkrldh,1,1,0,9.783333333333333,9.783333333333333,0
id:KINGBATI,id:whoshot,1,1,0,14.816666666666666,14.816666666666666,0
id:KINGBATI,id:yally1010,1,1,0,23.55,23.55,0
id:LJM1389,id:85yang,1,1,0,6.766666666666667,6.766666666666667,0
id:LJM1389,id:Bluewings21,1,1,0,11.983333333333333,11.983333333333333,0
id:LJM1389,id:Sejongutd1,1,1,0,7.483333333333333,7.483333333333333,0
id:LJM1389,id:armwear,1,1,0,6.85,6.85,0
id:LJM1389,id:bell72,1,1,0,15.233333333333333,15.233333333333333,0
id:LJM1389,id:cauking,1,1,0,17.85,17.85,0
id:LJM1389,id:chy7253958,1,1,0,5.583333333333333,5.583333333333333,0
id:LJM1389,id:citable,1,1,0,365.06666666666666,365.06666666666666,0
id:LJM1389,id:cokabel,1,1,0,149.81666666666666,149.81666666666666,0
id:LJM1389,id:dosa0705,1,1,0,153.36666666666667,153.36666666666667,0
id:LJM1389,id:grit,1,1,0,12.85,12.85,0
id:LJM1389,id:haebark,1,1,0,17.5,17.5,0
id:LJM1389,id:hpkim90,1,1,0,15.266666666666667,15.266666666666667,0
id:LJM1389,id:judge,1,1,0,11.883333333333333,11.883333333333333,0
id:LJM1389,id:juventus82,1,1,0,17.266666666666666,17.266666666666666,0
id:LJM1389,id:kanoutsider,1,1,0,460.56666666666666,460.56666666666666,0
id:LJM1389,id:lh1440,1,1,0,18.133333333333333,18.133333333333333,0
id:LJM1389,id:limousinedd,1,1,0,2100.8333333333335,2100.8333333333335,0
id:LJM1389,id:lj0608,1,1,0,8.35,8.35,0
id:LJM1389,id:lsm1057,1,1,0,6.616666666666666,6.616666666666666,0
id:LJM1389,id:mnyj,1,1,0,13.516666666666667,13.516666666666667,0
id:LJM1389,id:modern21,1,1,0,14.716666666666667,14.716666666666667,0
id:LJM1389,id:oasiticjoo19,1,1,0,20.883333333333333,20.883333333333333,0
id:LJM1389,id:progamer77,1,1,0,364.43333333333334,364.43333333333334,0
id:LJM1389,id:rainmaker4,1,1,0,319.0,319.0,0
id:LJM1389,id:realysoccer,1,1,0,7.366666666666666,7.366666666666666,0
id:LJM1389,id:roe2k,1,1,0,135.08333333333334,135.08333333333334,0
id:LJM1389,id:say1673,1,1,0,5.65,5.65,0
id:LJM1389,id:skylky,1,1,0,665.7,665.7,0
id:LJM1389,id:sounited13,1,1,0,5.3,5.3,0
id:LJM1389,id:spurt9,1,1,0,7.666666666666667,7.666666666666667,0
id:LJM1389,id:supremebape,1,1,0,12.25,12.25,0
id:LJM1389,id:wind1123,1,1,0,6.266666666666667,6.266666666666667,0
id:LJM1389,id:xpelwh,1,1,0,1306.0166666666667,1306.0166666666667,0
id:LJM1389,id:yally1010,1,1,0,7.75,7.75,0
id:LJM1389,id:yeonrang,1,1,0,9.916666666666666,9.916666666666666,0
id:ManU01,id:Clocks,1,1,0,12.4,12.4,0
id:ManU01,id:IGoHigh18,1,1,0,46.1,46.1,0
id:ManU01,id:bigkorea,1,1,0,7.633333333333334,7.633333333333334,0
id:ManU01,id:blacktube23,1,1,0,5.45,5.45,0
id:ManU01,id:cokabel,1,1,0,36.56666666666667,36.56666666666667,0
id:ManU01,id:ehsaksk,1,1,0,14.05,14.05,0
id:ManU01,id:garkas86,1,1,0,21.0,21.0,0
id:ManU01,id:grit,1,1,0,6.633333333333334,6.633333333333334,0
id:ManU01,id:hkwo031,1,1,0,9.383333333333333,9.383333333333333,0
id:ManU01,id:hsando1,1,1,0,59.166666666666664,59.166666666666664,0
id:ManU01,id:iskoke,1,1,0,9.4,9.4,0
id:ManU01,id:juhakoo,1,1,0,25.9,25.9,0
id:ManU01,id:jun2312,1,1,0,29.333333333333332,29.333333333333332,0
id:ManU01,id:kanoutsider,1,1,0,7.766666666666667,7.766666666666667,0
id:ManU01,id:kicking,1,1,0,14.483333333333333,14.483333333333333,0
id:ManU01,id:kiriman,1,1,0,15.666666666666666,15.666666666666666,0
id:ManU01,id:kopluke,1,1,0,136.78333333333333,136.78333333333333,0
id:ManU01,id:kuo13,1,1,0,7.35,7.35,0
id:ManU01,id:mirissoul2,1,1,0,6.133333333333334,6.133333333333334,0
id:ManU01,id:mnyj,1,1,0,7.183333333333334,7.183333333333334,0
id:ManU01,id:osgi3212,1,1,0,23.166666666666668,23.166666666666668,0
id:ManU01,id:press21cc,1,1,0,11.983333333333333,11.983333333333333,0
id:ManU01,id:redgundam,1,1,0,55.31666666666667,55.31666666666667,0
id:ManU01,id:rrlatls18,1,1,0,8.616666666666667,8.616666666666667,0
id:ManU01,id:say1673,1,1,0,9.816666666666666,9.816666666666666,0
id:ManU01,id:simpleisbest,1,1,0,8.216666666666667,8.216666666666667,0
id:ManU01,id:taebari,1,1,0,7.133333333333334,7.133333333333334,0
id:ManU01,id:tjdmsdud,1,1,0,9.15,9.15,0
id:Marshmello,id:amaai,1,1,0,9.133333333333333,9.133333333333333,0
id:Mb8282,id:MementoMori,1,1,0,7.116666666666666,7.116666666666666,0
id:Mb8282,id:donka,1,1,0,6.133333333333334,6.133333333333334,0
id:Mb8282,id:kakaka10,1,1,0,9.6,9.6,0
id:Mb8282,id:xxvxx,1,1,0,6.766666666666667,6.766666666666667,0
id:Milner7,id:jbeckham6,1,1,0,70.98333333333333,70.98333333333333,0
id:Milner7,id:kicheon,1,1,0,8.016666666666667,8.016666666666667,0
id:Milner7,id:monkjm,1,1,0,10.35,10.35,0
id:Milner7,id:whoshot,1,1,0,5.166666666666667,5.166666666666667,0
id:Milner7,id:yellowsoul,1,1,0,87.11666666666666,87.11666666666666,0
id:Mkisduchang,id:Clocks,1,1,0,5.55,5.55,0
id:Mkisduchang,id:Tenhag,1,1,0,126.81666666666666,126.81666666666666,0
id:Mkisduchang,id:YoLaTengo,1,1,0,41.78333333333333,41.78333333333333,0
id:Mkisduchang,id:acerbong,1,1,0,6.816666666666666,6.816666666666666,0
id:Mkisduchang,id:alfatini,1,1,0,8.05,8.05,0
id:Mkisduchang,id:buk123,1,1,0,192.38333333333333,192.38333333333333,0
id:Mkisduchang,id:cafetango,1,1,0,5.8,5.8,0
id:Mkisduchang,id:dbwjddks2,1,1,0,395.9,395.9,0
id:Mkisduchang,id:dining,1,1,0,45.4,45.4,0
id:Mkisduchang,id:dleoduq1234,1,1,0,7.533333333333333,7.533333333333333,0
id:Mkisduchang,id:eroongc,1,1,0,342.18333333333334,342.18333333333334,0
id:Mkisduchang,id:feeder00,1,1,0,177.73333333333332,177.73333333333332,0
id:Mkisduchang,id:flareburst,1,1,0,23.033333333333335,23.033333333333335,0
id:Mkisduchang,id:hopes,1,1,0,26.383333333333333,26.383333333333333,0
id:Mkisduchang,id:jjh4860,1,1,0,354.2,354.2,0
id:Mkisduchang,id:junstyle2,1,1,0,1032.1666666666667,1032.1666666666667,0
id:Mkisduchang,id:kaoruchan,1,1,0,11.0,11.0,0
id:Mkisduchang,id:kim2pac,1,1,0,16.633333333333333,16.633333333333333,0
id:Mkisduchang,id:kostanjino,1,1,0,362.01666666666665,362.01666666666665,0
id:Mkisduchang,id:leekh01,1,1,0,34.766666666666666,34.766666666666666,0
id:Mkisduchang,id:life13579,1,1,0,6.333333333333333,6.333333333333333,0
id:Mkisduchang,id:lovjsc,1,1,0,8.45,8.45,0
id:Mkisduchang,id:monkjm,1,1,0,60.35,60.35,0
id:Mkisduchang,id:ms3582,1,1,0,181.53333333333333,181.53333333333333,0
id:Mkisduchang,id:nox911,1,1,0,33.65,33.65,0
id:Mkisduchang,id:raistlin1,1,1,0,1036.4333333333334,1036.4333333333334,0
id:Mkisduchang,id:raul7143,1,1,0,10.25,10.25,0
id:Mkisduchang,id:ses2580k,1,1,0,43.65,43.65,0
id:Mkisduchang,id:shkj22,1,1,0,6.25,6.25,0
id:Mkisduchang,id:sinn556i,1,1,0,1329.4666666666667,1329.4666666666667,0
id:Mkisduchang,id:sonhh,1,1,0,172.36666666666667,172.36666666666667,0
id:Mkisduchang,id:tgibhh111,1,1,0,128.06666666666666,128.06666666666666,0
id:Mkisduchang,id:toy90,1,1,0,12.016666666666667,12.016666666666667,0
id:Mkisduchang,id:vincent85,1,1,0,194.23333333333332,194.23333333333332,0
id:Mkisduchang,id:whylee,1,1,0,16.45,16.45,0
id:Mkisduchang,id:wilson5,1,1,0,261.55,261.55,0
id:Mkisduchang,id:新) 허정무(blue123,1,1,0,396.1166666666667,396.1166666666667,0
id:Mobaraeram,id:85yang,1,1,0,9.916666666666666,9.916666666666666,0
id:Mobaraeram,id:cauking,1,1,0,7.966666666666667,7.966666666666667,0
id:Necovv,id:Zeit0809,1,1,0,20.9,20.9,0
id:Necovv,id:blue5365,1,1,0,7.416666666666667,7.416666666666667,0
id:Necovv,id:bluepillz,1,1,0,73.56666666666666,73.56666666666666,0
id:Necovv,id:bluewind84,1,1,0,7.483333333333333,7.483333333333333,0
id:Necovv,id:chakagesalja,1,1,0,10.8,10.8,0
id:Necovv,id:deportivo7,1,1,0,7.866666666666666,7.866666666666666,0
id:Necovv,id:dondekman,1,1,0,15.95,15.95,0
id:Necovv,id:ehihoho,1,1,0,17.266666666666666,17.266666666666666,0
id:Necovv,id:erai7007,1,1,0,28.9,28.9,0
id:Necovv,id:feeder00,1,1,0,34.75,34.75,0
id:Necovv,id:filyeun2,1,1,0,5.733333333333333,5.733333333333333,0
id:Necovv,id:footpodo,1,1,0,8.0,8.0,0
id:Necovv,id:gawp1,1,1,0,9.933333333333334,9.933333333333334,0
id:Necovv,id:horsedongh,1,1,0,19.1,19.1,0
id:Necovv,id:ifleet,1,1,0,6.7,6.7,0
id:Necovv,id:kanoutsider,1,1,0,14.666666666666666,14.666666666666666,0
id:Necovv,id:kim2pac,1,1,0,7.966666666666667,7.966666666666667,0
id:Necovv,id:kiriman,1,1,0,9.816666666666666,9.816666666666666,0
id:Necovv,id:metalgear,1,1,0,84.83333333333333,84.83333333333333,0
id:Necovv,id:mnyj,1,1,0,221.2,221.2,0
id:Necovv,id:nexus,1,1,0,6.883333333333334,6.883333333333334,0
id:Necovv,id:redgundam,1,1,0,203.01666666666668,203.01666666666668,0
id:Necovv,id:sjsa1108,1,1,0,29.85,29.85,0
id:Necovv,id:solution78,1,1,0,9.6,9.6,0
id:Necovv,id:tupik,1,1,0,7.533333333333333,7.533333333333333,0
id:Necovv,id:valley37,1,1,0,87.31666666666666,87.31666666666666,0
id:Necovv,id:zenic7,1,1,0,7.583333333333333,7.583333333333333,0
id:Necovv,id:zesus91,1,1,0,533.1,533.1,0
id:Necovv,id:zxcvbnm00765,1,1,0,7.183333333333334,7.183333333333334,0
id:PabloGavi,id:ahjz1016,1,1,0,29.1,29.1,0
id:PabloGavi,id:flypcs20,1,1,0,8.05,8.05,0
id:PabloGavi,id:maldaliza,1,1,0,15.25,15.25,0
id:Pacojung102,id:Bluewings21,1,1,0,26.0,26.0,0
id:Pacojung102,id:lhw8694,1,1,0,15.8,15.8,0
id:Pacojung102,id:malwool,1,1,0,38.78333333333333,38.78333333333333,0
id:PhDinssajul,id:cubana,1,1,0,30.933333333333334,30.933333333333334,0
id:PhDinssajul,id:ddmcd,1,1,0,215.53333333333333,215.53333333333333,0
id:PhDinssajul,id:dleoduq1234,1,1,0,11.616666666666667,11.616666666666667,0
id:PhDinssajul,id:hopes,1,1,0,12.1,12.1,0
id:PhDinssajul,id:kicking,1,1,0,8.216666666666667,8.216666666666667,0
id:PhDinssajul,id:leoperiseus,1,1,0,67.5,67.5,0
id:PhDinssajul,id:moohootae,1,1,0,7.066666666666666,7.066666666666666,0
id:PhDinssajul,id:olduser,1,1,0,29.066666666666666,29.066666666666666,0
id:PhDinssajul,id:pucrinyesir,1,1,0,24.55,24.55,0
id:PhDinssajul,id:summernight,1,1,0,5.066666666666666,5.066666666666666,0
id:PhDinssajul,id:tactimp,1,1,0,555.7166666666667,555.7166666666667,0
id:Ragecom,id:Mukari07,1,1,0,6.316666666666666,6.316666666666666,0
id:Ragecom,id:shrnhoist,1,1,0,19.966666666666665,19.966666666666665,0
id:Ragecom,id:sidlove,1,1,0,10.55,10.55,0
id:Rojiblanco,id:cubana,1,1,0,69.73333333333333,69.73333333333333,0
id:Rojiblanco,id:dass592,1,1,0,52.483333333333334,52.483333333333334,0
id:Rojiblanco,id:dialine,1,1,0,31.966666666666665,31.966666666666665,0
id:Rojiblanco,id:emknud,1,1,0,16.533333333333335,16.533333333333335,0
id:Rojiblanco,id:klay5587,1,1,0,8.633333333333333,8.633333333333333,0
id:Rojiblanco,id:pearson19,1,1,0,7.4,7.4,0
id:Rojiblanco,id:vincent85,1,1,0,5.716666666666667,5.716666666666667,0
id:Ronaldo34,id:Mokko,1,1,0,247.98333333333332,247.98333333333332,0
id:Ronaldo34,id:bulbol,1,1,0,6.683333333333334,6.683333333333334,0
id:Ronaldo34,id:chun1149,1,1,0,5.733333333333333,5.733333333333333,0
id:Ronaldo34,id:donka,1,1,0,13.283333333333333,13.283333333333333,0
id:Ronaldo34,id:geni0,1,1,0,26.35,26.35,0
id:Ronaldo34,id:hmhgood,1,1,0,15.916666666666666,15.916666666666666,0
id:Ronaldo34,id:iloveyousun,1,1,0,17.766666666666666,17.766666666666666,0
id:Ronaldo34,id:iskoke,1,1,0,18.633333333333333,18.633333333333333,0
id:Ronaldo34,id:keias1024,1,1,0,6.1,6.1,0
id:Ronaldo34,id:kinomayu,1,1,0,25.75,25.75,0
id:Ronaldo34,id:megacoffee25,1,1,0,54.11666666666667,54.11666666666667,0
id:Ronaldo34,id:mingzzi,1,1,0,15.333333333333334,15.333333333333334,0
id:Ronaldo34,id:nicesadidas,1,1,0,31.983333333333334,31.983333333333334,0
id:Ronaldo34,id:oasiticjoo19,1,1,0,31.016666666666666,31.016666666666666,0
id:Ronaldo34,id:pms2906,1,1,0,36.15,36.15,0
id:Ronaldo34,id:polo3382,1,1,0,7.833333333333333,7.833333333333333,0
id:Ronaldo34,id:powerslam1,1,1,0,251.68333333333334,251.68333333333334,0
id:Ronaldo34,id:press21cc,1,1,0,12.683333333333334,12.683333333333334,0
id:Ronaldo34,id:psj1905,1,1,0,7.983333333333333,7.983333333333333,0
id:Ronaldo34,id:redondor,1,1,0,56.25,56.25,0
id:Ronaldo34,id:sangtuk,1,1,0,293.75,293.75,0
id:Ronaldo34,id:shkj22,1,1,0,6.316666666666666,6.316666666666666,0
id:Ronaldo34,id:新) 허정무(blue123,1,1,0,37.483333333333334,37.483333333333334,0
id:Scv001,id:Volvo,1,1,0,107.36666666666666,107.36666666666666,0
id:Scv001,id:chy7253958,1,1,0,57.916666666666664,57.916666666666664,0
id:Scv001,id:kloppi,1,1,0,594.1666666666666,594.1666666666666,0
id:Scv001,id:orangein0775,1,1,0,950.1333333333333,950.1333333333333,0
id:Scv001,id:roe2k,1,1,0,182.26666666666668,182.26666666666668,0
id:Tenhag,id:Tenhag,1,1,0,6.7,6.7,1
id:Tenhag,id:bulbol,1,1,0,6.066666666666666,6.066666666666666,0
id:Tenhag,id:csh1194,1,1,0,32.5,32.5,0
id:Tenhag,id:eory24,1,1,0,11.683333333333334,11.683333333333334,0
id:Tenhag,id:gracepark31,1,1,0,45.96666666666667,45.96666666666667,0
id:Tenhag,id:hannavi814,1,1,0,58.6,58.6,0
id:Tenhag,id:ifleet,1,1,0,111.15,111.15,0
id:Tenhag,id:kaizennf,1,1,0,9.433333333333334,9.433333333333334,0
id:Tenhag,id:kakaka10,1,1,0,31.45,31.45,0
id:Tenhag,id:kkachi1010,1,1,0,357.21666666666664,357.21666666666664,0
id:Tenhag,id:kostanjino,1,1,0,7.683333333333334,7.683333333333334,0
id:Tenhag,id:kuo13,1,1,0,5.333333333333333,5.333333333333333,0
id:Tenhag,id:leoperiseus,1,1,0,5.4,5.4,0
id:Tenhag,id:marx12,1,1,0,18.366666666666667,18.366666666666667,0
id:Tenhag,id:millano,1,1,0,50.9,50.9,0
id:Tenhag,id:mnyj,1,1,0,14.616666666666667,14.616666666666667,0
id:Tenhag,id:peterock83,1,1,0,5.883333333333334,5.883333333333334,0
id:Tenhag,id:placebo,1,1,0,18.716666666666665,18.716666666666665,0
id:Tenhag,id:powerslam1,1,1,0,23.45,23.45,0
id:Tenhag,id:psj1905,1,1,0,456.85,456.85,0
id:Tenhag,id:regnier,1,1,0,11.45,11.45,0
id:Tenhag,id:say1673,1,1,0,438.95,438.95,0
id:Tenhag,id:shdqn,1,1,0,31.483333333333334,31.483333333333334,0
id:Tenhag,id:stynerkn,1,1,0,5.95,5.95,0
id:Tenhag,id:summernight,1,1,0,5.483333333333333,5.483333333333333,0
id:Tenhag,id:xxvxx,1,1,0,9.0,9.0,0
id:Tenhag,id:yellowsoul,1,1,0,6.383333333333334,6.383333333333334,0
id:Tenhag,id:yoshiki2,1,1,0,7.933333333333334,7.933333333333334,0
id:Tenhag,id:zxcvv,1,1,0,361.23333333333335,361.23333333333335,0
id:Volvo,id:bookae1,1,1,0,12.033333333333333,12.033333333333333,0
id:Volvo,id:dass592,1,1,0,7.016666666666667,7.016666666666667,0
id:Volvo,id:djsi,1,1,0,11.933333333333334,11.933333333333334,0
id:Volvo,id:doxan,1,1,0,5.083333333333333,5.083333333333333,0
id:Volvo,id:elan8501,1,1,0,16.4,16.4,0
id:Volvo,id:okao,1,1,0,11.583333333333334,11.583333333333334,0
id:Volvo,id:realysoccer,1,1,0,5.516666666666667,5.516666666666667,0
id:Volvo,id:sounited13,1,1,0,5.483333333333333,5.483333333333333,0
id:Volvo,id:toomuch,1,1,0,6.2,6.2,0
id:Volvo,id:umamusume,1,1,0,6.416666666666667,6.416666666666667,0
id:Volvo,id:unknownuser,1,1,0,14.8,14.8,0
id:Volvo,id:vincent85,1,1,0,10.95,10.95,0
id:Volvo,id:yeonrang,1,1,0,9.433333333333334,9.433333333333334,0
id:Volvo,id:zesus91,1,1,0,217.56666666666666,217.56666666666666,0
id:WEZARD777,id:hyunookk,1,1,0,15.733333333333333,15.733333333333333,0
id:WEZARD777,id:zxcvv,1,1,0,10.55,10.55,0
id:Webhead,id:addedtime,1,1,0,5.016666666666667,5.016666666666667,0
id:Webhead,id:crazy43,1,1,0,66.58333333333333,66.58333333333333,0
id:Webhead,id:hsando1,1,1,0,34.61666666666667,34.61666666666667,0
id:Webhead,id:osgi3212,1,1,0,36.833333333333336,36.833333333333336,0
id:Webhead,id:skfmqlzm,1,1,0,10.333333333333334,10.333333333333334,0
id:Webhead,id:wildoroiss,1,1,0,41.53333333333333,41.53333333333333,0
id:Yeste,id:belca0720,1,1,0,5.133333333333334,5.133333333333334,0
id:Yeste,id:dadoocom,1,1,0,10.316666666666666,10.316666666666666,0
id:Yeste,id:mantis,1,1,0,20.066666666666666,20.066666666666666,0
id:YoLaTengo,id:Necovv,1,1,0,6.383333333333334,6.383333333333334,0
id:YoLaTengo,id:WolfsRain,1,1,0,18.416666666666668,18.416666666666668,0
id:YoLaTengo,id:YoLaTengo,1,1,0,31.433333333333334,31.433333333333334,1
id:YoLaTengo,id:bookae1,1,1,0,68.4,68.4,0
id:YoLaTengo,id:destin23,1,1,0,33.96666666666667,33.96666666666667,0
id:YoLaTengo,id:dlawls,1,1,0,8.55,8.55,0
id:YoLaTengo,id:leoperiseus,1,1,0,12.016666666666667,12.016666666666667,0
id:YoLaTengo,id:mhp3rd,1,1,0,11.716666666666667,11.716666666666667,0
id:YoLaTengo,id:redondor,1,1,0,12.766666666666667,12.766666666666667,0
id:YoLaTengo,id:roe2k,1,1,0,288.51666666666665,288.51666666666665,0
id:YoLaTengo,id:sinn556i,1,1,0,167.43333333333334,167.43333333333334,0
id:YoLaTengo,id:streetdog18,1,1,0,47.05,47.05,0
id:YoLaTengo,id:tkrldh,1,1,0,49.36666666666667,49.36666666666667,0
id:YoLaTengo,id:todfndl12,1,1,0,17.983333333333334,17.983333333333334,0
id:YoLaTengo,id:zerg3253,1,1,0,25.316666666666666,25.316666666666666,0
id:Zeit0809,id:10bergi,1,1,0,5.15,5.15,0
id:Zeit0809,id:IGoHigh18,1,1,0,29.566666666666666,29.566666666666666,0
id:Zeit0809,id:Necovv,1,1,0,8.616666666666667,8.616666666666667,0
id:Zeit0809,id:hoffenheim,1,1,0,18.85,18.85,0
id:Zeit0809,id:loadone,1,1,0,383.6666666666667,383.6666666666667,0
id:Zeit0809,id:loblue208,1,1,0,424.56666666666666,424.56666666666666,0
id:Zeit0809,id:luminai,1,1,0,6.583333333333333,6.583333333333333,0
id:Zeit0809,id:nacimda,1,1,0,445.1333333333333,445.1333333333333,0
id:Zeit0809,id:okao,1,1,0,7.2,7.2,0
id:Zeit0809,id:sanga,1,1,0,6.316666666666666,6.316666666666666,0
id:acerbong,id:aracra,1,1,0,409.81666666666666,409.81666666666666,0
id:acerbong,id:monkjm,1,1,0,21.566666666666666,21.566666666666666,0
id:acerbong,id:rkarlaos1,1,1,0,218.81666666666666,218.81666666666666,0
id:addedtime,id:df2shnl,1,1,0,12.783333333333333,12.783333333333333,0
id:addedtime,id:dlawls,1,1,0,6.533333333333333,6.533333333333333,0
id:addedtime,id:masok01,1,1,0,18.266666666666666,18.266666666666666,0
id:addedtime,id:osodos,1,1,0,6.383333333333334,6.383333333333334,0
id:addedtime,id:rascol,1,1,0,447.98333333333335,447.98333333333335,0
id:addedtime,id:spoops,1,1,0,14.75,14.75,0
id:addedtime,id:whoshot,1,1,0,11.483333333333333,11.483333333333333,0
id:adidas010,id:bluepillz,1,1,0,5.066666666666666,5.066666666666666,0
id:adidas010,id:jdspitz,1,1,0,13.666666666666666,13.666666666666666,0
id:adidas010,id:okao,1,1,0,12.383333333333333,12.383333333333333,0
id:adidas010,id:wind1123,1,1,0,6.583333333333333,6.583333333333333,0
id:adkse,id:Iniesta8,1,1,0,5.783333333333333,5.783333333333333,0
id:adkse,id:Mobaraeram,1,1,0,5.116666666666666,5.116666666666666,0
id:adkse,id:bookae1,1,1,0,8.716666666666667,8.716666666666667,0
id:adkse,id:buk123,1,1,0,6.7,6.7,0
id:adkse,id:chocomilk,1,1,0,19.1,19.1,0
id:adkse,id:dialine,1,1,0,8.483333333333333,8.483333333333333,0
id:adkse,id:hsw0119,1,1,0,57.483333333333334,57.483333333333334,0
id:adkse,id:kaizennf,1,1,0,12.716666666666667,12.716666666666667,0
id:adkse,id:oasiticjoo19,1,1,0,11.016666666666667,11.016666666666667,0
id:adkse,id:raulgonzo,1,1,0,16.783333333333335,16.783333333333335,0
id:adkse,id:seungman98,1,1,0,102.36666666666666,102.36666666666666,0
id:adkse,id:supremebape,1,1,0,6.733333333333333,6.733333333333333,0
id:adkse,id:whoshot,1,1,0,9.05,9.05,0
id:adkse,id:wind1123,1,1,0,7.05,7.05,0
id:adkse,id:新) 허정무(blue123,1,1,0,15.433333333333334,15.433333333333334,0
id:adnanjanuzaj,id:blue5365,1,1,0,10.566666666666666,10.566666666666666,0
id:adnanjanuzaj,id:iskoke,1,1,0,5.533333333333333,5.533333333333333,0
id:adnanjanuzaj,id:nuhz85,1,1,0,39.53333333333333,39.53333333333333,0
id:adnanjanuzaj,id:press21cc,1,1,0,7.1,7.1,0
id:adnanjanuzaj,id:sooahn,1,1,0,13.0,13.0,0
id:aduno,id:aduno,1,1,0,9.683333333333334,9.683333333333334,1
id:aduno,id:skylky,1,1,0,943.2833333333333,943.2833333333333,0
id:againstwin80,id:cubana,1,1,0,9.916666666666666,9.916666666666666,0
id:againstwin80,id:figo7428,1,1,0,5.75,5.75,0
id:ajh30130,id:chakagesalja,1,1,0,5.583333333333333,5.583333333333333,0
id:ajh30130,id:hypeboy,1,1,0,8.216666666666667,8.216666666666667,0
id:ajh30130,id:urmyboo,1,1,0,11.366666666666667,11.366666666666667,0
id:alfatini,id:BlackEyes23,1,1,0,25.6,25.6,0
id:alfatini,id:YoLaTengo,1,1,0,9.466666666666667,9.466666666666667,0
id:alfatini,id:aroha86,1,1,0,17.116666666666667,17.116666666666667,0
id:alfatini,id:bonobono234,1,1,0,46.75,46.75,0
id:alfatini,id:bookae1,1,1,0,5.783333333333333,5.783333333333333,0
id:alfatini,id:carmenhayes,1,1,0,5.6,5.6,0
id:alfatini,id:dress7,1,1,0,10.783333333333333,10.783333333333333,0
id:alfatini,id:figo7428,1,1,0,10.9,10.9,0
id:alfatini,id:flypcs20,1,1,0,27.6,27.6,0
id:alfatini,id:hinboong,1,1,0,7.733333333333333,7.733333333333333,0
id:alfatini,id:iglaman,1,1,0,9.0,9.0,0
id:alfatini,id:itemptu2,1,1,0,140.71666666666667,140.71666666666667,0
id:alfatini,id:kim2pac,1,1,0,5.516666666666667,5.516666666666667,0
id:alfatini,id:megacoffee25,1,1,0,14.016666666666667,14.016666666666667,0
id:alfatini,id:mrnohsr,1,1,0,7.65,7.65,0
id:alfatini,id:reo7593,1,1,0,121.31666666666666,121.31666666666666,0
id:alfatini,id:roe2k,1,1,0,24.1,24.1,0
id:alfatini,id:seungman98,1,1,0,13.133333333333333,13.133333333333333,0
id:alfatini,id:shkj22,1,1,0,5.466666666666667,5.466666666666667,0
id:alfatini,id:spurt9,1,1,0,18.75,18.75,0
id:alfatini,id:striker18,1,1,0,9.216666666666667,9.216666666666667,0
id:alfatini,id:urmyboo,1,1,0,15.6,15.6,0
id:alfatini,id:wind1123,1,1,0,23.516666666666666,23.516666666666666,0
id:alfatini,id:yally1010,1,1,0,50.55,50.55,0
id:armwear,id:Clocks,1,1,0,5.416666666666667,5.416666666666667,0
id:armwear,id:armwear,1,1,0,25.516666666666666,25.516666666666666,1
id:armwear,id:ejirall,1,1,0,6.833333333333333,6.833333333333333,0
id:armwear,id:erec,1,1,0,7.933333333333334,7.933333333333334,0
id:armwear,id:fenixduke,1,1,0,35.68333333333333,35.68333333333333,0
id:armwear,id:hsando1,1,1,0,19.733333333333334,19.733333333333334,0
id:armwear,id:koreafigo,1,1,0,15.45,15.45,0
id:armwear,id:mrnohsr,1,1,0,42.68333333333333,42.68333333333333,0
id:armwear,id:oasiticjoo19,1,1,0,8.15,8.15,0
id:armwear,id:qnflsdl,1,1,0,33.45,33.45,0
id:armwear,id:rhcp11,1,1,0,7.283333333333333,7.283333333333333,0
id:armwear,id:shkj22,1,1,0,11.666666666666666,11.666666666666666,0
id:armwear,id:spoops,1,1,0,14.683333333333334,14.683333333333334,0
id:armwear,id:tactimp,1,1,0,54.78333333333333,54.78333333333333,0
id:armwear,id:ttkwnffj,1,1,0,13.283333333333333,13.283333333333333,0
id:armwear,id:typoonj2,1,1,0,12.4,12.4,0
id:armwear,id:xavi08,1,1,0,107.46666666666667,107.46666666666667,0
id:armwear,id:xxvxx,1,1,0,13.116666666666667,13.116666666666667,0
id:armwear,id:yjs1g,1,1,0,5.3,5.3,0
id:artemismoon,id:horsedongh,1,1,0,11.233333333333333,11.233333333333333,0
id:arteta8,id:dleoduq1234,1,1,0,20.65,20.65,0
id:arteta8,id:fantak,1,1,0,7.433333333333334,7.433333333333334,0
id:asha7270,id:IGoHigh18,1,1,0,10.616666666666667,10.616666666666667,0
id:asha7270,id:forest,1,1,0,12.85,12.85,0
id:asha7270,id:itsmyzone,1,1,0,19.033333333333335,19.033333333333335,0
id:ashluna,id:BlackEyes23,1,1,0,5.383333333333334,5.383333333333334,0
id:ashluna,id:Clousewitz,1,1,0,7.616666666666666,7.616666666666666,0
id:ashluna,id:ashluna,1,1,0,8.15,8.15,1
id:ashluna,id:bluewind84,1,1,0,5.483333333333333,5.483333333333333,0
id:ashluna,id:horizon,1,1,0,5.383333333333334,5.383333333333334,0
id:ashluna,id:hpkim90,1,1,0,40.6,40.6,0
id:ashluna,id:itaibogi,1,1,0,366.31666666666666,366.31666666666666,0
id:ashluna,id:ulsan0101,1,1,0,60.4,60.4,0
id:authur,id:Bluewings21,1,1,0,48.71666666666667,48.71666666666667,0
id:authur,id:HENSON05,1,1,0,17.766666666666666,17.766666666666666,0
id:authur,id:rwingback,1,1,0,41.78333333333333,41.78333333333333,0
id:bakjang,id:BongGu1103,1,1,0,396.85,396.85,0
id:bakjang,id:Ibrahima,1,1,0,6.716666666666667,6.716666666666667,0
id:bakjang,id:Sejongutd1,1,1,0,12.55,12.55,0
id:bakjang,id:aduno,1,1,0,9.166666666666666,9.166666666666666,0
id:bakjang,id:amaai,1,1,0,8.383333333333333,8.383333333333333,0
id:bakjang,id:blue5365,1,1,0,39.61666666666667,39.61666666666667,0
id:bakjang,id:bluepillz,1,1,0,9.916666666666666,9.916666666666666,0
id:bakjang,id:bluerod,1,1,0,423.1666666666667,423.1666666666667,0
id:bakjang,id:bulbol,1,1,0,5.866666666666666,5.866666666666666,0
id:bakjang,id:chakagesalja,1,1,0,5.116666666666666,5.116666666666666,0
id:bakjang,id:colacup,1,1,0,407.9166666666667,407.9166666666667,0
id:bakjang,id:hopes,1,1,0,6.566666666666666,6.566666666666666,0
id:bakjang,id:iloveyousun,1,1,0,37.733333333333334,37.733333333333334,0
id:bakjang,id:itemptu2,1,1,0,15.516666666666667,15.516666666666667,0
id:bakjang,id:juniorpant,1,1,0,5.383333333333334,5.383333333333334,0
id:bakjang,id:kicking,1,1,0,5.816666666666666,5.816666666666666,0
id:bakjang,id:kigm,1,1,0,453.3333333333333,453.3333333333333,0
id:bakjang,id:kimdw22,1,1,0,24.083333333333332,24.083333333333332,0
id:bakjang,id:kimkey,1,1,0,173.63333333333333,173.63333333333333,0
id:bakjang,id:klopp1104,1,1,0,23.183333333333334,23.183333333333334,0
id:bakjang,id:korea1943,1,1,0,13.816666666666666,13.816666666666666,0
id:bakjang,id:leoperiseus,1,1,0,10.15,10.15,0
id:bakjang,id:lfcthismeans,1,1,0,6.566666666666666,6.566666666666666,0
id:bakjang,id:life13579,1,1,0,6.683333333333334,6.683333333333334,0
id:bakjang,id:monkjm,1,1,0,6.866666666666666,6.866666666666666,0
id:bakjang,id:placebo,1,1,0,5.783333333333333,5.783333333333333,0
id:bakjang,id:qnflsdl,1,1,0,39.68333333333333,39.68333333333333,0
id:bakjang,id:raistlin1,1,1,0,5.266666666666667,5.266666666666667,0
id:bakjang,id:raulgonzo,1,1,0,5.266666666666667,5.266666666666667,0
id:bakjang,id:sonhh,1,1,0,15.333333333333334,15.333333333333334,0
id:bakjang,id:tjdqhrehd,1,1,0,21.583333333333332,21.583333333333332,0
id:bakjang,id:tkrldh,1,1,0,12.316666666666666,12.316666666666666,0
id:bakjang,id:todfndl12,1,1,0,6.7,6.7,0
id:bakjang,id:vnfaltn,1,1,0,1309.8333333333333,1309.8333333333333,0
id:bakjang,id:zerostar20,1,1,0,8.616666666666667,8.616666666666667,0
id:bakjang,id:zkdltmffks,1,1,0,8.1,8.1,0
id:bald80,id:bugfix,1,1,0,7.1,7.1,0
id:bald80,id:chojja,1,1,0,365.1333333333333,365.1333333333333,0
id:bald80,id:hopes,1,1,0,13.366666666666667,13.366666666666667,0
id:bald80,id:leoperiseus,1,1,0,5.8,5.8,0
id:bald80,id:psican1,1,1,0,462.5,462.5,0
id:bald80,id:roe2k,1,1,0,16.3,16.3,0
id:bald80,id:skdlzl5503,1,1,0,6.483333333333333,6.483333333333333,0
id:bald80,id:soccerlineid,1,1,0,221.31666666666666,221.31666666666666,0
id:bbs1223,id:zesus91,1,1,0,241.11666666666667,241.11666666666667,0
id:big4587,id:Bluewings21,1,1,0,21.033333333333335,21.033333333333335,0
id:big4587,id:MementoMori,1,1,0,43.96666666666667,43.96666666666667,0
id:big4587,id:benben,1,1,0,7.45,7.45,0
id:big4587,id:dialine,1,1,0,79.5,79.5,0
id:big4587,id:grit,1,1,0,13.1,13.1,0
id:big4587,id:hinboong,1,1,0,399.98333333333335,399.98333333333335,0
id:big4587,id:horsedongh,1,1,0,16.816666666666666,16.816666666666666,0
id:big4587,id:jjh4860,1,1,0,5.333333333333333,5.333333333333333,0
id:big4587,id:juventus82,1,1,0,54.45,54.45,0
id:big4587,id:okao,1,1,0,9.233333333333333,9.233333333333333,0
id:big4587,id:powerwkill1,1,1,0,6.6,6.6,0
id:big4587,id:redgundam,1,1,0,13.066666666666666,13.066666666666666,0
id:big4587,id:sinn556i,1,1,0,5.866666666666666,5.866666666666666,0
id:big4587,id:soparkbj,1,1,0,414.31666666666666,414.31666666666666,0
id:big4587,id:ujlee1357,1,1,0,73.26666666666667,73.26666666666667,0
id:big4587,id:wind1123,1,1,0,11.95,11.95,0
id:big4587,id:新) 허정무(blue123,1,1,0,13.25,13.25,0
id:blacktube23,id:hyeok497,1,1,0,10.333333333333334,10.333333333333334,0
id:blue123,id:0979yj,1,1,0,25.733333333333334,25.733333333333334,0
id:blue123,id:2egg3things,1,1,0,11.7,11.7,0
id:blue123,id:DKisKing,1,1,0,9.683333333333334,9.683333333333334,0
id:blue123,id:Milner7,1,1,0,9.766666666666667,9.766666666666667,0
id:blue123,id:Realaqua,1,1,0,42.13333333333333,42.13333333333333,0
id:blue123,id:Sejongutd1,1,1,0,5.25,5.25,0
id:blue123,id:ahjz1016,1,1,0,92.31666666666666,92.31666666666666,0
id:blue123,id:ajh30130,1,1,0,11.216666666666667,11.216666666666667,0
id:blue123,id:antivan,1,1,0,9.766666666666667,9.766666666666667,0
id:blue123,id:artemismoon,1,1,0,12.666666666666666,12.666666666666666,0
id:blue123,id:blue5365,1,1,0,32.05,32.05,0
id:blue123,id:camel55,1,1,0,78.9,78.9,0
id:blue123,id:casione,1,1,0,12.75,12.75,0
id:blue123,id:chicruz,1,1,0,30.35,30.35,0
id:blue123,id:chioo38,1,1,0,16.733333333333334,16.733333333333334,0
id:blue123,id:citable,1,1,0,37.95,37.95,0
id:blue123,id:darkchoco,1,1,0,33.75,33.75,0
id:blue123,id:ddmcd,1,1,0,29.466666666666665,29.466666666666665,0
id:blue123,id:dewsd,1,1,0,14.683333333333334,14.683333333333334,0
id:blue123,id:dialine,1,1,0,12.466666666666667,12.466666666666667,0
id:blue123,id:dining,1,1,0,76.76666666666667,76.76666666666667,0
id:blue123,id:dlawls,1,1,0,6.366666666666666,6.366666666666666,0
id:blue123,id:dress7,1,1,0,24.1,24.1,0
id:blue123,id:ehsaksk,1,1,0,23.833333333333332,23.833333333333332,0
id:blue123,id:erec,1,1,0,14.183333333333334,14.183333333333334,0
id:blue123,id:euji,1,1,0,6.516666666666667,6.516666666666667,0
id:blue123,id:finishking,1,1,0,40.65,40.65,0
id:blue123,id:footpodo,1,1,0,9.216666666666667,9.216666666666667,0
id:blue123,id:god18xx,1,1,0,22.033333333333335,22.033333333333335,0
id:blue123,id:headworld,1,1,0,28.6,28.6,0
id:blue123,id:hodduk,1,1,0,7.766666666666667,7.766666666666667,0
id:blue123,id:hpkim90,1,1,0,276.1666666666667,276.1666666666667,0
id:blue123,id:hwarang34,1,1,0,6.083333333333333,6.083333333333333,0
id:blue123,id:icarus4301,1,1,0,51.5,51.5,0
id:blue123,id:jejajj9,1,1,0,37.7,37.7,0
id:blue123,id:jmw1121,1,1,0,7.733333333333333,7.733333333333333,0
id:blue123,id:kajama97,1,1,0,80.61666666666666,80.61666666666666,0
id:blue123,id:kicheon,1,1,0,6.733333333333333,6.733333333333333,0
id:blue123,id:kicking,1,1,0,11.733333333333333,11.733333333333333,0
id:blue123,id:kim2pac,1,1,0,20.533333333333335,20.533333333333335,0
id:blue123,id:kimdw22,1,1,0,7.05,7.05,0
id:blue123,id:kkachi1010,1,1,0,12.5,12.5,0
id:blue123,id:kmsjr035,1,1,0,28.783333333333335,28.783333333333335,0
id:blue123,id:kostanjino,1,1,0,8.333333333333334,8.333333333333334,0
id:blue123,id:kp5189jp,1,1,0,14.533333333333333,14.533333333333333,0
id:blue123,id:lh1440,1,1,0,6.2,6.2,0
id:blue123,id:loadone,1,1,0,18.233333333333334,18.233333333333334,0
id:blue123,id:lordljh,1,1,0,18.083333333333332,18.083333333333332,0
id:blue123,id:maelsy99,1,1,0,24.683333333333334,24.683333333333334,0
id:blue123,id:makijeon,1,1,0,29.916666666666668,29.916666666666668,0
id:blue123,id:malwool,1,1,0,15.65,15.65,0
id:blue123,id:mendieta06,1,1,0,102.63333333333334,102.63333333333334,0
id:blue123,id:millano,1,1,0,23.0,23.0,0
id:blue123,id:mnyj,1,1,0,7.066666666666666,7.066666666666666,0
id:blue123,id:newescape,1,1,0,16.716666666666665,16.716666666666665,0
id:blue123,id:olduser,1,1,0,7.433333333333334,7.433333333333334,0
id:blue123,id:osgi3212,1,1,0,16.983333333333334,16.983333333333334,0
id:blue123,id:press21cc,1,1,0,7.35,7.35,0
id:blue123,id:psj205,1,1,0,8.35,8.35,0
id:blue123,id:pucrinyesir,1,1,0,15.2,15.2,0
id:blue123,id:qnflsdl,1,1,0,35.46666666666667,35.46666666666667,0
id:blue123,id:realysoccer,1,1,0,29.983333333333334,29.983333333333334,0
id:blue123,id:rltjddyd16,1,1,0,58.18333333333333,58.18333333333333,0
id:blue123,id:roykie151,1,1,0,42.016666666666666,42.016666666666666,0
id:blue123,id:sadyguru,1,1,0,5.866666666666666,5.866666666666666,0
id:blue123,id:scary910,1,1,0,21.683333333333334,21.683333333333334,0
id:blue123,id:seryu2,1,1,0,5.833333333333333,5.833333333333333,0
id:blue123,id:sidlove,1,1,0,26.533333333333335,26.533333333333335,0
id:blue123,id:soccerlineid,1,1,0,42.0,42.0,0
id:blue123,id:sonhh,1,1,0,120.55,120.55,0
id:blue123,id:summernight,1,1,0,8.05,8.05,0
id:blue123,id:thughu,1,1,0,20.95,20.95,0
id:blue123,id:tkrldh,1,1,0,16.55,16.55,0
id:blue123,id:trippark,1,1,0,12.966666666666667,12.966666666666667,0
id:blue123,id:v1004ses,1,1,0,24.116666666666667,24.116666666666667,0
id:blue123,id:yesyes5467,1,1,0,10.816666666666666,10.816666666666666,0
id:blue123,id:yhtuos,1,1,0,8.216666666666667,8.216666666666667,0
id:blue123,id:yjkown,1,1,0,16.3,16.3,0
id:blue123,id:yjs1g,1,1,0,5.083333333333333,5.083333333333333,0
id:bluepillz,id:Bluewings21,1,1,0,514.6666666666666,514.6666666666666,0
id:bluepillz,id:Stankobitch,1,1,0,83.45,83.45,0
id:bluepillz,id:adios00,1,1,0,58.45,58.45,0
id:bluepillz,id:boba1983,1,1,0,21.666666666666668,21.666666666666668,0
id:bluepillz,id:cauking,1,1,0,19.5,19.5,0
id:bluepillz,id:csh1194,1,1,0,70.3,70.3,0
id:bluepillz,id:darkforce,1,1,0,421.8666666666667,421.8666666666667,0
id:bluepillz,id:darkknight1,1,1,0,631.7666666666667,631.7666666666667,0
id:bluepillz,id:ehsaksk,1,1,0,22.05,22.05,0
id:bluepillz,id:epist,1,1,0,6.816666666666666,6.816666666666666,0
id:bluepillz,id:flypcs20,1,1,0,5.6,5.6,0
id:bluepillz,id:footpodo,1,1,0,6.2,6.2,0
id:bluepillz,id:forest,1,1,0,15.5,15.5,0
id:bluepillz,id:hypeboy,1,1,0,35.3,35.3,0
id:bluepillz,id:itemptu2,1,1,0,12.516666666666667,12.516666666666667,0
id:bluepillz,id:jec0412,1,1,0,913.7166666666667,913.7166666666667,0
id:bluepillz,id:jun0422,1,1,0,39.88333333333333,39.88333333333333,0
id:bluepillz,id:kanoutsider,1,1,0,14.433333333333334,14.433333333333334,0
id:bluepillz,id:kicheon,1,1,0,30.516666666666666,30.516666666666666,0
id:bluepillz,id:kim2pac,1,1,0,19.0,19.0,0
id:bluepillz,id:kiriman,1,1,0,14.483333333333333,14.483333333333333,0
id:bluepillz,id:kjh8568,1,1,0,122.78333333333333,122.78333333333333,0
id:bluepillz,id:kuo13,1,1,0,13.366666666666667,13.366666666666667,0
id:bluepillz,id:leoarada,1,1,0,10.216666666666667,10.216666666666667,0
id:bluepillz,id:luna7742,1,1,0,10.633333333333333,10.633333333333333,0
id:bluepillz,id:malmir30,1,1,0,409.45,409.45,0
id:bluepillz,id:megacoffee25,1,1,0,102.35,102.35,0
id:bluepillz,id:messiya2022,1,1,0,1612.65,1612.65,0
id:bluepillz,id:naco16,1,1,0,437.1,437.1,0
id:bluepillz,id:nuhz85,1,1,0,323.05,323.05,0
id:bluepillz,id:oasiticjoo19,1,1,0,8.883333333333333,8.883333333333333,0
id:bluepillz,id:placebo,1,1,0,72.23333333333333,72.23333333333333,0
id:bluepillz,id:reiun,1,1,0,5.266666666666667,5.266666666666667,0
id:bluepillz,id:sheva7,1,1,0,26.383333333333333,26.383333333333333,0
id:bluepillz,id:sm101v,1,1,0,65.95,65.95,0
id:bluepillz,id:solution78,1,1,0,11.483333333333333,11.483333333333333,0
id:bluepillz,id:sonhh,1,1,0,43.583333333333336,43.583333333333336,0
id:bluepillz,id:stynerkn,1,1,0,10.683333333333334,10.683333333333334,0
id:bluepillz,id:summernight,1,1,0,12.533333333333333,12.533333333333333,0
id:bluepillz,id:sychul67,1,1,0,747.1833333333333,747.1833333333333,0
id:bluepillz,id:tkrhdgus1,1,1,0,13.9,13.9,0
id:bluepillz,id:xpelwh,1,1,0,170.93333333333334,170.93333333333334,0
id:boba1983,id:clamuse,1,1,0,15.433333333333334,15.433333333333334,0
id:boba1983,id:grit,1,1,0,6.0,6.0,0
id:boba1983,id:hoffenheim,1,1,0,25.066666666666666,25.066666666666666,0
id:boba1983,id:juventus82,1,1,0,8.85,8.85,0
id:boba1983,id:kp5189jp,1,1,0,5.166666666666667,5.166666666666667,0
id:boba1983,id:placebo,1,1,0,26.916666666666668,26.916666666666668,0
id:boba1983,id:roe2k,1,1,0,7.783333333333333,7.783333333333333,0
id:boba1983,id:stynerkn,1,1,0,8.966666666666667,8.966666666666667,0
id:boba1983,id:v1004ses,1,1,0,19.883333333333333,19.883333333333333,0
id:boba1983,id:wind1123,1,1,0,24.483333333333334,24.483333333333334,0
id:boba1983,id:yeodarl,1,1,0,31.366666666666667,31.366666666666667,0
id:bonobono234,id:MementoMori,1,1,0,20.45,20.45,0
id:bonobono234,id:Tenhag,1,1,0,6.35,6.35,0
id:bonobono234,id:aracra,1,1,0,18.433333333333334,18.433333333333334,0
id:bonobono234,id:bonobono234,1,1,0,17.133333333333333,17.133333333333333,1
id:bonobono234,id:ehihoho,1,1,0,25.05,25.05,0
id:bonobono234,id:realysoccer,1,1,0,27.05,27.05,0
id:bonobono234,id:tjfghksss,1,1,0,5.283333333333333,5.283333333333333,0
id:bonobono234,id:whoshot,1,1,0,9.7,9.7,0
id:bonobono234,id:yoon4859,1,1,0,10.55,10.55,0
id:bookae1,id:BlackEyes23,1,1,0,16.583333333333332,16.583333333333332,0
id:bookae1,id:BongGu1103,1,1,0,22.983333333333334,22.983333333333334,0
id:bookae1,id:FeelingGood,1,1,0,466.1666666666667,466.1666666666667,0
id:bookae1,id:Mokko,1,1,0,476.9,476.9,0
id:bookae1,id:Necovv,1,1,0,10.85,10.85,0
id:bookae1,id:bardoj1,1,1,0,23.55,23.55,0
id:bookae1,id:camel55,1,1,0,28.666666666666668,28.666666666666668,0
id:bookae1,id:dlawls,1,1,0,7.2,7.2,0
id:bookae1,id:dosa0705,1,1,0,447.35,447.35,0
id:bookae1,id:euji,1,1,0,12.566666666666666,12.566666666666666,0
id:bookae1,id:filyeun2,1,1,0,16.716666666666665,16.716666666666665,0
id:bookae1,id:flamans1,1,1,0,16.3,16.3,0
id:bookae1,id:gunfilm,1,1,0,27.783333333333335,27.783333333333335,0
id:bookae1,id:hexkey,1,1,0,24.733333333333334,24.733333333333334,0
id:bookae1,id:jkv2,1,1,0,29.316666666666666,29.316666666666666,0
id:bookae1,id:kicheon,1,1,0,420.53333333333336,420.53333333333336,0
id:bookae1,id:kim2pac,1,1,0,11.35,11.35,0
id:bookae1,id:kphilon,1,1,0,471.31666666666666,471.31666666666666,0
id:bookae1,id:ksb7872,1,1,0,473.65,473.65,0
id:bookae1,id:leed7584,1,1,0,5.933333333333334,5.933333333333334,0
id:bookae1,id:lhw8694,1,1,0,42.9,42.9,0
id:bookae1,id:moohootae,1,1,0,6.566666666666666,6.566666666666666,0
id:bookae1,id:oasiticjoo19,1,1,0,9.2,9.2,0
id:bookae1,id:press21cc,1,1,0,33.31666666666667,33.31666666666667,0
id:bookae1,id:psoo707,1,1,0,52.61666666666667,52.61666666666667,0
id:bookae1,id:rogueone1,1,1,0,427.6333333333333,427.6333333333333,0
id:bookae1,id:seungman98,1,1,0,47.2,47.2,0
id:bookae1,id:shkj22,1,1,0,5.883333333333334,5.883333333333334,0
id:bookae1,id:shon0501,1,1,0,9.383333333333333,9.383333333333333,0
id:bookae1,id:sinn556i,1,1,0,23.85,23.85,0
id:bookae1,id:tactimp,1,1,0,167.03333333333333,167.03333333333333,0
id:bookae1,id:tjdqhrehd,1,1,0,12.2,12.2,0
id:bookae1,id:tkrldh,1,1,0,7.9,7.9,0
id:bugfix,id:0979yj,1,1,0,6.3,6.3,0
id:bugfix,id:Beckham32,1,1,0,973.1666666666666,973.1666666666666,0
id:bugfix,id:KINGBATI,1,1,0,20.383333333333333,20.383333333333333,0
id:bugfix,id:Mobaraeram,1,1,0,56.88333333333333,56.88333333333333,0
id:bugfix,id:arteta8,1,1,0,7.483333333333333,7.483333333333333,0
id:bugfix,id:benben,1,1,0,14.683333333333334,14.683333333333334,0
id:bugfix,id:bundes1,1,1,0,12.366666666666667,12.366666666666667,0
id:bugfix,id:chakagesalja,1,1,0,97.18333333333334,97.18333333333334,0
id:bugfix,id:dhdld321,1,1,0,5.75,5.75,0
id:bugfix,id:erai7007,1,1,0,68.38333333333334,68.38333333333334,0
id:bugfix,id:erec,1,1,0,13.716666666666667,13.716666666666667,0
id:bugfix,id:gbu17,1,1,0,13.1,13.1,0
id:bugfix,id:hopes,1,1,0,5.083333333333333,5.083333333333333,0
id:bugfix,id:horizon,1,1,0,16.316666666666666,16.316666666666666,0
id:bugfix,id:horsedongh,1,1,0,20.233333333333334,20.233333333333334,0
id:bugfix,id:hypeboy,1,1,0,39.75,39.75,0
id:bugfix,id:idnya,1,1,0,37.666666666666664,37.666666666666664,0
id:bugfix,id:jseric,1,1,0,8.05,8.05,0
id:bugfix,id:kphilon,1,1,0,110.63333333333334,110.63333333333334,0
id:bugfix,id:lwj801,1,1,0,152.43333333333334,152.43333333333334,0
id:bugfix,id:masok01,1,1,0,16.783333333333335,16.783333333333335,0
id:bugfix,id:neovis,1,1,0,8.033333333333333,8.033333333333333,0
id:bugfix,id:nikkohadal,1,1,0,5.15,5.15,0
id:bugfix,id:pucrinyesir,1,1,0,590.4833333333333,590.4833333333333,0
id:bugfix,id:rainmaker4,1,1,0,113.75,113.75,0
id:bugfix,id:redondor,1,1,0,29.6,29.6,0
id:bugfix,id:roe2k,1,1,0,10.9,10.9,0
id:bugfix,id:say1673,1,1,0,720.25,720.25,0
id:bugfix,id:solution78,1,1,0,13.5,13.5,0
id:bugfix,id:soparkbj,1,1,0,5.65,5.65,0
id:bugfix,id:trippark,1,1,0,5.6,5.6,0
id:bugfix,id:vnweq956,1,1,0,27.85,27.85,0
id:bugfix,id:whoshot,1,1,0,51.36666666666667,51.36666666666667,0
id:bulbol,id:-_-)(jj1211,1,1,0,6.3,6.3,0
id:bulbol,id:1987vintage,1,1,0,8.3,8.3,0
id:bulbol,id:2egg3things,1,1,0,21.516666666666666,21.516666666666666,0
id:bulbol,id:PL5675,1,1,0,451.06666666666666,451.06666666666666,0
id:bulbol,id:RlaGocks,1,1,0,5.233333333333333,5.233333333333333,0
id:bulbol,id:adsf753,1,1,0,101.05,101.05,0
id:bulbol,id:againstwin80,1,1,0,390.3333333333333,390.3333333333333,0
id:bulbol,id:arteta8,1,1,0,10.7,10.7,0
id:bulbol,id:bbaks321,1,1,0,49.4,49.4,0
id:bulbol,id:bizmoney,1,1,0,267.53333333333336,267.53333333333336,0
id:bulbol,id:blacktube23,1,1,0,46.266666666666666,46.266666666666666,0
id:bulbol,id:bookae1,1,1,0,5.3,5.3,0
id:bulbol,id:cjhoon87,1,1,0,13.45,13.45,0
id:bulbol,id:cooltiger,1,1,0,406.3333333333333,406.3333333333333,0
id:bulbol,id:darkforce,1,1,0,711.7166666666667,711.7166666666667,0
id:bulbol,id:dewsd,1,1,0,6.516666666666667,6.516666666666667,0
id:bulbol,id:df2shnl,1,1,0,29.1,29.1,0
id:bulbol,id:dht777,1,1,0,16.1,16.1,0
id:bulbol,id:dogpigegg,1,1,0,7.683333333333334,7.683333333333334,0
id:bulbol,id:dojimse,1,1,0,366.26666666666665,366.26666666666665,0
id:bulbol,id:doxan,1,1,0,18.533333333333335,18.533333333333335,0
id:bulbol,id:eden13,1,1,0,24.733333333333334,24.733333333333334,0
id:bulbol,id:ehsaksk,1,1,0,7.15,7.15,0
id:bulbol,id:ellen829,1,1,0,21.183333333333334,21.183333333333334,0
id:bulbol,id:emknud,1,1,0,272.06666666666666,272.06666666666666,0
id:bulbol,id:enckdtlqkf,1,1,0,15.083333333333334,15.083333333333334,0
id:bulbol,id:eneseich,1,1,0,156.3,156.3,0
id:bulbol,id:eobuba74,1,1,0,12.65,12.65,0
id:bulbol,id:erec,1,1,0,338.71666666666664,338.71666666666664,0
id:bulbol,id:eufc,1,1,0,49.6,49.6,0
id:bulbol,id:flat,1,1,0,12.016666666666667,12.016666666666667,0
id:bulbol,id:fullbite,1,1,0,71.76666666666667,71.76666666666667,0
id:bulbol,id:geni0,1,1,0,5.083333333333333,5.083333333333333,0
id:bulbol,id:gogumadory,1,1,0,11.9,11.9,0
id:bulbol,id:goros1,1,1,0,5.483333333333333,5.483333333333333,0
id:bulbol,id:govi,1,1,0,3868.383333333333,3868.383333333333,0
id:bulbol,id:haebark,1,1,0,10.583333333333334,10.583333333333334,0
id:bulbol,id:hjsa2004,1,1,0,5.916666666666667,5.916666666666667,0
id:bulbol,id:hokuki,1,1,0,201.45,201.45,0
id:bulbol,id:hoyaaa,1,1,0,13.45,13.45,0
id:bulbol,id:hsw0119,1,1,0,11.666666666666666,11.666666666666666,0
id:bulbol,id:htht709,1,1,0,7.983333333333333,7.983333333333333,0
id:bulbol,id:idnya,1,1,0,9.083333333333334,9.083333333333334,0
id:bulbol,id:itaibogi,1,1,0,17.933333333333334,17.933333333333334,0
id:bulbol,id:jdspitz,1,1,0,5.266666666666667,5.266666666666667,0
id:bulbol,id:jjuhyun92,1,1,0,5.016666666666667,5.016666666666667,0
id:bulbol,id:jojic32,1,1,0,396.31666666666666,396.31666666666666,0
id:bulbol,id:joohakmoo,1,1,0,44.43333333333333,44.43333333333333,0
id:bulbol,id:judge,1,1,0,19.45,19.45,0
id:bulbol,id:kicheon,1,1,0,24.533333333333335,24.533333333333335,0
id:bulbol,id:kimdw22,1,1,0,12.016666666666667,12.016666666666667,0
id:bulbol,id:kimga333,1,1,0,432.45,432.45,0
id:bulbol,id:klay5587,1,1,0,12.516666666666667,12.516666666666667,0
id:bulbol,id:ksb7872,1,1,0,487.1333333333333,487.1333333333333,0
id:bulbol,id:kudju1,1,1,0,110.28333333333333,110.28333333333333,0
id:bulbol,id:kyahero,1,1,0,156.06666666666666,156.06666666666666,0
id:bulbol,id:kyoijjoo,1,1,0,7.25,7.25,0
id:bulbol,id:leyura0802,1,1,0,109.9,109.9,0
id:bulbol,id:lhw8694,1,1,0,16.183333333333334,16.183333333333334,0
id:bulbol,id:liking83,1,1,0,44.28333333333333,44.28333333333333,0
id:bulbol,id:lim0620,1,1,0,6.533333333333333,6.533333333333333,0
id:bulbol,id:lsg116,1,1,0,366.28333333333336,366.28333333333336,0
id:bulbol,id:luckyjsm,1,1,0,11.983333333333333,11.983333333333333,0
id:bulbol,id:makijeon,1,1,0,37.083333333333336,37.083333333333336,0
id:bulbol,id:marchisio1,1,1,0,12.9,12.9,0
id:bulbol,id:martial,1,1,0,9.4,9.4,0
id:bulbol,id:marush,1,1,0,468.95,468.95,0
id:bulbol,id:mcraky,1,1,0,5.133333333333334,5.133333333333334,0
id:bulbol,id:messin119,1,1,0,48.81666666666667,48.81666666666667,0
id:bulbol,id:messiya2022,1,1,0,338.21666666666664,338.21666666666664,0
id:bulbol,id:metalgear,1,1,0,18.65,18.65,0
id:bulbol,id:mhp3rd,1,1,0,14.033333333333333,14.033333333333333,0
id:bulbol,id:mingzzi,1,1,0,42.016666666666666,42.016666666666666,0
id:bulbol,id:mnyj,1,1,0,33.766666666666666,33.766666666666666,0
id:bulbol,id:mycrab7,1,1,0,18.566666666666666,18.566666666666666,0
id:bulbol,id:mysteryson,1,1,0,93.63333333333334,93.63333333333334,0
id:bulbol,id:nalratoss,1,1,0,455.06666666666666,455.06666666666666,0
id:bulbol,id:nas1984,1,1,0,212.31666666666666,212.31666666666666,0
id:bulbol,id:newcastle0,1,1,0,34.05,34.05,0
id:bulbol,id:nicehost1234,1,1,0,19.683333333333334,19.683333333333334,0
id:bulbol,id:no14henry,1,1,0,41.416666666666664,41.416666666666664,0
id:bulbol,id:orangein0775,1,1,0,15.633333333333333,15.633333333333333,0
id:bulbol,id:paperi,1,1,0,12.583333333333334,12.583333333333334,0
id:bulbol,id:pmg9525,1,1,0,81.0,81.0,0
id:bulbol,id:pms2906,1,1,0,6.45,6.45,0
id:bulbol,id:psoo707,1,1,0,450.1,450.1,0
id:bulbol,id:publicatio,1,1,0,5.283333333333333,5.283333333333333,0
id:bulbol,id:qnflsdl,1,1,0,98.25,98.25,0
id:bulbol,id:rainerpenner,1,1,0,484.26666666666665,484.26666666666665,0
id:bulbol,id:raistlin1,1,1,0,463.0833333333333,463.0833333333333,0
id:bulbol,id:raul7143,1,1,0,11.45,11.45,0
id:bulbol,id:rogueone1,1,1,0,11.55,11.55,0
id:bulbol,id:rota007,1,1,0,14.583333333333334,14.583333333333334,0
id:bulbol,id:rwingback,1,1,0,8.983333333333333,8.983333333333333,0
id:bulbol,id:seungman98,1,1,0,6.4,6.4,0
id:bulbol,id:shdqn,1,1,0,56.733333333333334,56.733333333333334,0
id:bulbol,id:sidlove,1,1,0,72.65,72.65,0
id:bulbol,id:sinjjang,1,1,0,16.283333333333335,16.283333333333335,0
id:bulbol,id:sof8,1,1,0,20.3,20.3,0
id:bulbol,id:soldee,1,1,0,507.96666666666664,507.96666666666664,0
id:bulbol,id:soparkbj,1,1,0,6.833333333333333,6.833333333333333,0
id:bulbol,id:sotec40,1,1,0,9.983333333333333,9.983333333333333,0
id:bulbol,id:spaceload1,1,1,0,13.566666666666666,13.566666666666666,0
id:bulbol,id:speed94,1,1,0,219.66666666666666,219.66666666666666,0
id:bulbol,id:spurt9,1,1,0,13.583333333333334,13.583333333333334,0
id:bulbol,id:tactimp,1,1,0,8.6,8.6,0
id:bulbol,id:taz79,1,1,0,471.46666666666664,471.46666666666664,0
id:bulbol,id:terry34,1,1,0,17.366666666666667,17.366666666666667,0
id:bulbol,id:tjdmsdud,1,1,0,417.21666666666664,417.21666666666664,0
id:bulbol,id:tjf12012,1,1,0,81.06666666666666,81.06666666666666,0
id:bulbol,id:toolin7942,1,1,0,139.31666666666666,139.31666666666666,0
id:bulbol,id:ttkwnffj,1,1,0,44.233333333333334,44.233333333333334,0
id:bulbol,id:tupik,1,1,0,163.55,163.55,0
id:bulbol,id:twilight1,1,1,0,20.4,20.4,0
id:bulbol,id:tzfdwdd,1,1,0,22.366666666666667,22.366666666666667,0
id:bulbol,id:v1004ses,1,1,0,436.46666666666664,436.46666666666664,0
id:bulbol,id:wenli,1,1,0,42.56666666666667,42.56666666666667,0
id:bulbol,id:yally1010,1,1,0,25.083333333333332,25.083333333333332,0
id:bulbol,id:yeonrang,1,1,0,372.5833333333333,372.5833333333333,0
id:bulbol,id:yoshiki2,1,1,0,14.2,14.2,0
id:bulbol,id:ysy1214,1,1,0,57.88333333333333,57.88333333333333,0
id:bulbol,id:zero080,1,1,0,11.75,11.75,0
id:bulbol,id:zerocoke,1,1,0,35.416666666666664,35.416666666666664,0
id:bulbol,id:zestgo,1,1,0,10.633333333333333,10.633333333333333,0
id:bulbol,id:zesus91,1,1,0,152.38333333333333,152.38333333333333,0
id:bulbol,id:zlddhqm,1,1,0,13.45,13.45,0
id:bundes1,id:1987vintage,1,1,0,328.8333333333333,328.8333333333333,0
id:bundes1,id:Bluewings21,1,1,0,7.216666666666667,7.216666666666667,0
id:bundes1,id:BongGu1103,1,1,0,14.366666666666667,14.366666666666667,0
id:bundes1,id:Mukari07,1,1,0,8.933333333333334,8.933333333333334,0
id:bundes1,id:PL5675,1,1,0,48.483333333333334,48.483333333333334,0
id:bundes1,id:Tenhag,1,1,0,6.25,6.25,0
id:bundes1,id:Volvo,1,1,0,13.15,13.15,0
id:bundes1,id:accuseyou1,1,1,0,5.516666666666667,5.516666666666667,0
id:bundes1,id:acerbong,1,1,0,30.116666666666667,30.116666666666667,0
id:bundes1,id:adios00,1,1,0,16.166666666666668,16.166666666666668,0
id:bundes1,id:bonobono234,1,1,0,8.533333333333333,8.533333333333333,0
id:bundes1,id:bsmkys,1,1,0,286.48333333333335,286.48333333333335,0
id:bundes1,id:bundes1,1,1,0,8.766666666666667,8.766666666666667,1
id:bundes1,id:camel55,1,1,0,9.666666666666666,9.666666666666666,0
id:bundes1,id:dialine,1,1,0,11.166666666666666,11.166666666666666,0
id:bundes1,id:dosa0705,1,1,0,57.06666666666667,57.06666666666667,0
id:bundes1,id:dress7,1,1,0,241.5,241.5,0
id:bundes1,id:edgeplus,1,1,0,1467.2333333333333,1467.2333333333333,0
id:bundes1,id:edh2och,1,1,0,8.05,8.05,0
id:bundes1,id:faye700,1,1,0,339.6333333333333,339.6333333333333,0
id:bundes1,id:fenixduke,1,1,0,18.316666666666666,18.316666666666666,0
id:bundes1,id:gracepark31,1,1,0,14.4,14.4,0
id:bundes1,id:guri99999,1,1,0,216.61666666666667,216.61666666666667,0
id:bundes1,id:hoffenheim,1,1,0,13.883333333333333,13.883333333333333,0
id:bundes1,id:horsedongh,1,1,0,14.45,14.45,0
id:bundes1,id:hpkim90,1,1,0,8.2,8.2,0
id:bundes1,id:hsw0119,1,1,0,142.96666666666667,142.96666666666667,0
id:bundes1,id:htht709,1,1,0,43.28333333333333,43.28333333333333,0
id:bundes1,id:hulk,1,1,0,5.716666666666667,5.716666666666667,0
id:bundes1,id:ickimceo,1,1,0,2461.383333333333,2461.383333333333,0
id:bundes1,id:ifleet,1,1,0,181.8,181.8,0
id:bundes1,id:iloveyousun,1,1,0,15.116666666666667,15.116666666666667,0
id:bundes1,id:jdspitz,1,1,0,7.883333333333334,7.883333333333334,0
id:bundes1,id:juventus82,1,1,0,19.283333333333335,19.283333333333335,0
id:bundes1,id:kaizelfire,1,1,0,14.066666666666666,14.066666666666666,0
id:bundes1,id:kakaka10,1,1,0,101.4,101.4,0
id:bundes1,id:kicheon,1,1,0,9.233333333333333,9.233333333333333,0
id:bundes1,id:kimkey,1,1,0,7.866666666666666,7.866666666666666,0
id:bundes1,id:kingisws,1,1,0,149.28333333333333,149.28333333333333,0
id:bundes1,id:kopluke,1,1,0,275.31666666666666,275.31666666666666,0
id:bundes1,id:ksb7872,1,1,0,233.58333333333334,233.58333333333334,0
id:bundes1,id:leoarada,1,1,0,10.85,10.85,0
id:bundes1,id:lim0620,1,1,0,131.45,131.45,0
id:bundes1,id:loblue208,1,1,0,12.8,12.8,0
id:bundes1,id:masok01,1,1,0,20.133333333333333,20.133333333333333,0
id:bundes1,id:milkblue,1,1,0,22.05,22.05,0
id:bundes1,id:mingzzi,1,1,0,14.466666666666667,14.466666666666667,0
id:bundes1,id:ms3582,1,1,0,41.016666666666666,41.016666666666666,0
id:bundes1,id:nuhz85,1,1,0,218.25,218.25,0
id:bundes1,id:pjh1421,1,1,0,22.166666666666668,22.166666666666668,0
id:bundes1,id:press21cc,1,1,0,27.416666666666668,27.416666666666668,0
id:bundes1,id:psj205,1,1,0,20.55,20.55,0
id:bundes1,id:rascol,1,1,0,18.533333333333335,18.533333333333335,0
id:bundes1,id:raulgonzo,1,1,0,5.366666666666666,5.366666666666666,0
id:bundes1,id:sadyguru,1,1,0,284.06666666666666,284.06666666666666,0
id:bundes1,id:sanorla111,1,1,0,152.58333333333334,152.58333333333334,0
id:bundes1,id:say1673,1,1,0,28.133333333333333,28.133333333333333,0
id:bundes1,id:skdlzl5503,1,1,0,181.41666666666666,181.41666666666666,0
id:bundes1,id:son7manager,1,1,0,1554.2333333333333,1554.2333333333333,0
id:bundes1,id:spaceload1,1,1,0,31.916666666666668,31.916666666666668,0
id:bundes1,id:typoonj2,1,1,0,11.416666666666666,11.416666666666666,0
id:bundes1,id:vincent85,1,1,0,5.4,5.4,0
id:bundes1,id:vnweq956,1,1,0,17.1,17.1,0
id:bundes1,id:xesc,1,1,0,200.95,200.95,0
id:bundes1,id:xowhdeo,1,1,0,146.76666666666668,146.76666666666668,0
id:bundes1,id:yo821281,1,1,0,8.55,8.55,0
id:bundes1,id:yoshiki2,1,1,0,7.3,7.3,0
id:bundes1,id:younggun,1,1,0,13.7,13.7,0
id:bundes1,id:zxcvv,1,1,0,416.03333333333336,416.03333333333336,0
id:burningred,id:burningred,1,1,0,11.266666666666667,11.266666666666667,1
id:bvbreus11,id:Clocks,1,1,0,12.3,12.3,0
id:bvbreus11,id:YoLaTengo,1,1,0,11.566666666666666,11.566666666666666,0
id:bvbreus11,id:als90131,1,1,0,308.5833333333333,308.5833333333333,0
id:bvbreus11,id:cksdn852,1,1,0,319.25,319.25,0
id:bvbreus11,id:clowleed,1,1,0,21.35,21.35,0
id:bvbreus11,id:cobain68,1,1,0,317.8666666666667,317.8666666666667,0
id:bvbreus11,id:cytokine1234,1,1,0,6.133333333333334,6.133333333333334,0
id:bvbreus11,id:doochangman,1,1,0,8.1,8.1,0
id:bvbreus11,id:ehdtks9286,1,1,0,15.6,15.6,0
id:bvbreus11,id:ehihoho,1,1,0,20.133333333333333,20.133333333333333,0
id:bvbreus11,id:fantak,1,1,0,23.383333333333333,23.383333333333333,0
id:bvbreus11,id:filyeun2,1,1,0,8.833333333333334,8.833333333333334,0
id:bvbreus11,id:hoyaaa,1,1,0,16.133333333333333,16.133333333333333,0
id:bvbreus11,id:iaied,1,1,0,27.616666666666667,27.616666666666667,0
id:bvbreus11,id:idnya,1,1,0,10.966666666666667,10.966666666666667,0
id:bvbreus11,id:ifleet,1,1,0,42.61666666666667,42.61666666666667,0
id:bvbreus11,id:jec0412,1,1,0,271.0,271.0,0
id:bvbreus11,id:jinnankr,1,1,0,27.016666666666666,27.016666666666666,0
id:bvbreus11,id:jmw1121,1,1,0,16.05,16.05,0
id:bvbreus11,id:jseric,1,1,0,18.65,18.65,0
id:bvbreus11,id:kanoutsider,1,1,0,9.616666666666667,9.616666666666667,0
id:bvbreus11,id:kicking,1,1,0,7.583333333333333,7.583333333333333,0
id:bvbreus11,id:krttdragon,1,1,0,14.716666666666667,14.716666666666667,0
id:bvbreus11,id:ksb7872,1,1,0,206.45,206.45,0
id:bvbreus11,id:lim0620,1,1,0,36.05,36.05,0
id:bvbreus11,id:mantis,1,1,0,18.233333333333334,18.233333333333334,0
id:bvbreus11,id:mazenta064,1,1,0,397.3833333333333,397.3833333333333,0
id:bvbreus11,id:ngis11,1,1,0,7.2,7.2,0
id:bvbreus11,id:noeld,1,1,0,10.583333333333334,10.583333333333334,0
id:bvbreus11,id:pms2906,1,1,0,19.3,19.3,0
id:bvbreus11,id:priport,1,1,0,37.2,37.2,0
id:bvbreus11,id:pucrinyesir,1,1,0,7.116666666666666,7.116666666666666,0
id:bvbreus11,id:qnflsdl,1,1,0,5.183333333333334,5.183333333333334,0
id:bvbreus11,id:rascol,1,1,0,7.05,7.05,0
id:bvbreus11,id:sonhh,1,1,0,278.55,278.55,0
id:bvbreus11,id:spoops,1,1,0,7.116666666666666,7.116666666666666,0
id:bvbreus11,id:webguy,1,1,0,8.866666666666667,8.866666666666667,0
id:bvbreus11,id:weyland,1,1,0,328.6666666666667,328.6666666666667,0
id:bvbreus11,id:wind1123,1,1,0,5.116666666666666,5.116666666666666,0
id:bvbreus11,id:wltlswhd,1,1,0,30.65,30.65,0
id:bvbreus11,id:xowhdeo,1,1,0,290.25,290.25,0
id:bvbreus11,id:yjs1g,1,1,0,20.216666666666665,20.216666666666665,0
id:bvbreus11,id:zxcvv,1,1,0,11.683333333333334,11.683333333333334,0
id:byh3718,id:aisiteru99,1,1,0,12.583333333333334,12.583333333333334,0
id:byh3718,id:chakagesalja,1,1,0,6.883333333333334,6.883333333333334,0
id:byh3718,id:claralike123,1,1,0,11.366666666666667,11.366666666666667,0
id:byh3718,id:donka,1,1,0,27.05,27.05,0
id:byh3718,id:duswn81,1,1,0,40.96666666666667,40.96666666666667,0
id:byh3718,id:erai7007,1,1,0,36.53333333333333,36.53333333333333,0
id:byh3718,id:footpodo,1,1,0,29.066666666666666,29.066666666666666,0
id:byh3718,id:jeorth91,1,1,0,10.866666666666667,10.866666666666667,0
id:byh3718,id:jkisky2,1,1,0,35.46666666666667,35.46666666666667,0
id:byh3718,id:life13579,1,1,0,77.33333333333333,77.33333333333333,0
id:byh3718,id:lim0620,1,1,0,134.06666666666666,134.06666666666666,0
id:byh3718,id:oasiticjoo19,1,1,0,14.45,14.45,0
id:byh3718,id:raistlin1,1,1,0,7.45,7.45,0
id:byh3718,id:sonhh,1,1,0,10.716666666666667,10.716666666666667,0
id:byh3718,id:soparkbj,1,1,0,10.366666666666667,10.366666666666667,0
id:byh3718,id:sta0505,1,1,0,5.316666666666666,5.316666666666666,0
id:byh3718,id:typoonj2,1,1,0,29.483333333333334,29.483333333333334,0
id:cafetango,id:BongGu1103,1,1,0,24.966666666666665,24.966666666666665,0
id:cafetango,id:impactx84,1,1,0,5.416666666666667,5.416666666666667,0
id:cafetango,id:shkj22,1,1,0,7.75,7.75,0
id:cafetango,id:wltlswhd,1,1,0,14.833333333333334,14.833333333333334,0
id:cafetango,id:新) 허정무(blue123,1,1,0,6.783333333333333,6.783333333333333,0
id:cainyuio,id:KINGBATI,1,1,0,18.583333333333332,18.583333333333332,0
id:cainyuio,id:YoLaTengo,1,1,0,15.233333333333333,15.233333333333333,0
id:cainyuio,id:jec0412,1,1,0,7.6,7.6,0
id:cainyuio,id:life13579,1,1,0,9.3,9.3,0
id:cainyuio,id:zxcvbnm00765,1,1,0,33.95,33.95,0
id:carmenhayes,id:Milner7,1,1,0,5.75,5.75,0
id:carmenhayes,id:Necovv,1,1,0,6.283333333333333,6.283333333333333,0
id:carmenhayes,id:addedtime,1,1,0,5.816666666666666,5.816666666666666,0
id:carmenhayes,id:balochanda,1,1,0,286.8833333333333,286.8833333333333,0
id:carmenhayes,id:dass592,1,1,0,262.8,262.8,0
id:carmenhayes,id:juventus82,1,1,0,468.55,468.55,0
id:carmenhayes,id:kim2pac,1,1,0,18.95,18.95,0
id:carmenhayes,id:lsg116,1,1,0,246.06666666666666,246.06666666666666,0
id:carmenhayes,id:sniper0724,1,1,0,10.416666666666666,10.416666666666666,0
id:carmenhayes,id:socoolj,1,1,0,437.26666666666665,437.26666666666665,0
id:carmenhayes,id:wind1123,1,1,0,9.916666666666666,9.916666666666666,0
id:carmenhayes,id:xowhdeo,1,1,0,330.28333333333336,330.28333333333336,0
id:chakagesalja,id:adios00,1,1,0,14.166666666666666,14.166666666666666,0
id:chakagesalja,id:armwear,1,1,0,68.65,68.65,0
id:chakagesalja,id:dorock,1,1,0,36.81666666666667,36.81666666666667,0
id:chakagesalja,id:kanoutsider,1,1,0,5.75,5.75,0
id:chakagesalja,id:spoops,1,1,0,5.9,5.9,0
id:chakagesalja,id:ulsan0101,1,1,0,7.016666666666667,7.016666666666667,0
id:childpicture,id:benben,1,1,0,8.9,8.9,0
id:childpicture,id:bulbol,1,1,0,10.516666666666667,10.516666666666667,0
id:childpicture,id:carlos02k,1,1,0,37.583333333333336,37.583333333333336,0
id:childpicture,id:colacup,1,1,0,6.0,6.0,0
id:childpicture,id:cubana,1,1,0,60.78333333333333,60.78333333333333,0
id:childpicture,id:footpodo,1,1,0,5.4,5.4,0
id:childpicture,id:gaeddonge,1,1,0,12.65,12.65,0
id:childpicture,id:hodduk,1,1,0,25.25,25.25,0
id:childpicture,id:hypeboy,1,1,0,11.683333333333334,11.683333333333334,0
id:childpicture,id:ikdada,1,1,0,45.016666666666666,45.016666666666666,0
id:childpicture,id:kuo13,1,1,0,6.8,6.8,0
id:childpicture,id:okao,1,1,0,20.133333333333333,20.133333333333333,0
id:childpicture,id:peace0919,1,1,0,17.983333333333334,17.983333333333334,0
id:childpicture,id:rjatkfks,1,1,0,34.2,34.2,0
id:childpicture,id:tactimp,1,1,0,33.28333333333333,33.28333333333333,0
id:childpicture,id:whoshot,1,1,0,7.966666666666667,7.966666666666667,0
id:chinghis,id:11Ozil,1,1,0,5.066666666666666,5.066666666666666,0
id:chinghis,id:ehdtks9286,1,1,0,7.216666666666667,7.216666666666667,0
id:chinghis,id:godthepixel,1,1,0,71.58333333333333,71.58333333333333,0
id:chinghis,id:hopes,1,1,0,6.5,6.5,0
id:chinghis,id:icarus4301,1,1,0,61.06666666666667,61.06666666666667,0
id:chinghis,id:isu00,1,1,0,6.55,6.55,0
id:chinghis,id:jjuhyun92,1,1,0,5.266666666666667,5.266666666666667,0
id:chinghis,id:kanoutsider,1,1,0,31.766666666666666,31.766666666666666,0
id:chinghis,id:kicking,1,1,0,6.516666666666667,6.516666666666667,0
id:chinghis,id:kopluke,1,1,0,534.1166666666667,534.1166666666667,0
id:chinghis,id:kostanjino,1,1,0,1421.1666666666667,1421.1666666666667,0
id:chinghis,id:millano,1,1,0,1673.9333333333334,1673.9333333333334,0
id:chinghis,id:ngis11,1,1,0,11.5,11.5,0
id:chinghis,id:rhkdgus010,1,1,0,690.5,690.5,0
id:chinghis,id:sangtuk,1,1,0,638.2666666666667,638.2666666666667,0
id:chinghis,id:simpleisbest,1,1,0,16.533333333333335,16.533333333333335,0
id:chinghis,id:zkdltmffks,1,1,0,5.816666666666666,5.816666666666666,0
id:cho1250,id:BongGu1103,1,1,0,35.68333333333333,35.68333333333333,0
id:cho1250,id:blue5365,1,1,0,9.55,9.55,0
id:cho1250,id:eddie,1,1,0,23.483333333333334,23.483333333333334,0
id:cho1250,id:god18xx,1,1,0,382.85,382.85,0
id:cho1250,id:gogumadory,1,1,0,428.78333333333336,428.78333333333336,0
id:cho1250,id:hopes,1,1,0,37.083333333333336,37.083333333333336,0
id:cho1250,id:kicking,1,1,0,6.783333333333333,6.783333333333333,0
id:cho1250,id:mantis,1,1,0,10.116666666666667,10.116666666666667,0
id:cho1250,id:messiya2022,1,1,0,457.8,457.8,0
id:cho1250,id:mirissoul2,1,1,0,9.066666666666666,9.066666666666666,0
id:cho1250,id:monkjm,1,1,0,28.366666666666667,28.366666666666667,0
id:cho1250,id:nuhz85,1,1,0,150.03333333333333,150.03333333333333,0
id:cho1250,id:psj205,1,1,0,395.8833333333333,395.8833333333333,0
id:cho1250,id:pudingm,1,1,0,133.26666666666668,133.26666666666668,0
id:cho1250,id:ratm0303,1,1,0,9.116666666666667,9.116666666666667,0
id:cho1250,id:seryu2,1,1,0,30.733333333333334,30.733333333333334,0
id:cho1250,id:snarl,1,1,0,136.83333333333334,136.83333333333334,0
id:cho1250,id:yeonrang,1,1,0,9.533333333333333,9.533333333333333,0
id:chun1149,id:2egg3things,1,1,0,59.11666666666667,59.11666666666667,0
id:chun1149,id:Cvc77777,1,1,0,2055.116666666667,2055.116666666667,0
id:chun1149,id:arteta8,1,1,0,9.1,9.1,0
id:chun1149,id:batom,1,1,0,480.06666666666666,480.06666666666666,0
id:chun1149,id:bohaesoju,1,1,0,531.6833333333333,531.6833333333333,0
id:chun1149,id:cetapow,1,1,0,163.78333333333333,163.78333333333333,0
id:chun1149,id:chakagesalja,1,1,0,60.3,60.3,0
id:chun1149,id:chojja,1,1,0,2407.5,2407.5,0
id:chun1149,id:clowleed,1,1,0,20.4,20.4,0
id:chun1149,id:darkknight1,1,1,0,338.9,338.9,0
id:chun1149,id:deeblue,1,1,0,55.833333333333336,55.833333333333336,0
id:chun1149,id:dleoduq1234,1,1,0,5.183333333333334,5.183333333333334,0
id:chun1149,id:dryskel7,1,1,0,89.01666666666667,89.01666666666667,0
id:chun1149,id:eroongc,1,1,0,58.13333333333333,58.13333333333333,0
id:chun1149,id:fantak,1,1,0,13.733333333333333,13.733333333333333,0
id:chun1149,id:hobro,1,1,0,6.95,6.95,0
id:chun1149,id:iglaman,1,1,0,482.4,482.4,0
id:chun1149,id:iloveyousun,1,1,0,18.883333333333333,18.883333333333333,0
id:chun1149,id:jason3486,1,1,0,128.18333333333334,128.18333333333334,0
id:chun1149,id:jkv2,1,1,0,278.68333333333334,278.68333333333334,0
id:chun1149,id:kanoutsider,1,1,0,6.216666666666667,6.216666666666667,0
id:chun1149,id:kdraka,1,1,0,120.16666666666667,120.16666666666667,0
id:chun1149,id:kimks0824,1,1,0,18.866666666666667,18.866666666666667,0
id:chun1149,id:koreatop,1,1,0,21.966666666666665,21.966666666666665,0
id:chun1149,id:kostanjino,1,1,0,349.2,349.2,0
id:chun1149,id:lpko1,1,1,0,408.6666666666667,408.6666666666667,0
id:chun1149,id:minjaekore,1,1,0,124.1,124.1,0
id:chun1149,id:nomorebat,1,1,0,2419.516666666667,2419.516666666667,0
id:chun1149,id:nuhz85,1,1,0,243.78333333333333,243.78333333333333,0
id:chun1149,id:ojh8988,1,1,0,178.65,178.65,0
id:chun1149,id:okao,1,1,0,391.81666666666666,391.81666666666666,0
id:chun1149,id:phoenixzin,1,1,0,19.75,19.75,0
id:chun1149,id:pjhwinner,1,1,0,187.2,187.2,0
id:chun1149,id:progamer77,1,1,0,6.916666666666667,6.916666666666667,0
id:chun1149,id:rascol,1,1,0,43.81666666666667,43.81666666666667,0
id:chun1149,id:recur,1,1,0,377.5833333333333,377.5833333333333,0
id:chun1149,id:reiun,1,1,0,411.4,411.4,0
id:chun1149,id:sanmaro0,1,1,0,123.9,123.9,0
id:chun1149,id:stynerkn,1,1,0,17.083333333333332,17.083333333333332,0
id:chun1149,id:thesilver,1,1,0,9.966666666666667,9.966666666666667,0
id:chun1149,id:tjdqhrehd,1,1,0,95.28333333333333,95.28333333333333,0
id:chun1149,id:tnts0023,1,1,0,15.083333333333334,15.083333333333334,0
id:chun1149,id:ttkwnffj,1,1,0,52.15,52.15,0
id:chun1149,id:twija100,1,1,0,160.6,160.6,0
id:chun1149,id:umamusume,1,1,0,164.56666666666666,164.56666666666666,0
id:chun1149,id:vincent85,1,1,0,225.93333333333334,225.93333333333334,0
id:chun1149,id:whitenwish,1,1,0,312.15,312.15,0
id:chun1149,id:whoshot,1,1,0,17.983333333333334,17.983333333333334,0
id:chun1149,id:xowhdeo,1,1,0,644.3166666666667,644.3166666666667,0
id:chun1149,id:yeodarl,1,1,0,16.533333333333335,16.533333333333335,0
id:citable,id:littleboy00,1,1,0,39.516666666666666,39.516666666666666,0
id:citable,id:publicatio,1,1,0,1302.0666666666666,1302.0666666666666,0
id:claralike123,id:dondekhmann,1,1,0,57.53333333333333,57.53333333333333,0
id:claralike123,id:speedfam,1,1,0,29.116666666666667,29.116666666666667,0
id:cobain68,id:Rimbaud84,1,1,0,24.066666666666666,24.066666666666666,0
id:cobain68,id:akak1212,1,1,0,19.283333333333335,19.283333333333335,0
id:cobain68,id:chun1149,1,1,0,10.166666666666666,10.166666666666666,0
id:cobain68,id:solution78,1,1,0,6.316666666666666,6.316666666666666,0
id:cokabel,id:Clousewitz,1,1,0,5.266666666666667,5.266666666666667,0
id:cokabel,id:bookae1,1,1,0,11.933333333333334,11.933333333333334,0
id:cokabel,id:consul,1,1,0,14.533333333333333,14.533333333333333,0
id:cokabel,id:footpodo,1,1,0,107.2,107.2,0
id:cokabel,id:gerrard88,1,1,0,8.3,8.3,0
id:cokabel,id:nikkohadal,1,1,0,30.9,30.9,0
id:cokabel,id:oasiticjoo19,1,1,0,22.583333333333332,22.583333333333332,0
id:cokabel,id:placebo,1,1,0,34.7,34.7,0
id:cokabel,id:spoops,1,1,0,6.45,6.45,0
id:cokabel,id:summernight,1,1,0,5.183333333333334,5.183333333333334,0
id:cokabel,id:taz79,1,1,0,143.16666666666666,143.16666666666666,0
id:cokabel,id:whoshot,1,1,0,5.583333333333333,5.583333333333333,0
id:colacup,id:10bergi,1,1,0,12.083333333333334,12.083333333333334,0
id:colacup,id:Ibrahima,1,1,0,67.45,67.45,0
id:colacup,id:MementoMori,1,1,0,10.566666666666666,10.566666666666666,0
id:colacup,id:Necovv,1,1,0,9.866666666666667,9.866666666666667,0
id:colacup,id:Tenhag,1,1,0,10.2,10.2,0
id:colacup,id:amaai,1,1,0,11.066666666666666,11.066666666666666,0
id:colacup,id:bluepillz,1,1,0,32.266666666666666,32.266666666666666,0
id:colacup,id:chakagesalja,1,1,0,7.85,7.85,0
id:colacup,id:donka,1,1,0,5.183333333333334,5.183333333333334,0
id:colacup,id:horsedongh,1,1,0,7.633333333333334,7.633333333333334,0
id:colacup,id:jec0412,1,1,0,1225.6833333333334,1225.6833333333334,0
id:colacup,id:jeffkent,1,1,0,33.5,33.5,0
id:colacup,id:lovedavich,1,1,0,32.28333333333333,32.28333333333333,0
id:colacup,id:luna7742,1,1,0,5.983333333333333,5.983333333333333,0
id:colacup,id:messiya2022,1,1,0,86.73333333333333,86.73333333333333,0
id:colacup,id:moohootae,1,1,0,54.65,54.65,0
id:colacup,id:mrnohsr,1,1,0,367.06666666666666,367.06666666666666,0
id:colacup,id:placebo,1,1,0,95.01666666666667,95.01666666666667,0
id:colacup,id:qhdtlsdl,1,1,0,300.2,300.2,0
id:colacup,id:redondor,1,1,0,49.21666666666667,49.21666666666667,0
id:colacup,id:rera,1,1,0,56.766666666666666,56.766666666666666,0
id:colacup,id:roe2k,1,1,0,45.983333333333334,45.983333333333334,0
id:colacup,id:ses2580k,1,1,0,6.4,6.4,0
id:colacup,id:stynerkn,1,1,0,5.483333333333333,5.483333333333333,0
id:colacup,id:thezesty,1,1,0,13.816666666666666,13.816666666666666,0
id:colacup,id:xesc,1,1,0,424.73333333333335,424.73333333333335,0
id:colacup,id:xowhdeo,1,1,0,891.9833333333333,891.9833333333333,0
id:coood7824,id:Mokko,1,1,0,379.46666666666664,379.46666666666664,0
id:coood7824,id:choissi,1,1,0,9.033333333333333,9.033333333333333,0
id:coood7824,id:colacup,1,1,0,12.066666666666666,12.066666666666666,0
id:coood7824,id:fenixduke,1,1,0,5.183333333333334,5.183333333333334,0
id:coood7824,id:god18xx,1,1,0,982.3666666666667,982.3666666666667,0
id:coood7824,id:hoyaaa,1,1,0,5.533333333333333,5.533333333333333,0
id:coood7824,id:itaibogi,1,1,0,18.15,18.15,0
id:coood7824,id:kim2pac,1,1,0,5.566666666666666,5.566666666666666,0
id:coood7824,id:koreafigo,1,1,0,351.7,351.7,0
id:coood7824,id:masok01,1,1,0,7.25,7.25,0
id:coood7824,id:park8305,1,1,0,1687.9,1687.9,0
id:coood7824,id:pearson19,1,1,0,7.983333333333333,7.983333333333333,0
id:coood7824,id:pharm92,1,1,0,7.933333333333334,7.933333333333334,0
id:coood7824,id:raulgonzo,1,1,0,27.7,27.7,0
id:coood7824,id:roe2k,1,1,0,10.05,10.05,0
id:coood7824,id:summernight,1,1,0,18.483333333333334,18.483333333333334,0
id:coood7824,id:ulsan0101,1,1,0,18.583333333333332,18.583333333333332,0
id:coood7824,id:whoshot,1,1,0,12.05,12.05,0
id:coood7824,id:wind1123,1,1,0,6.733333333333333,6.733333333333333,0
id:coood7824,id:zesus91,1,1,0,472.48333333333335,472.48333333333335,0
id:coood7824,id:zxcvbnm00765,1,1,0,14.466666666666667,14.466666666666667,0
id:csh1493,id:regnier,1,1,0,23.783333333333335,23.783333333333335,0
id:cutler,id:bulbol,1,1,0,14.0,14.0,0
id:cutler,id:dialine,1,1,0,9.766666666666667,9.766666666666667,0
id:cydia14,id:armwear,1,1,0,6.966666666666667,6.966666666666667,0
id:cydia14,id:bugfix,1,1,0,12.666666666666666,12.666666666666666,0
id:cydia14,id:bulbol,1,1,0,5.766666666666667,5.766666666666667,0
id:cydia14,id:chakagesalja,1,1,0,8.883333333333333,8.883333333333333,0
id:cydia14,id:deportivo7,1,1,0,8.766666666666667,8.766666666666667,0
id:cydia14,id:doxan,1,1,0,8.05,8.05,0
id:cydia14,id:esamjoong,1,1,0,7.133333333333334,7.133333333333334,0
id:cydia14,id:footpodo,1,1,0,11.283333333333333,11.283333333333333,0
id:cydia14,id:gogumadory,1,1,0,22.316666666666666,22.316666666666666,0
id:cydia14,id:haebark,1,1,0,5.766666666666667,5.766666666666667,0
id:cydia14,id:juventus82,1,1,0,56.7,56.7,0
id:cydia14,id:kicheon,1,1,0,27.483333333333334,27.483333333333334,0
id:cydia14,id:kiriman,1,1,0,51.016666666666666,51.016666666666666,0
id:cydia14,id:kokomong,1,1,0,8.9,8.9,0
id:cydia14,id:lwj801,1,1,0,51.516666666666666,51.516666666666666,0
id:cydia14,id:oasiticjoo19,1,1,0,7.233333333333333,7.233333333333333,0
id:cydia14,id:pudingm,1,1,0,12.9,12.9,0
id:cydia14,id:qhdtlsdl,1,1,0,8.816666666666666,8.816666666666666,0
id:cydia14,id:roe2k,1,1,0,47.96666666666667,47.96666666666667,0
id:cydia14,id:sanga,1,1,0,12.183333333333334,12.183333333333334,0
id:cydia14,id:seungman98,1,1,0,9.1,9.1,0
id:cydia14,id:wildoroiss,1,1,0,58.81666666666667,58.81666666666667,0
id:cytokine1234,id:0979yj,1,1,0,40.05,40.05,0
id:cytokine1234,id:Bluewings21,1,1,0,8.716666666666667,8.716666666666667,0
id:cytokine1234,id:Groin,1,1,0,7.0,7.0,0
id:cytokine1234,id:Milner7,1,1,0,5.366666666666666,5.366666666666666,0
id:cytokine1234,id:Pacojung102,1,1,0,29.083333333333332,29.083333333333332,0
id:cytokine1234,id:adios00,1,1,0,5.033333333333333,5.033333333333333,0
id:cytokine1234,id:amasvladi27,1,1,0,77.81666666666666,77.81666666666666,0
id:cytokine1234,id:aracra,1,1,0,5.866666666666666,5.866666666666666,0
id:cytokine1234,id:blue5365,1,1,0,21.5,21.5,0
id:cytokine1234,id:bluewind84,1,1,0,41.5,41.5,0
id:cytokine1234,id:bm50th,1,1,0,196.38333333333333,196.38333333333333,0
id:cytokine1234,id:bookae1,1,1,0,15.116666666666667,15.116666666666667,0
id:cytokine1234,id:cafetango,1,1,0,5.883333333333334,5.883333333333334,0
id:cytokine1234,id:choiyut,1,1,0,16.333333333333332,16.333333333333332,0
id:cytokine1234,id:citable,1,1,0,19.833333333333332,19.833333333333332,0
id:cytokine1234,id:cokabel,1,1,0,39.8,39.8,0
id:cytokine1234,id:cyjlove1,1,1,0,65.53333333333333,65.53333333333333,0
id:cytokine1234,id:deeblue,1,1,0,130.43333333333334,130.43333333333334,0
id:cytokine1234,id:dosa0705,1,1,0,9.833333333333334,9.833333333333334,0
id:cytokine1234,id:eddie,1,1,0,20.183333333333334,20.183333333333334,0
id:cytokine1234,id:footballge,1,1,0,5.2,5.2,0
id:cytokine1234,id:forest,1,1,0,12.9,12.9,0
id:cytokine1234,id:gerrard88,1,1,0,23.066666666666666,23.066666666666666,0
id:cytokine1234,id:grit,1,1,0,10.783333333333333,10.783333333333333,0
id:cytokine1234,id:hanlobby,1,1,0,43.28333333333333,43.28333333333333,0
id:cytokine1234,id:hopes,1,1,0,5.916666666666667,5.916666666666667,0
id:cytokine1234,id:horsedongh,1,1,0,11.266666666666667,11.266666666666667,0
id:cytokine1234,id:j8wkfn,1,1,0,7.016666666666667,7.016666666666667,0
id:cytokine1234,id:kakaka10,1,1,0,60.1,60.1,0
id:cytokine1234,id:kapfazo,1,1,0,16.016666666666666,16.016666666666666,0
id:cytokine1234,id:kicking,1,1,0,6.633333333333334,6.633333333333334,0
id:cytokine1234,id:kjkim9612,1,1,0,6.916666666666667,6.916666666666667,0
id:cytokine1234,id:kohs98,1,1,0,16.766666666666666,16.766666666666666,0
id:cytokine1234,id:kudju1,1,1,0,14.183333333333334,14.183333333333334,0
id:cytokine1234,id:luminai,1,1,0,7.433333333333334,7.433333333333334,0
id:cytokine1234,id:maya0501,1,1,0,10.3,10.3,0
id:cytokine1234,id:milkblue,1,1,0,14.4,14.4,0
id:cytokine1234,id:naco16,1,1,0,18.566666666666666,18.566666666666666,0
id:cytokine1234,id:oasiticjoo19,1,1,0,6.366666666666666,6.366666666666666,0
id:cytokine1234,id:oldslave,1,1,0,47.95,47.95,0
id:cytokine1234,id:otl1379,1,1,0,430.26666666666665,430.26666666666665,0
id:cytokine1234,id:pjh1421,1,1,0,60.8,60.8,0
id:cytokine1234,id:pucrinyesir,1,1,0,14.916666666666666,14.916666666666666,0
id:cytokine1234,id:raul7143,1,1,0,6.45,6.45,0
id:cytokine1234,id:recur,1,1,0,7.9,7.9,0
id:cytokine1234,id:rkarlaos1,1,1,0,272.45,272.45,0
id:cytokine1234,id:say1673,1,1,0,323.93333333333334,323.93333333333334,0
id:cytokine1234,id:sonhh,1,1,0,84.5,84.5,0
id:cytokine1234,id:soovinci,1,1,0,459.18333333333334,459.18333333333334,0
id:cytokine1234,id:soparkbj,1,1,0,209.3,209.3,0
id:cytokine1234,id:sstriker,1,1,0,13.7,13.7,0
id:cytokine1234,id:takeout2002,1,1,0,484.4,484.4,0
id:cytokine1234,id:thezesty,1,1,0,104.78333333333333,104.78333333333333,0
id:cytokine1234,id:tkrldh,1,1,0,9.8,9.8,0
id:cytokine1234,id:trashjh,1,1,0,11.5,11.5,0
id:cytokine1234,id:ttkwnffj,1,1,0,16.433333333333334,16.433333333333334,0
id:cytokine1234,id:whoshot,1,1,0,10.05,10.05,0
id:cytokine1234,id:wltlswhd,1,1,0,7.366666666666666,7.366666666666666,0
id:cytokine1234,id:yeonrang,1,1,0,44.18333333333333,44.18333333333333,0
id:cytokine1234,id:yoon4859,1,1,0,15.866666666666667,15.866666666666667,0
id:dadoocom,id:Clousewitz,1,1,0,28.066666666666666,28.066666666666666,0
id:dadoocom,id:Iniesta8,1,1,0,9.933333333333334,9.933333333333334,0
id:dadoocom,id:LosBlanco,1,1,0,47.3,47.3,0
id:dadoocom,id:MementoMori,1,1,0,16.233333333333334,16.233333333333334,0
id:dadoocom,id:aection,1,1,0,421.53333333333336,421.53333333333336,0
id:dadoocom,id:annessa,1,1,0,245.86666666666667,245.86666666666667,0
id:dadoocom,id:aracra,1,1,0,109.26666666666667,109.26666666666667,0
id:dadoocom,id:authur,1,1,0,30.283333333333335,30.283333333333335,0
id:dadoocom,id:blingstar,1,1,0,203.95,203.95,0
id:dadoocom,id:cesc31,1,1,0,8.35,8.35,0
id:dadoocom,id:childpicture,1,1,0,6.6,6.6,0
id:dadoocom,id:choohahaha,1,1,0,350.8833333333333,350.8833333333333,0
id:dadoocom,id:claxn7,1,1,0,163.15,163.15,0
id:dadoocom,id:cubana,1,1,0,8.4,8.4,0
id:dadoocom,id:dleoduq1234,1,1,0,293.1666666666667,293.1666666666667,0
id:dadoocom,id:ehdtks9286,1,1,0,14.0,14.0,0
id:dadoocom,id:ehsaksk,1,1,0,8.2,8.2,0
id:dadoocom,id:ellen829,1,1,0,35.516666666666666,35.516666666666666,0
id:dadoocom,id:footpodo,1,1,0,244.63333333333333,244.63333333333333,0
id:dadoocom,id:fsoo1187,1,1,0,511.3833333333333,511.3833333333333,0
id:dadoocom,id:funnyblack,1,1,0,399.1333333333333,399.1333333333333,0
id:dadoocom,id:gogumadory,1,1,0,9.35,9.35,0
id:dadoocom,id:gong586,1,1,0,70.65,70.65,0
id:dadoocom,id:hhuugg,1,1,0,465.4,465.4,0
id:dadoocom,id:hoyaaa,1,1,0,27.466666666666665,27.466666666666665,0
id:dadoocom,id:jun90168,1,1,0,58.53333333333333,58.53333333333333,0
id:dadoocom,id:kanoutsider,1,1,0,35.05,35.05,0
id:dadoocom,id:kopluke,1,1,0,277.9166666666667,277.9166666666667,0
id:dadoocom,id:leoperiseus,1,1,0,6.683333333333334,6.683333333333334,0
id:dadoocom,id:lovestory,1,1,0,1077.25,1077.25,0
id:dadoocom,id:malmir30,1,1,0,216.4,216.4,0
id:dadoocom,id:masterplan5,1,1,0,5.183333333333334,5.183333333333334,0
id:dadoocom,id:monkjm,1,1,0,25.066666666666666,25.066666666666666,0
id:dadoocom,id:mrnohsr,1,1,0,424.1166666666667,424.1166666666667,0
id:dadoocom,id:qhdtlsdl,1,1,0,13.583333333333334,13.583333333333334,0
id:dadoocom,id:ratm0303,1,1,0,35.483333333333334,35.483333333333334,0
id:dadoocom,id:raul7143,1,1,0,8.133333333333333,8.133333333333333,0
id:dadoocom,id:recnow,1,1,0,126.86666666666666,126.86666666666666,0
id:dadoocom,id:roykie151,1,1,0,10.666666666666666,10.666666666666666,0
id:dadoocom,id:runasea,1,1,0,241.18333333333334,241.18333333333334,0
id:dadoocom,id:sanmaro0,1,1,0,81.78333333333333,81.78333333333333,0
id:dadoocom,id:seungman98,1,1,0,46.8,46.8,0
id:dadoocom,id:sexline,1,1,0,5.316666666666666,5.316666666666666,0
id:dadoocom,id:sidlove,1,1,0,110.23333333333333,110.23333333333333,0
id:dadoocom,id:skylky,1,1,0,1077.8,1077.8,0
id:dadoocom,id:sounited13,1,1,0,11.683333333333334,11.683333333333334,0
id:dadoocom,id:stabbie81,1,1,0,21.233333333333334,21.233333333333334,0
id:dadoocom,id:sunrrard,1,1,0,23.916666666666668,23.916666666666668,0
id:dadoocom,id:thezesty,1,1,0,1133.7666666666667,1133.7666666666667,0
id:dadoocom,id:tkrhdgus1,1,1,0,7.7,7.7,0
id:dadoocom,id:twija100,1,1,0,370.46666666666664,370.46666666666664,0
id:dadoocom,id:vnweq956,1,1,0,8.533333333333333,8.533333333333333,0
id:dadoocom,id:xowhdeo,1,1,0,379.9166666666667,379.9166666666667,0
id:dadoocom,id:yeonrang,1,1,0,196.01666666666668,196.01666666666668,0
id:dadoocom,id:youngzinpp,1,1,0,464.6333333333333,464.6333333333333,0
id:darkchoco,id:cubana,1,1,0,19.816666666666666,19.816666666666666,0
id:darkchoco,id:darkchoco,1,1,0,8.8,8.8,1
id:darkchoco,id:pms2906,1,1,0,8.6,8.6,0
id:dbsupers,id:1987vintage,1,1,0,32.78333333333333,32.78333333333333,0
id:dbsupers,id:Mokko,1,1,0,283.18333333333334,283.18333333333334,0
id:dbsupers,id:NANRIBLUCE,1,1,0,8.133333333333333,8.133333333333333,0
id:dbsupers,id:TheHart,1,1,0,223.21666666666667,223.21666666666667,0
id:dbsupers,id:againstwin80,1,1,0,340.73333333333335,340.73333333333335,0
id:dbsupers,id:bell72,1,1,0,77.1,77.1,0
id:dbsupers,id:chojja,1,1,0,5.15,5.15,0
id:dbsupers,id:dewsd,1,1,0,39.733333333333334,39.733333333333334,0
id:dbsupers,id:doochangman,1,1,0,7.616666666666666,7.616666666666666,0
id:dbsupers,id:erec,1,1,0,7.95,7.95,0
id:dbsupers,id:hpkim90,1,1,0,264.1666666666667,264.1666666666667,0
id:dbsupers,id:jeffkent,1,1,0,11.2,11.2,0
id:dbsupers,id:jiyoun1227,1,1,0,67.18333333333334,67.18333333333334,0
id:dbsupers,id:jkv2,1,1,0,29.466666666666665,29.466666666666665,0
id:dbsupers,id:kicking,1,1,0,5.583333333333333,5.583333333333333,0
id:dbsupers,id:kostanjino,1,1,0,354.46666666666664,354.46666666666664,0
id:dbsupers,id:life13579,1,1,0,6.1,6.1,0
id:dbsupers,id:lim0620,1,1,0,72.15,72.15,0
id:dbsupers,id:maelsy99,1,1,0,25.05,25.05,0
id:dbsupers,id:mantis,1,1,0,258.1666666666667,258.1666666666667,0
id:dbsupers,id:messiya2022,1,1,0,2018.0666666666666,2018.0666666666666,0
id:dbsupers,id:mrnohsr,1,1,0,255.31666666666666,255.31666666666666,0
id:dbsupers,id:okao,1,1,0,6.816666666666666,6.816666666666666,0
id:dbsupers,id:piter1976,1,1,0,5.616666666666666,5.616666666666666,0
id:dbsupers,id:raistlin1,1,1,0,14.15,14.15,0
id:dbsupers,id:vnweq956,1,1,0,5.066666666666666,5.066666666666666,0
id:dbsupers,id:webguy,1,1,0,7.283333333333333,7.283333333333333,0
id:dbsupers,id:wind1123,1,1,0,7.283333333333333,7.283333333333333,0
id:dbsupers,id:xavi08,1,1,0,1127.4,1127.4,0
id:dbsupers,id:xxvxx,1,1,0,5.383333333333334,5.383333333333334,0
id:dbsupers,id:yeodarl,1,1,0,2120.0833333333335,2120.0833333333335,0
id:dbsupers,id:zero080,1,1,0,5.116666666666666,5.116666666666666,0
id:ddongbada,id:piter1976,1,1,0,6.7,6.7,0
id:deportivo7,id:Mobaraeram,1,1,0,6.883333333333334,6.883333333333334,0
id:deportivo7,id:Unsee8,1,1,0,13.266666666666667,13.266666666666667,0
id:deportivo7,id:adios00,1,1,0,7.666666666666667,7.666666666666667,0
id:deportivo7,id:armwear,1,1,0,28.166666666666668,28.166666666666668,0
id:deportivo7,id:bookae1,1,1,0,5.05,5.05,0
id:deportivo7,id:citable,1,1,0,5.033333333333333,5.033333333333333,0
id:deportivo7,id:dleoduq1234,1,1,0,23.8,23.8,0
id:deportivo7,id:doxan,1,1,0,411.76666666666665,411.76666666666665,0
id:deportivo7,id:eddie,1,1,0,5.083333333333333,5.083333333333333,0
id:deportivo7,id:elan8501,1,1,0,423.25,423.25,0
id:deportivo7,id:eufc,1,1,0,1204.3833333333334,1204.3833333333334,0
id:deportivo7,id:fenixduke,1,1,0,6.883333333333334,6.883333333333334,0
id:deportivo7,id:hoffenheim,1,1,0,5.683333333333334,5.683333333333334,0
id:deportivo7,id:horizon,1,1,0,19.883333333333333,19.883333333333333,0
id:deportivo7,id:kiriman,1,1,0,8.983333333333333,8.983333333333333,0
id:deportivo7,id:klopp1104,1,1,0,6.55,6.55,0
id:deportivo7,id:kohs98,1,1,0,19.883333333333333,19.883333333333333,0
id:deportivo7,id:kong7802,1,1,0,286.43333333333334,286.43333333333334,0
id:deportivo7,id:kyahero,1,1,0,418.3,418.3,0
id:deportivo7,id:maelsy99,1,1,0,5.616666666666666,5.616666666666666,0
id:deportivo7,id:masterplan5,1,1,0,269.06666666666666,269.06666666666666,0
id:deportivo7,id:misery,1,1,0,9.85,9.85,0
id:deportivo7,id:monkjm,1,1,0,10.55,10.55,0
id:deportivo7,id:naco16,1,1,0,16.833333333333332,16.833333333333332,0
id:deportivo7,id:phantom112,1,1,0,307.15,307.15,0
id:deportivo7,id:qnflsdl,1,1,0,5.283333333333333,5.283333333333333,0
id:deportivo7,id:rainmaker4,1,1,0,327.3833333333333,327.3833333333333,0
id:deportivo7,id:sacrai,1,1,0,33.983333333333334,33.983333333333334,0
id:deportivo7,id:smurp79,1,1,0,375.8666666666667,375.8666666666667,0
id:deportivo7,id:stynerkn,1,1,0,8.366666666666667,8.366666666666667,0
id:deportivo7,id:summernight,1,1,0,5.266666666666667,5.266666666666667,0
id:deportivo7,id:vnfaltn,1,1,0,18.25,18.25,0
id:deportivo7,id:xowhdeo,1,1,0,337.56666666666666,337.56666666666666,0
id:df2shnl,id:cafetango,1,1,0,8.733333333333333,8.733333333333333,0
id:df2shnl,id:littleboy00,1,1,0,9.216666666666667,9.216666666666667,0
id:dhxor612,id:sdh90,1,1,0,7.816666666666666,7.816666666666666,0
id:dhxor612,id:soju4jan,1,1,0,21.033333333333335,21.033333333333335,0
id:dialine,id:bluepillz,1,1,0,6.666666666666667,6.666666666666667,0
id:dialine,id:bulbol,1,1,0,9.833333333333334,9.833333333333334,0
id:dialine,id:claxn7,1,1,0,9.416666666666666,9.416666666666666,0
id:dialine,id:ellen829,1,1,0,12.6,12.6,0
id:dialine,id:hanlobby,1,1,0,21.1,21.1,0
id:dialine,id:hodoeel,1,1,0,14.616666666666667,14.616666666666667,0
id:dialine,id:impactx84,1,1,0,7.966666666666667,7.966666666666667,0
id:dialine,id:kyunujh,1,1,0,56.733333333333334,56.733333333333334,0
id:dialine,id:milkblue,1,1,0,8.916666666666666,8.916666666666666,0
id:dialine,id:pearson19,1,1,0,8.7,8.7,0
id:diddangel,id:aduno,1,1,0,100.85,100.85,0
id:diddangel,id:authur,1,1,0,10.0,10.0,0
id:diddangel,id:bakjang,1,1,0,27.5,27.5,0
id:diddangel,id:bbggkkk,1,1,0,60.06666666666667,60.06666666666667,0
id:diddangel,id:boba1983,1,1,0,33.2,33.2,0
id:diddangel,id:chojja,1,1,0,1884.5166666666667,1884.5166666666667,0
id:diddangel,id:ddmcd,1,1,0,15.866666666666667,15.866666666666667,0
id:diddangel,id:diddangel,1,1,0,13.366666666666667,13.366666666666667,1
id:diddangel,id:dleoduq1234,1,1,0,70.68333333333334,70.68333333333334,0
id:diddangel,id:eiskzm,1,1,0,5.233333333333333,5.233333333333333,0
id:diddangel,id:enckdtlqkf,1,1,0,29.016666666666666,29.016666666666666,0
id:diddangel,id:footpodo,1,1,0,12.666666666666666,12.666666666666666,0
id:diddangel,id:gum0510,1,1,0,457.53333333333336,457.53333333333336,0
id:diddangel,id:kostanjino,1,1,0,19.15,19.15,0
id:diddangel,id:messiya2022,1,1,0,324.1333333333333,324.1333333333333,0
id:diddangel,id:raistlin1,1,1,0,2400.366666666667,2400.366666666667,0
id:diddangel,id:sonhh,1,1,0,469.9,469.9,0
id:diddangel,id:summernight,1,1,0,12.15,12.15,0
id:din1091,id:hoffenheim,1,1,0,83.61666666666666,83.61666666666666,0
id:din1091,id:makijeon,1,1,0,5.366666666666666,5.366666666666666,0
id:din1091,id:spoops,1,1,0,9.35,9.35,0
id:djsi,id:eddie,1,1,0,6.8,6.8,0
id:djsi,id:pearson19,1,1,0,6.566666666666666,6.566666666666666,0
id:dlawls,id:Clocks,1,1,0,39.083333333333336,39.083333333333336,0
id:dlawls,id:bvbreus11,1,1,0,18.466666666666665,18.466666666666665,0
id:dlawls,id:dining,1,1,0,12.583333333333334,12.583333333333334,0
id:dlawls,id:dlawls,1,1,0,13.466666666666667,13.466666666666667,1
id:dlawls,id:dondekhmann,1,1,0,8.033333333333333,8.033333333333333,0
id:dlawls,id:epist,1,1,0,5.566666666666666,5.566666666666666,0
id:dlawls,id:flareburst,1,1,0,90.8,90.8,0
id:dlawls,id:fsoo1187,1,1,0,380.05,380.05,0
id:dlawls,id:gracepark31,1,1,0,18.383333333333333,18.383333333333333,0
id:dlawls,id:horizon,1,1,0,8.483333333333333,8.483333333333333,0
id:dlawls,id:hs10107,1,1,0,32.1,32.1,0
id:dlawls,id:kaizennf,1,1,0,57.28333333333333,57.28333333333333,0
id:dlawls,id:kanoutsider,1,1,0,13.983333333333333,13.983333333333333,0
id:dlawls,id:kaoruchan,1,1,0,452.6166666666667,452.6166666666667,0
id:dlawls,id:makijeon,1,1,0,8.833333333333334,8.833333333333334,0
id:dlawls,id:messiya2022,1,1,0,5.55,5.55,0
id:dlawls,id:moohootae,1,1,0,57.38333333333333,57.38333333333333,0
id:dlawls,id:osodos,1,1,0,6.966666666666667,6.966666666666667,0
id:dlawls,id:pufs,1,1,0,20.4,20.4,0
id:dlawls,id:ses2580k,1,1,0,8.166666666666666,8.166666666666666,0
id:dlawls,id:sinn556i,1,1,0,5.5,5.5,0
id:dlawls,id:tjfghksss,1,1,0,19.066666666666666,19.066666666666666,0
id:dlawls,id:whksrns,1,1,0,23.033333333333335,23.033333333333335,0
id:dlawls,id:woobo,1,1,0,15.866666666666667,15.866666666666667,0
id:dlawls,id:yhtuos,1,1,0,5.116666666666666,5.116666666666666,0
id:dlawls,id:zero080,1,1,0,17.283333333333335,17.283333333333335,0
id:dleoduq10004,id:bluepillz,1,1,0,8.8,8.8,0
id:dleoduq10004,id:cstk1007,1,1,0,26.166666666666668,26.166666666666668,0
id:dleoduq10004,id:gerrard88,1,1,0,5.366666666666666,5.366666666666666,0
id:dleoduq10004,id:hpkim90,1,1,0,32.81666666666667,32.81666666666667,0
id:dleoduq10004,id:kim2pac,1,1,0,5.816666666666666,5.816666666666666,0
id:dleoduq10004,id:kiriman,1,1,0,13.616666666666667,13.616666666666667,0
id:dleoduq10004,id:kyoijjoo,1,1,0,9.95,9.95,0
id:dleoduq10004,id:ok2id,1,1,0,14.033333333333333,14.033333333333333,0
id:dleoduq1234,id:-_-)(jj1211,1,1,0,5.45,5.45,0
id:dleoduq1234,id:BongGu1103,1,1,0,12.05,12.05,0
id:dleoduq1234,id:Ibrahima,1,1,0,5.866666666666666,5.866666666666666,0
id:dleoduq1234,id:ImDoubleJ,1,1,0,62.65,62.65,0
id:dleoduq1234,id:MementoMori,1,1,0,18.883333333333333,18.883333333333333,0
id:dleoduq1234,id:Volvo,1,1,0,21.15,21.15,0
id:dleoduq1234,id:azulyoro,1,1,0,260.4,260.4,0
id:dleoduq1234,id:childpicture,1,1,0,6.033333333333333,6.033333333333333,0
id:dleoduq1234,id:cubana,1,1,0,38.78333333333333,38.78333333333333,0
id:dleoduq1234,id:dleoduq1234,1,1,0,6.016666666666667,6.016666666666667,1
id:dleoduq1234,id:eobuba74,1,1,0,65.66666666666667,65.66666666666667,0
id:dleoduq1234,id:hwarangsky7,1,1,0,32.0,32.0,0
id:dleoduq1234,id:hypeboy,1,1,0,24.833333333333332,24.833333333333332,0
id:dleoduq1234,id:kim2pac,1,1,0,19.683333333333334,19.683333333333334,0
id:dleoduq1234,id:kiriman,1,1,0,6.75,6.75,0
id:dleoduq1234,id:ksb7872,1,1,0,52.333333333333336,52.333333333333336,0
id:dleoduq1234,id:lena4563,1,1,0,39.15,39.15,0
id:dleoduq1234,id:powerslam1,1,1,0,11.533333333333333,11.533333333333333,0
id:dleoduq1234,id:progamer77,1,1,0,8.9,8.9,0
id:dleoduq1234,id:roe2k,1,1,0,60.166666666666664,60.166666666666664,0
id:dleoduq1234,id:shkj22,1,1,0,20.016666666666666,20.016666666666666,0
id:dleoduq1234,id:summernight,1,1,0,6.166666666666667,6.166666666666667,0
id:dleoduq1234,id:wishofyou,1,1,0,7.8,7.8,0
id:dleoduq1234,id:yoshiki2,1,1,0,13.316666666666666,13.316666666666666,0
id:dolbegae,id:santos10,1,1,0,28.45,28.45,0
id:dondekhmann,id:god18xx,1,1,0,32.35,32.35,0
id:dondekhmann,id:kanoutsider,1,1,0,53.11666666666667,53.11666666666667,0
id:dondekhmann,id:reiun,1,1,0,6.533333333333333,6.533333333333333,0
id:donka,id:Realaqua,1,1,0,47.3,47.3,0
id:donka,id:antivan,1,1,0,354.3833333333333,354.3833333333333,0
id:donka,id:bbggkkk,1,1,0,18.716666666666665,18.716666666666665,0
id:donka,id:figo7428,1,1,0,26.433333333333334,26.433333333333334,0
id:donka,id:hanlobby,1,1,0,161.71666666666667,161.71666666666667,0
id:donka,id:hoffenheim,1,1,0,8.4,8.4,0
id:donka,id:jejajj9,1,1,0,28.866666666666667,28.866666666666667,0
id:donka,id:lovestory,1,1,0,175.85,175.85,0
id:donka,id:ngis11,1,1,0,249.38333333333333,249.38333333333333,0
id:donka,id:oasiticjoo19,1,1,0,8.4,8.4,0
id:donka,id:progamer77,1,1,0,7.5,7.5,0
id:donka,id:pullmeunder,1,1,0,206.08333333333334,206.08333333333334,0
id:donka,id:redondor,1,1,0,306.45,306.45,0
id:donka,id:sounited13,1,1,0,5.666666666666667,5.666666666666667,0
id:donka,id:tjdmsdud,1,1,0,194.4,194.4,0
id:donka,id:wheotjd1,1,1,0,6.9,6.9,0
id:donka,id:wildoroiss,1,1,0,48.53333333333333,48.53333333333333,0
id:donka,id:xxvxx,1,1,0,7.55,7.55,0
id:donka,id:yjs1g,1,1,0,21.166666666666668,21.166666666666668,0
id:doochangman,id:BlackEyes23,1,1,0,9.616666666666667,9.616666666666667,0
id:doochangman,id:Sejongutd1,1,1,0,5.55,5.55,0
id:doochangman,id:leoperiseus,1,1,0,28.716666666666665,28.716666666666665,0
id:doochangman,id:xxvxx,1,1,0,6.866666666666666,6.866666666666666,0
id:dosa0705,id:0405psv,1,1,0,10.783333333333333,10.783333333333333,0
id:dosa0705,id:dining,1,1,0,23.2,23.2,0
id:dosa0705,id:hinboong,1,1,0,443.18333333333334,443.18333333333334,0
id:dosa0705,id:juventus82,1,1,0,37.36666666666667,37.36666666666667,0
id:dosa0705,id:khj0309,1,1,0,18.6,18.6,0
id:dosa0705,id:lim0620,1,1,0,66.46666666666667,66.46666666666667,0
id:dosa0705,id:loadone,1,1,0,481.65,481.65,0
id:dosa0705,id:malwool,1,1,0,17.566666666666666,17.566666666666666,0
id:dosa0705,id:messiya2022,1,1,0,12.383333333333333,12.383333333333333,0
id:dosa0705,id:sinn556i,1,1,0,8.616666666666667,8.616666666666667,0
id:dosa0705,id:sounited13,1,1,0,8.083333333333334,8.083333333333334,0
id:dosa0705,id:wltlswhd,1,1,0,42.916666666666664,42.916666666666664,0
id:dress7,id:Bluewings21,1,1,0,32.96666666666667,32.96666666666667,0
id:dress7,id:bomulsearch,1,1,0,5.483333333333333,5.483333333333333,0
id:dress7,id:jmw1121,1,1,0,15.5,15.5,0
id:dress7,id:kinomayu,1,1,0,11.133333333333333,11.133333333333333,0
id:dress7,id:kostanjino,1,1,0,10.766666666666667,10.766666666666667,0
id:dress7,id:monkjm,1,1,0,36.03333333333333,36.03333333333333,0
id:dress7,id:mymoretz1,1,1,0,41.166666666666664,41.166666666666664,0
id:dress7,id:pearson19,1,1,0,5.9,5.9,0
id:dress7,id:solution78,1,1,0,9.116666666666667,9.116666666666667,0
id:dt4evamore,id:bluepillz,1,1,0,27.9,27.9,0
id:dt4evamore,id:gbu17,1,1,0,10.516666666666667,10.516666666666667,0
id:dt4evamore,id:luna7742,1,1,0,5.383333333333334,5.383333333333334,0
id:dt4evamore,id:sexline,1,1,0,8.116666666666667,8.116666666666667,0
id:edh2och,id:1987vintage,1,1,0,36.95,36.95,0
id:edh2och,id:ImDoubleJ,1,1,0,33.18333333333333,33.18333333333333,0
id:edh2och,id:arteta8,1,1,0,10.95,10.95,0
id:edh2och,id:ckgh73,1,1,0,10.65,10.65,0
id:edh2och,id:disama,1,1,0,15.033333333333333,15.033333333333333,0
id:edh2och,id:hoffenheim,1,1,0,6.433333333333334,6.433333333333334,0
id:edh2och,id:ifleet,1,1,0,27.65,27.65,0
id:edh2och,id:life13579,1,1,0,26.766666666666666,26.766666666666666,0
id:edh2och,id:okao,1,1,0,7.583333333333333,7.583333333333333,0
id:edh2och,id:olduser,1,1,0,121.26666666666667,121.26666666666667,0
id:edh2och,id:redondor,1,1,0,13.3,13.3,0
id:edh2och,id:rwingback,1,1,0,26.45,26.45,0
id:edh2och,id:solution78,1,1,0,6.583333333333333,6.583333333333333,0
id:edh2och,id:ulsan0101,1,1,0,13.4,13.4,0
id:edh2och,id:whoshot,1,1,0,11.516666666666667,11.516666666666667,0
id:ehdtks9286,id:HONG43,1,1,0,7.066666666666666,7.066666666666666,0
id:ehdtks9286,id:MementoMori,1,1,0,36.61666666666667,36.61666666666667,0
id:ehdtks9286,id:Milner7,1,1,0,32.583333333333336,32.583333333333336,0
id:ehdtks9286,id:akazom,1,1,0,24.75,24.75,0
id:ehdtks9286,id:boba1983,1,1,0,6.316666666666666,6.316666666666666,0
id:ehdtks9286,id:carlos02k,1,1,0,17.666666666666668,17.666666666666668,0
id:ehdtks9286,id:claralike123,1,1,0,8.166666666666666,8.166666666666666,0
id:ehdtks9286,id:cytokine1234,1,1,0,15.916666666666666,15.916666666666666,0
id:ehdtks9286,id:darthfish,1,1,0,34.7,34.7,0
id:ehdtks9286,id:dlawls,1,1,0,9.583333333333334,9.583333333333334,0
id:ehdtks9286,id:doggye,1,1,0,18.55,18.55,0
id:ehdtks9286,id:dryskel7,1,1,0,29.2,29.2,0
id:ehdtks9286,id:ehsaksk,1,1,0,5.55,5.55,0
id:ehdtks9286,id:eiskzm,1,1,0,16.533333333333335,16.533333333333335,0
id:ehdtks9286,id:eobuba74,1,1,0,22.316666666666666,22.316666666666666,0
id:ehdtks9286,id:ex400,1,1,0,5.166666666666667,5.166666666666667,0
id:ehdtks9286,id:forest,1,1,0,80.88333333333334,80.88333333333334,0
id:ehdtks9286,id:gotocity1,1,1,0,24.433333333333334,24.433333333333334,0
id:ehdtks9286,id:grit,1,1,0,22.383333333333333,22.383333333333333,0
id:ehdtks9286,id:hypeboy,1,1,0,6.516666666666667,6.516666666666667,0
id:ehdtks9286,id:j8wkfn,1,1,0,8.633333333333333,8.633333333333333,0
id:ehdtks9286,id:kanoutsider,1,1,0,42.083333333333336,42.083333333333336,0
id:ehdtks9286,id:kimga333,1,1,0,7.85,7.85,0
id:ehdtks9286,id:lfcthismeans,1,1,0,6.333333333333333,6.333333333333333,0
id:ehdtks9286,id:lovestory,1,1,0,302.7,302.7,0
id:ehdtks9286,id:makaloni,1,1,0,16.316666666666666,16.316666666666666,0
id:ehdtks9286,id:nicehost1234,1,1,0,13.75,13.75,0
id:ehdtks9286,id:nongbunim,1,1,0,35.166666666666664,35.166666666666664,0
id:ehdtks9286,id:orangein0775,1,1,0,75.01666666666667,75.01666666666667,0
id:ehdtks9286,id:phantom112,1,1,0,15.516666666666667,15.516666666666667,0
id:ehdtks9286,id:pjhwinner,1,1,0,19.966666666666665,19.966666666666665,0
id:ehdtks9286,id:rainshowerkk,1,1,0,15.866666666666667,15.866666666666667,0
id:ehdtks9286,id:rascol,1,1,0,87.86666666666666,87.86666666666666,0
id:ehdtks9286,id:raulgonzo,1,1,0,10.216666666666667,10.216666666666667,0
id:ehdtks9286,id:riverpine,1,1,0,58.06666666666667,58.06666666666667,0
id:ehdtks9286,id:rkwhrdo11,1,1,0,5.883333333333334,5.883333333333334,0
id:ehdtks9286,id:soccersucker,1,1,0,52.6,52.6,0
id:ehdtks9286,id:stabbie81,1,1,0,5.933333333333334,5.933333333333334,0
id:ehdtks9286,id:supremebape,1,1,0,13.116666666666667,13.116666666666667,0
id:ehdtks9286,id:traum0105,1,1,0,50.266666666666666,50.266666666666666,0
id:ehdtks9286,id:yeonrang,1,1,0,30.55,30.55,0
id:ehdtks9286,id:zxcvv,1,1,0,13.75,13.75,0
id:ehsaksk,id:bbaks321,1,1,0,16.6,16.6,0
id:ehsaksk,id:dlawls,1,1,0,45.88333333333333,45.88333333333333,0
id:ehsaksk,id:hjsa2004,1,1,0,6.85,6.85,0
id:ehsaksk,id:kiriman,1,1,0,16.866666666666667,16.866666666666667,0
id:ehsaksk,id:roe2k,1,1,0,8.633333333333333,8.633333333333333,0
id:eiskzm,id:eiskzm,1,1,0,12.083333333333334,12.083333333333334,1
id:eiskzm,id:mirissoul2,1,1,0,28.55,28.55,0
id:eiskzm,id:summernight,1,1,0,23.766666666666666,23.766666666666666,0
id:ejirall,id:Mobaraeram,1,1,0,11.666666666666666,11.666666666666666,0
id:ejirall,id:artemismoon,1,1,0,5.216666666666667,5.216666666666667,0
id:ejirall,id:cokabel,1,1,0,5.633333333333334,5.633333333333334,0
id:ejirall,id:hypeboy,1,1,0,8.85,8.85,0
id:ejirall,id:j8wkfn,1,1,0,439.9166666666667,439.9166666666667,0
id:ejirall,id:kicheon,1,1,0,102.95,102.95,0
id:ejirall,id:oasiticjoo19,1,1,0,12.716666666666667,12.716666666666667,0
id:ejirall,id:start4u,1,1,0,266.8333333333333,266.8333333333333,0
id:ejirall,id:tkrldh,1,1,0,27.7,27.7,0
id:ejirall,id:tlsdltld,1,1,0,8.783333333333333,8.783333333333333,0
id:ejirall,id:xxvxx,1,1,0,9.95,9.95,0
id:ejirall,id:yeodarl,1,1,0,16.55,16.55,0
id:ellen829,id:Bluewings21,1,1,0,10.8,10.8,0
id:ellen829,id:BongGu1103,1,1,0,179.01666666666668,179.01666666666668,0
id:ellen829,id:Yeste,1,1,0,11.2,11.2,0
id:ellen829,id:adios00,1,1,0,107.06666666666666,107.06666666666666,0
id:ellen829,id:angre825blk,1,1,0,129.98333333333332,129.98333333333332,0
id:ellen829,id:bluepillz,1,1,0,9.966666666666667,9.966666666666667,0
id:ellen829,id:bollex,1,1,0,337.3,337.3,0
id:ellen829,id:chj30737,1,1,0,1485.5666666666666,1485.5666666666666,0
id:ellen829,id:chojja,1,1,0,376.53333333333336,376.53333333333336,0
id:ellen829,id:consul,1,1,0,8.483333333333333,8.483333333333333,0
id:ellen829,id:darkchoco,1,1,0,219.1,219.1,0
id:ellen829,id:dbwjddks2,1,1,0,71.01666666666667,71.01666666666667,0
id:ellen829,id:dlawls,1,1,0,8.283333333333333,8.283333333333333,0
id:ellen829,id:dmis2111,1,1,0,227.85,227.85,0
id:ellen829,id:dono,1,1,0,365.73333333333335,365.73333333333335,0
id:ellen829,id:dryskel7,1,1,0,300.68333333333334,300.68333333333334,0
id:ellen829,id:dt4evamore,1,1,0,429.15,429.15,0
id:ellen829,id:eugenenah17,1,1,0,388.1,388.1,0
id:ellen829,id:fantak,1,1,0,58.3,58.3,0
id:ellen829,id:gongspil,1,1,0,396.4,396.4,0
id:ellen829,id:gosari,1,1,0,75.61666666666666,75.61666666666666,0
id:ellen829,id:headworld,1,1,0,338.8666666666667,338.8666666666667,0
id:ellen829,id:hobiyam,1,1,0,1542.4,1542.4,0
id:ellen829,id:kimkey,1,1,0,59.416666666666664,59.416666666666664,0
id:ellen829,id:kkachi1010,1,1,0,264.45,264.45,0
id:ellen829,id:kyul1107,1,1,0,10.4,10.4,0
id:ellen829,id:latemechanic,1,1,0,235.98333333333332,235.98333333333332,0
id:ellen829,id:leoperiseus,1,1,0,72.16666666666667,72.16666666666667,0
id:ellen829,id:malmir30,1,1,0,2867.75,2867.75,0
id:ellen829,id:megacoffee25,1,1,0,7.0,7.0,0
id:ellen829,id:ngis11,1,1,0,322.8666666666667,322.8666666666667,0
id:ellen829,id:psj205,1,1,0,126.46666666666667,126.46666666666667,0
id:ellen829,id:publicatio,1,1,0,140.51666666666668,140.51666666666668,0
id:ellen829,id:qwerty4718,1,1,0,194.06666666666666,194.06666666666666,0
id:ellen829,id:raistlin1,1,1,0,1105.9166666666667,1105.9166666666667,0
id:ellen829,id:rokafryu,1,1,0,312.73333333333335,312.73333333333335,0
id:ellen829,id:rukk7812,1,1,0,289.3333333333333,289.3333333333333,0
id:ellen829,id:scat1221,1,1,0,5.483333333333333,5.483333333333333,0
id:ellen829,id:seoulite01,1,1,0,6.75,6.75,0
id:ellen829,id:soccerholy,1,1,0,244.05,244.05,0
id:ellen829,id:sonhh,1,1,0,36.11666666666667,36.11666666666667,0
id:ellen829,id:tgibhh111,1,1,0,83.3,83.3,0
id:ellen829,id:tjdqhrehd,1,1,0,101.45,101.45,0
id:ellen829,id:tkzjfkdlsd,1,1,0,387.23333333333335,387.23333333333335,0
id:ellen829,id:xltpdntm2005,1,1,0,371.9166666666667,371.9166666666667,0
id:ellen829,id:yeodarl,1,1,0,1139.9833333333333,1139.9833333333333,0
id:ellen829,id:yjkown,1,1,0,152.65,152.65,0
id:ellen829,id:zesus91,1,1,0,378.85,378.85,0
id:enckdtlqkf,id:chioo38,1,1,0,24.533333333333335,24.533333333333335,0
id:englfish,id:fantak,1,1,0,43.766666666666666,43.766666666666666,0
id:englfish,id:roe2k,1,1,0,28.4,28.4,0
id:epist,id:NANRIBLUCE,1,1,0,16.95,16.95,0
id:epist,id:againstwin80,1,1,0,7.016666666666667,7.016666666666667,0
id:epist,id:alfatini,1,1,0,6.266666666666667,6.266666666666667,0
id:epist,id:aroha86,1,1,0,12.366666666666667,12.366666666666667,0
id:epist,id:erec,1,1,0,6.0,6.0,0
id:epist,id:forest,1,1,0,28.133333333333333,28.133333333333333,0
id:epist,id:hsando1,1,1,0,99.51666666666667,99.51666666666667,0
id:epist,id:masok01,1,1,0,37.5,37.5,0
id:epist,id:okotai,1,1,0,10.433333333333334,10.433333333333334,0
id:epist,id:roe2k,1,1,0,15.25,15.25,0
id:epist,id:soparkbj,1,1,0,17.0,17.0,0
id:erai7007,id:cubana,1,1,0,23.316666666666666,23.316666666666666,0
id:erai7007,id:dialine,1,1,0,41.583333333333336,41.583333333333336,0
id:erai7007,id:say1673,1,1,0,8.666666666666666,8.666666666666666,0
id:erec,id:monkjm,1,1,0,15.433333333333334,15.433333333333334,0
id:erec,id:roe2k,1,1,0,98.01666666666667,98.01666666666667,0
id:eufc,id:bundes1,1,1,0,7.783333333333333,7.783333333333333,0
id:euji,id:cubana,1,1,0,32.63333333333333,32.63333333333333,0
id:euji,id:ddmcd,1,1,0,22.866666666666667,22.866666666666667,0
id:euji,id:didier11,1,1,0,9.816666666666666,9.816666666666666,0
id:euji,id:eufc,1,1,0,22.95,22.95,0
id:euji,id:kiriman,1,1,0,8.716666666666667,8.716666666666667,0
id:euji,id:naco16,1,1,0,11.383333333333333,11.383333333333333,0
id:euji,id:okao,1,1,0,7.65,7.65,0
id:euji,id:spoops,1,1,0,11.45,11.45,0
id:euji,id:taz79,1,1,0,27.933333333333334,27.933333333333334,0
id:euji,id:timediver,1,1,0,9.35,9.35,0
id:euji,id:yo821281,1,1,0,14.233333333333333,14.233333333333333,0
id:everton87,id:djsi,1,1,0,21.1,21.1,0
id:everton87,id:whddlqlgodrl,1,1,0,21.983333333333334,21.983333333333334,0
id:ex400,id:alfatini,1,1,0,7.516666666666667,7.516666666666667,0
id:ex400,id:ferrari947,1,1,0,13.083333333333334,13.083333333333334,0
id:ex400,id:timediver,1,1,0,23.05,23.05,0
id:fantak,id:0979yj,1,1,0,51.983333333333334,51.983333333333334,0
id:fantak,id:2419,1,1,0,435.5833333333333,435.5833333333333,0
id:fantak,id:Brown,1,1,0,161.81666666666666,161.81666666666666,0
id:fantak,id:DKisKing,1,1,0,10.7,10.7,0
id:fantak,id:Mb8282,1,1,0,6.983333333333333,6.983333333333333,0
id:fantak,id:Whaled,1,1,0,49.11666666666667,49.11666666666667,0
id:fantak,id:Yeste,1,1,0,18.333333333333332,18.333333333333332,0
id:fantak,id:againstwin80,1,1,0,425.9,425.9,0
id:fantak,id:ahjz1016,1,1,0,67.48333333333333,67.48333333333333,0
id:fantak,id:angre825blk,1,1,0,6.983333333333333,6.983333333333333,0
id:fantak,id:antivan,1,1,0,148.9,148.9,0
id:fantak,id:azulyoro,1,1,0,14.933333333333334,14.933333333333334,0
id:fantak,id:bakjang,1,1,0,65.63333333333334,65.63333333333334,0
id:fantak,id:bald80,1,1,0,33.78333333333333,33.78333333333333,0
id:fantak,id:ballast,1,1,0,474.6,474.6,0
id:fantak,id:benben,1,1,0,6.583333333333333,6.583333333333333,0
id:fantak,id:bruno00,1,1,0,899.9666666666667,899.9666666666667,0
id:fantak,id:cafetango,1,1,0,255.23333333333332,255.23333333333332,0
id:fantak,id:charlotte7,1,1,0,459.8833333333333,459.8833333333333,0
id:fantak,id:chicruz,1,1,0,942.6,942.6,0
id:fantak,id:dining,1,1,0,10.15,10.15,0
id:fantak,id:dosa0705,1,1,0,102.63333333333334,102.63333333333334,0
id:fantak,id:doxan,1,1,0,21.75,21.75,0
id:fantak,id:eddie,1,1,0,958.2,958.2,0
id:fantak,id:edh2och,1,1,0,17.85,17.85,0
id:fantak,id:ehihoho,1,1,0,11.816666666666666,11.816666666666666,0
id:fantak,id:ejrwls91,1,1,0,11.3,11.3,0
id:fantak,id:emknud,1,1,0,21.35,21.35,0
id:fantak,id:erec,1,1,0,134.36666666666667,134.36666666666667,0
id:fantak,id:eugenenah17,1,1,0,117.36666666666666,117.36666666666666,0
id:fantak,id:flypcs20,1,1,0,16.416666666666668,16.416666666666668,0
id:fantak,id:footpodo,1,1,0,352.3833333333333,352.3833333333333,0
id:fantak,id:ghks902,1,1,0,359.1166666666667,359.1166666666667,0
id:fantak,id:gldrn12,1,1,0,34.483333333333334,34.483333333333334,0
id:fantak,id:gogumadory,1,1,0,313.51666666666665,313.51666666666665,0
id:fantak,id:hanlobby,1,1,0,7.133333333333334,7.133333333333334,0
id:fantak,id:happojun,1,1,0,214.11666666666667,214.11666666666667,0
id:fantak,id:hinboong,1,1,0,392.95,392.95,0
id:fantak,id:hobiyam,1,1,0,143.78333333333333,143.78333333333333,0
id:fantak,id:hodduk,1,1,0,5.083333333333333,5.083333333333333,0
id:fantak,id:honeypage,1,1,0,38.85,38.85,0
id:fantak,id:hoyaaa,1,1,0,14.266666666666667,14.266666666666667,0
id:fantak,id:hsando1,1,1,0,134.43333333333334,134.43333333333334,0
id:fantak,id:icarus4301,1,1,0,47.6,47.6,0
id:fantak,id:iloveyousun,1,1,0,5.05,5.05,0
id:fantak,id:jdspitz,1,1,0,6.633333333333334,6.633333333333334,0
id:fantak,id:jin9699,1,1,0,362.21666666666664,362.21666666666664,0
id:fantak,id:jinydesign,1,1,0,226.98333333333332,226.98333333333332,0
id:fantak,id:jkv2,1,1,0,274.1,274.1,0
id:fantak,id:k21cstar,1,1,0,12.633333333333333,12.633333333333333,0
id:fantak,id:kakaka10,1,1,0,395.73333333333335,395.73333333333335,0
id:fantak,id:kiriman,1,1,0,154.96666666666667,154.96666666666667,0
id:fantak,id:klay5587,1,1,0,14.466666666666667,14.466666666666667,0
id:fantak,id:koreatop,1,1,0,8.466666666666667,8.466666666666667,0
id:fantak,id:krttdragon,1,1,0,164.3,164.3,0
id:fantak,id:kshorkdosa,1,1,0,282.55,282.55,0
id:fantak,id:life13579,1,1,0,58.333333333333336,58.333333333333336,0
id:fantak,id:mantis,1,1,0,11.166666666666666,11.166666666666666,0
id:fantak,id:megacoffee25,1,1,0,5.55,5.55,0
id:fantak,id:mendieta06,1,1,0,453.81666666666666,453.81666666666666,0
id:fantak,id:metalgear,1,1,0,123.01666666666667,123.01666666666667,0
id:fantak,id:mhp3rd,1,1,0,130.21666666666667,130.21666666666667,0
id:fantak,id:minam333,1,1,0,404.85,404.85,0
id:fantak,id:minjaekore,1,1,0,417.5833333333333,417.5833333333333,0
id:fantak,id:mnyj,1,1,0,15.1,15.1,0
id:fantak,id:nuhz85,1,1,0,971.7333333333333,971.7333333333333,0
id:fantak,id:powerslam1,1,1,0,457.46666666666664,457.46666666666664,0
id:fantak,id:powerwkill1,1,1,0,334.26666666666665,334.26666666666665,0
id:fantak,id:press21cc,1,1,0,7.166666666666667,7.166666666666667,0
id:fantak,id:priport,1,1,0,5.216666666666667,5.216666666666667,0
id:fantak,id:progamer77,1,1,0,170.35,170.35,0
id:fantak,id:psoo707,1,1,0,70.66666666666667,70.66666666666667,0
id:fantak,id:pullmeunder,1,1,0,843.4333333333333,843.4333333333333,0
id:fantak,id:qnflsdl,1,1,0,22.616666666666667,22.616666666666667,0
id:fantak,id:raistlin1,1,1,0,7.533333333333333,7.533333333333333,0
id:fantak,id:rararabbon,1,1,0,14.966666666666667,14.966666666666667,0
id:fantak,id:ration,1,1,0,468.1,468.1,0
id:fantak,id:raul7143,1,1,0,29.816666666666666,29.816666666666666,0
id:fantak,id:realjuno83,1,1,0,486.1,486.1,0
id:fantak,id:recur,1,1,0,34.35,34.35,0
id:fantak,id:redallen,1,1,0,71.35,71.35,0
id:fantak,id:regnier,1,1,0,92.38333333333334,92.38333333333334,0
id:fantak,id:roe2k,1,1,0,49.05,49.05,0
id:fantak,id:sbw1249,1,1,0,15.15,15.15,0
id:fantak,id:sexline,1,1,0,21.666666666666668,21.666666666666668,0
id:fantak,id:simpleisbest,1,1,0,9.116666666666667,9.116666666666667,0
id:fantak,id:sjinp,1,1,0,2130.016666666667,2130.016666666667,0
id:fantak,id:skylky,1,1,0,91.7,91.7,0
id:fantak,id:sm101v,1,1,0,5.933333333333334,5.933333333333334,0
id:fantak,id:solvebab,1,1,0,60.25,60.25,0
id:fantak,id:soparkbj,1,1,0,1121.4333333333334,1121.4333333333334,0
id:fantak,id:srcyphs,1,1,0,24.383333333333333,24.383333333333333,0
id:fantak,id:taebari,1,1,0,8.5,8.5,0
id:fantak,id:taz79,1,1,0,251.36666666666667,251.36666666666667,0
id:fantak,id:timediver,1,1,0,281.25,281.25,0
id:fantak,id:tjdqhrehd,1,1,0,12.066666666666666,12.066666666666666,0
id:fantak,id:tkrhdgus1,1,1,0,22.966666666666665,22.966666666666665,0
id:fantak,id:totobb0111,1,1,0,14.05,14.05,0
id:fantak,id:v1004ses,1,1,0,6.15,6.15,0
id:fantak,id:vlffpqhtm,1,1,0,320.18333333333334,320.18333333333334,0
id:fantak,id:vnweq956,1,1,0,15.766666666666667,15.766666666666667,0
id:fantak,id:yelloweyes,1,1,0,31.683333333333334,31.683333333333334,0
id:fantak,id:yellowsoul,1,1,0,140.0,140.0,0
id:fantak,id:yeonrang,1,1,0,5.883333333333334,5.883333333333334,0
id:fantak,id:yoon4859,1,1,0,10.6,10.6,0
id:fantak,id:yun9h1,1,1,0,36.68333333333333,36.68333333333333,0
id:fantak,id:zesus91,1,1,0,321.73333333333335,321.73333333333335,0
id:fantak,id:zkdltmffks,1,1,0,53.016666666666666,53.016666666666666,0
id:fantak,id:zxcvv,1,1,0,7.116666666666666,7.116666666666666,0
id:ffk12349,id:Milner7,1,1,0,32.333333333333336,32.333333333333336,0
id:ffk12349,id:bald80,1,1,0,29.5,29.5,0
id:ffk12349,id:citable,1,1,0,27.85,27.85,0
id:ffk12349,id:dress7,1,1,0,15.883333333333333,15.883333333333333,0
id:ffk12349,id:iglaman,1,1,0,112.4,112.4,0
id:ffk12349,id:itemptu2,1,1,0,6.083333333333333,6.083333333333333,0
id:ffk12349,id:j8wkfn,1,1,0,59.266666666666666,59.266666666666666,0
id:ffk12349,id:sinn556i,1,1,0,13.683333333333334,13.683333333333334,0
id:flamans1,id:dewsd,1,1,0,13.0,13.0,0
id:flamans1,id:diminish,1,1,0,10.0,10.0,0
id:flamans1,id:huntingdog,1,1,0,70.08333333333333,70.08333333333333,0
id:flamans1,id:kanoutsider,1,1,0,66.88333333333334,66.88333333333334,0
id:flamans1,id:klay5587,1,1,0,40.11666666666667,40.11666666666667,0
id:flamans1,id:ktma1001,1,1,0,11.966666666666667,11.966666666666667,0
id:flamans1,id:mirissoul2,1,1,0,26.083333333333332,26.083333333333332,0
id:flamans1,id:sta0505,1,1,0,13.65,13.65,0
id:flamans1,id:taz79,1,1,0,5.183333333333334,5.183333333333334,0
id:flamans1,id:yally1010,1,1,0,46.75,46.75,0
id:flat,id:hvoice,1,1,0,21.833333333333332,21.833333333333332,0
id:flat,id:malwool,1,1,0,11.966666666666667,11.966666666666667,0
id:flypcs20,id:MementoMori,1,1,0,458.06666666666666,458.06666666666666,0
id:flypcs20,id:Mukari07,1,1,0,27.05,27.05,0
id:flypcs20,id:anarkor,1,1,0,398.71666666666664,398.71666666666664,0
id:flypcs20,id:annessa,1,1,0,93.56666666666666,93.56666666666666,0
id:flypcs20,id:apolosh,1,1,0,34.25,34.25,0
id:flypcs20,id:azsxdc,1,1,0,8.333333333333334,8.333333333333334,0
id:flypcs20,id:chily0117,1,1,0,6.85,6.85,0
id:flypcs20,id:chun1149,1,1,0,26.666666666666668,26.666666666666668,0
id:flypcs20,id:cytokine1234,1,1,0,20.666666666666668,20.666666666666668,0
id:flypcs20,id:electricSM,1,1,0,347.1333333333333,347.1333333333333,0
id:flypcs20,id:englfish,1,1,0,5.2,5.2,0
id:flypcs20,id:euji,1,1,0,5.683333333333334,5.683333333333334,0
id:flypcs20,id:gary2502,1,1,0,105.06666666666666,105.06666666666666,0
id:flypcs20,id:ggum0205,1,1,0,9.083333333333334,9.083333333333334,0
id:flypcs20,id:hwarang34,1,1,0,18.266666666666666,18.266666666666666,0
id:flypcs20,id:hypeboy,1,1,0,9.5,9.5,0
id:flypcs20,id:iglaman,1,1,0,17.85,17.85,0
id:flypcs20,id:iloveyousun,1,1,0,392.05,392.05,0
id:flypcs20,id:kaluzny,1,1,0,20.766666666666666,20.766666666666666,0
id:flypcs20,id:kkt1216,1,1,0,271.53333333333336,271.53333333333336,0
id:flypcs20,id:kokand1912,1,1,0,245.96666666666667,245.96666666666667,0
id:flypcs20,id:loki83,1,1,0,413.01666666666665,413.01666666666665,0
id:flypcs20,id:monkjm,1,1,0,8.733333333333333,8.733333333333333,0
id:flypcs20,id:peace0919,1,1,0,297.55,297.55,0
id:flypcs20,id:placebo,1,1,0,453.3666666666667,453.3666666666667,0
id:flypcs20,id:progamer77,1,1,0,125.9,125.9,0
id:flypcs20,id:rngns,1,1,0,2701.45,2701.45,0
id:flypcs20,id:roe2k,1,1,0,42.233333333333334,42.233333333333334,0
id:flypcs20,id:sheep3337,1,1,0,8.533333333333333,8.533333333333333,0
id:flypcs20,id:spoops,1,1,0,123.23333333333333,123.23333333333333,0
id:flypcs20,id:tjfghksss,1,1,0,15.266666666666667,15.266666666666667,0
id:flypcs20,id:tkmiles,1,1,0,91.13333333333334,91.13333333333334,0
id:flypcs20,id:whoshot,1,1,0,291.21666666666664,291.21666666666664,0
id:fngosrkdl1,id:fngosrkdl1,1,1,0,30.8,30.8,1
id:fngosrkdl1,id:messiya2022,1,1,0,26.583333333333332,26.583333333333332,0
id:fordebby,id:Mobaraeram,1,1,0,50.31666666666667,50.31666666666667,0
id:fordebby,id:dialine,1,1,0,67.21666666666667,67.21666666666667,0
id:fungus,id:jdspitz,1,1,0,10.016666666666667,10.016666666666667,0
id:garkas86,id:garkas86,1,1,0,19.45,19.45,1
id:geni0,id:adios00,1,1,0,7.816666666666666,7.816666666666666,0
id:geni0,id:boba1983,1,1,0,5.916666666666667,5.916666666666667,0
id:geni0,id:cafetango,1,1,0,7.383333333333334,7.383333333333334,0
id:geni0,id:dleoduq1234,1,1,0,5.966666666666667,5.966666666666667,0
id:geni0,id:epist,1,1,0,9.566666666666666,9.566666666666666,0
id:geni0,id:leoperiseus,1,1,0,41.75,41.75,0
id:geni0,id:maelsy99,1,1,0,7.75,7.75,0
id:geni0,id:malwool,1,1,0,6.816666666666666,6.816666666666666,0
id:geni0,id:qmffnrhs3454,1,1,0,5.516666666666667,5.516666666666667,0
id:geni0,id:wind1123,1,1,0,14.4,14.4,0
id:gerrard88,id:YoLaTengo,1,1,0,6.966666666666667,6.966666666666667,0
id:gerrard88,id:aracra,1,1,0,33.21666666666667,33.21666666666667,0
id:gerrard88,id:bulbol,1,1,0,8.366666666666667,8.366666666666667,0
id:gerrard88,id:cauking,1,1,0,5.25,5.25,0
id:gerrard88,id:deviljin,1,1,0,13.083333333333334,13.083333333333334,0
id:gerrard88,id:djsi,1,1,0,11.233333333333333,11.233333333333333,0
id:gerrard88,id:epist,1,1,0,7.433333333333334,7.433333333333334,0
id:gerrard88,id:hopes,1,1,0,9.233333333333333,9.233333333333333,0
id:gerrard88,id:jeffkent,1,1,0,7.633333333333334,7.633333333333334,0
id:gerrard88,id:lfcthismeans,1,1,0,7.116666666666666,7.116666666666666,0
id:gerrard88,id:mirissoul2,1,1,0,20.2,20.2,0
id:gerrard88,id:nox911,1,1,0,6.266666666666667,6.266666666666667,0
id:gerrard88,id:okao,1,1,0,7.55,7.55,0
id:gerrard88,id:placebo,1,1,0,28.116666666666667,28.116666666666667,0
id:gerrard88,id:rwingback,1,1,0,23.5,23.5,0
id:gerrard88,id:tkrldh,1,1,0,12.65,12.65,0
id:gerrard88,id:新) 허정무(blue123,1,1,0,13.066666666666666,13.066666666666666,0
id:gerrardfan,id:claxn7,1,1,0,11.066666666666666,11.066666666666666,0
id:gerrardfan,id:summernight,1,1,0,5.1,5.1,0
id:gerrardfan,id:wind1123,1,1,0,12.25,12.25,0
id:ggum0205,id:zkdltmffks,1,1,0,5.016666666666667,5.016666666666667,0
id:gildo33,id:bulbol,1,1,0,14.033333333333333,14.033333333333333,0
id:gildo33,id:rivaldo8606,1,1,0,26.983333333333334,26.983333333333334,0
id:god18xx,id:10bergi,1,1,0,9.266666666666667,9.266666666666667,0
id:god18xx,id:Mobaraeram,1,1,0,8.433333333333334,8.433333333333334,0
id:god18xx,id:NANRIBLUCE,1,1,0,273.01666666666665,273.01666666666665,0
id:god18xx,id:azulyoro,1,1,0,19.366666666666667,19.366666666666667,0
id:god18xx,id:choissi,1,1,0,239.63333333333333,239.63333333333333,0
id:god18xx,id:chojja,1,1,0,453.68333333333334,453.68333333333334,0
id:god18xx,id:claxn7,1,1,0,14.45,14.45,0
id:god18xx,id:cokabel,1,1,0,11.583333333333334,11.583333333333334,0
id:god18xx,id:cubana,1,1,0,253.75,253.75,0
id:god18xx,id:darthfish,1,1,0,11.05,11.05,0
id:god18xx,id:erai7007,1,1,0,347.1666666666667,347.1666666666667,0
id:god18xx,id:footballge,1,1,0,428.73333333333335,428.73333333333335,0
id:god18xx,id:gong586,1,1,0,436.1333333333333,436.1333333333333,0
id:god18xx,id:kicheon,1,1,0,21.833333333333332,21.833333333333332,0
id:god18xx,id:kokomong,1,1,0,16.966666666666665,16.966666666666665,0
id:god18xx,id:loadone,1,1,0,372.4166666666667,372.4166666666667,0
id:god18xx,id:loblue208,1,1,0,5.766666666666667,5.766666666666667,0
id:god18xx,id:modern21,1,1,0,37.55,37.55,0
id:god18xx,id:pjhwinner,1,1,0,34.416666666666664,34.416666666666664,0
id:god18xx,id:psj1905,1,1,0,11.216666666666667,11.216666666666667,0
id:god18xx,id:raulgonzo,1,1,0,1347.1,1347.1,0
id:god18xx,id:redgundam,1,1,0,17.883333333333333,17.883333333333333,0
id:god18xx,id:roe2k,1,1,0,6.083333333333333,6.083333333333333,0
id:god18xx,id:roykie151,1,1,0,5.4,5.4,0
id:god18xx,id:saintdiego,1,1,0,7.55,7.55,0
id:god18xx,id:sangtuk,1,1,0,309.95,309.95,0
id:god18xx,id:sbw1249,1,1,0,23.666666666666668,23.666666666666668,0
id:god18xx,id:seongmina,1,1,0,472.28333333333336,472.28333333333336,0
id:god18xx,id:sexline,1,1,0,18.516666666666666,18.516666666666666,0
id:golfking,id:mansun27,1,1,0,7.716666666666667,7.716666666666667,0
id:grit,id:2egg3things,1,1,0,38.45,38.45,0
id:grit,id:IGoHigh18,1,1,0,28.516666666666666,28.516666666666666,0
id:grit,id:Milner7,1,1,0,8.75,8.75,0
id:grit,id:Sejongutd1,1,1,0,186.28333333333333,186.28333333333333,0
id:grit,id:Tenhag,1,1,0,423.45,423.45,0
id:grit,id:Yeste,1,1,0,117.18333333333334,117.18333333333334,0
id:grit,id:best91,1,1,0,11.75,11.75,0
id:grit,id:blacktube23,1,1,0,7.966666666666667,7.966666666666667,0
id:grit,id:bluewind84,1,1,0,87.63333333333334,87.63333333333334,0
id:grit,id:bonobono234,1,1,0,8.066666666666666,8.066666666666666,0
id:grit,id:bundes1,1,1,0,6.05,6.05,0
id:grit,id:chabum,1,1,0,90.86666666666666,90.86666666666666,0
id:grit,id:chojja,1,1,0,522.9833333333333,522.9833333333333,0
id:grit,id:cksdn852,1,1,0,16.216666666666665,16.216666666666665,0
id:grit,id:doochangman,1,1,0,7.566666666666666,7.566666666666666,0
id:grit,id:dosa0705,1,1,0,44.78333333333333,44.78333333333333,0
id:grit,id:dress7,1,1,0,39.25,39.25,0
id:grit,id:ehdtks9286,1,1,0,24.7,24.7,0
id:grit,id:ehsaksk,1,1,0,20.45,20.45,0
id:grit,id:erec,1,1,0,10.85,10.85,0
id:grit,id:flamans1,1,1,0,6.366666666666666,6.366666666666666,0
id:grit,id:garkas86,1,1,0,74.86666666666666,74.86666666666666,0
id:grit,id:gogumadory,1,1,0,385.31666666666666,385.31666666666666,0
id:grit,id:hinboong,1,1,0,12.75,12.75,0
id:grit,id:ickimceo,1,1,0,1712.15,1712.15,0
id:grit,id:iglaman,1,1,0,301.85,301.85,0
id:grit,id:iskoke,1,1,0,12.116666666666667,12.116666666666667,0
id:grit,id:itaibogi,1,1,0,101.85,101.85,0
id:grit,id:jeffkent,1,1,0,8.95,8.95,0
id:grit,id:juventus82,1,1,0,13.116666666666667,13.116666666666667,0
id:grit,id:kanoutsider,1,1,0,59.18333333333333,59.18333333333333,0
id:grit,id:kaoruchan,1,1,0,14.65,14.65,0
id:grit,id:klay5587,1,1,0,36.38333333333333,36.38333333333333,0
id:grit,id:knight11,1,1,0,5.633333333333334,5.633333333333334,0
id:grit,id:ksb7872,1,1,0,30.183333333333334,30.183333333333334,0
id:grit,id:kyahero,1,1,0,397.1,397.1,0
id:grit,id:lee108123,1,1,0,112.8,112.8,0
id:grit,id:leoperiseus,1,1,0,5.8,5.8,0
id:grit,id:life13579,1,1,0,91.58333333333333,91.58333333333333,0
id:grit,id:loadone,1,1,0,376.5833333333333,376.5833333333333,0
id:grit,id:lovestory,1,1,0,269.06666666666666,269.06666666666666,0
id:grit,id:masterplan5,1,1,0,343.31666666666666,343.31666666666666,0
id:grit,id:megacoffee25,1,1,0,25.316666666666666,25.316666666666666,0
id:grit,id:pmg9525,1,1,0,75.03333333333333,75.03333333333333,0
id:grit,id:radioshot1,1,1,0,9.783333333333333,9.783333333333333,0
id:grit,id:raistlin1,1,1,0,12.483333333333333,12.483333333333333,0
id:grit,id:rascol,1,1,0,24.566666666666666,24.566666666666666,0
id:grit,id:raulgonzo,1,1,0,5.583333333333333,5.583333333333333,0
id:grit,id:redondor,1,1,0,75.81666666666666,75.81666666666666,0
id:grit,id:roe2k,1,1,0,23.55,23.55,0
id:grit,id:rogueone1,1,1,0,8.783333333333333,8.783333333333333,0
id:grit,id:rukk7812,1,1,0,1598.3333333333333,1598.3333333333333,0
id:grit,id:tkrldh,1,1,0,33.583333333333336,33.583333333333336,0
id:grit,id:wjdtjsrb,1,1,0,6.1,6.1,0
id:grit,id:xowhdeo,1,1,0,522.4833333333333,522.4833333333333,0
id:grit,id:yellowsoul,1,1,0,23.483333333333334,23.483333333333334,0
id:grit,id:yhtuos,1,1,0,5.433333333333334,5.433333333333334,0
id:grit,id:yjs1g,1,1,0,6.766666666666667,6.766666666666667,0
id:gum0510,id:1987vintage,1,1,0,10.733333333333333,10.733333333333333,0
id:gum0510,id:HENSON05,1,1,0,17.233333333333334,17.233333333333334,0
id:gum0510,id:Ibrahima,1,1,0,7.616666666666666,7.616666666666666,0
id:gum0510,id:Mokko,1,1,0,7.866666666666666,7.866666666666666,0
id:gum0510,id:aisiteru99,1,1,0,22.433333333333334,22.433333333333334,0
id:gum0510,id:aracra,1,1,0,5.55,5.55,0
id:gum0510,id:arteta8,1,1,0,8.266666666666667,8.266666666666667,0
id:gum0510,id:blue5365,1,1,0,14.583333333333334,14.583333333333334,0
id:gum0510,id:bulbol,1,1,0,9.816666666666666,9.816666666666666,0
id:gum0510,id:charlotte7,1,1,0,40.31666666666667,40.31666666666667,0
id:gum0510,id:dadoocom,1,1,0,21.083333333333332,21.083333333333332,0
id:gum0510,id:din1091,1,1,0,8.633333333333333,8.633333333333333,0
id:gum0510,id:dosa0705,1,1,0,14.983333333333333,14.983333333333333,0
id:gum0510,id:ex400,1,1,0,29.05,29.05,0
id:gum0510,id:hoffenheim,1,1,0,9.433333333333334,9.433333333333334,0
id:gum0510,id:hopes,1,1,0,13.25,13.25,0
id:gum0510,id:jun2312,1,1,0,26.883333333333333,26.883333333333333,0
id:gum0510,id:kaoruchan,1,1,0,25.166666666666668,25.166666666666668,0
id:gum0510,id:kduncan,1,1,0,15.5,15.5,0
id:gum0510,id:kim2pac,1,1,0,5.75,5.75,0
id:gum0510,id:kinomayu,1,1,0,17.183333333333334,17.183333333333334,0
id:gum0510,id:kircheis2004,1,1,0,6.883333333333334,6.883333333333334,0
id:gum0510,id:kuo13,1,1,0,16.783333333333335,16.783333333333335,0
id:gum0510,id:mcraky,1,1,0,52.3,52.3,0
id:gum0510,id:okdk0890,1,1,0,6.316666666666666,6.316666666666666,0
id:gum0510,id:progamer77,1,1,0,8.0,8.0,0
id:gum0510,id:riverpine,1,1,0,15.3,15.3,0
id:gum0510,id:rota007,1,1,0,43.1,43.1,0
id:gum0510,id:soparkbj,1,1,0,47.06666666666667,47.06666666666667,0
id:gum0510,id:truewrap,1,1,0,5.933333333333334,5.933333333333334,0
id:gum0510,id:xxvxx,1,1,0,5.416666666666667,5.416666666666667,0
id:gum0510,id:yuyiyuyi,1,1,0,5.283333333333333,5.283333333333333,0
id:gum0510,id:zenic7,1,1,0,57.43333333333333,57.43333333333333,0
id:haallolee,id:qwert999,1,1,0,9.25,9.25,0
id:haallolee,id:seryu2,1,1,0,7.533333333333333,7.533333333333333,0
id:hak4544,id:IGoHigh18,1,1,0,110.8,110.8,0
id:hak4544,id:akazom,1,1,0,29.1,29.1,0
id:hak4544,id:boba1983,1,1,0,13.283333333333333,13.283333333333333,0
id:hak4544,id:burtsbees,1,1,0,332.96666666666664,332.96666666666664,0
id:hak4544,id:cauking,1,1,0,7.55,7.55,0
id:hak4544,id:cubana,1,1,0,30.616666666666667,30.616666666666667,0
id:hak4544,id:eugenenah17,1,1,0,412.8333333333333,412.8333333333333,0
id:hak4544,id:fsoo1187,1,1,0,421.8,421.8,0
id:hak4544,id:grit,1,1,0,348.65,348.65,0
id:hak4544,id:hsando1,1,1,0,369.9166666666667,369.9166666666667,0
id:hak4544,id:klay5587,1,1,0,108.83333333333333,108.83333333333333,0
id:hak4544,id:loblue208,1,1,0,439.4,439.4,0
id:hak4544,id:lowlands,1,1,0,444.95,444.95,0
id:hak4544,id:prostar0416,1,1,0,38.333333333333336,38.333333333333336,0
id:hak4544,id:redgundam,1,1,0,16.316666666666666,16.316666666666666,0
id:hak4544,id:rukk7812,1,1,0,473.03333333333336,473.03333333333336,0
id:hak4544,id:sanapati,1,1,0,467.95,467.95,0
id:hak4544,id:start4u,1,1,0,377.4,377.4,0
id:hak4544,id:toughwoong,1,1,0,20.25,20.25,0
id:hak4544,id:xowhdeo,1,1,0,447.3833333333333,447.3833333333333,0
id:hanlobby,id:Mayuri,1,1,0,23.133333333333333,23.133333333333333,0
id:hanlobby,id:Unsee8,1,1,0,8.766666666666667,8.766666666666667,0
id:hanlobby,id:antivan,1,1,0,71.75,71.75,0
id:hanlobby,id:benben,1,1,0,47.46666666666667,47.46666666666667,0
id:hanlobby,id:bluepillz,1,1,0,42.983333333333334,42.983333333333334,0
id:hanlobby,id:bundes1,1,1,0,7.683333333333334,7.683333333333334,0
id:hanlobby,id:chy7253958,1,1,0,11.783333333333333,11.783333333333333,0
id:hanlobby,id:darthfish,1,1,0,18.433333333333334,18.433333333333334,0
id:hanlobby,id:djroanfmv1,1,1,0,10.6,10.6,0
id:hanlobby,id:donka,1,1,0,31.033333333333335,31.033333333333335,0
id:hanlobby,id:eufc,1,1,0,16.916666666666668,16.916666666666668,0
id:hanlobby,id:euji,1,1,0,10.616666666666667,10.616666666666667,0
id:hanlobby,id:fantak,1,1,0,10.05,10.05,0
id:hanlobby,id:hanlobby,1,1,0,5.133333333333334,5.133333333333334,1
id:hanlobby,id:hypeboy,1,1,0,8.233333333333333,8.233333333333333,0
id:hanlobby,id:ifleet,1,1,0,8.016666666666667,8.016666666666667,0
id:hanlobby,id:juventus82,1,1,0,7.466666666666667,7.466666666666667,0
id:hanlobby,id:kinomayu,1,1,0,5.716666666666667,5.716666666666667,0
id:hanlobby,id:kopd12,1,1,0,388.21666666666664,388.21666666666664,0
id:hanlobby,id:koreatop,1,1,0,13.583333333333334,13.583333333333334,0
id:hanlobby,id:leoperiseus,1,1,0,8.2,8.2,0
id:hanlobby,id:lhw8694,1,1,0,8.133333333333333,8.133333333333333,0
id:hanlobby,id:longgoodbyes,1,1,0,50.45,50.45,0
id:hanlobby,id:masok01,1,1,0,6.7,6.7,0
id:hanlobby,id:mcraky,1,1,0,6.9,6.9,0
id:hanlobby,id:oasiticjoo19,1,1,0,10.633333333333333,10.633333333333333,0
id:hanlobby,id:pastorius,1,1,0,11.066666666666666,11.066666666666666,0
id:hanlobby,id:pjh1421,1,1,0,24.683333333333334,24.683333333333334,0
id:hanlobby,id:powerslam1,1,1,0,13.45,13.45,0
id:hanlobby,id:qwer1999,1,1,0,23.15,23.15,0
id:hanlobby,id:raul7143,1,1,0,5.816666666666666,5.816666666666666,0
id:hanlobby,id:raulfigo,1,1,0,6.666666666666667,6.666666666666667,0
id:hanlobby,id:raulgonzo,1,1,0,31.316666666666666,31.316666666666666,0
id:hanlobby,id:roe2k,1,1,0,6.183333333333334,6.183333333333334,0
id:hanlobby,id:rukk7812,1,1,0,8.616666666666667,8.616666666666667,0
id:hanlobby,id:shanledz,1,1,0,16.816666666666666,16.816666666666666,0
id:hanlobby,id:shkj22,1,1,0,84.15,84.15,0
id:hanlobby,id:taz79,1,1,0,69.75,69.75,0
id:hanlobby,id:tkrhdgus1,1,1,0,5.95,5.95,0
id:hanlobby,id:tkrldh,1,1,0,34.56666666666667,34.56666666666667,0
id:hanlobby,id:todfndl12,1,1,0,5.55,5.55,0
id:hanlobby,id:ulsan0101,1,1,0,5.15,5.15,0
id:hanlobby,id:vincent85,1,1,0,470.4166666666667,470.4166666666667,0
id:hanlobby,id:webguy,1,1,0,18.016666666666666,18.016666666666666,0
id:hanlobby,id:wind1123,1,1,0,5.666666666666667,5.666666666666667,0
id:hannavi814,id:blue5365,1,1,0,17.083333333333332,17.083333333333332,0
id:hannavi814,id:dlawls,1,1,0,8.35,8.35,0
id:hannavi814,id:finishking,1,1,0,11.016666666666667,11.016666666666667,0
id:hannavi814,id:hannavi814,1,1,0,6.166666666666667,6.166666666666667,1
id:hannavi814,id:jeffkent,1,1,0,21.6,21.6,0
id:heherald,id:cubana,1,1,0,255.76666666666668,255.76666666666668,0
id:heherald,id:icarus4301,1,1,0,433.31666666666666,433.31666666666666,0
id:heherald,id:kanoutsider,1,1,0,273.96666666666664,273.96666666666664,0
id:heherald,id:okao,1,1,0,16.266666666666666,16.266666666666666,0
id:heherald,id:publicatio,1,1,0,263.93333333333334,263.93333333333334,0
id:heherald,id:rascol,1,1,0,49.81666666666667,49.81666666666667,0
id:heherald,id:yally1010,1,1,0,370.1,370.1,0
id:heo1935,id:spoops,1,1,0,5.783333333333333,5.783333333333333,0
id:hjs3191,id:bookae1,1,1,0,117.18333333333334,117.18333333333334,0
id:hjs3191,id:darkforce,1,1,0,2389.116666666667,2389.116666666667,0
id:hjs3191,id:dmis2111,1,1,0,33.45,33.45,0
id:hjs3191,id:extra,1,1,0,2282.7833333333333,2282.7833333333333,0
id:hjs3191,id:hannavi814,1,1,0,2189.5,2189.5,0
id:hjs3191,id:isu00,1,1,0,14.883333333333333,14.883333333333333,0
id:hjs3191,id:jojic32,1,1,0,45.016666666666666,45.016666666666666,0
id:hjs3191,id:kanoutsider,1,1,0,88.21666666666667,88.21666666666667,0
id:hjs3191,id:kreg,1,1,0,15.183333333333334,15.183333333333334,0
id:hjs3191,id:loblue208,1,1,0,8.4,8.4,0
id:hjs3191,id:parashu,1,1,0,2884.2,2884.2,0
id:hjs3191,id:prios1,1,1,0,413.3,413.3,0
id:hjs3191,id:psican1,1,1,0,451.95,451.95,0
id:hjs3191,id:pucrinyesir,1,1,0,2722.1,2722.1,0
id:hjs3191,id:pullmeunder,1,1,0,207.2,207.2,0
id:hjs3191,id:rascol,1,1,0,11.033333333333333,11.033333333333333,0
id:hjs3191,id:rukk7812,1,1,0,229.03333333333333,229.03333333333333,0
id:hjs3191,id:sanapati,1,1,0,1575.1666666666667,1575.1666666666667,0
id:hjs3191,id:shanledz,1,1,0,987.8,987.8,0
id:hjs3191,id:sidlove,1,1,0,9.1,9.1,0
id:hjs3191,id:taz79,1,1,0,475.4166666666667,475.4166666666667,0
id:hjs3191,id:ulsan0101,1,1,0,7.783333333333333,7.783333333333333,0
id:hjs3191,id:wind1123,1,1,0,14.25,14.25,0
id:hjs3191,id:zerostar20,1,1,0,33.11666666666667,33.11666666666667,0
id:hjsa2004,id:assstone,1,1,0,256.4166666666667,256.4166666666667,0
id:hjsa2004,id:bluewind84,1,1,0,7.866666666666666,7.866666666666666,0
id:hjsa2004,id:chakagesalja,1,1,0,161.66666666666666,161.66666666666666,0
id:hjsa2004,id:eroongc,1,1,0,482.06666666666666,482.06666666666666,0
id:hjsa2004,id:filyeun2,1,1,0,7.166666666666667,7.166666666666667,0
id:hjsa2004,id:forest,1,1,0,21.85,21.85,0
id:hjsa2004,id:hjsa2004,1,1,0,39.36666666666667,39.36666666666667,1
id:hjsa2004,id:hoffenheim,1,1,0,8.233333333333333,8.233333333333333,0
id:hjsa2004,id:knggjjang05,1,1,0,10.1,10.1,0
id:hjsa2004,id:kostanjino,1,1,0,20.183333333333334,20.183333333333334,0
id:hjsa2004,id:ksb7872,1,1,0,369.4,369.4,0
id:hjsa2004,id:lfcthismeans,1,1,0,29.583333333333332,29.583333333333332,0
id:hjsa2004,id:okao,1,1,0,6.1,6.1,0
id:hjsa2004,id:rainshowerkk,1,1,0,7.516666666666667,7.516666666666667,0
id:hkwo031,id:cauking,1,1,0,5.316666666666666,5.316666666666666,0
id:hkwo031,id:flamans1,1,1,0,8.766666666666667,8.766666666666667,0
id:hobro,id:Bluewings21,1,1,0,138.38333333333333,138.38333333333333,0
id:hobro,id:FeelingGood,1,1,0,5.616666666666666,5.616666666666666,0
id:hobro,id:HENSON05,1,1,0,6.25,6.25,0
id:hobro,id:chakagesalja,1,1,0,8.533333333333333,8.533333333333333,0
id:hobro,id:colacup,1,1,0,29.133333333333333,29.133333333333333,0
id:hobro,id:cytokine1234,1,1,0,5.683333333333334,5.683333333333334,0
id:hobro,id:dialine,1,1,0,12.55,12.55,0
id:hobro,id:dosa0705,1,1,0,55.25,55.25,0
id:hobro,id:dress7,1,1,0,5.866666666666666,5.866666666666666,0
id:hobro,id:filyeun2,1,1,0,22.166666666666668,22.166666666666668,0
id:hobro,id:god18xx,1,1,0,14.633333333333333,14.633333333333333,0
id:hobro,id:hanmail456,1,1,0,480.2,480.2,0
id:hobro,id:hobro,1,1,0,6.85,6.85,1
id:hobro,id:honeypage,1,1,0,77.26666666666667,77.26666666666667,0
id:hobro,id:horsedongh,1,1,0,6.9,6.9,0
id:hobro,id:kicking,1,1,0,19.916666666666668,19.916666666666668,0
id:hobro,id:leekh01,1,1,0,25.15,25.15,0
id:hobro,id:recnow,1,1,0,15.616666666666667,15.616666666666667,0
id:hobro,id:reiun,1,1,0,10.366666666666667,10.366666666666667,0
id:hobro,id:roe2k,1,1,0,20.833333333333332,20.833333333333332,0
id:hobro,id:rrlatls18,1,1,0,16.55,16.55,0
id:hobro,id:streetdog18,1,1,0,337.03333333333336,337.03333333333336,0
id:hobro,id:taebari,1,1,0,15.566666666666666,15.566666666666666,0
id:hobro,id:taz79,1,1,0,1164.6166666666666,1164.6166666666666,0
id:hobro,id:thesilver,1,1,0,26.666666666666668,26.666666666666668,0
id:hobro,id:tnts0023,1,1,0,5.633333333333334,5.633333333333334,0
id:hobro,id:vincent85,1,1,0,5.433333333333334,5.433333333333334,0
id:hobro,id:vnweq956,1,1,0,7.4,7.4,0
id:hobro,id:zesus91,1,1,0,45.583333333333336,45.583333333333336,0
id:hodoeel,id:FeelingGood,1,1,0,383.8333333333333,383.8333333333333,0
id:hodoeel,id:IGoHigh18,1,1,0,34.833333333333336,34.833333333333336,0
id:hodoeel,id:KINGBATI,1,1,0,5.516666666666667,5.516666666666667,0
id:hodoeel,id:Mokko,1,1,0,17.0,17.0,0
id:hodoeel,id:Necovv,1,1,0,9.066666666666666,9.066666666666666,0
id:hodoeel,id:YoLaTengo,1,1,0,12.966666666666667,12.966666666666667,0
id:hodoeel,id:adios00,1,1,0,38.583333333333336,38.583333333333336,0
id:hodoeel,id:aracra,1,1,0,58.7,58.7,0
id:hodoeel,id:assstone,1,1,0,453.81666666666666,453.81666666666666,0
id:hodoeel,id:bluewind84,1,1,0,20.216666666666665,20.216666666666665,0
id:hodoeel,id:bookae1,1,1,0,5.933333333333334,5.933333333333334,0
id:hodoeel,id:cafetango,1,1,0,37.28333333333333,37.28333333333333,0
id:hodoeel,id:consul,1,1,0,77.55,77.55,0
id:hodoeel,id:cooltiger,1,1,0,432.3833333333333,432.3833333333333,0
id:hodoeel,id:ddongbada,1,1,0,9.533333333333333,9.533333333333333,0
id:hodoeel,id:delight318,1,1,0,17.6,17.6,0
id:hodoeel,id:dialine,1,1,0,36.56666666666667,36.56666666666667,0
id:hodoeel,id:doochangman,1,1,0,7.85,7.85,0
id:hodoeel,id:dress7,1,1,0,8.483333333333333,8.483333333333333,0
id:hodoeel,id:ehihoho,1,1,0,12.533333333333333,12.533333333333333,0
id:hodoeel,id:eiskzm,1,1,0,16.866666666666667,16.866666666666667,0
id:hodoeel,id:gum0510,1,1,0,54.483333333333334,54.483333333333334,0
id:hodoeel,id:hodoeel,1,1,0,12.316666666666666,12.316666666666666,1
id:hodoeel,id:hopes,1,1,0,8.35,8.35,0
id:hodoeel,id:icarus4301,1,1,0,36.86666666666667,36.86666666666667,0
id:hodoeel,id:iskoke,1,1,0,7.15,7.15,0
id:hodoeel,id:j8wkfn,1,1,0,6.3,6.3,0
id:hodoeel,id:jisojin101,1,1,0,21.133333333333333,21.133333333333333,0
id:hodoeel,id:kim2pac,1,1,0,27.666666666666668,27.666666666666668,0
id:hodoeel,id:kinomayu,1,1,0,6.983333333333333,6.983333333333333,0
id:hodoeel,id:kjs630,1,1,0,461.8,461.8,0
id:hodoeel,id:klay5587,1,1,0,7.6,7.6,0
id:hodoeel,id:leoperiseus,1,1,0,18.316666666666666,18.316666666666666,0
id:hodoeel,id:lfcthismeans,1,1,0,15.6,15.6,0
id:hodoeel,id:life13579,1,1,0,39.96666666666667,39.96666666666667,0
id:hodoeel,id:loadone,1,1,0,40.71666666666667,40.71666666666667,0
id:hodoeel,id:ltjin,1,1,0,10.866666666666667,10.866666666666667,0
id:hodoeel,id:masok01,1,1,0,29.233333333333334,29.233333333333334,0
id:hodoeel,id:mcriver,1,1,0,22.233333333333334,22.233333333333334,0
id:hodoeel,id:oasiticjoo19,1,1,0,18.2,18.2,0
id:hodoeel,id:olduser,1,1,0,10.616666666666667,10.616666666666667,0
id:hodoeel,id:qkrckdwo1984,1,1,0,437.5,437.5,0
id:hodoeel,id:roe2k,1,1,0,23.366666666666667,23.366666666666667,0
id:hodoeel,id:shkj22,1,1,0,13.95,13.95,0
id:hodoeel,id:skylky,1,1,0,1845.4,1845.4,0
id:hodoeel,id:skysay7,1,1,0,19.666666666666668,19.666666666666668,0
id:hodoeel,id:sof8,1,1,0,19.633333333333333,19.633333333333333,0
id:hodoeel,id:start4u,1,1,0,5.983333333333333,5.983333333333333,0
id:hodoeel,id:thezesty,1,1,0,8.366666666666667,8.366666666666667,0
id:hodoeel,id:todfndl12,1,1,0,468.56666666666666,468.56666666666666,0
id:hodoeel,id:ttkwnffj,1,1,0,380.6166666666667,380.6166666666667,0
id:hodoeel,id:twinpeaks1,1,1,0,34.483333333333334,34.483333333333334,0
id:hodoeel,id:xowhdeo,1,1,0,2549.983333333333,2549.983333333333,0
id:hodoeel,id:yjs1g,1,1,0,16.2,16.2,0
id:hodoeel,id:zxcvbnm00765,1,1,0,49.583333333333336,49.583333333333336,0
id:hodoeel,id:zxcvv,1,1,0,7.833333333333333,7.833333333333333,0
id:hohohal1717,id:cauking,1,1,0,5.766666666666667,5.766666666666667,0
id:hohohal1717,id:cubana,1,1,0,5.183333333333334,5.183333333333334,0
id:hohohal1717,id:donka,1,1,0,17.966666666666665,17.966666666666665,0
id:hohohal1717,id:naco16,1,1,0,19.233333333333334,19.233333333333334,0
id:hohohal1717,id:osodos,1,1,0,7.066666666666666,7.066666666666666,0
id:hokuki,id:roe2k,1,1,0,11.85,11.85,0
id:hopes,id:YoLaTengo,1,1,0,6.766666666666667,6.766666666666667,0
id:hopes,id:bluepillz,1,1,0,8.833333333333334,8.833333333333334,0
id:hopes,id:cauking,1,1,0,102.48333333333333,102.48333333333333,0
id:hopes,id:cubana,1,1,0,42.78333333333333,42.78333333333333,0
id:hopes,id:edh2och,1,1,0,10.883333333333333,10.883333333333333,0
id:hopes,id:forest,1,1,0,19.333333333333332,19.333333333333332,0
id:hopes,id:jeffkent,1,1,0,64.18333333333334,64.18333333333334,0
id:hopes,id:oasiticjoo19,1,1,0,22.333333333333332,22.333333333333332,0
id:hopes,id:ses2580k,1,1,0,10.05,10.05,0
id:hopes,id:sexline,1,1,0,13.85,13.85,0
id:hopes,id:tkrhdgus1,1,1,0,7.15,7.15,0
id:horizon,id:IGoHigh18,1,1,0,178.78333333333333,178.78333333333333,0
id:horizon,id:Necovv,1,1,0,9.266666666666667,9.266666666666667,0
id:horizon,id:akazom,1,1,0,56.55,56.55,0
id:horizon,id:alfatini,1,1,0,9.833333333333334,9.833333333333334,0
id:horizon,id:azulyoro,1,1,0,35.916666666666664,35.916666666666664,0
id:horizon,id:bald80,1,1,0,24.083333333333332,24.083333333333332,0
id:horizon,id:balochanda,1,1,0,44.25,44.25,0
id:horizon,id:blue5365,1,1,0,5.666666666666667,5.666666666666667,0
id:horizon,id:burningred,1,1,0,15.7,15.7,0
id:horizon,id:coolow,1,1,0,5.166666666666667,5.166666666666667,0
id:horizon,id:ddmcd,1,1,0,7.733333333333333,7.733333333333333,0
id:horizon,id:doxan,1,1,0,6.25,6.25,0
id:horizon,id:edh2och,1,1,0,21.383333333333333,21.383333333333333,0
id:horizon,id:elan8501,1,1,0,31.466666666666665,31.466666666666665,0
id:horizon,id:emknud,1,1,0,17.983333333333334,17.983333333333334,0
id:horizon,id:eobuba74,1,1,0,13.4,13.4,0
id:horizon,id:eostj127,1,1,0,12.433333333333334,12.433333333333334,0
id:horizon,id:gum0510,1,1,0,11.233333333333333,11.233333333333333,0
id:horizon,id:hodoeel,1,1,0,14.85,14.85,0
id:horizon,id:itemptu2,1,1,0,12.633333333333333,12.633333333333333,0
id:horizon,id:jdspitz,1,1,0,11.033333333333333,11.033333333333333,0
id:horizon,id:jmw1121,1,1,0,8.183333333333334,8.183333333333334,0
id:horizon,id:juventus82,1,1,0,6.316666666666666,6.316666666666666,0
id:horizon,id:kakaka10,1,1,0,17.366666666666667,17.366666666666667,0
id:horizon,id:kaoruchan,1,1,0,7.183333333333334,7.183333333333334,0
id:horizon,id:klay5587,1,1,0,242.31666666666666,242.31666666666666,0
id:horizon,id:koreatop,1,1,0,12.2,12.2,0
id:horizon,id:kostanjino,1,1,0,170.61666666666667,170.61666666666667,0
id:horizon,id:loblue208,1,1,0,9.1,9.1,0
id:horizon,id:messiya2022,1,1,0,59.21666666666667,59.21666666666667,0
id:horizon,id:motives,1,1,0,31.966666666666665,31.966666666666665,0
id:horizon,id:naco16,1,1,0,33.06666666666667,33.06666666666667,0
id:horizon,id:oldslave,1,1,0,11.416666666666666,11.416666666666666,0
id:horizon,id:placebo,1,1,0,74.85,74.85,0
id:horizon,id:psj1905,1,1,0,13.916666666666666,13.916666666666666,0
id:horizon,id:pufs,1,1,0,522.1666666666666,522.1666666666666,0
id:horizon,id:raikkonen12,1,1,0,115.61666666666666,115.61666666666666,0
id:horizon,id:raistlin1,1,1,0,14.716666666666667,14.716666666666667,0
id:horizon,id:rjsdhr,1,1,0,19.133333333333333,19.133333333333333,0
id:horizon,id:sadyguru,1,1,0,8.8,8.8,0
id:horizon,id:sjsa1108,1,1,0,10.083333333333334,10.083333333333334,0
id:horizon,id:soju4jan,1,1,0,51.4,51.4,0
id:horizon,id:sooahn,1,1,0,6.633333333333334,6.633333333333334,0
id:horizon,id:sounited13,1,1,0,5.8,5.8,0
id:horizon,id:spiderman91,1,1,0,23.733333333333334,23.733333333333334,0
id:horizon,id:striker18,1,1,0,23.033333333333335,23.033333333333335,0
id:horizon,id:stynerkn,1,1,0,8.833333333333334,8.833333333333334,0
id:horizon,id:tkrldh,1,1,0,42.81666666666667,42.81666666666667,0
id:horizon,id:wind1123,1,1,0,5.333333333333333,5.333333333333333,0
id:horizon,id:wltlswhd,1,1,0,14.616666666666667,14.616666666666667,0
id:horizon,id:wnsrns14,1,1,0,2539.9166666666665,2539.9166666666665,0
id:horizon,id:yjs1g,1,1,0,29.05,29.05,0
id:horizon,id:zxcvbnm00765,1,1,0,18.1,18.1,0
id:horsedongh,id:bookae1,1,1,0,23.433333333333334,23.433333333333334,0
id:horsedongh,id:garkas86,1,1,0,125.08333333333333,125.08333333333333,0
id:horsedongh,id:hodoeel,1,1,0,6.133333333333334,6.133333333333334,0
id:horsedongh,id:malwool,1,1,0,7.383333333333334,7.383333333333334,0
id:horsedongh,id:tactimp,1,1,0,28.233333333333334,28.233333333333334,0
id:hs10107,id:Mokko,1,1,0,274.3833333333333,274.3833333333333,0
id:hs10107,id:akazom,1,1,0,26.066666666666666,26.066666666666666,0
id:hs10107,id:bbggkkk,1,1,0,201.96666666666667,201.96666666666667,0
id:hs10107,id:bonobono234,1,1,0,174.21666666666667,174.21666666666667,0
id:hs10107,id:cauking,1,1,0,36.15,36.15,0
id:hs10107,id:feeder00,1,1,0,477.6666666666667,477.6666666666667,0
id:hs10107,id:gbu17,1,1,0,198.33333333333334,198.33333333333334,0
id:hs10107,id:juventus82,1,1,0,7.95,7.95,0
id:hs10107,id:zxcvbnm00765,1,1,0,94.15,94.15,0
id:htht709,id:BongGu1103,1,1,0,5.916666666666667,5.916666666666667,0
id:htht709,id:FeelingGood,1,1,0,42.583333333333336,42.583333333333336,0
id:htht709,id:Ibrahima,1,1,0,65.0,65.0,0
id:htht709,id:Mokko,1,1,0,99.93333333333334,99.93333333333334,0
id:htht709,id:Paori,1,1,0,12.233333333333333,12.233333333333333,0
id:htht709,id:benben,1,1,0,5.65,5.65,0
id:htht709,id:burtsbees,1,1,0,92.06666666666666,92.06666666666666,0
id:htht709,id:cafetango,1,1,0,306.81666666666666,306.81666666666666,0
id:htht709,id:castle25,1,1,0,31.166666666666668,31.166666666666668,0
id:htht709,id:cytokine1234,1,1,0,10.183333333333334,10.183333333333334,0
id:htht709,id:dewsd,1,1,0,7.616666666666666,7.616666666666666,0
id:htht709,id:dhdld321,1,1,0,303.0833333333333,303.0833333333333,0
id:htht709,id:eddie,1,1,0,18.833333333333332,18.833333333333332,0
id:htht709,id:eobuba74,1,1,0,425.73333333333335,425.73333333333335,0
id:htht709,id:gomepj,1,1,0,559.0833333333334,559.0833333333334,0
id:htht709,id:gracepark31,1,1,0,38.13333333333333,38.13333333333333,0
id:htht709,id:horizon,1,1,0,90.26666666666667,90.26666666666667,0
id:htht709,id:hsocio95,1,1,0,21.25,21.25,0
id:htht709,id:htht709,1,1,0,10.533333333333333,10.533333333333333,1
id:htht709,id:hulk,1,1,0,7.416666666666667,7.416666666666667,0
id:htht709,id:hwarang34,1,1,0,32.083333333333336,32.083333333333336,0
id:htht709,id:iglaman,1,1,0,26.45,26.45,0
id:htht709,id:kanoutsider,1,1,0,7.15,7.15,0
id:htht709,id:koreafigo,1,1,0,30.266666666666666,30.266666666666666,0
id:htht709,id:malmir30,1,1,0,161.78333333333333,161.78333333333333,0
id:htht709,id:mendieta06,1,1,0,891.1666666666666,891.1666666666666,0
id:htht709,id:messiya2022,1,1,0,884.5166666666667,884.5166666666667,0
id:htht709,id:mhp3rd,1,1,0,65.63333333333334,65.63333333333334,0
id:htht709,id:motives,1,1,0,8.883333333333333,8.883333333333333,0
id:htht709,id:mrculbin7,1,1,0,70.96666666666667,70.96666666666667,0
id:htht709,id:nikkohadal,1,1,0,236.86666666666667,236.86666666666667,0
id:htht709,id:nox911,1,1,0,25.683333333333334,25.683333333333334,0
id:htht709,id:ojh8988,1,1,0,39.31666666666667,39.31666666666667,0
id:htht709,id:pjh1421,1,1,0,13.533333333333333,13.533333333333333,0
id:htht709,id:placebo,1,1,0,267.95,267.95,0
id:htht709,id:powerslam1,1,1,0,353.56666666666666,353.56666666666666,0
id:htht709,id:press21cc,1,1,0,282.75,282.75,0
id:htht709,id:publicatio,1,1,0,862.0833333333334,862.0833333333334,0
id:htht709,id:rainshowerkk,1,1,0,26.766666666666666,26.766666666666666,0
id:htht709,id:rogueone1,1,1,0,18.066666666666666,18.066666666666666,0
id:htht709,id:sinn556i,1,1,0,13.466666666666667,13.466666666666667,0
id:htht709,id:soju4jan,1,1,0,14.4,14.4,0
id:htht709,id:soparkbj,1,1,0,338.71666666666664,338.71666666666664,0
id:htht709,id:stabbie81,1,1,0,10.433333333333334,10.433333333333334,0
id:htht709,id:suhogod,1,1,0,447.8833333333333,447.8833333333333,0
id:htht709,id:takeout2002,1,1,0,40.483333333333334,40.483333333333334,0
id:htht709,id:thesilver,1,1,0,44.43333333333333,44.43333333333333,0
id:htht709,id:tkrldh,1,1,0,5.883333333333334,5.883333333333334,0
id:htht709,id:vincent85,1,1,0,225.9,225.9,0
id:htht709,id:woobo,1,1,0,9.3,9.3,0
id:htht709,id:xowhdeo,1,1,0,404.4,404.4,0
id:htht709,id:zesus91,1,1,0,6.533333333333333,6.533333333333333,0
id:hudson8866,id:againstwin80,1,1,0,483.53333333333336,483.53333333333336,0
id:hudson8866,id:akazom,1,1,0,433.15,433.15,0
id:hudson8866,id:chakagesalja,1,1,0,28.233333333333334,28.233333333333334,0
id:hudson8866,id:dlawls,1,1,0,15.683333333333334,15.683333333333334,0
id:hudson8866,id:dosa0705,1,1,0,5.2,5.2,0
id:hudson8866,id:flamans1,1,1,0,6.916666666666667,6.916666666666667,0
id:hudson8866,id:gerrard88,1,1,0,21.566666666666666,21.566666666666666,0
id:hudson8866,id:god18xx,1,1,0,15.3,15.3,0
id:hudson8866,id:jeep126,1,1,0,77.3,77.3,0
id:hudson8866,id:kogreed,1,1,0,325.2,325.2,0
id:hudson8866,id:lds1020,1,1,0,476.4166666666667,476.4166666666667,0
id:hudson8866,id:leyura0802,1,1,0,368.2,368.2,0
id:hudson8866,id:loblue208,1,1,0,9.283333333333333,9.283333333333333,0
id:hudson8866,id:malwool,1,1,0,8.1,8.1,0
id:hudson8866,id:naco16,1,1,0,14.216666666666667,14.216666666666667,0
id:hudson8866,id:nayt,1,1,0,456.53333333333336,456.53333333333336,0
id:hudson8866,id:pufs,1,1,0,325.71666666666664,325.71666666666664,0
id:hudson8866,id:rladudtj14,1,1,0,97.48333333333333,97.48333333333333,0
id:hudson8866,id:soju4jan,1,1,0,27.033333333333335,27.033333333333335,0
id:hudson8866,id:sonhh,1,1,0,451.6,451.6,0
id:hudson8866,id:tjdgh09123,1,1,0,28.216666666666665,28.216666666666665,0
id:hudson8866,id:todfndl12,1,1,0,24.0,24.0,0
id:hudson8866,id:wind1123,1,1,0,11.0,11.0,0
id:hulk,id:boba1983,1,1,0,10.15,10.15,0
id:hulk,id:bookae1,1,1,0,5.433333333333334,5.433333333333334,0
id:hulk,id:bulbol,1,1,0,7.75,7.75,0
id:hulk,id:cubana,1,1,0,26.4,26.4,0
id:hulk,id:footpodo,1,1,0,25.533333333333335,25.533333333333335,0
id:hulk,id:forest,1,1,0,20.35,20.35,0
id:hulk,id:j8wkfn,1,1,0,7.533333333333333,7.533333333333333,0
id:hulk,id:kicking,1,1,0,6.733333333333333,6.733333333333333,0
id:hulk,id:klay5587,1,1,0,9.216666666666667,9.216666666666667,0
id:hulk,id:mhp3rd,1,1,0,9.35,9.35,0
id:hulk,id:millano,1,1,0,7.066666666666666,7.066666666666666,0
id:hulk,id:roe2k,1,1,0,10.9,10.9,0
id:hwangheenim,id:1987vintage,1,1,0,75.66666666666667,75.66666666666667,0
id:hwangheenim,id:HENSON05,1,1,0,232.0,232.0,0
id:hwangheenim,id:Mobaraeram,1,1,0,686.0,686.0,0
id:hwangheenim,id:adios00,1,1,0,14.5,14.5,0
id:hwangheenim,id:antivan,1,1,0,14.166666666666666,14.166666666666666,0
id:hwangheenim,id:aoi04,1,1,0,84.45,84.45,0
id:hwangheenim,id:chun1149,1,1,0,12.8,12.8,0
id:hwangheenim,id:consul,1,1,0,31.733333333333334,31.733333333333334,0
id:hwangheenim,id:cormsj,1,1,0,455.51666666666665,455.51666666666665,0
id:hwangheenim,id:cyclops,1,1,0,75.0,75.0,0
id:hwangheenim,id:darkchoco,1,1,0,10.366666666666667,10.366666666666667,0
id:hwangheenim,id:ddongbada,1,1,0,10.15,10.15,0
id:hwangheenim,id:dht777,1,1,0,127.95,127.95,0
id:hwangheenim,id:doggye,1,1,0,25.933333333333334,25.933333333333334,0
id:hwangheenim,id:everfree13,1,1,0,17.2,17.2,0
id:hwangheenim,id:gerrard88,1,1,0,7.266666666666667,7.266666666666667,0
id:hwangheenim,id:ggoggoma,1,1,0,183.35,183.35,0
id:hwangheenim,id:hhhkkk,1,1,0,254.55,254.55,0
id:hwangheenim,id:hkwo031,1,1,0,23.816666666666666,23.816666666666666,0
id:hwangheenim,id:icarus4301,1,1,0,277.6666666666667,277.6666666666667,0
id:hwangheenim,id:jkv2,1,1,0,73.46666666666667,73.46666666666667,0
id:hwangheenim,id:kiriman,1,1,0,25.366666666666667,25.366666666666667,0
id:hwangheenim,id:lkmpp10698,1,1,0,19.3,19.3,0
id:hwangheenim,id:loadone,1,1,0,282.4,282.4,0
id:hwangheenim,id:malmir30,1,1,0,417.46666666666664,417.46666666666664,0
id:hwangheenim,id:mantis,1,1,0,9.7,9.7,0
id:hwangheenim,id:naco16,1,1,0,33.78333333333333,33.78333333333333,0
id:hwangheenim,id:pharm92,1,1,0,10.7,10.7,0
id:hwangheenim,id:redondor,1,1,0,23.9,23.9,0
id:hwangheenim,id:roe2k,1,1,0,349.51666666666665,349.51666666666665,0
id:hwangheenim,id:seongmina,1,1,0,16.25,16.25,0
id:hwangheenim,id:soundzh23,1,1,0,25.25,25.25,0
id:hwangheenim,id:sowjreostm,1,1,0,35.35,35.35,0
id:hwangheenim,id:thezesty,1,1,0,230.51666666666668,230.51666666666668,0
id:hwangheenim,id:tkrldh,1,1,0,44.46666666666667,44.46666666666667,0
id:hwangheenim,id:trequartista,1,1,0,24.8,24.8,0
id:hwangheenim,id:vivakleague,1,1,0,48.71666666666667,48.71666666666667,0
id:hwangheenim,id:yhtuos,1,1,0,20.05,20.05,0
id:hwangheenim,id:zxcvv,1,1,0,13.616666666666667,13.616666666666667,0
id:hyeok497,id:Mobaraeram,1,1,0,346.6333333333333,346.6333333333333,0
id:hyeok497,id:Sejongutd1,1,1,0,10.6,10.6,0
id:hyeok497,id:Tenhag,1,1,0,425.3833333333333,425.3833333333333,0
id:hyeok497,id:angre825blk,1,1,0,9.75,9.75,0
id:hyeok497,id:aracra,1,1,0,365.43333333333334,365.43333333333334,0
id:hyeok497,id:azulyoro,1,1,0,13.233333333333333,13.233333333333333,0
id:hyeok497,id:bbaks321,1,1,0,12.283333333333333,12.283333333333333,0
id:hyeok497,id:benben,1,1,0,5.1,5.1,0
id:hyeok497,id:casione,1,1,0,8.433333333333334,8.433333333333334,0
id:hyeok497,id:chelsykogi1,1,1,0,231.41666666666666,231.41666666666666,0
id:hyeok497,id:chioo38,1,1,0,26.366666666666667,26.366666666666667,0
id:hyeok497,id:chun1149,1,1,0,14.216666666666667,14.216666666666667,0
id:hyeok497,id:chy7253958,1,1,0,18.316666666666666,18.316666666666666,0
id:hyeok497,id:consul,1,1,0,6.65,6.65,0
id:hyeok497,id:cyjlove1,1,1,0,15.116666666666667,15.116666666666667,0
id:hyeok497,id:daeyoung,1,1,0,46.53333333333333,46.53333333333333,0
id:hyeok497,id:dbwjddks2,1,1,0,372.73333333333335,372.73333333333335,0
id:hyeok497,id:defy111,1,1,0,16.033333333333335,16.033333333333335,0
id:hyeok497,id:dialine,1,1,0,10.133333333333333,10.133333333333333,0
id:hyeok497,id:doochangman,1,1,0,79.9,79.9,0
id:hyeok497,id:dosa0705,1,1,0,17.516666666666666,17.516666666666666,0
id:hyeok497,id:eory24,1,1,0,12.733333333333333,12.733333333333333,0
id:hyeok497,id:epist,1,1,0,9.416666666666666,9.416666666666666,0
id:hyeok497,id:forest,1,1,0,86.31666666666666,86.31666666666666,0
id:hyeok497,id:hexkey,1,1,0,19.45,19.45,0
id:hyeok497,id:horizon,1,1,0,443.4166666666667,443.4166666666667,0
id:hyeok497,id:iglaman,1,1,0,17.45,17.45,0
id:hyeok497,id:im178cm70kg,1,1,0,2416.1666666666665,2416.1666666666665,0
id:hyeok497,id:jeffkent,1,1,0,5.216666666666667,5.216666666666667,0
id:hyeok497,id:jun2312,1,1,0,41.61666666666667,41.61666666666667,0
id:hyeok497,id:kaizennf,1,1,0,82.13333333333334,82.13333333333334,0
id:hyeok497,id:kakaka10,1,1,0,18.016666666666666,18.016666666666666,0
id:hyeok497,id:kanoutsider,1,1,0,141.85,141.85,0
id:hyeok497,id:kapfazo,1,1,0,67.55,67.55,0
id:hyeok497,id:kdd0902,1,1,0,8.65,8.65,0
id:hyeok497,id:kimdw22,1,1,0,13.2,13.2,0
id:hyeok497,id:kkt1216,1,1,0,1605.15,1605.15,0
id:hyeok497,id:klay5587,1,1,0,203.96666666666667,203.96666666666667,0
id:hyeok497,id:lee5830194,1,1,0,17.916666666666668,17.916666666666668,0
id:hyeok497,id:leed7584,1,1,0,16.633333333333333,16.633333333333333,0
id:hyeok497,id:leoarada,1,1,0,43.483333333333334,43.483333333333334,0
id:hyeok497,id:lhw8694,1,1,0,137.68333333333334,137.68333333333334,0
id:hyeok497,id:lim0620,1,1,0,10.55,10.55,0
id:hyeok497,id:limousinedd,1,1,0,1475.6166666666666,1475.6166666666666,0
id:hyeok497,id:luna7742,1,1,0,9.966666666666667,9.966666666666667,0
id:hyeok497,id:masok01,1,1,0,28.783333333333335,28.783333333333335,0
id:hyeok497,id:moohootae,1,1,0,26.3,26.3,0
id:hyeok497,id:oensonpower,1,1,0,384.25,384.25,0
id:hyeok497,id:oldslave,1,1,0,30.616666666666667,30.616666666666667,0
id:hyeok497,id:ozaki0909,1,1,0,8.5,8.5,0
id:hyeok497,id:pipak,1,1,0,42.65,42.65,0
id:hyeok497,id:powerwkill1,1,1,0,7.016666666666667,7.016666666666667,0
id:hyeok497,id:rainshowerkk,1,1,0,11.0,11.0,0
id:hyeok497,id:raistlin1,1,1,0,37.833333333333336,37.833333333333336,0
id:hyeok497,id:rararabbon,1,1,0,6.266666666666667,6.266666666666667,0
id:hyeok497,id:rascol,1,1,0,9.25,9.25,0
id:hyeok497,id:ration,1,1,0,369.3833333333333,369.3833333333333,0
id:hyeok497,id:raulgonzo,1,1,0,112.01666666666667,112.01666666666667,0
id:hyeok497,id:raulmania7,1,1,0,220.4,220.4,0
id:hyeok497,id:sangtuk,1,1,0,8.25,8.25,0
id:hyeok497,id:shdqn,1,1,0,357.7,357.7,0
id:hyeok497,id:sm101v,1,1,0,15.75,15.75,0
id:hyeok497,id:sniper0724,1,1,0,14.0,14.0,0
id:hyeok497,id:soccersucker,1,1,0,19.483333333333334,19.483333333333334,0
id:hyeok497,id:sof8,1,1,0,11.683333333333334,11.683333333333334,0
id:hyeok497,id:tactimp,1,1,0,153.63333333333333,153.63333333333333,0
id:hyeok497,id:tendre,1,1,0,21.383333333333333,21.383333333333333,0
id:hyeok497,id:thesilver,1,1,0,9.116666666666667,9.116666666666667,0
id:hyeok497,id:vincent85,1,1,0,14.633333333333333,14.633333333333333,0
id:hyeok497,id:wildoroiss,1,1,0,72.16666666666667,72.16666666666667,0
id:hyeok497,id:wltlswhd,1,1,0,49.916666666666664,49.916666666666664,0
id:hyeok497,id:wnscjfl,1,1,0,12.6,12.6,0
id:hyeok497,id:xowhdeo,1,1,0,192.48333333333332,192.48333333333332,0
id:hyeok497,id:yeodarl,1,1,0,228.15,228.15,0
id:hyeok497,id:yoshiki2,1,1,0,83.1,83.1,0
id:hyeok497,id:zesus91,1,1,0,290.56666666666666,290.56666666666666,0
id:hypeboy,id:BongGu1103,1,1,0,23.983333333333334,23.983333333333334,0
id:hypeboy,id:IGoHigh18,1,1,0,76.96666666666667,76.96666666666667,0
id:hypeboy,id:Unsee8,1,1,0,13.85,13.85,0
id:hypeboy,id:adnanjanuzaj,1,1,0,14.116666666666667,14.116666666666667,0
id:hypeboy,id:akazom,1,1,0,21.283333333333335,21.283333333333335,0
id:hypeboy,id:angre825blk,1,1,0,468.35,468.35,0
id:hypeboy,id:antivan,1,1,0,249.4,249.4,0
id:hypeboy,id:aracra,1,1,0,5.5,5.5,0
id:hypeboy,id:arteta8,1,1,0,10.133333333333333,10.133333333333333,0
id:hypeboy,id:camel55,1,1,0,7.283333333333333,7.283333333333333,0
id:hypeboy,id:cauking,1,1,0,25.916666666666668,25.916666666666668,0
id:hypeboy,id:chungsoonam,1,1,0,226.1,226.1,0
id:hypeboy,id:consul,1,1,0,12.216666666666667,12.216666666666667,0
id:hypeboy,id:csh1194,1,1,0,9.416666666666666,9.416666666666666,0
id:hypeboy,id:cubing,1,1,0,102.15,102.15,0
id:hypeboy,id:cutler,1,1,0,8.4,8.4,0
id:hypeboy,id:disama,1,1,0,915.4666666666667,915.4666666666667,0
id:hypeboy,id:egsg09,1,1,0,25.733333333333334,25.733333333333334,0
id:hypeboy,id:eostj127,1,1,0,37.18333333333333,37.18333333333333,0
id:hypeboy,id:erec,1,1,0,29.2,29.2,0
id:hypeboy,id:esamjoong,1,1,0,132.48333333333332,132.48333333333332,0
id:hypeboy,id:eufc,1,1,0,318.78333333333336,318.78333333333336,0
id:hypeboy,id:euji,1,1,0,8.416666666666666,8.416666666666666,0
id:hypeboy,id:flamans1,1,1,0,22.15,22.15,0
id:hypeboy,id:goormc,1,1,0,280.9,280.9,0
id:hypeboy,id:grit,1,1,0,6.583333333333333,6.583333333333333,0
id:hypeboy,id:haallolee,1,1,0,8.766666666666667,8.766666666666667,0
id:hypeboy,id:honeypage,1,1,0,435.1333333333333,435.1333333333333,0
id:hypeboy,id:hopes,1,1,0,13.0,13.0,0
id:hypeboy,id:icarus4301,1,1,0,23.416666666666668,23.416666666666668,0
id:hypeboy,id:ifleet,1,1,0,593.4833333333333,593.4833333333333,0
id:hypeboy,id:jiyoun1227,1,1,0,15.266666666666667,15.266666666666667,0
id:hypeboy,id:jun2312,1,1,0,12.883333333333333,12.883333333333333,0
id:hypeboy,id:juventus82,1,1,0,5.683333333333334,5.683333333333334,0
id:hypeboy,id:kh6127,1,1,0,586.6333333333333,586.6333333333333,0
id:hypeboy,id:kicking,1,1,0,9.333333333333334,9.333333333333334,0
id:hypeboy,id:kimks0824,1,1,0,8.916666666666666,8.916666666666666,0
id:hypeboy,id:kinomayu,1,1,0,20.866666666666667,20.866666666666667,0
id:hypeboy,id:kostanjino,1,1,0,2127.883333333333,2127.883333333333,0
id:hypeboy,id:ky6024,1,1,0,43.083333333333336,43.083333333333336,0
id:hypeboy,id:lim0620,1,1,0,250.98333333333332,250.98333333333332,0
id:hypeboy,id:littleboy00,1,1,0,12.783333333333333,12.783333333333333,0
id:hypeboy,id:luna7742,1,1,0,385.85,385.85,0
id:hypeboy,id:maelsy99,1,1,0,36.36666666666667,36.36666666666667,0
id:hypeboy,id:malwool,1,1,0,15.45,15.45,0
id:hypeboy,id:masterplan5,1,1,0,214.63333333333333,214.63333333333333,0
id:hypeboy,id:millano,1,1,0,13.2,13.2,0
id:hypeboy,id:powerwkill1,1,1,0,467.7,467.7,0
id:hypeboy,id:prostar0416,1,1,0,154.45,154.45,0
id:hypeboy,id:publicatio,1,1,0,25.75,25.75,0
id:hypeboy,id:qmffnrhs3454,1,1,0,786.4333333333333,786.4333333333333,0
id:hypeboy,id:raikkonen12,1,1,0,413.6166666666667,413.6166666666667,0
id:hypeboy,id:rainerpenner,1,1,0,162.23333333333332,162.23333333333332,0
id:hypeboy,id:rainshowerkk,1,1,0,16.55,16.55,0
id:hypeboy,id:raxh,1,1,0,7.1,7.1,0
id:hypeboy,id:rera,1,1,0,10.766666666666667,10.766666666666667,0
id:hypeboy,id:rltjddyd16,1,1,0,32.7,32.7,0
id:hypeboy,id:say1673,1,1,0,48.266666666666666,48.266666666666666,0
id:hypeboy,id:scat1221,1,1,0,1447.2833333333333,1447.2833333333333,0
id:hypeboy,id:shdqn,1,1,0,270.18333333333334,270.18333333333334,0
id:hypeboy,id:sheva7,1,1,0,12.15,12.15,0
id:hypeboy,id:shkj22,1,1,0,402.1166666666667,402.1166666666667,0
id:hypeboy,id:sidlove,1,1,0,621.2833333333333,621.2833333333333,0
id:hypeboy,id:sinn556i,1,1,0,7.583333333333333,7.583333333333333,0
id:hypeboy,id:sniper0724,1,1,0,14.066666666666666,14.066666666666666,0
id:hypeboy,id:sounited13,1,1,0,23.466666666666665,23.466666666666665,0
id:hypeboy,id:striker18,1,1,0,430.65,430.65,0
id:hypeboy,id:stynerkn,1,1,0,13.016666666666667,13.016666666666667,0
id:hypeboy,id:thezesty,1,1,0,5.766666666666667,5.766666666666667,0
id:hypeboy,id:tkrhdgus1,1,1,0,8.516666666666667,8.516666666666667,0
id:hypeboy,id:toolin7942,1,1,0,7.466666666666667,7.466666666666667,0
id:hypeboy,id:whksrns,1,1,0,24.666666666666668,24.666666666666668,0
id:hypeboy,id:wltlswhd,1,1,0,451.26666666666665,451.26666666666665,0
id:hypeboy,id:xowhdeo,1,1,0,371.6,371.6,0
id:hypeboy,id:xxvxx,1,1,0,7.4,7.4,0
id:hypeboy,id:yeodarl,1,1,0,811.9833333333333,811.9833333333333,0
id:hypeboy,id:yo821281,1,1,0,11.2,11.2,0
id:hypeboy,id:younghoney,1,1,0,798.8666666666667,798.8666666666667,0
id:hypeboy,id:zxcvbnm00765,1,1,0,19.416666666666668,19.416666666666668,0
id:icarus4301,id:jeorth91,1,1,0,29.1,29.1,0
id:icarus4301,id:kicking,1,1,0,7.5,7.5,0
id:icarus4301,id:lhg9307,1,1,0,52.18333333333333,52.18333333333333,0
id:icarus4301,id:sladkgold,1,1,0,35.7,35.7,0
id:ifleet,id:casione,1,1,0,29.933333333333334,29.933333333333334,0
id:ifleet,id:chakagesalja,1,1,0,37.766666666666666,37.766666666666666,0
id:ifleet,id:roe2k,1,1,0,25.766666666666666,25.766666666666666,0
id:ifleet,id:soccerlineid,1,1,0,6.416666666666667,6.416666666666667,0
id:ifleet,id:summernight,1,1,0,34.983333333333334,34.983333333333334,0
id:ifleet,id:tkrldh,1,1,0,23.633333333333333,23.633333333333333,0
id:ifleet,id:ulsan0101,1,1,0,21.45,21.45,0
id:iloveyousun,id:FeelingGood,1,1,0,5.1,5.1,0
id:iloveyousun,id:bookae1,1,1,0,10.366666666666667,10.366666666666667,0
id:iloveyousun,id:hohohal1717,1,1,0,8.233333333333333,8.233333333333333,0
id:iloveyousun,id:iloveyousun,1,1,0,20.333333333333332,20.333333333333332,1
id:iloveyousun,id:jec0412,1,1,0,86.8,86.8,0
id:iloveyousun,id:naco16,1,1,0,6.233333333333333,6.233333333333333,0
id:iloveyousun,id:whoshot,1,1,0,8.616666666666667,8.616666666666667,0
id:impactx84,id:Milner7,1,1,0,6.683333333333334,6.683333333333334,0
id:impactx84,id:Mokko,1,1,0,21.983333333333334,21.983333333333334,0
id:impactx84,id:Paori,1,1,0,15.3,15.3,0
id:impactx84,id:Realaqua,1,1,0,313.98333333333335,313.98333333333335,0
id:impactx84,id:Scv001,1,1,0,69.78333333333333,69.78333333333333,0
id:impactx84,id:asha7270,1,1,0,8.933333333333334,8.933333333333334,0
id:impactx84,id:authur,1,1,0,587.5,587.5,0
id:impactx84,id:azulyoro,1,1,0,6.916666666666667,6.916666666666667,0
id:impactx84,id:bakjang,1,1,0,861.2333333333333,861.2333333333333,0
id:impactx84,id:bbaks321,1,1,0,6.9,6.9,0
id:impactx84,id:beatinlife,1,1,0,774.8666666666667,774.8666666666667,0
id:impactx84,id:breaktime,1,1,0,19.516666666666666,19.516666666666666,0
id:impactx84,id:casione,1,1,0,7.266666666666667,7.266666666666667,0
id:impactx84,id:chakagesalja,1,1,0,5.566666666666666,5.566666666666666,0
id:impactx84,id:chy7253958,1,1,0,41.28333333333333,41.28333333333333,0
id:impactx84,id:cokabel,1,1,0,759.9833333333333,759.9833333333333,0
id:impactx84,id:colacup,1,1,0,342.8666666666667,342.8666666666667,0
id:impactx84,id:coolwind11,1,1,0,294.26666666666665,294.26666666666665,0
id:impactx84,id:cowell,1,1,0,3436.366666666667,3436.366666666667,0
id:impactx84,id:deeblue,1,1,0,16.05,16.05,0
id:impactx84,id:diminish,1,1,0,7.183333333333334,7.183333333333334,0
id:impactx84,id:ehdtks9286,1,1,0,5.483333333333333,5.483333333333333,0
id:impactx84,id:ehihoho,1,1,0,24.083333333333332,24.083333333333332,0
id:impactx84,id:eiskzm,1,1,0,6.4,6.4,0
id:impactx84,id:erec,1,1,0,35.083333333333336,35.083333333333336,0
id:impactx84,id:eroongc,1,1,0,13.45,13.45,0
id:impactx84,id:ex400,1,1,0,9.766666666666667,9.766666666666667,0
id:impactx84,id:flamans1,1,1,0,7.233333333333333,7.233333333333333,0
id:impactx84,id:footpodo,1,1,0,335.1666666666667,335.1666666666667,0
id:impactx84,id:forest,1,1,0,144.43333333333334,144.43333333333334,0
id:impactx84,id:hanlobby,1,1,0,20.483333333333334,20.483333333333334,0
id:impactx84,id:hap2prince,1,1,0,5.466666666666667,5.466666666666667,0
id:impactx84,id:hibit12,1,1,0,641.5666666666667,641.5666666666667,0
id:impactx84,id:hodduk,1,1,0,8.266666666666667,8.266666666666667,0
id:impactx84,id:holim1,1,1,0,41.8,41.8,0
id:impactx84,id:hpkim90,1,1,0,433.5833333333333,433.5833333333333,0
id:impactx84,id:icarus4301,1,1,0,190.38333333333333,190.38333333333333,0
id:impactx84,id:iloveyousun,1,1,0,131.78333333333333,131.78333333333333,0
id:impactx84,id:jeffkent,1,1,0,72.38333333333334,72.38333333333334,0
id:impactx84,id:jseric,1,1,0,36.833333333333336,36.833333333333336,0
id:impactx84,id:k970425,1,1,0,10.833333333333334,10.833333333333334,0
id:impactx84,id:kaizennf,1,1,0,6.083333333333333,6.083333333333333,0
id:impactx84,id:kapfazo,1,1,0,8.533333333333333,8.533333333333333,0
id:impactx84,id:kasu0,1,1,0,363.75,363.75,0
id:impactx84,id:kduncan,1,1,0,43.71666666666667,43.71666666666667,0
id:impactx84,id:kimdel77,1,1,0,12.166666666666666,12.166666666666666,0
id:impactx84,id:kimga333,1,1,0,7.716666666666667,7.716666666666667,0
id:impactx84,id:kimpo,1,1,0,6.633333333333334,6.633333333333334,0
id:impactx84,id:kinomayu,1,1,0,17.683333333333334,17.683333333333334,0
id:impactx84,id:kjwkd,1,1,0,60.583333333333336,60.583333333333336,0
id:impactx84,id:kopluke,1,1,0,42.0,42.0,0
id:impactx84,id:ktma1001,1,1,0,12.2,12.2,0
id:impactx84,id:lh1440,1,1,0,15.983333333333333,15.983333333333333,0
id:impactx84,id:lim0620,1,1,0,250.23333333333332,250.23333333333332,0
id:impactx84,id:loblue208,1,1,0,6.6,6.6,0
id:impactx84,id:makijeon,1,1,0,9.0,9.0,0
id:impactx84,id:masterplan5,1,1,0,19.516666666666666,19.516666666666666,0
id:impactx84,id:moohootae,1,1,0,5.083333333333333,5.083333333333333,0
id:impactx84,id:noeld,1,1,0,5.6,5.6,0
id:impactx84,id:pjhwinner,1,1,0,217.95,217.95,0
id:impactx84,id:pms2906,1,1,0,9.583333333333334,9.583333333333334,0
id:impactx84,id:powerwkill1,1,1,0,8.45,8.45,0
id:impactx84,id:psj1905,1,1,0,11.866666666666667,11.866666666666667,0
id:impactx84,id:psj205,1,1,0,8.283333333333333,8.283333333333333,0
id:impactx84,id:pucrinyesir,1,1,0,13.483333333333333,13.483333333333333,0
id:impactx84,id:qhdtlsdl,1,1,0,16.816666666666666,16.816666666666666,0
id:impactx84,id:qnflsdl,1,1,0,13.966666666666667,13.966666666666667,0
id:impactx84,id:rararabbon,1,1,0,5.533333333333333,5.533333333333333,0
id:impactx84,id:realysoccer,1,1,0,18.2,18.2,0
id:impactx84,id:rwingback,1,1,0,15.25,15.25,0
id:impactx84,id:scat1221,1,1,0,31.283333333333335,31.283333333333335,0
id:impactx84,id:sexline,1,1,0,7.433333333333334,7.433333333333334,0
id:impactx84,id:shrnhoist,1,1,0,9.116666666666667,9.116666666666667,0
id:impactx84,id:simpleisbest,1,1,0,9.5,9.5,0
id:impactx84,id:skfkssutjr,1,1,0,381.46666666666664,381.46666666666664,0
id:impactx84,id:skyskysky1,1,1,0,7.433333333333334,7.433333333333334,0
id:impactx84,id:sladkgold,1,1,0,7.833333333333333,7.833333333333333,0
id:impactx84,id:smurp79,1,1,0,14.266666666666667,14.266666666666667,0
id:impactx84,id:sonhh,1,1,0,351.46666666666664,351.46666666666664,0
id:impactx84,id:sowjreostm,1,1,0,96.73333333333333,96.73333333333333,0
id:impactx84,id:sta0505,1,1,0,348.15,348.15,0
id:impactx84,id:staywithme,1,1,0,16.466666666666665,16.466666666666665,0
id:impactx84,id:striker18,1,1,0,90.23333333333333,90.23333333333333,0
id:impactx84,id:sungjini87,1,1,0,22.533333333333335,22.533333333333335,0
id:impactx84,id:taebari,1,1,0,12.816666666666666,12.816666666666666,0
id:impactx84,id:talk5369,1,1,0,335.3333333333333,335.3333333333333,0
id:impactx84,id:tjdgh09123,1,1,0,7.4,7.4,0
id:impactx84,id:tjdqhrehd,1,1,0,9.766666666666667,9.766666666666667,0
id:impactx84,id:tjfgus1004,1,1,0,296.0,296.0,0
id:impactx84,id:tnt4793,1,1,0,411.3333333333333,411.3333333333333,0
id:impactx84,id:truewrap,1,1,0,17.866666666666667,17.866666666666667,0
id:impactx84,id:tsee1569,1,1,0,214.9,214.9,0
id:impactx84,id:vincent85,1,1,0,24.533333333333335,24.533333333333335,0
id:impactx84,id:woobo,1,1,0,5.266666666666667,5.266666666666667,0
id:impactx84,id:xavi08,1,1,0,7.866666666666666,7.866666666666666,0
id:impactx84,id:yelloweyes,1,1,0,27.233333333333334,27.233333333333334,0
id:impactx84,id:zerostar20,1,1,0,27.416666666666668,27.416666666666668,0
id:impactx84,id:zesus91,1,1,0,124.76666666666667,124.76666666666667,0
id:iskoke,id:Bluewings21,1,1,0,109.06666666666666,109.06666666666666,0
id:iskoke,id:Sejongutd1,1,1,0,9.483333333333333,9.483333333333333,0
id:iskoke,id:leelee1961,1,1,0,483.55,483.55,0
id:iskoke,id:oasiticjoo19,1,1,0,5.4,5.4,0
id:iskoke,id:publicatio,1,1,0,14.383333333333333,14.383333333333333,0
id:iskoke,id:rascol,1,1,0,122.16666666666667,122.16666666666667,0
id:iskoke,id:wind1123,1,1,0,11.766666666666667,11.766666666666667,0
id:itaibogi,id:itaibogi,1,1,0,109.2,109.2,1
id:itaibogi,id:pearson19,1,1,0,5.95,5.95,0
id:itaibogi,id:rascol,1,1,0,5.166666666666667,5.166666666666667,0
id:itaibogi,id:yamso,1,1,0,13.55,13.55,0
id:j8wkfn,id:dress7,1,1,0,42.85,42.85,0
id:j8wkfn,id:mcraky,1,1,0,36.7,36.7,0
id:j8wkfn,id:roe2k,1,1,0,116.6,116.6,0
id:j8wkfn,id:sinn556i,1,1,0,122.41666666666667,122.41666666666667,0
id:jdspitz,id:burtsbees,1,1,0,206.91666666666666,206.91666666666666,0
id:jdspitz,id:ckgh73,1,1,0,136.56666666666666,136.56666666666666,0
id:jdspitz,id:hanlobby,1,1,0,189.83333333333334,189.83333333333334,0
id:jdspitz,id:jec0412,1,1,0,366.96666666666664,366.96666666666664,0
id:jdspitz,id:ksb7872,1,1,0,377.75,377.75,0
id:jdspitz,id:masterplan5,1,1,0,15.15,15.15,0
id:jdspitz,id:osodos,1,1,0,6.15,6.15,0
id:jdspitz,id:recnow,1,1,0,402.76666666666665,402.76666666666665,0
id:jdspitz,id:rukk7812,1,1,0,18.1,18.1,0
id:jdspitz,id:shedz,1,1,0,485.51666666666665,485.51666666666665,0
id:jdspitz,id:tlwns2424,1,1,0,393.28333333333336,393.28333333333336,0
id:jdspitz,id:whddlqlgodrl,1,1,0,13.0,13.0,0
id:jdspitz,id:wind1123,1,1,0,16.266666666666666,16.266666666666666,0
id:jeep126,id:aracra,1,1,0,20.433333333333334,20.433333333333334,0
id:jeep126,id:bulbol,1,1,0,21.333333333333332,21.333333333333332,0
id:jeep126,id:dleoduq1234,1,1,0,38.583333333333336,38.583333333333336,0
id:jeep126,id:moohootae,1,1,0,68.1,68.1,0
id:jeep126,id:progamer77,1,1,0,70.7,70.7,0
id:jeep126,id:raistlin1,1,1,0,333.65,333.65,0
id:jeffkent,id:ar10,1,1,0,20.166666666666668,20.166666666666668,0
id:jeffkent,id:arteta8,1,1,0,6.466666666666667,6.466666666666667,0
id:jeffkent,id:bluewind84,1,1,0,23.716666666666665,23.716666666666665,0
id:jeffkent,id:cauking,1,1,0,6.733333333333333,6.733333333333333,0
id:jeffkent,id:choissi,1,1,0,16.4,16.4,0
id:jeffkent,id:dleoduq1234,1,1,0,8.1,8.1,0
id:jeffkent,id:dosa0705,1,1,0,32.666666666666664,32.666666666666664,0
id:jeffkent,id:dress7,1,1,0,8.583333333333334,8.583333333333334,0
id:jeffkent,id:gogumadory,1,1,0,11.25,11.25,0
id:jeffkent,id:gracepark31,1,1,0,109.63333333333334,109.63333333333334,0
id:jeffkent,id:grit,1,1,0,7.25,7.25,0
id:jeffkent,id:juventus82,1,1,0,11.866666666666667,11.866666666666667,0
id:jeffkent,id:lfcthismeans,1,1,0,11.1,11.1,0
id:jeffkent,id:naco16,1,1,0,65.91666666666667,65.91666666666667,0
id:jeffkent,id:roe2k,1,1,0,5.816666666666666,5.816666666666666,0
id:jeffkent,id:rwingback,1,1,0,9.166666666666666,9.166666666666666,0
id:jeffkent,id:talk5369,1,1,0,5.083333333333333,5.083333333333333,0
id:jeffkent,id:todfndl12,1,1,0,12.383333333333333,12.383333333333333,0
id:jeffkent,id:vnweq956,1,1,0,5.933333333333334,5.933333333333334,0
id:jeffkent,id:xxvxx,1,1,0,11.65,11.65,0
id:jeffkent,id:yoon4859,1,1,0,8.466666666666667,8.466666666666667,0
id:jeffkent,id:zeth929,1,1,0,6.766666666666667,6.766666666666667,0
id:jejajj9,id:0979yj,1,1,0,5.4,5.4,0
id:jejajj9,id:YoLaTengo,1,1,0,6.083333333333333,6.083333333333333,0
id:jejajj9,id:azulyoro,1,1,0,40.61666666666667,40.61666666666667,0
id:jejajj9,id:deportivo7,1,1,0,7.25,7.25,0
id:jejajj9,id:dolbegae,1,1,0,45.666666666666664,45.666666666666664,0
id:jejajj9,id:doochangman,1,1,0,9.533333333333333,9.533333333333333,0
id:jejajj9,id:footpodo,1,1,0,441.28333333333336,441.28333333333336,0
id:jejajj9,id:gosari,1,1,0,30.033333333333335,30.033333333333335,0
id:jejajj9,id:hsw0119,1,1,0,13.95,13.95,0
id:jejajj9,id:iloveyousun,1,1,0,5.6,5.6,0
id:jejajj9,id:juventus82,1,1,0,24.866666666666667,24.866666666666667,0
id:jejajj9,id:kanoutsider,1,1,0,9.683333333333334,9.683333333333334,0
id:jejajj9,id:kimks0824,1,1,0,47.3,47.3,0
id:jejajj9,id:lh1440,1,1,0,107.4,107.4,0
id:jejajj9,id:maelsy99,1,1,0,11.133333333333333,11.133333333333333,0
id:jejajj9,id:messiya2022,1,1,0,1962.45,1962.45,0
id:jejajj9,id:okao,1,1,0,44.583333333333336,44.583333333333336,0
id:jejajj9,id:paranjin,1,1,0,57.78333333333333,57.78333333333333,0
id:jejajj9,id:pedri16,1,1,0,80.18333333333334,80.18333333333334,0
id:jejajj9,id:sdh90,1,1,0,47.38333333333333,47.38333333333333,0
id:jejajj9,id:shkj22,1,1,0,12.883333333333333,12.883333333333333,0
id:jejajj9,id:snakeheads,1,1,0,5.933333333333334,5.933333333333334,0
id:jejajj9,id:taz79,1,1,0,363.9,363.9,0
id:jejajj9,id:thesilver,1,1,0,13.266666666666667,13.266666666666667,0
id:jejajj9,id:wenli,1,1,0,7.733333333333333,7.733333333333333,0
id:jejajj9,id:wildoroiss,1,1,0,395.75,395.75,0
id:jejajj9,id:xavi08,1,1,0,51.46666666666667,51.46666666666667,0
id:jejajj9,id:zxcvv,1,1,0,29.7,29.7,0
id:jinydesign,id:choissi,1,1,0,5.05,5.05,0
id:jinydesign,id:ddmcd,1,1,0,118.55,118.55,0
id:jinydesign,id:juventus82,1,1,0,5.45,5.45,0
id:jinydesign,id:lfcthismeans,1,1,0,6.833333333333333,6.833333333333333,0
id:jinydesign,id:raistlin1,1,1,0,641.5666666666667,641.5666666666667,0
id:jinydesign,id:vnweq956,1,1,0,25.266666666666666,25.266666666666666,0
id:jiyoun1227,id:dlawls,1,1,0,5.083333333333333,5.083333333333333,0
id:jiyoun1227,id:masok01,1,1,0,55.46666666666667,55.46666666666667,0
id:jj1211,id:0979yj,1,1,0,15.75,15.75,0
id:jj1211,id:Bluewings21,1,1,0,33.233333333333334,33.233333333333334,0
id:jj1211,id:Paori,1,1,0,6.083333333333333,6.083333333333333,0
id:jj1211,id:authur,1,1,0,23.9,23.9,0
id:jj1211,id:deportivo7,1,1,0,6.966666666666667,6.966666666666667,0
id:jj1211,id:dlawls,1,1,0,33.9,33.9,0
id:jj1211,id:dleoduq1234,1,1,0,5.05,5.05,0
id:jj1211,id:enckdtlqkf,1,1,0,5.433333333333334,5.433333333333334,0
id:jj1211,id:eobuba74,1,1,0,481.3333333333333,481.3333333333333,0
id:jj1211,id:ex400,1,1,0,36.88333333333333,36.88333333333333,0
id:jj1211,id:feeder00,1,1,0,332.2,332.2,0
id:jj1211,id:gmdalsths07,1,1,0,14.133333333333333,14.133333333333333,0
id:jj1211,id:h0bang,1,1,0,5.583333333333333,5.583333333333333,0
id:jj1211,id:hsw0119,1,1,0,14.716666666666667,14.716666666666667,0
id:jj1211,id:icarus4301,1,1,0,473.06666666666666,473.06666666666666,0
id:jj1211,id:idnya,1,1,0,50.95,50.95,0
id:jj1211,id:im178cm70kg,1,1,0,1185.6,1185.6,0
id:jj1211,id:jun2312,1,1,0,18.716666666666665,18.716666666666665,0
id:jj1211,id:kaoruchan,1,1,0,6.666666666666667,6.666666666666667,0
id:jj1211,id:kapfazo,1,1,0,28.5,28.5,0
id:jj1211,id:kicheon,1,1,0,6.4,6.4,0
id:jj1211,id:klay5587,1,1,0,483.75,483.75,0
id:jj1211,id:kyu021,1,1,0,43.333333333333336,43.333333333333336,0
id:jj1211,id:lckvi,1,1,0,456.3,456.3,0
id:jj1211,id:lj0608,1,1,0,5.25,5.25,0
id:jj1211,id:makaloni,1,1,0,8.3,8.3,0
id:jj1211,id:megacoffee25,1,1,0,9.366666666666667,9.366666666666667,0
id:jj1211,id:pedigree,1,1,0,207.1,207.1,0
id:jj1211,id:pms2906,1,1,0,25.05,25.05,0
id:jj1211,id:potatochip1,1,1,0,15.016666666666667,15.016666666666667,0
id:jj1211,id:progamer77,1,1,0,845.2,845.2,0
id:jj1211,id:qnflsdl,1,1,0,6.433333333333334,6.433333333333334,0
id:jj1211,id:rota007,1,1,0,18.666666666666668,18.666666666666668,0
id:jj1211,id:rwingback,1,1,0,13.55,13.55,0
id:jj1211,id:saliva,1,1,0,10.75,10.75,0
id:jj1211,id:seoukjin,1,1,0,27.85,27.85,0
id:jj1211,id:sidlove,1,1,0,123.23333333333333,123.23333333333333,0
id:jj1211,id:skylky,1,1,0,13.916666666666666,13.916666666666666,0
id:jj1211,id:soccersucker,1,1,0,31.483333333333334,31.483333333333334,0
id:jj1211,id:sonhh,1,1,0,27.1,27.1,0
id:jj1211,id:supremebape,1,1,0,15.533333333333333,15.533333333333333,0
id:jj1211,id:vhzkflrjf,1,1,0,24.083333333333332,24.083333333333332,0
id:jj1211,id:vincent85,1,1,0,142.61666666666667,142.61666666666667,0
id:jj1211,id:wildoroiss,1,1,0,18.983333333333334,18.983333333333334,0
id:jj1211,id:wind1123,1,1,0,5.066666666666666,5.066666666666666,0
id:jj1211,id:wnscjfl,1,1,0,17.233333333333334,17.233333333333334,0
id:jj1211,id:wondh84,1,1,0,15.566666666666666,15.566666666666666,0
id:jk3254792,id:leoperiseus,1,1,0,8.566666666666666,8.566666666666666,0
id:jk3254792,id:roe2k,1,1,0,22.9,22.9,0
id:joohakmoo,id:Mobaraeram,1,1,0,27.75,27.75,0
id:joohakmoo,id:YoLaTengo,1,1,0,10.433333333333334,10.433333333333334,0
id:joohakmoo,id:aisiteru99,1,1,0,8.9,8.9,0
id:joohakmoo,id:bulbol,1,1,0,9.966666666666667,9.966666666666667,0
id:joohakmoo,id:cauking,1,1,0,5.533333333333333,5.533333333333333,0
id:joohakmoo,id:colacup,1,1,0,21.433333333333334,21.433333333333334,0
id:joohakmoo,id:cubana,1,1,0,6.616666666666666,6.616666666666666,0
id:joohakmoo,id:cytokine1234,1,1,0,12.516666666666667,12.516666666666667,0
id:joohakmoo,id:dlawls,1,1,0,35.233333333333334,35.233333333333334,0
id:joohakmoo,id:dosa0705,1,1,0,14.566666666666666,14.566666666666666,0
id:joohakmoo,id:hsando1,1,1,0,10.983333333333333,10.983333333333333,0
id:joohakmoo,id:jinydesign,1,1,0,20.083333333333332,20.083333333333332,0
id:joohakmoo,id:kicking,1,1,0,20.983333333333334,20.983333333333334,0
id:joohakmoo,id:kopluke,1,1,0,90.1,90.1,0
id:joohakmoo,id:krstarship,1,1,0,82.06666666666666,82.06666666666666,0
id:joohakmoo,id:lena4563,1,1,0,64.18333333333334,64.18333333333334,0
id:joohakmoo,id:lfcthismeans,1,1,0,12.683333333333334,12.683333333333334,0
id:joohakmoo,id:luna7742,1,1,0,30.516666666666666,30.516666666666666,0
id:joohakmoo,id:milkblue,1,1,0,17.9,17.9,0
id:joohakmoo,id:naco16,1,1,0,23.45,23.45,0
id:joohakmoo,id:oasiticjoo19,1,1,0,23.666666666666668,23.666666666666668,0
id:joohakmoo,id:rascol,1,1,0,56.7,56.7,0
id:joohakmoo,id:riverpine,1,1,0,7.866666666666666,7.866666666666666,0
id:joohakmoo,id:soccersucker,1,1,0,14.016666666666667,14.016666666666667,0
id:joohakmoo,id:stabbie81,1,1,0,6.016666666666667,6.016666666666667,0
id:joohakmoo,id:tkrhdgus1,1,1,0,8.066666666666666,8.066666666666666,0
id:joohakmoo,id:wind1123,1,1,0,5.85,5.85,0
id:joohakmoo,id:woobo,1,1,0,30.466666666666665,30.466666666666665,0
id:joohakmoo,id:xowhdeo,1,1,0,482.51666666666665,482.51666666666665,0
id:joohakmoo,id:yeonrang,1,1,0,7.233333333333333,7.233333333333333,0
id:jordineducas,id:darthfish,1,1,0,62.31666666666667,62.31666666666667,0
id:jordineducas,id:jordineducas,1,1,0,147.7,147.7,1
id:jordineducas,id:park8305,1,1,0,118.05,118.05,0
id:jordineducas,id:rascol,1,1,0,249.03333333333333,249.03333333333333,0
id:jordineducas,id:whoshot,1,1,0,6.683333333333334,6.683333333333334,0
id:jordineducas,id:wind1123,1,1,0,12.15,12.15,0
id:jseric,id:redondor,1,1,0,11.0,11.0,0
id:jseric,id:spoops,1,1,0,7.033333333333333,7.033333333333333,0
id:jseric,id:twija100,1,1,0,36.833333333333336,36.833333333333336,0
id:jseric,id:wind1123,1,1,0,7.133333333333334,7.133333333333334,0
id:jun2312,id:85yang,1,1,0,18.75,18.75,0
id:jun2312,id:KINGBATI,1,1,0,57.05,57.05,0
id:jun2312,id:arteta8,1,1,0,18.116666666666667,18.116666666666667,0
id:jun2312,id:claralike123,1,1,0,10.183333333333334,10.183333333333334,0
id:jun2312,id:diminish,1,1,0,15.233333333333333,15.233333333333333,0
id:jun2312,id:dress7,1,1,0,5.633333333333334,5.633333333333334,0
id:jun2312,id:finishking,1,1,0,383.2,383.2,0
id:jun2312,id:hypeboy,1,1,0,395.03333333333336,395.03333333333336,0
id:jun2312,id:janggos,1,1,0,394.25,394.25,0
id:jun2312,id:kanoutsider,1,1,0,7.25,7.25,0
id:jun2312,id:life13579,1,1,0,11.45,11.45,0
id:jun2312,id:maelsy99,1,1,0,12.383333333333333,12.383333333333333,0
id:jun2312,id:mantis,1,1,0,31.666666666666668,31.666666666666668,0
id:jun2312,id:naco16,1,1,0,25.9,25.9,0
id:jun2312,id:realysoccer,1,1,0,16.133333333333333,16.133333333333333,0
id:jun2312,id:rkarlaos1,1,1,0,153.48333333333332,153.48333333333332,0
id:jun2312,id:roe2k,1,1,0,143.25,143.25,0
id:jun2312,id:rukk7812,1,1,0,11.85,11.85,0
id:jun2312,id:sinn556i,1,1,0,24.133333333333333,24.133333333333333,0
id:jun2312,id:xesc,1,1,0,19.35,19.35,0
id:junice98,id:hobro,1,1,0,11.45,11.45,0
id:junjung,id:Milner7,1,1,0,7.033333333333333,7.033333333333333,0
id:juventus82,id:Milner7,1,1,0,17.15,17.15,0
id:juventus82,id:Mobaraeram,1,1,0,21.033333333333335,21.033333333333335,0
id:juventus82,id:balochanda,1,1,0,115.81666666666666,115.81666666666666,0
id:juventus82,id:bluepillz,1,1,0,14.183333333333334,14.183333333333334,0
id:juventus82,id:citable,1,1,0,14.216666666666667,14.216666666666667,0
id:juventus82,id:cyjlove1,1,1,0,35.93333333333333,35.93333333333333,0
id:juventus82,id:ex400,1,1,0,9.466666666666667,9.466666666666667,0
id:juventus82,id:filyeun2,1,1,0,5.333333333333333,5.333333333333333,0
id:juventus82,id:forest,1,1,0,6.266666666666667,6.266666666666667,0
id:juventus82,id:gbu17,1,1,0,5.066666666666666,5.066666666666666,0
id:juventus82,id:god18xx,1,1,0,33.166666666666664,33.166666666666664,0
id:juventus82,id:hyunookk,1,1,0,266.4,266.4,0
id:juventus82,id:impactx84,1,1,0,5.883333333333334,5.883333333333334,0
id:juventus82,id:itemptu2,1,1,0,9.3,9.3,0
id:juventus82,id:kaizennf,1,1,0,20.25,20.25,0
id:juventus82,id:kicking,1,1,0,10.75,10.75,0
id:juventus82,id:kwjunon,1,1,0,89.35,89.35,0
id:juventus82,id:messiya2022,1,1,0,45.8,45.8,0
id:juventus82,id:monkjm,1,1,0,295.0,295.0,0
id:juventus82,id:pck0511,1,1,0,410.85,410.85,0
id:juventus82,id:publicatio,1,1,0,32.35,32.35,0
id:juventus82,id:redgundam,1,1,0,7.183333333333334,7.183333333333334,0
id:juventus82,id:riverpine,1,1,0,6.083333333333333,6.083333333333333,0
id:juventus82,id:seungman98,1,1,0,24.616666666666667,24.616666666666667,0
id:juventus82,id:shkj22,1,1,0,6.166666666666667,6.166666666666667,0
id:juventus82,id:solution78,1,1,0,6.416666666666667,6.416666666666667,0
id:juventus82,id:thesilver,1,1,0,9.233333333333333,9.233333333333333,0
id:juventus82,id:websters,1,1,0,15.616666666666667,15.616666666666667,0
id:juventus82,id:xavi08,1,1,0,48.266666666666666,48.266666666666666,0
id:kaizennf,id:Clocks,1,1,0,5.35,5.35,0
id:kaizennf,id:FeelingGood,1,1,0,5.083333333333333,5.083333333333333,0
id:kaizennf,id:ImDoubleJ,1,1,0,15.5,15.5,0
id:kaizennf,id:MementoMori,1,1,0,7.5,7.5,0
id:kaizennf,id:adnanjanuzaj,1,1,0,265.73333333333335,265.73333333333335,0
id:kaizennf,id:ansua86,1,1,0,288.8833333333333,288.8833333333333,0
id:kaizennf,id:bollex,1,1,0,63.5,63.5,0
id:kaizennf,id:cytokine1234,1,1,0,382.2,382.2,0
id:kaizennf,id:diplolee,1,1,0,33.71666666666667,33.71666666666667,0
id:kaizennf,id:eroongc,1,1,0,475.0,475.0,0
id:kaizennf,id:hopes,1,1,0,33.55,33.55,0
id:kaizennf,id:kicking,1,1,0,5.083333333333333,5.083333333333333,0
id:kaizennf,id:kmy7710,1,1,0,16.516666666666666,16.516666666666666,0
id:kaizennf,id:malmir30,1,1,0,477.4,477.4,0
id:kaizennf,id:megacoffee25,1,1,0,9.05,9.05,0
id:kaizennf,id:moonplay,1,1,0,18.633333333333333,18.633333333333333,0
id:kaizennf,id:mrnohsr,1,1,0,345.7,345.7,0
id:kaizennf,id:mymoretz1,1,1,0,19.766666666666666,19.766666666666666,0
id:kaizennf,id:oasiticjoo19,1,1,0,10.466666666666667,10.466666666666667,0
id:kaizennf,id:pmg9525,1,1,0,19.9,19.9,0
id:kaizennf,id:pms2906,1,1,0,9.283333333333333,9.283333333333333,0
id:kaizennf,id:raistlin1,1,1,0,12.216666666666667,12.216666666666667,0
id:kaizennf,id:roe2k,1,1,0,90.58333333333333,90.58333333333333,0
id:kaizennf,id:sinn556i,1,1,0,5.383333333333334,5.383333333333334,0
id:kaizennf,id:trokie,1,1,0,5.25,5.25,0
id:kakaka10,id:HENSON05,1,1,0,23.45,23.45,0
id:kakaka10,id:bluepillz,1,1,0,10.2,10.2,0
id:kakaka10,id:bookae1,1,1,0,12.466666666666667,12.466666666666667,0
id:kakaka10,id:dlawls,1,1,0,26.933333333333334,26.933333333333334,0
id:kakaka10,id:hpkim90,1,1,0,13.383333333333333,13.383333333333333,0
id:kakaka10,id:placebo,1,1,0,28.166666666666668,28.166666666666668,0
id:kanginmom,id:Necovv,1,1,0,10.066666666666666,10.066666666666666,0
id:kanginmom,id:authur,1,1,0,14.6,14.6,0
id:kanginmom,id:cubana,1,1,0,51.68333333333333,51.68333333333333,0
id:kanginmom,id:dass592,1,1,0,6.566666666666666,6.566666666666666,0
id:kanginmom,id:iglaman,1,1,0,36.81666666666667,36.81666666666667,0
id:kanginmom,id:loblue208,1,1,0,15.583333333333334,15.583333333333334,0
id:kanginmom,id:pullmeunder,1,1,0,44.733333333333334,44.733333333333334,0
id:kanginmom,id:raistlin1,1,1,0,25.916666666666668,25.916666666666668,0
id:kanginmom,id:rea1me,1,1,0,5.3,5.3,0
id:kanginmom,id:riverpine,1,1,0,9.283333333333333,9.283333333333333,0
id:kanginmom,id:sbw1249,1,1,0,15.716666666666667,15.716666666666667,0
id:kanginmom,id:shin4687,1,1,0,1632.7833333333333,1632.7833333333333,0
id:kanginmom,id:taebari,1,1,0,6.3,6.3,0
id:kanginmom,id:tkrldh,1,1,0,13.6,13.6,0
id:kanginmom,id:vnweq956,1,1,0,53.666666666666664,53.666666666666664,0
id:kanginmom,id:wenli,1,1,0,9.366666666666667,9.366666666666667,0
id:kanginmom,id:zxcvbnm00765,1,1,0,13.0,13.0,0
id:kanoutsider,id:leoperiseus,1,1,0,63.53333333333333,63.53333333333333,0
id:kaoruchan,id:1987vintage,1,1,0,5.983333333333333,5.983333333333333,0
id:kaoruchan,id:Marshmello,1,1,0,10.85,10.85,0
id:kaoruchan,id:cokabel,1,1,0,8.25,8.25,0
id:kaoruchan,id:jejajj9,1,1,0,14.733333333333333,14.733333333333333,0
id:kaoruchan,id:kim2pac,1,1,0,6.75,6.75,0
id:kaoruchan,id:mirissoul2,1,1,0,39.3,39.3,0
id:kaoruchan,id:striker18,1,1,0,39.983333333333334,39.983333333333334,0
id:kaoruchan,id:thesilver,1,1,0,20.133333333333333,20.133333333333333,0
id:keias1024,id:Bluewings21,1,1,0,17.183333333333334,17.183333333333334,0
id:keias1024,id:BongGu1103,1,1,0,13.383333333333333,13.383333333333333,0
id:keias1024,id:chakagesalja,1,1,0,15.433333333333334,15.433333333333334,0
id:keias1024,id:footpodo,1,1,0,5.183333333333334,5.183333333333334,0
id:keias1024,id:itaibogi,1,1,0,25.75,25.75,0
id:keias1024,id:keias1024,1,1,0,7.683333333333334,7.683333333333334,1
id:keias1024,id:kinomayu,1,1,0,5.6,5.6,0
id:keias1024,id:osodos,1,1,0,5.95,5.95,0
id:keias1024,id:psj1905,1,1,0,7.2,7.2,0
id:keias1024,id:spoops,1,1,0,8.2,8.2,0
id:keias1024,id:ujlee1357,1,1,0,45.9,45.9,0
id:keias1024,id:ziclee00,1,1,0,9.8,9.8,0
id:keias1024,id:zkdltmffks,1,1,0,23.216666666666665,23.216666666666665,0
id:kenochanTR,id:bluepillz,1,1,0,28.1,28.1,0
id:kenochanTR,id:eufc,1,1,0,12.383333333333333,12.383333333333333,0
id:kenochanTR,id:stynerkn,1,1,0,11.283333333333333,11.283333333333333,0
id:kglite,id:Milner7,1,1,0,21.566666666666666,21.566666666666666,0
id:kglite,id:Necovv,1,1,0,6.933333333333334,6.933333333333334,0
id:kglite,id:chakagesalja,1,1,0,27.983333333333334,27.983333333333334,0
id:kglite,id:dadoocom,1,1,0,7.733333333333333,7.733333333333333,0
id:kglite,id:dress7,1,1,0,12.166666666666666,12.166666666666666,0
id:kglite,id:euji,1,1,0,5.533333333333333,5.533333333333333,0
id:kglite,id:forest,1,1,0,356.4,356.4,0
id:kglite,id:gh6282,1,1,0,28.666666666666668,28.666666666666668,0
id:kglite,id:horsedongh,1,1,0,5.233333333333333,5.233333333333333,0
id:kglite,id:hypeboy,1,1,0,11.466666666666667,11.466666666666667,0
id:kglite,id:ilikeps,1,1,0,200.7,200.7,0
id:kglite,id:iloveyousun,1,1,0,8.483333333333333,8.483333333333333,0
id:kglite,id:juventus82,1,1,0,17.016666666666666,17.016666666666666,0
id:kglite,id:kapfazo,1,1,0,10.433333333333334,10.433333333333334,0
id:kglite,id:luna7742,1,1,0,20.05,20.05,0
id:kglite,id:ulsan0101,1,1,0,17.983333333333334,17.983333333333334,0
id:kglite,id:wenli,1,1,0,18.966666666666665,18.966666666666665,0
id:khy80,id:csh1194,1,1,0,6.6,6.6,0
id:khy80,id:dlawls,1,1,0,6.833333333333333,6.833333333333333,0
id:khy80,id:judge,1,1,0,7.333333333333333,7.333333333333333,0
id:khy80,id:thesilver,1,1,0,6.2,6.2,0
id:kicheon,id:HENSON05,1,1,0,15.133333333333333,15.133333333333333,0
id:kicheon,id:MementoMori,1,1,0,16.1,16.1,0
id:kicheon,id:choissi,1,1,0,14.366666666666667,14.366666666666667,0
id:kicheon,id:flypcs20,1,1,0,407.4166666666667,407.4166666666667,0
id:kicheon,id:hyunookk,1,1,0,10.733333333333333,10.733333333333333,0
id:kicheon,id:kanoutsider,1,1,0,25.866666666666667,25.866666666666667,0
id:kicheon,id:tkrldh,1,1,0,10.533333333333333,10.533333333333333,0
id:kicheon,id:yjkown,1,1,0,367.1666666666667,367.1666666666667,0
id:killy,id:zxcvbnm00765,1,1,0,14.133333333333333,14.133333333333333,0
id:kim2pac,id:ImDoubleJ,1,1,0,8.266666666666667,8.266666666666667,0
id:kim2pac,id:Mukari07,1,1,0,23.6,23.6,0
id:kim2pac,id:cubana,1,1,0,7.583333333333333,7.583333333333333,0
id:kim2pac,id:ehihoho,1,1,0,445.55,445.55,0
id:kim2pac,id:filyeun2,1,1,0,6.35,6.35,0
id:kim2pac,id:gbu17,1,1,0,8.266666666666667,8.266666666666667,0
id:kim2pac,id:kicking,1,1,0,7.8,7.8,0
id:kim2pac,id:klay5587,1,1,0,45.6,45.6,0
id:kim2pac,id:kuo13,1,1,0,455.9166666666667,455.9166666666667,0
id:kim2pac,id:say1673,1,1,0,24.2,24.2,0
id:kim2pac,id:sheva7,1,1,0,23.433333333333334,23.433333333333334,0
id:kim2pac,id:shkj22,1,1,0,6.816666666666666,6.816666666666666,0
id:kim2pac,id:soju4jan,1,1,0,19.516666666666666,19.516666666666666,0
id:kim2pac,id:vesper,1,1,0,469.3833333333333,469.3833333333333,0
id:kim2pac,id:whitepony,1,1,0,48.28333333333333,48.28333333333333,0
id:kim2pac,id:whoshot,1,1,0,5.116666666666666,5.116666666666666,0
id:kim2pac,id:xpelwh,1,1,0,9.983333333333333,9.983333333333333,0
id:kim2pac,id:yellowsoul,1,1,0,17.05,17.05,0
id:kimdel77,id:Necovv,1,1,0,8.316666666666666,8.316666666666666,0
id:kimdel77,id:blue5365,1,1,0,5.233333333333333,5.233333333333333,0
id:kimdel77,id:chocomilk,1,1,0,48.3,48.3,0
id:kimdel77,id:eddie,1,1,0,9.4,9.4,0
id:kimdel77,id:elan8501,1,1,0,10.166666666666666,10.166666666666666,0
id:kimdel77,id:hopes,1,1,0,14.083333333333334,14.083333333333334,0
id:kimdel77,id:kanoutsider,1,1,0,31.683333333333334,31.683333333333334,0
id:kimdel77,id:kduncan,1,1,0,12.183333333333334,12.183333333333334,0
id:kimdel77,id:millano,1,1,0,14.383333333333333,14.383333333333333,0
id:kimdel77,id:placebo,1,1,0,6.15,6.15,0
id:kimdel77,id:progamer77,1,1,0,5.533333333333333,5.533333333333333,0
id:kimdel77,id:pterror,1,1,0,31.133333333333333,31.133333333333333,0
id:kimdel77,id:say1673,1,1,0,53.483333333333334,53.483333333333334,0
id:kimdel77,id:shkj22,1,1,0,16.383333333333333,16.383333333333333,0
id:kimdel77,id:sidlove,1,1,0,15.133333333333333,15.133333333333333,0
id:kimdel77,id:sof8,1,1,0,17.633333333333333,17.633333333333333,0
id:kimdel77,id:spoops,1,1,0,21.983333333333334,21.983333333333334,0
id:kimdel77,id:traum0105,1,1,0,118.61666666666666,118.61666666666666,0
id:kimdel77,id:yellowsoul,1,1,0,54.13333333333333,54.13333333333333,0
id:kimdel77,id:yjs1g,1,1,0,8.7,8.7,0
id:kimdel77,id:yoon4859,1,1,0,8.1,8.1,0
id:kimpo,id:FeelingGood,1,1,0,10.716666666666667,10.716666666666667,0
id:kimpo,id:Necovv,1,1,0,7.983333333333333,7.983333333333333,0
id:kimpo,id:TRkenochan,1,1,0,11.616666666666667,11.616666666666667,0
id:kimpo,id:ahjz1016,1,1,0,77.36666666666666,77.36666666666666,0
id:kimpo,id:bugfix,1,1,0,8.883333333333333,8.883333333333333,0
id:kimpo,id:childpicture,1,1,0,5.666666666666667,5.666666666666667,0
id:kimpo,id:claxn7,1,1,0,16.066666666666666,16.066666666666666,0
id:kimpo,id:cytokine1234,1,1,0,6.25,6.25,0
id:kimpo,id:dleoduq1234,1,1,0,32.516666666666666,32.516666666666666,0
id:kimpo,id:dress7,1,1,0,39.43333333333333,39.43333333333333,0
id:kimpo,id:eddie,1,1,0,8.566666666666666,8.566666666666666,0
id:kimpo,id:erai7007,1,1,0,19.116666666666667,19.116666666666667,0
id:kimpo,id:footpodo,1,1,0,8.283333333333333,8.283333333333333,0
id:kimpo,id:hulk,1,1,0,9.866666666666667,9.866666666666667,0
id:kimpo,id:hypeboy,1,1,0,14.5,14.5,0
id:kimpo,id:kakaka10,1,1,0,6.383333333333334,6.383333333333334,0
id:kimpo,id:kiriman,1,1,0,9.733333333333333,9.733333333333333,0
id:kimpo,id:klopp1104,1,1,0,14.55,14.55,0
id:kimpo,id:lfcthismeans,1,1,0,9.566666666666666,9.566666666666666,0
id:kimpo,id:makijeon,1,1,0,16.116666666666667,16.116666666666667,0
id:kimpo,id:masterplan5,1,1,0,15.316666666666666,15.316666666666666,0
id:kimpo,id:monkjm,1,1,0,37.333333333333336,37.333333333333336,0
id:kimpo,id:press21cc,1,1,0,126.7,126.7,0
id:kimpo,id:qhdtlsdl,1,1,0,10.766666666666667,10.766666666666667,0
id:kimpo,id:raul7143,1,1,0,21.15,21.15,0
id:kimpo,id:roe2k,1,1,0,35.65,35.65,0
id:kimpo,id:sof8,1,1,0,41.916666666666664,41.916666666666664,0
id:kimpo,id:sounited13,1,1,0,8.133333333333333,8.133333333333333,0
id:kimpo,id:spoops,1,1,0,13.1,13.1,0
id:kimpo,id:tkzjfkdlsd,1,1,0,8.466666666666667,8.466666666666667,0
id:kimpo,id:toninho07,1,1,0,13.983333333333333,13.983333333333333,0
id:kimpo,id:xpelwh,1,1,0,65.05,65.05,0
id:kimpo,id:xxvxx,1,1,0,11.383333333333333,11.383333333333333,0
id:kimpo,id:zxcvv,1,1,0,12.483333333333333,12.483333333333333,0
id:kiriman,id:10bergi,1,1,0,6.65,6.65,0
id:kiriman,id:ImDoubleJ,1,1,0,35.3,35.3,0
id:kiriman,id:amaai,1,1,0,21.7,21.7,0
id:kiriman,id:bonobono234,1,1,0,40.55,40.55,0
id:kiriman,id:cubana,1,1,0,7.966666666666667,7.966666666666667,0
id:kiriman,id:dosa0705,1,1,0,5.233333333333333,5.233333333333333,0
id:kiriman,id:dress7,1,1,0,32.05,32.05,0
id:kiriman,id:flareburst,1,1,0,14.433333333333334,14.433333333333334,0
id:kiriman,id:grit,1,1,0,11.25,11.25,0
id:kiriman,id:hoffenheim,1,1,0,30.233333333333334,30.233333333333334,0
id:kiriman,id:iloveyousun,1,1,0,62.166666666666664,62.166666666666664,0
id:kiriman,id:kapfazo,1,1,0,8.733333333333333,8.733333333333333,0
id:kiriman,id:kim2pac,1,1,0,31.516666666666666,31.516666666666666,0
id:kiriman,id:masterplan5,1,1,0,12.8,12.8,0
id:kiriman,id:nike09,1,1,0,5.75,5.75,0
id:kiriman,id:okao,1,1,0,10.9,10.9,0
id:kiriman,id:raulgonzo,1,1,0,9.8,9.8,0
id:kiriman,id:regnier,1,1,0,43.31666666666667,43.31666666666667,0
id:kiriman,id:roe2k,1,1,0,15.5,15.5,0
id:kiriman,id:sadyguru,1,1,0,32.28333333333333,32.28333333333333,0
id:kiriman,id:sidlove,1,1,0,108.68333333333334,108.68333333333334,0
id:kiriman,id:yelloweyes,1,1,0,16.616666666666667,16.616666666666667,0
id:kiriman,id:yjs1g,1,1,0,7.033333333333333,7.033333333333333,0
id:kiriman,id:新) 허정무(blue123,1,1,0,12.283333333333333,12.283333333333333,0
id:kjk2880,id:monkjm,1,1,0,47.333333333333336,47.333333333333336,0
id:kkpf1004,id:carlos02k,1,1,0,20.7,20.7,0
id:kkpf1004,id:dryskel7,1,1,0,56.38333333333333,56.38333333333333,0
id:kkpf1004,id:erai7007,1,1,0,13.1,13.1,0
id:kkpf1004,id:iskoke,1,1,0,73.63333333333334,73.63333333333334,0
id:kkt1216,id:jmw1121,1,1,0,35.13333333333333,35.13333333333333,0
id:kkt1216,id:klay5587,1,1,0,73.9,73.9,0
id:kkt1216,id:occup,1,1,0,91.55,91.55,0
id:kkt1216,id:talk5369,1,1,0,10.2,10.2,0
id:klay5587,id:MementoMori,1,1,0,21.216666666666665,21.216666666666665,0
id:klay5587,id:dleoduq1234,1,1,0,50.25,50.25,0
id:klay5587,id:dress7,1,1,0,10.633333333333333,10.633333333333333,0
id:klay5587,id:lh1440,1,1,0,14.033333333333333,14.033333333333333,0
id:klay5587,id:psoo707,1,1,0,46.916666666666664,46.916666666666664,0
id:klay5587,id:sounited13,1,1,0,13.533333333333333,13.533333333333333,0
id:klay5587,id:wildoroiss,1,1,0,16.316666666666666,16.316666666666666,0
id:klopp1104,id:vnweq956,1,1,0,7.366666666666666,7.366666666666666,0
id:koaie123,id:PabloGavi,1,1,0,365.96666666666664,365.96666666666664,0
id:koaie123,id:armwear,1,1,0,96.9,96.9,0
id:koaie123,id:dining,1,1,0,8.533333333333333,8.533333333333333,0
id:koaie123,id:jychang2,1,1,0,8.816666666666666,8.816666666666666,0
id:koaie123,id:kakaka10,1,1,0,118.35,118.35,0
id:koaie123,id:kinomayu,1,1,0,11.2,11.2,0
id:koaie123,id:lfcthismeans,1,1,0,7.016666666666667,7.016666666666667,0
id:koaie123,id:mirissoul2,1,1,0,9.05,9.05,0
id:koaie123,id:raul7143,1,1,0,13.916666666666666,13.916666666666666,0
id:koaie123,id:yelloweyes,1,1,0,28.15,28.15,0
id:koaie123,id:zxcvbnm00765,1,1,0,5.2,5.2,0
id:kohs98,id:Beckham32,1,1,0,383.7,383.7,0
id:kohs98,id:ImDoubleJ,1,1,0,8.716666666666667,8.716666666666667,0
id:kohs98,id:Necovv,1,1,0,43.36666666666667,43.36666666666667,0
id:kohs98,id:aslow,1,1,0,191.76666666666668,191.76666666666668,0
id:kohs98,id:bonobono234,1,1,0,41.3,41.3,0
id:kohs98,id:bundes1,1,1,0,7.5,7.5,0
id:kohs98,id:dosa0705,1,1,0,1014.9166666666666,1014.9166666666666,0
id:kohs98,id:dsgmjj,1,1,0,177.5,177.5,0
id:kohs98,id:eddie,1,1,0,35.35,35.35,0
id:kohs98,id:finishking,1,1,0,919.1333333333333,919.1333333333333,0
id:kohs98,id:hopes,1,1,0,373.1666666666667,373.1666666666667,0
id:kohs98,id:horizon,1,1,0,36.18333333333333,36.18333333333333,0
id:kohs98,id:hpkim90,1,1,0,47.4,47.4,0
id:kohs98,id:kicheon,1,1,0,45.983333333333334,45.983333333333334,0
id:kohs98,id:kuoron,1,1,0,20.316666666666666,20.316666666666666,0
id:kohs98,id:lh1440,1,1,0,23.05,23.05,0
id:kohs98,id:lwj801,1,1,0,349.5,349.5,0
id:kohs98,id:metalgear,1,1,0,17.633333333333333,17.633333333333333,0
id:kohs98,id:millano,1,1,0,559.8833333333333,559.8833333333333,0
id:kohs98,id:monkjm,1,1,0,40.43333333333333,40.43333333333333,0
id:kohs98,id:pearson19,1,1,0,6.9,6.9,0
id:kohs98,id:placebo,1,1,0,464.68333333333334,464.68333333333334,0
id:kohs98,id:rota007,1,1,0,13.816666666666666,13.816666666666666,0
id:kohs98,id:sinn556i,1,1,0,420.75,420.75,0
id:kohs98,id:smurp79,1,1,0,231.95,231.95,0
id:kohs98,id:spoops,1,1,0,25.033333333333335,25.033333333333335,0
id:kohs98,id:thsedays,1,1,0,380.65,380.65,0
id:kohs98,id:wltlswhd,1,1,0,35.45,35.45,0
id:kohs98,id:xesc,1,1,0,65.8,65.8,0
id:kohs98,id:yjkown,1,1,0,155.06666666666666,155.06666666666666,0
id:kokomong,id:Bluewings21,1,1,0,8.533333333333333,8.533333333333333,0
id:kokomong,id:NEWHERO,1,1,0,8.566666666666666,8.566666666666666,0
id:kokomong,id:beat11,1,1,0,27.35,27.35,0
id:kokomong,id:choissi,1,1,0,5.05,5.05,0
id:kokomong,id:consul,1,1,0,5.366666666666666,5.366666666666666,0
id:kokomong,id:deportivo7,1,1,0,7.25,7.25,0
id:kokomong,id:dress7,1,1,0,9.3,9.3,0
id:kokomong,id:eddie,1,1,0,9.766666666666667,9.766666666666667,0
id:kokomong,id:ehihoho,1,1,0,14.516666666666667,14.516666666666667,0
id:kokomong,id:gogumadory,1,1,0,8.233333333333333,8.233333333333333,0
id:kokomong,id:hulk,1,1,0,21.25,21.25,0
id:kokomong,id:itsmyzone,1,1,0,24.766666666666666,24.766666666666666,0
id:kokomong,id:kp5189jp,1,1,0,6.016666666666667,6.016666666666667,0
id:kokomong,id:ksb7872,1,1,0,18.016666666666666,18.016666666666666,0
id:kokomong,id:leoperiseus,1,1,0,430.9,430.9,0
id:kokomong,id:messiya2022,1,1,0,65.16666666666667,65.16666666666667,0
id:kokomong,id:mhp3rd,1,1,0,14.95,14.95,0
id:kokomong,id:pjh1421,1,1,0,9.233333333333333,9.233333333333333,0
id:kokomong,id:raistlin1,1,1,0,17.4,17.4,0
id:kokomong,id:redgundam,1,1,0,7.25,7.25,0
id:kokomong,id:summernight,1,1,0,7.783333333333333,7.783333333333333,0
id:kokomong,id:takeout2002,1,1,0,16.416666666666668,16.416666666666668,0
id:kokomong,id:tgibhh111,1,1,0,8.15,8.15,0
id:kokomong,id:vnweq956,1,1,0,7.95,7.95,0
id:kokomong,id:wildoroiss,1,1,0,143.18333333333334,143.18333333333334,0
id:kokomong,id:yelloweyes,1,1,0,11.416666666666666,11.416666666666666,0
id:kokomong,id:zestgo,1,1,0,17.2,17.2,0
id:kopluke,id:BongGu1103,1,1,0,9.116666666666667,9.116666666666667,0
id:kopluke,id:dialine,1,1,0,12.35,12.35,0
id:kopluke,id:flamans1,1,1,0,22.216666666666665,22.216666666666665,0
id:kopluke,id:itemptu2,1,1,0,5.55,5.55,0
id:korea1943,id:koreafigo,1,1,0,23.066666666666666,23.066666666666666,0
id:korea1943,id:monkjm,1,1,0,7.966666666666667,7.966666666666667,0
id:korea1943,id:placebo,1,1,0,18.183333333333334,18.183333333333334,0
id:korea1943,id:sinn556i,1,1,0,126.51666666666667,126.51666666666667,0
id:korea1943,id:todfndl12,1,1,0,8.033333333333333,8.033333333333333,0
id:korea1943,id:whddlqlgodrl,1,1,0,8.216666666666667,8.216666666666667,0
id:kp5189jp,id:ManU01,1,1,0,21.0,21.0,0
id:kp5189jp,id:Mukari07,1,1,0,24.0,24.0,0
id:kp5189jp,id:casione,1,1,0,53.05,53.05,0
id:kp5189jp,id:kb3806,1,1,0,80.33333333333333,80.33333333333333,0
id:kp5189jp,id:monkjm,1,1,0,24.816666666666666,24.816666666666666,0
id:kp5189jp,id:press21cc,1,1,0,104.08333333333333,104.08333333333333,0
id:kp5189jp,id:summernight,1,1,0,5.316666666666666,5.316666666666666,0
id:kp5189jp,id:tkrldh,1,1,0,6.366666666666666,6.366666666666666,0
id:kp5189jp,id:vnweq956,1,1,0,13.966666666666667,13.966666666666667,0
id:kp5189jp,id:wenli,1,1,0,69.4,69.4,0
id:kp5189jp,id:xxvxx,1,1,0,6.283333333333333,6.283333333333333,0
id:ksydqtj,id:itemptu2,1,1,0,8.45,8.45,0
id:kuo13,id:forest,1,1,0,21.6,21.6,0
id:kuo13,id:mirissoul2,1,1,0,31.583333333333332,31.583333333333332,0
id:kuoron,id:FeelingGood,1,1,0,7.183333333333334,7.183333333333334,0
id:kuoron,id:adios00,1,1,0,27.166666666666668,27.166666666666668,0
id:kuoron,id:blue5365,1,1,0,15.766666666666667,15.766666666666667,0
id:kuoron,id:buk123,1,1,0,26.133333333333333,26.133333333333333,0
id:kuoron,id:couquedasse,1,1,0,7.25,7.25,0
id:kuoron,id:ehihoho,1,1,0,21.1,21.1,0
id:kuoron,id:forest,1,1,0,25.25,25.25,0
id:kuoron,id:kakaka10,1,1,0,19.866666666666667,19.866666666666667,0
id:kuoron,id:psj1905,1,1,0,24.733333333333334,24.733333333333334,0
id:kyoijjoo,id:0979yj,1,1,0,51.233333333333334,51.233333333333334,0
id:kyoijjoo,id:choohahaha,1,1,0,81.65,81.65,0
id:kyoijjoo,id:dleoduq1234,1,1,0,6.5,6.5,0
id:kyoijjoo,id:oasiticjoo19,1,1,0,10.416666666666666,10.416666666666666,0
id:kyoijjoo,id:psj1905,1,1,0,22.766666666666666,22.766666666666666,0
id:kyoijjoo,id:speed94,1,1,0,9.233333333333333,9.233333333333333,0
id:kyoijjoo,id:taz79,1,1,0,83.46666666666667,83.46666666666667,0
id:kyoijjoo,id:timediver,1,1,0,9.15,9.15,0
id:kyoijjoo,id:upandgogo,1,1,0,15.3,15.3,0
id:kyoijjoo,id:vincent85,1,1,0,8.6,8.6,0
id:kyoijjoo,id:yeonrang,1,1,0,8.066666666666666,8.066666666666666,0
id:kyoijjoo,id:zerostar20,1,1,0,83.48333333333333,83.48333333333333,0
id:kyul1107,id:footpodo,1,1,0,21.95,21.95,0
id:kyul1107,id:lfcthismeans,1,1,0,12.05,12.05,0
id:kyul1107,id:recur,1,1,0,13.566666666666666,13.566666666666666,0
id:kyul1107,id:sounited13,1,1,0,21.85,21.85,0
id:kyul1107,id:todfndl12,1,1,0,5.733333333333333,5.733333333333333,0
id:kyul1107,id:vnweq956,1,1,0,19.583333333333332,19.583333333333332,0
id:lee5,id:BlackEyes23,1,1,0,7.733333333333333,7.733333333333333,0
id:lee5,id:cafetango,1,1,0,7.4,7.4,0
id:lee5,id:dlawls,1,1,0,18.216666666666665,18.216666666666665,0
id:lee5,id:htht709,1,1,0,5.216666666666667,5.216666666666667,0
id:lee5,id:jhk56,1,1,0,7105.65,7105.65,0
id:lee5,id:raulgonzo,1,1,0,12.4,12.4,0
id:lee5,id:sidlove,1,1,0,22.733333333333334,22.733333333333334,0
id:lee5,id:sounited13,1,1,0,5.283333333333333,5.283333333333333,0
id:leed7584,id:kanoutsider,1,1,0,14.7,14.7,0
id:leed7584,id:sonhh,1,1,0,85.38333333333334,85.38333333333334,0
id:leed7584,id:vnweq956,1,1,0,19.6,19.6,0
id:leekh01,id:yeodarl,1,1,0,6.933333333333334,6.933333333333334,0
id:leoarada,id:leoperiseus,1,1,0,16.1,16.1,0
id:leoperiseus,id:dnfkfnpr,1,1,0,10.633333333333333,10.633333333333333,0
id:leoperiseus,id:leed7584,1,1,0,6.783333333333333,6.783333333333333,0
id:leoperiseus,id:life13579,1,1,0,18.833333333333332,18.833333333333332,0
id:leoperiseus,id:pucrinyesir,1,1,0,12.5,12.5,0
id:leoperiseus,id:pullmeunder,1,1,0,64.1,64.1,0
id:leoperiseus,id:redgundam,1,1,0,28.933333333333334,28.933333333333334,0
id:lfcthismeans,id:BongGu1103,1,1,0,43.93333333333333,43.93333333333333,0
id:lfcthismeans,id:FeelingGood,1,1,0,7.083333333333333,7.083333333333333,0
id:lfcthismeans,id:IGoHigh18,1,1,0,31.933333333333334,31.933333333333334,0
id:lfcthismeans,id:MementoMori,1,1,0,184.8,184.8,0
id:lfcthismeans,id:MoonJW1231,1,1,0,18.916666666666668,18.916666666666668,0
id:lfcthismeans,id:YoLaTengo,1,1,0,5.55,5.55,0
id:lfcthismeans,id:azulyoro,1,1,0,9.983333333333333,9.983333333333333,0
id:lfcthismeans,id:bm50th,1,1,0,48.38333333333333,48.38333333333333,0
id:lfcthismeans,id:bulbol,1,1,0,15.716666666666667,15.716666666666667,0
id:lfcthismeans,id:cafetango,1,1,0,6.166666666666667,6.166666666666667,0
id:lfcthismeans,id:casione,1,1,0,117.71666666666667,117.71666666666667,0
id:lfcthismeans,id:castle25,1,1,0,13.183333333333334,13.183333333333334,0
id:lfcthismeans,id:cauking,1,1,0,34.75,34.75,0
id:lfcthismeans,id:childpicture,1,1,0,6.633333333333334,6.633333333333334,0
id:lfcthismeans,id:chioo38,1,1,0,163.05,163.05,0
id:lfcthismeans,id:cyjlove1,1,1,0,21.35,21.35,0
id:lfcthismeans,id:dadoocom,1,1,0,28.583333333333332,28.583333333333332,0
id:lfcthismeans,id:deportivo7,1,1,0,5.866666666666666,5.866666666666666,0
id:lfcthismeans,id:dht777,1,1,0,58.85,58.85,0
id:lfcthismeans,id:dlawls,1,1,0,6.05,6.05,0
id:lfcthismeans,id:ehsaksk,1,1,0,23.15,23.15,0
id:lfcthismeans,id:eory24,1,1,0,25.633333333333333,25.633333333333333,0
id:lfcthismeans,id:filyeun2,1,1,0,13.666666666666666,13.666666666666666,0
id:lfcthismeans,id:ggum0205,1,1,0,296.48333333333335,296.48333333333335,0
id:lfcthismeans,id:grit,1,1,0,6.216666666666667,6.216666666666667,0
id:lfcthismeans,id:haebark,1,1,0,24.533333333333335,24.533333333333335,0
id:lfcthismeans,id:hopes,1,1,0,14.016666666666667,14.016666666666667,0
id:lfcthismeans,id:horsedongh,1,1,0,5.7,5.7,0
id:lfcthismeans,id:htht709,1,1,0,17.133333333333333,17.133333333333333,0
id:lfcthismeans,id:iskoke,1,1,0,17.083333333333332,17.083333333333332,0
id:lfcthismeans,id:j8wkfn,1,1,0,39.3,39.3,0
id:lfcthismeans,id:kanoutsider,1,1,0,7.116666666666666,7.116666666666666,0
id:lfcthismeans,id:kostanjino,1,1,0,12.6,12.6,0
id:lfcthismeans,id:ksb7872,1,1,0,6.383333333333334,6.383333333333334,0
id:lfcthismeans,id:loadone,1,1,0,18.183333333333334,18.183333333333334,0
id:lfcthismeans,id:masterplan5,1,1,0,13.45,13.45,0
id:lfcthismeans,id:roe2k,1,1,0,36.016666666666666,36.016666666666666,0
id:lfcthismeans,id:shkj22,1,1,0,15.483333333333333,15.483333333333333,0
id:lfcthismeans,id:sm101v,1,1,0,25.183333333333334,25.183333333333334,0
id:lfcthismeans,id:tendre,1,1,0,9.266666666666667,9.266666666666667,0
id:lfcthismeans,id:tjfghksss,1,1,0,16.2,16.2,0
id:lfcthismeans,id:tnts0023,1,1,0,6.033333333333333,6.033333333333333,0
id:lfcthismeans,id:vincent85,1,1,0,13.266666666666667,13.266666666666667,0
id:lh1440,id:burtsbees,1,1,0,25.016666666666666,25.016666666666666,0
id:lh1440,id:cauking,1,1,0,19.016666666666666,19.016666666666666,0
id:lh1440,id:csh1194,1,1,0,10.766666666666667,10.766666666666667,0
id:lh1440,id:dleoduq1234,1,1,0,11.9,11.9,0
id:lh1440,id:englfish,1,1,0,264.18333333333334,264.18333333333334,0
id:lh1440,id:everton87,1,1,0,451.96666666666664,451.96666666666664,0
id:lh1440,id:footpodo,1,1,0,250.53333333333333,250.53333333333333,0
id:lh1440,id:leoperiseus,1,1,0,104.13333333333334,104.13333333333334,0
id:lh1440,id:luna7742,1,1,0,26.466666666666665,26.466666666666665,0
id:lh1440,id:nixkdy05,1,1,0,19.85,19.85,0
id:lh1440,id:okao,1,1,0,8.383333333333333,8.383333333333333,0
id:lh1440,id:placebo,1,1,0,5.066666666666666,5.066666666666666,0
id:lh1440,id:raikkonen12,1,1,0,336.43333333333334,336.43333333333334,0
id:lh1440,id:rainmaker4,1,1,0,386.85,386.85,0
id:lh1440,id:salrara123,1,1,0,7.1,7.1,0
id:lh1440,id:seungman98,1,1,0,12.883333333333333,12.883333333333333,0
id:lh1440,id:sinn556i,1,1,0,239.1,239.1,0
id:lh1440,id:stynerkn,1,1,0,6.166666666666667,6.166666666666667,0
id:lh1440,id:summernight,1,1,0,20.35,20.35,0
id:lh1440,id:tkrldh,1,1,0,30.033333333333335,30.033333333333335,0
id:lh1440,id:todfndl12,1,1,0,21.433333333333334,21.433333333333334,0
id:lhw8694,id:IGoHigh18,1,1,0,50.06666666666667,50.06666666666667,0
id:lhw8694,id:god18xx,1,1,0,19.466666666666665,19.466666666666665,0
id:lhw8694,id:timediver,1,1,0,17.633333333333333,17.633333333333333,0
id:lhw8694,id:tkrldh,1,1,0,406.78333333333336,406.78333333333336,0
id:life13579,id:FeelingGood,1,1,0,7.85,7.85,0
id:life13579,id:bbggkkk,1,1,0,5.1,5.1,0
id:life13579,id:bluepillz,1,1,0,7.25,7.25,0
id:life13579,id:cydia14,1,1,0,5.2,5.2,0
id:life13579,id:filyeun2,1,1,0,30.6,30.6,0
id:life13579,id:hs10107,1,1,0,432.4166666666667,432.4166666666667,0
id:life13579,id:jojic32,1,1,0,91.01666666666667,91.01666666666667,0
id:life13579,id:judge,1,1,0,6.55,6.55,0
id:life13579,id:kyoijjoo,1,1,0,13.083333333333334,13.083333333333334,0
id:life13579,id:luna7742,1,1,0,25.433333333333334,25.433333333333334,0
id:life13579,id:makijeon,1,1,0,22.1,22.1,0
id:life13579,id:okao,1,1,0,36.416666666666664,36.416666666666664,0
id:life13579,id:oldslave,1,1,0,14.45,14.45,0
id:life13579,id:roe2k,1,1,0,326.9166666666667,326.9166666666667,0
id:life13579,id:rwingback,1,1,0,10.65,10.65,0
id:life13579,id:shkj22,1,1,0,9.25,9.25,0
id:life13579,id:soju4jan,1,1,0,6.55,6.55,0
id:life13579,id:solution78,1,1,0,6.083333333333333,6.083333333333333,0
id:life13579,id:tkrldh,1,1,0,30.333333333333332,30.333333333333332,0
id:life13579,id:todfndl12,1,1,0,9.55,9.55,0
id:life13579,id:vnweq956,1,1,0,10.75,10.75,0
id:liking83,id:bluepillz,1,1,0,9.35,9.35,0
id:liking83,id:boba1983,1,1,0,7.183333333333334,7.183333333333334,0
id:liking83,id:juventus82,1,1,0,6.533333333333333,6.533333333333333,0
id:liking83,id:kokomong,1,1,0,5.883333333333334,5.883333333333334,0
id:liking83,id:messiya2022,1,1,0,11.716666666666667,11.716666666666667,0
id:liking83,id:modern21,1,1,0,8.866666666666667,8.866666666666667,0
id:liking83,id:sniper0724,1,1,0,2151.2,2151.2,0
id:liking83,id:stynerkn,1,1,0,1094.7666666666667,1094.7666666666667,0
id:liking83,id:summernight,1,1,0,6.733333333333333,6.733333333333333,0
id:lj0608,id:Milner7,1,1,0,13.166666666666666,13.166666666666666,0
id:lj0608,id:bald80,1,1,0,7.233333333333333,7.233333333333333,0
id:lj0608,id:cauking,1,1,0,5.9,5.9,0
id:lj0608,id:cubana,1,1,0,26.5,26.5,0
id:lj0608,id:darkknight1,1,1,0,219.43333333333334,219.43333333333334,0
id:lj0608,id:donka,1,1,0,5.5,5.5,0
id:lj0608,id:dt4evamore,1,1,0,9.0,9.0,0
id:lj0608,id:erai7007,1,1,0,392.3,392.3,0
id:lj0608,id:grit,1,1,0,8.366666666666667,8.366666666666667,0
id:lj0608,id:iloveyousun,1,1,0,9.916666666666666,9.916666666666666,0
id:lj0608,id:kinomayu,1,1,0,8.016666666666667,8.016666666666667,0
id:lj0608,id:loadone,1,1,0,36.05,36.05,0
id:lj0608,id:lovestory,1,1,0,175.38333333333333,175.38333333333333,0
id:lj0608,id:oasiticjoo19,1,1,0,5.666666666666667,5.666666666666667,0
id:lj0608,id:regnier,1,1,0,6.65,6.65,0
id:lj0608,id:tkrldh,1,1,0,28.216666666666665,28.216666666666665,0
id:lovedavich,id:benben,1,1,0,10.316666666666666,10.316666666666666,0
id:lovedavich,id:j8wkfn,1,1,0,18.983333333333334,18.983333333333334,0
id:lovedavich,id:wildthewind,1,1,0,6.566666666666666,6.566666666666666,0
id:luminai,id:englfish,1,1,0,8.883333333333333,8.883333333333333,0
id:luminai,id:roe2k,1,1,0,8.383333333333333,8.383333333333333,0
id:luna7742,id:Clousewitz,1,1,0,50.733333333333334,50.733333333333334,0
id:luna7742,id:MementoMori,1,1,0,18.833333333333332,18.833333333333332,0
id:luna7742,id:Mukari07,1,1,0,5.516666666666667,5.516666666666667,0
id:luna7742,id:Tenhag,1,1,0,11.516666666666667,11.516666666666667,0
id:luna7742,id:addedtime,1,1,0,8.45,8.45,0
id:luna7742,id:bluepillz,1,1,0,12.566666666666666,12.566666666666666,0
id:luna7742,id:chojja,1,1,0,55.13333333333333,55.13333333333333,0
id:luna7742,id:cubana,1,1,0,16.516666666666666,16.516666666666666,0
id:luna7742,id:deeblue,1,1,0,9.916666666666666,9.916666666666666,0
id:luna7742,id:dondekman,1,1,0,6.366666666666666,6.366666666666666,0
id:luna7742,id:enckdtlqkf,1,1,0,379.01666666666665,379.01666666666665,0
id:luna7742,id:eory24,1,1,0,39.96666666666667,39.96666666666667,0
id:luna7742,id:finishking,1,1,0,42.61666666666667,42.61666666666667,0
id:luna7742,id:garkas86,1,1,0,8.05,8.05,0
id:luna7742,id:hexkey,1,1,0,9.25,9.25,0
id:luna7742,id:hulk,1,1,0,10.483333333333333,10.483333333333333,0
id:luna7742,id:kokand1912,1,1,0,10.816666666666666,10.816666666666666,0
id:luna7742,id:kshfamily,1,1,0,291.75,291.75,0
id:luna7742,id:ky6024,1,1,0,14.083333333333334,14.083333333333334,0
id:luna7742,id:lordljh,1,1,0,36.36666666666667,36.36666666666667,0
id:luna7742,id:luna7742,1,1,0,6.1,6.1,1
id:luna7742,id:namu,1,1,0,484.2,484.2,0
id:luna7742,id:rainshowerkk,1,1,0,7.3,7.3,0
id:luna7742,id:realysoccer,1,1,0,5.233333333333333,5.233333333333333,0
id:luna7742,id:rkarlaos1,1,1,0,9.65,9.65,0
id:luna7742,id:roe2k,1,1,0,68.58333333333333,68.58333333333333,0
id:luna7742,id:shkj22,1,1,0,1401.2333333333333,1401.2333333333333,0
id:luna7742,id:tjfghksss,1,1,0,5.916666666666667,5.916666666666667,0
id:maelsy99,id:bulbol,1,1,0,7.233333333333333,7.233333333333333,0
id:maelsy99,id:dlawls,1,1,0,44.43333333333333,44.43333333333333,0
id:maelsy99,id:kicheon,1,1,0,458.71666666666664,458.71666666666664,0
id:maelsy99,id:regnier,1,1,0,29.666666666666668,29.666666666666668,0
id:maelsy99,id:riverpine,1,1,0,5.383333333333334,5.383333333333334,0
id:maelsy99,id:roe2k,1,1,0,29.383333333333333,29.383333333333333,0
id:maelsy99,id:thezesty,1,1,0,9.85,9.85,0
id:makaloni,id:85yang,1,1,0,11.883333333333333,11.883333333333333,0
id:makaloni,id:DiogoJota,1,1,0,26.633333333333333,26.633333333333333,0
id:makaloni,id:Tenhag,1,1,0,7.266666666666667,7.266666666666667,0
id:makaloni,id:chocomilk,1,1,0,8.733333333333333,8.733333333333333,0
id:makaloni,id:choissi,1,1,0,7.3,7.3,0
id:makaloni,id:dialine,1,1,0,17.5,17.5,0
id:makaloni,id:itsmyzone,1,1,0,16.35,16.35,0
id:makaloni,id:jkv2,1,1,0,24.15,24.15,0
id:makaloni,id:kakaka10,1,1,0,8.833333333333334,8.833333333333334,0
id:makaloni,id:kicking,1,1,0,7.766666666666667,7.766666666666667,0
id:makaloni,id:makaloni,1,1,0,15.75,15.75,1
id:makaloni,id:messiya2022,1,1,0,20.233333333333334,20.233333333333334,0
id:makaloni,id:naco16,1,1,0,44.56666666666667,44.56666666666667,0
id:makaloni,id:roe2k,1,1,0,5.833333333333333,5.833333333333333,0
id:makaloni,id:shinhwa3618,1,1,0,10.3,10.3,0
id:makaloni,id:tjf12012,1,1,0,15.616666666666667,15.616666666666667,0
id:makaloni,id:wind1123,1,1,0,7.216666666666667,7.216666666666667,0
id:makijeon,id:armwear,1,1,0,177.36666666666667,177.36666666666667,0
id:makijeon,id:cauking,1,1,0,14.383333333333333,14.383333333333333,0
id:makijeon,id:enckdtlqkf,1,1,0,32.81666666666667,32.81666666666667,0
id:makijeon,id:kim2pac,1,1,0,28.816666666666666,28.816666666666666,0
id:makijeon,id:kokomong,1,1,0,8.4,8.4,0
id:makijeon,id:oasiticjoo19,1,1,0,6.016666666666667,6.016666666666667,0
id:makijeon,id:phantom112,1,1,0,313.9166666666667,313.9166666666667,0
id:makijeon,id:realysoccer,1,1,0,5.783333333333333,5.783333333333333,0
id:makijeon,id:skosko700,1,1,0,177.05,177.05,0
id:makijeon,id:sonhh,1,1,0,75.85,75.85,0
id:makijeon,id:stynerkn,1,1,0,8.333333333333334,8.333333333333334,0
id:malwool,id:Bluewings21,1,1,0,7.033333333333333,7.033333333333333,0
id:malwool,id:amaai,1,1,0,14.583333333333334,14.583333333333334,0
id:malwool,id:bonobono234,1,1,0,12.666666666666666,12.666666666666666,0
id:malwool,id:cauking,1,1,0,6.966666666666667,6.966666666666667,0
id:malwool,id:cubana,1,1,0,6.483333333333333,6.483333333333333,0
id:malwool,id:euji,1,1,0,9.383333333333333,9.383333333333333,0
id:malwool,id:flat,1,1,0,11.183333333333334,11.183333333333334,0
id:malwool,id:footpodo,1,1,0,15.583333333333334,15.583333333333334,0
id:malwool,id:forest,1,1,0,7.716666666666667,7.716666666666667,0
id:malwool,id:hanlobby,1,1,0,70.35,70.35,0
id:malwool,id:hsando1,1,1,0,403.18333333333334,403.18333333333334,0
id:malwool,id:jseric,1,1,0,43.55,43.55,0
id:malwool,id:kanoutsider,1,1,0,9.233333333333333,9.233333333333333,0
id:malwool,id:ksb7872,1,1,0,13.833333333333334,13.833333333333334,0
id:malwool,id:mcraky,1,1,0,8.75,8.75,0
id:malwool,id:mhp3rd,1,1,0,17.65,17.65,0
id:malwool,id:qhdtlsdl,1,1,0,7.233333333333333,7.233333333333333,0
id:malwool,id:sheva7,1,1,0,9.883333333333333,9.883333333333333,0
id:malwool,id:shkj22,1,1,0,36.81666666666667,36.81666666666667,0
id:malwool,id:sinn556i,1,1,0,7.733333333333333,7.733333333333333,0
id:malwool,id:skysay7,1,1,0,8.416666666666666,8.416666666666666,0
id:malwool,id:sm101v,1,1,0,9.05,9.05,0
id:malwool,id:tjdqhrehd,1,1,0,23.716666666666665,23.716666666666665,0
id:malwool,id:tmclaah5531,1,1,0,5.933333333333334,5.933333333333334,0
id:malwool,id:xavi08,1,1,0,8.75,8.75,0
id:malwool,id:xxvxx,1,1,0,6.3,6.3,0
id:masok01,id:Necovv,1,1,0,33.666666666666664,33.666666666666664,0
id:masok01,id:Tenhag,1,1,0,104.91666666666667,104.91666666666667,0
id:masok01,id:againstwin80,1,1,0,566.4666666666667,566.4666666666667,0
id:masok01,id:cafetango,1,1,0,105.8,105.8,0
id:masok01,id:claralike123,1,1,0,5.583333333333333,5.583333333333333,0
id:masok01,id:colacup,1,1,0,6.783333333333333,6.783333333333333,0
id:masok01,id:darkknight1,1,1,0,63.28333333333333,63.28333333333333,0
id:masok01,id:dialine,1,1,0,45.06666666666667,45.06666666666667,0
id:masok01,id:dleoduq1234,1,1,0,7.516666666666667,7.516666666666667,0
id:masok01,id:dosa0705,1,1,0,418.01666666666665,418.01666666666665,0
id:masok01,id:kaizennf,1,1,0,15.416666666666666,15.416666666666666,0
id:masok01,id:kakaka10,1,1,0,16.25,16.25,0
id:masok01,id:life13579,1,1,0,15.6,15.6,0
id:masok01,id:loadone,1,1,0,177.7,177.7,0
id:masok01,id:malwool,1,1,0,17.9,17.9,0
id:masok01,id:mannal4e,1,1,0,307.35,307.35,0
id:masok01,id:powerslam1,1,1,0,2041.6166666666666,2041.6166666666666,0
id:masok01,id:regnier,1,1,0,10.133333333333333,10.133333333333333,0
id:masok01,id:shkj22,1,1,0,65.1,65.1,0
id:masok01,id:summernight,1,1,0,415.1,415.1,0
id:masok01,id:typoonj2,1,1,0,15.733333333333333,15.733333333333333,0
id:masok01,id:whoshot,1,1,0,16.816666666666666,16.816666666666666,0
id:masterplan5,id:bundes1,1,1,0,6.916666666666667,6.916666666666667,0
id:masterplan5,id:cubana,1,1,0,5.433333333333334,5.433333333333334,0
id:masterplan5,id:dhdld321,1,1,0,6.55,6.55,0
id:masterplan5,id:dialine,1,1,0,20.133333333333333,20.133333333333333,0
id:masterplan5,id:ejirall,1,1,0,6.016666666666667,6.016666666666667,0
id:masterplan5,id:lhw8694,1,1,0,36.666666666666664,36.666666666666664,0
id:masterplan5,id:masterplan5,1,1,0,15.033333333333333,15.033333333333333,1
id:masterplan5,id:phantom112,1,1,0,6.433333333333334,6.433333333333334,0
id:masterplan5,id:redondor,1,1,0,23.5,23.5,0
id:masterplan5,id:shkj22,1,1,0,8.166666666666666,8.166666666666666,0
id:masterplan5,id:shon0501,1,1,0,63.61666666666667,63.61666666666667,0
id:masterplan5,id:todfndl12,1,1,0,11.116666666666667,11.116666666666667,0
id:maybee,id:consul,1,1,0,5.566666666666666,5.566666666666666,0
id:maybee,id:osodos,1,1,0,6.75,6.75,0
id:maybee,id:summernight,1,1,0,9.216666666666667,9.216666666666667,0
id:mcraky,id:cubana,1,1,0,18.483333333333334,18.483333333333334,0
id:mcraky,id:kicheon,1,1,0,11.583333333333334,11.583333333333334,0
id:megacoffee25,id:hexkey,1,1,0,31.783333333333335,31.783333333333335,0
id:megacoffee25,id:horsedongh,1,1,0,39.8,39.8,0
id:megacoffee25,id:huveron,1,1,0,7.533333333333333,7.533333333333333,0
id:megacoffee25,id:iglaman,1,1,0,7.05,7.05,0
id:megacoffee25,id:kapfazo,1,1,0,7.45,7.45,0
id:megacoffee25,id:kicking,1,1,0,20.766666666666666,20.766666666666666,0
id:megacoffee25,id:kim2pac,1,1,0,12.95,12.95,0
id:megacoffee25,id:kohs98,1,1,0,5.383333333333334,5.383333333333334,0
id:megacoffee25,id:ksb7872,1,1,0,5.05,5.05,0
id:megacoffee25,id:luminai,1,1,0,139.3,139.3,0
id:megacoffee25,id:monkjm,1,1,0,25.95,25.95,0
id:megacoffee25,id:pjhwinner,1,1,0,40.68333333333333,40.68333333333333,0
id:megacoffee25,id:qnflsdl,1,1,0,10.033333333333333,10.033333333333333,0
id:megacoffee25,id:shrnhoist,1,1,0,21.55,21.55,0
id:megacoffee25,id:wind1123,1,1,0,10.683333333333334,10.683333333333334,0
id:messiya2022,id:KINGBATI,1,1,0,15.35,15.35,0
id:messiya2022,id:Mukari07,1,1,0,5.466666666666667,5.466666666666667,0
id:messiya2022,id:bald80,1,1,0,5.166666666666667,5.166666666666667,0
id:messiya2022,id:bluepillz,1,1,0,38.21666666666667,38.21666666666667,0
id:messiya2022,id:consul,1,1,0,5.266666666666667,5.266666666666667,0
id:messiya2022,id:cubana,1,1,0,10.016666666666667,10.016666666666667,0
id:messiya2022,id:garkas86,1,1,0,24.866666666666667,24.866666666666667,0
id:messiya2022,id:itemptu2,1,1,0,171.71666666666667,171.71666666666667,0
id:messiya2022,id:leoperiseus,1,1,0,19.8,19.8,0
id:messiya2022,id:placebo,1,1,0,71.58333333333333,71.58333333333333,0
id:messiya2022,id:roe2k,1,1,0,15.816666666666666,15.816666666666666,0
id:messiya2022,id:wishofyou,1,1,0,297.0,297.0,0
id:mhp3rd,id:BongGu1103,1,1,0,384.81666666666666,384.81666666666666,0
id:mhp3rd,id:DKisKing,1,1,0,40.233333333333334,40.233333333333334,0
id:mhp3rd,id:Milner7,1,1,0,7.15,7.15,0
id:mhp3rd,id:Mokko,1,1,0,432.8,432.8,0
id:mhp3rd,id:Tenhag,1,1,0,25.6,25.6,0
id:mhp3rd,id:amaai,1,1,0,13.75,13.75,0
id:mhp3rd,id:antivan,1,1,0,99.45,99.45,0
id:mhp3rd,id:cokabel,1,1,0,325.78333333333336,325.78333333333336,0
id:mhp3rd,id:cubana,1,1,0,95.95,95.95,0
id:mhp3rd,id:dleoduq1234,1,1,0,10.65,10.65,0
id:mhp3rd,id:epist,1,1,0,19.133333333333333,19.133333333333333,0
id:mhp3rd,id:feeder00,1,1,0,50.93333333333333,50.93333333333333,0
id:mhp3rd,id:flamans1,1,1,0,24.416666666666668,24.416666666666668,0
id:mhp3rd,id:forest,1,1,0,8.533333333333333,8.533333333333333,0
id:mhp3rd,id:geni0,1,1,0,103.76666666666667,103.76666666666667,0
id:mhp3rd,id:gerrard88,1,1,0,5.833333333333333,5.833333333333333,0
id:mhp3rd,id:godthepixel,1,1,0,31.316666666666666,31.316666666666666,0
id:mhp3rd,id:grimes,1,1,0,24.35,24.35,0
id:mhp3rd,id:hoyaaa,1,1,0,25.4,25.4,0
id:mhp3rd,id:ionmyth1,1,1,0,412.81666666666666,412.81666666666666,0
id:mhp3rd,id:j8wkfn,1,1,0,249.1,249.1,0
id:mhp3rd,id:kaizennf,1,1,0,6.15,6.15,0
id:mhp3rd,id:kanoutsider,1,1,0,5.666666666666667,5.666666666666667,0
id:mhp3rd,id:koreafigo,1,1,0,328.81666666666666,328.81666666666666,0
id:mhp3rd,id:monkjm,1,1,0,20.483333333333334,20.483333333333334,0
id:mhp3rd,id:mrnohsr,1,1,0,207.88333333333333,207.88333333333333,0
id:mhp3rd,id:oblak,1,1,0,14.466666666666667,14.466666666666667,0
id:mhp3rd,id:okao,1,1,0,14.55,14.55,0
id:mhp3rd,id:raulgonzo,1,1,0,29.45,29.45,0
id:mhp3rd,id:recnow,1,1,0,488.78333333333336,488.78333333333336,0
id:mhp3rd,id:shdqn,1,1,0,36.6,36.6,0
id:mhp3rd,id:sinn556i,1,1,0,13.316666666666666,13.316666666666666,0
id:mhp3rd,id:stabbie81,1,1,0,8.7,8.7,0
id:mhp3rd,id:tjfghksss,1,1,0,5.333333333333333,5.333333333333333,0
id:mhp3rd,id:tkrldh,1,1,0,203.66666666666666,203.66666666666666,0
id:millano,id:finishking,1,1,0,19.6,19.6,0
id:millano,id:monkjm,1,1,0,9.8,9.8,0
id:minami89,id:yjs1g,1,1,0,7.183333333333334,7.183333333333334,0
id:mirissoul2,id:0979yj,1,1,0,35.416666666666664,35.416666666666664,0
id:mirissoul2,id:bulbol,1,1,0,8.35,8.35,0
id:mirissoul2,id:cubana,1,1,0,409.6166666666667,409.6166666666667,0
id:mirissoul2,id:ehdtks9286,1,1,0,27.066666666666666,27.066666666666666,0
id:mirissoul2,id:iaied,1,1,0,34.43333333333333,34.43333333333333,0
id:mirissoul2,id:kanoutsider,1,1,0,45.45,45.45,0
id:mirissoul2,id:kicking,1,1,0,5.433333333333334,5.433333333333334,0
id:mirissoul2,id:mirissoul2,1,1,0,12.716666666666667,12.716666666666667,1
id:mirissoul2,id:raistlin1,1,1,0,20.0,20.0,0
id:mirissoul2,id:rhingo,1,1,0,484.46666666666664,484.46666666666664,0
id:mirissoul2,id:roe2k,1,1,0,188.2,188.2,0
id:mirissoul2,id:skyw7732,1,1,0,16.316666666666666,16.316666666666666,0
id:mirissoul2,id:stynerkn,1,1,0,8.3,8.3,0
id:mirissoul2,id:tjdqhrehd,1,1,0,17.116666666666667,17.116666666666667,0
id:mmq0626,id:Necovv,1,1,0,6.316666666666666,6.316666666666666,0
id:mmq0626,id:RlaGocks,1,1,0,457.51666666666665,457.51666666666665,0
id:mmq0626,id:ballast,1,1,0,528.1666666666666,528.1666666666666,0
id:mmq0626,id:bulbol,1,1,0,6.733333333333333,6.733333333333333,0
id:mmq0626,id:cubana,1,1,0,6.5,6.5,0
id:mmq0626,id:dryskel7,1,1,0,472.35,472.35,0
id:mmq0626,id:roe2k,1,1,0,429.56666666666666,429.56666666666666,0
id:mnyj,id:85yang,1,1,0,14.933333333333334,14.933333333333334,0
id:mnyj,id:Mukari07,1,1,0,74.7,74.7,0
id:mnyj,id:YoLaTengo,1,1,0,7.433333333333334,7.433333333333334,0
id:mnyj,id:againstwin80,1,1,0,1037.5833333333333,1037.5833333333333,0
id:mnyj,id:arteta8,1,1,0,13.733333333333333,13.733333333333333,0
id:mnyj,id:bluepillz,1,1,0,20.016666666666666,20.016666666666666,0
id:mnyj,id:dlawls,1,1,0,46.05,46.05,0
id:mnyj,id:dosa0705,1,1,0,42.7,42.7,0
id:mnyj,id:eneseich,1,1,0,626.6,626.6,0
id:mnyj,id:euji,1,1,0,6.316666666666666,6.316666666666666,0
id:mnyj,id:footpodo,1,1,0,8.1,8.1,0
id:mnyj,id:hsw0119,1,1,0,172.46666666666667,172.46666666666667,0
id:mnyj,id:kakaka10,1,1,0,21.066666666666666,21.066666666666666,0
id:mnyj,id:ktma1001,1,1,0,44.03333333333333,44.03333333333333,0
id:mnyj,id:masterplan5,1,1,0,51.516666666666666,51.516666666666666,0
id:mnyj,id:mhp3rd,1,1,0,122.56666666666666,122.56666666666666,0
id:mnyj,id:mmowen,1,1,0,845.7,845.7,0
id:mnyj,id:okdk0890,1,1,0,424.06666666666666,424.06666666666666,0
id:mnyj,id:osodos,1,1,0,5.15,5.15,0
id:mnyj,id:psj1905,1,1,0,23.85,23.85,0
id:mnyj,id:sdh90,1,1,0,22.75,22.75,0
id:mnyj,id:xxvxx,1,1,0,7.133333333333334,7.133333333333334,0
id:mnyj,id:zkdltmffks,1,1,0,6.983333333333333,6.983333333333333,0
id:modern21,id:Mokko,1,1,0,17.116666666666667,17.116666666666667,0
id:modern21,id:boba1983,1,1,0,5.216666666666667,5.216666666666667,0
id:modern21,id:buk123,1,1,0,288.3333333333333,288.3333333333333,0
id:modern21,id:eobuba74,1,1,0,72.56666666666666,72.56666666666666,0
id:modern21,id:ghkehdmq100,1,1,0,6.366666666666666,6.366666666666666,0
id:modern21,id:gunfilm,1,1,0,17.233333333333334,17.233333333333334,0
id:modern21,id:hypeboy,1,1,0,7.133333333333334,7.133333333333334,0
id:modern21,id:jinnankr,1,1,0,20.383333333333333,20.383333333333333,0
id:modern21,id:jseric,1,1,0,6.966666666666667,6.966666666666667,0
id:modern21,id:klay5587,1,1,0,13.983333333333333,13.983333333333333,0
id:modern21,id:koreatop,1,1,0,5.383333333333334,5.383333333333334,0
id:modern21,id:leoperiseus,1,1,0,8.233333333333333,8.233333333333333,0
id:modern21,id:messiya2022,1,1,0,5.95,5.95,0
id:modern21,id:mkfive,1,1,0,29.683333333333334,29.683333333333334,0
id:modern21,id:monkjm,1,1,0,5.85,5.85,0
id:modern21,id:nikkohadal,1,1,0,12.8,12.8,0
id:modern21,id:shrnhoist,1,1,0,5.183333333333334,5.183333333333334,0
id:modern21,id:sonhh,1,1,0,33.81666666666667,33.81666666666667,0
id:modern21,id:sounited13,1,1,0,5.416666666666667,5.416666666666667,0
id:modern21,id:timediver,1,1,0,25.866666666666667,25.866666666666667,0
id:modern21,id:tkrldh,1,1,0,19.883333333333333,19.883333333333333,0
id:modern21,id:ykate1,1,1,0,9.833333333333334,9.833333333333334,0
id:moonplay,id:rivaldo8606,1,1,0,191.73333333333332,191.73333333333332,0
id:mrnohsr,id:KINGBATI,1,1,0,8.083333333333334,8.083333333333334,0
id:mrnohsr,id:hpkim90,1,1,0,6.866666666666666,6.866666666666666,0
id:mrnohsr,id:xavier,1,1,0,6.633333333333334,6.633333333333334,0
id:mymoretz1,id:diplolee,1,1,0,15.05,15.05,0
id:mymoretz1,id:dress7,1,1,0,7.166666666666667,7.166666666666667,0
id:mymoretz1,id:ejspff,1,1,0,7.233333333333333,7.233333333333333,0
id:mymoretz1,id:idnya,1,1,0,125.05,125.05,0
id:mymoretz1,id:isu00,1,1,0,6.216666666666667,6.216666666666667,0
id:mymoretz1,id:maelsy99,1,1,0,33.86666666666667,33.86666666666667,0
id:mymoretz1,id:oasiticjoo19,1,1,0,14.2,14.2,0
id:mymoretz1,id:osodos,1,1,0,14.916666666666666,14.916666666666666,0
id:mymoretz1,id:roe2k,1,1,0,268.9166666666667,268.9166666666667,0
id:naco16,id:2egg3things,1,1,0,16.366666666666667,16.366666666666667,0
id:naco16,id:Bluewings21,1,1,0,21.033333333333335,21.033333333333335,0
id:naco16,id:IGoHigh18,1,1,0,94.55,94.55,0
id:naco16,id:Milner7,1,1,0,25.383333333333333,25.383333333333333,0
id:naco16,id:Mobaraeram,1,1,0,10.433333333333334,10.433333333333334,0
id:naco16,id:PhDinssajul,1,1,0,13.783333333333333,13.783333333333333,0
id:naco16,id:Realaqua,1,1,0,5.2,5.2,0
id:naco16,id:WolfsRain,1,1,0,21.65,21.65,0
id:naco16,id:akah2,1,1,0,59.4,59.4,0
id:naco16,id:beatout21,1,1,0,563.3333333333334,563.3333333333334,0
id:naco16,id:bell72,1,1,0,27.0,27.0,0
id:naco16,id:bluejw814,1,1,0,57.36666666666667,57.36666666666667,0
id:naco16,id:chojja,1,1,0,5.6,5.6,0
id:naco16,id:chun1149,1,1,0,6.25,6.25,0
id:naco16,id:clowleed,1,1,0,93.6,93.6,0
id:naco16,id:cmh9795,1,1,0,71.16666666666667,71.16666666666667,0
id:naco16,id:consul,1,1,0,15.783333333333333,15.783333333333333,0
id:naco16,id:dadoocom,1,1,0,7.066666666666666,7.066666666666666,0
id:naco16,id:dialine,1,1,0,13.85,13.85,0
id:naco16,id:dolbegae,1,1,0,47.166666666666664,47.166666666666664,0
id:naco16,id:ejirall,1,1,0,6.316666666666666,6.316666666666666,0
id:naco16,id:ejspff,1,1,0,5.1,5.1,0
id:naco16,id:erec,1,1,0,272.76666666666665,272.76666666666665,0
id:naco16,id:evamania2,1,1,0,11.116666666666667,11.116666666666667,0
id:naco16,id:feeder00,1,1,0,90.18333333333334,90.18333333333334,0
id:naco16,id:footpodo,1,1,0,6.133333333333334,6.133333333333334,0
id:naco16,id:god18xx,1,1,0,20.233333333333334,20.233333333333334,0
id:naco16,id:gogumadory,1,1,0,7.316666666666666,7.316666666666666,0
id:naco16,id:heherald,1,1,0,10.066666666666666,10.066666666666666,0
id:naco16,id:hellomadonna,1,1,0,23.716666666666665,23.716666666666665,0
id:naco16,id:hkwo031,1,1,0,89.15,89.15,0
id:naco16,id:hmhgood,1,1,0,6.35,6.35,0
id:naco16,id:hodduk,1,1,0,5.066666666666666,5.066666666666666,0
id:naco16,id:hpkim90,1,1,0,8.233333333333333,8.233333333333333,0
id:naco16,id:hsando1,1,1,0,5.466666666666667,5.466666666666667,0
id:naco16,id:jseric,1,1,0,179.71666666666667,179.71666666666667,0
id:naco16,id:juventus82,1,1,0,20.116666666666667,20.116666666666667,0
id:naco16,id:kangli139,1,1,0,7.416666666666667,7.416666666666667,0
id:naco16,id:kicheon,1,1,0,15.05,15.05,0
id:naco16,id:knggjjang05,1,1,0,12.633333333333333,12.633333333333333,0
id:naco16,id:leekh01,1,1,0,9.533333333333333,9.533333333333333,0
id:naco16,id:life4luv,1,1,0,19690.933333333334,19690.933333333334,0
id:naco16,id:luminai,1,1,0,48.05,48.05,0
id:naco16,id:maelsy99,1,1,0,5.016666666666667,5.016666666666667,0
id:naco16,id:marchisio1,1,1,0,30.616666666666667,30.616666666666667,0
id:naco16,id:megacoffee25,1,1,0,35.71666666666667,35.71666666666667,0
id:naco16,id:mnyj,1,1,0,13.466666666666667,13.466666666666667,0
id:naco16,id:monkjm,1,1,0,18.15,18.15,0
id:naco16,id:mrnohsr,1,1,0,41.1,41.1,0
id:naco16,id:naco16,1,1,0,6.85,6.85,1
id:naco16,id:osjcyk11,1,1,0,34.11666666666667,34.11666666666667,0
id:naco16,id:raccon9942,1,1,0,146.53333333333333,146.53333333333333,0
id:naco16,id:radioshot1,1,1,0,7.966666666666667,7.966666666666667,0
id:naco16,id:raistlin1,1,1,0,132.65,132.65,0
id:naco16,id:rascol,1,1,0,12.416666666666666,12.416666666666666,0
id:naco16,id:raul7143,1,1,0,6.416666666666667,6.416666666666667,0
id:naco16,id:recur,1,1,0,5.633333333333334,5.633333333333334,0
id:naco16,id:redondor,1,1,0,20.683333333333334,20.683333333333334,0
id:naco16,id:reo7593,1,1,0,13.283333333333333,13.283333333333333,0
id:naco16,id:roykie151,1,1,0,7.716666666666667,7.716666666666667,0
id:naco16,id:rukk7812,1,1,0,37.06666666666667,37.06666666666667,0
id:naco16,id:rwingback,1,1,0,12.4,12.4,0
id:naco16,id:sangtuk,1,1,0,303.95,303.95,0
id:naco16,id:sbw1249,1,1,0,26.75,26.75,0
id:naco16,id:stabbie81,1,1,0,17.416666666666668,17.416666666666668,0
id:naco16,id:stynerkn,1,1,0,23.716666666666665,23.716666666666665,0
id:naco16,id:taz79,1,1,0,898.4166666666666,898.4166666666666,0
id:naco16,id:traum0105,1,1,0,7.933333333333334,7.933333333333334,0
id:naco16,id:upluis,1,1,0,10.083333333333334,10.083333333333334,0
id:naco16,id:video34,1,1,0,8.016666666666667,8.016666666666667,0
id:naco16,id:whylee,1,1,0,119.03333333333333,119.03333333333333,0
id:naco16,id:wildoroiss,1,1,0,21.066666666666666,21.066666666666666,0
id:naco16,id:wltlswhd,1,1,0,8.166666666666666,8.166666666666666,0
id:naco16,id:yoshiki2,1,1,0,16.466666666666665,16.466666666666665,0
id:naco16,id:ysy1214,1,1,0,23.233333333333334,23.233333333333334,0
id:naco16,id:zenic7,1,1,0,143.18333333333334,143.18333333333334,0
id:naco16,id:zerocoke,1,1,0,17.566666666666666,17.566666666666666,0
id:naco16,id:zxcvv,1,1,0,281.6333333333333,281.6333333333333,0
id:ngis11,id:bbggkkk,1,1,0,25.916666666666668,25.916666666666668,0
id:ngis11,id:diplolee,1,1,0,17.166666666666668,17.166666666666668,0
id:ngis11,id:yp107,1,1,0,28.8,28.8,0
id:nike09,id:klay5587,1,1,0,46.1,46.1,0
id:nikkohadal,id:bulbol,1,1,0,16.983333333333334,16.983333333333334,0
id:nikkohadal,id:garkas86,1,1,0,36.61666666666667,36.61666666666667,0
id:nikkohadal,id:mirissoul2,1,1,0,5.283333333333333,5.283333333333333,0
id:nikkohadal,id:monkjm,1,1,0,13.716666666666667,13.716666666666667,0
id:nikkohadal,id:sexline,1,1,0,6.933333333333334,6.933333333333334,0
id:ninety5mph,id:Clocks,1,1,0,6.416666666666667,6.416666666666667,0
id:ninety5mph,id:adios00,1,1,0,54.81666666666667,54.81666666666667,0
id:ninety5mph,id:aduno,1,1,0,5.233333333333333,5.233333333333333,0
id:ninety5mph,id:armwear,1,1,0,7.65,7.65,0
id:ninety5mph,id:bookae1,1,1,0,7.033333333333333,7.033333333333333,0
id:ninety5mph,id:bulbol,1,1,0,8.95,8.95,0
id:ninety5mph,id:cstk1007,1,1,0,29.233333333333334,29.233333333333334,0
id:ninety5mph,id:dialine,1,1,0,5.033333333333333,5.033333333333333,0
id:ninety5mph,id:dining,1,1,0,6.133333333333334,6.133333333333334,0
id:ninety5mph,id:dleoduq1234,1,1,0,7.583333333333333,7.583333333333333,0
id:ninety5mph,id:ehihoho,1,1,0,9.0,9.0,0
id:ninety5mph,id:epist,1,1,0,10.316666666666666,10.316666666666666,0
id:ninety5mph,id:jdspitz,1,1,0,6.4,6.4,0
id:ninety5mph,id:kicheon,1,1,0,42.61666666666667,42.61666666666667,0
id:ninety5mph,id:kinomayu,1,1,0,39.43333333333333,39.43333333333333,0
id:ninety5mph,id:pjh1421,1,1,0,54.85,54.85,0
id:ninety5mph,id:rota007,1,1,0,12.683333333333334,12.683333333333334,0
id:ninety5mph,id:rukk7812,1,1,0,10.033333333333333,10.033333333333333,0
id:ninety5mph,id:rwingback,1,1,0,10.7,10.7,0
id:ninety5mph,id:soparkbj,1,1,0,57.88333333333333,57.88333333333333,0
id:ninety5mph,id:stabbie81,1,1,0,5.433333333333334,5.433333333333334,0
id:ninety5mph,id:summernight,1,1,0,6.166666666666667,6.166666666666667,0
id:ninety5mph,id:timediver,1,1,0,23.766666666666666,23.766666666666666,0
id:ninety5mph,id:tkrldh,1,1,0,8.783333333333333,8.783333333333333,0
id:ninety5mph,id:traum0105,1,1,0,100.6,100.6,0
id:ninety5mph,id:yally1010,1,1,0,8.383333333333333,8.383333333333333,0
id:ninety5mph,id:yellowsoul,1,1,0,8.8,8.8,0
id:ninety5mph,id:yun9h1,1,1,0,6.583333333333333,6.583333333333333,0
id:ninety5mph,id:zesus91,1,1,0,88.31666666666666,88.31666666666666,0
id:niwoong1,id:Bluewings21,1,1,0,32.35,32.35,0
id:niwoong1,id:Ibrahima,1,1,0,32.516666666666666,32.516666666666666,0
id:niwoong1,id:authur,1,1,0,33.63333333333333,33.63333333333333,0
id:niwoong1,id:bell72,1,1,0,16.25,16.25,0
id:niwoong1,id:bluepillz,1,1,0,9.366666666666667,9.366666666666667,0
id:niwoong1,id:burningred,1,1,0,5.916666666666667,5.916666666666667,0
id:niwoong1,id:dlawls,1,1,0,21.9,21.9,0
id:niwoong1,id:ex400,1,1,0,21.6,21.6,0
id:niwoong1,id:filyeun2,1,1,0,5.283333333333333,5.283333333333333,0
id:niwoong1,id:hypeboy,1,1,0,14.333333333333334,14.333333333333334,0
id:niwoong1,id:jinnankr,1,1,0,7.966666666666667,7.966666666666667,0
id:niwoong1,id:kapfazo,1,1,0,55.266666666666666,55.266666666666666,0
id:niwoong1,id:modern21,1,1,0,13.0,13.0,0
id:niwoong1,id:rwingback,1,1,0,16.883333333333333,16.883333333333333,0
id:niwoong1,id:wind1123,1,1,0,25.583333333333332,25.583333333333332,0
id:niwoong1,id:wondh84,1,1,0,8.516666666666667,8.516666666666667,0
id:no14henry,id:10bergi,1,1,0,26.883333333333333,26.883333333333333,0
id:no14henry,id:life13579,1,1,0,24.333333333333332,24.333333333333332,0
id:noel608,id:Unsee8,1,1,0,11.166666666666666,11.166666666666666,0
id:noel608,id:millano,1,1,0,127.31666666666666,127.31666666666666,0
id:novacane,id:Webhead,1,1,0,445.8666666666667,445.8666666666667,0
id:novacane,id:ahjz1016,1,1,0,7.466666666666667,7.466666666666667,0
id:novacane,id:bell72,1,1,0,9.9,9.9,0
id:novacane,id:claxn7,1,1,0,103.83333333333333,103.83333333333333,0
id:novacane,id:darkknight1,1,1,0,2728.9166666666665,2728.9166666666665,0
id:novacane,id:ehdtks9286,1,1,0,5.883333333333334,5.883333333333334,0
id:novacane,id:fciva,1,1,0,362.4,362.4,0
id:novacane,id:feeder00,1,1,0,343.71666666666664,343.71666666666664,0
id:novacane,id:foreverkmh,1,1,0,1115.95,1115.95,0
id:novacane,id:heo1935,1,1,0,773.3166666666667,773.3166666666667,0
id:novacane,id:hoffenheim,1,1,0,15.766666666666667,15.766666666666667,0
id:novacane,id:hsklife38,1,1,0,17.266666666666666,17.266666666666666,0
id:novacane,id:hyjzzzz,1,1,0,16.25,16.25,0
id:novacane,id:j8wkfn,1,1,0,50.68333333333333,50.68333333333333,0
id:novacane,id:jhk56,1,1,0,255.96666666666667,255.96666666666667,0
id:novacane,id:jinnankr,1,1,0,56.65,56.65,0
id:novacane,id:joohakmoo,1,1,0,1336.8166666666666,1336.8166666666666,0
id:novacane,id:krttdragon,1,1,0,6.616666666666666,6.616666666666666,0
id:novacane,id:kuo13,1,1,0,10.05,10.05,0
id:novacane,id:loblue208,1,1,0,22.183333333333334,22.183333333333334,0
id:novacane,id:loki83,1,1,0,118.56666666666666,118.56666666666666,0
id:novacane,id:millano,1,1,0,14.933333333333334,14.933333333333334,0
id:novacane,id:monkjm,1,1,0,7.716666666666667,7.716666666666667,0
id:novacane,id:qkrckdwo1984,1,1,0,341.6666666666667,341.6666666666667,0
id:novacane,id:qnflsdl,1,1,0,828.8,828.8,0
id:novacane,id:raxh,1,1,0,6.9,6.9,0
id:novacane,id:rngns,1,1,0,388.55,388.55,0
id:novacane,id:rnrmffpswm,1,1,0,346.46666666666664,346.46666666666664,0
id:novacane,id:roe2k,1,1,0,6.366666666666666,6.366666666666666,0
id:novacane,id:sadyguru,1,1,0,6.783333333333333,6.783333333333333,0
id:novacane,id:sheep3337,1,1,0,400.0,400.0,0
id:novacane,id:shkj22,1,1,0,9.9,9.9,0
id:novacane,id:snarl,1,1,0,56.93333333333333,56.93333333333333,0
id:novacane,id:socooly,1,1,0,1250.4166666666667,1250.4166666666667,0
id:novacane,id:sokuym,1,1,0,8.866666666666667,8.866666666666667,0
id:novacane,id:sonhh,1,1,0,68.85,68.85,0
id:novacane,id:summernight,1,1,0,15.033333333333333,15.033333333333333,0
id:novacane,id:sychul67,1,1,0,392.0,392.0,0
id:novacane,id:tgibhh111,1,1,0,6.733333333333333,6.733333333333333,0
id:novacane,id:umamusume,1,1,0,9.333333333333334,9.333333333333334,0
id:novacane,id:uvc9989,1,1,0,142.61666666666667,142.61666666666667,0
id:novacane,id:yeonrang,1,1,0,405.9,405.9,0
id:novacane,id:zenic7,1,1,0,437.5,437.5,0
id:nox911,id:Bluewings21,1,1,0,16.25,16.25,0
id:nox911,id:ehihoho,1,1,0,13.5,13.5,0
id:nox911,id:mcraky,1,1,0,6.066666666666666,6.066666666666666,0
id:nox911,id:peterock83,1,1,0,89.86666666666666,89.86666666666666,0
id:nox911,id:rea1me,1,1,0,5.266666666666667,5.266666666666667,0
id:nox911,id:solution78,1,1,0,5.016666666666667,5.016666666666667,0
id:nox911,id:wind1123,1,1,0,19.666666666666668,19.666666666666668,0
id:oasiticjoo19,id:Ibrahima,1,1,0,6.05,6.05,0
id:oasiticjoo19,id:ImDoubleJ,1,1,0,15.15,15.15,0
id:oasiticjoo19,id:Realaqua,1,1,0,161.41666666666666,161.41666666666666,0
id:oasiticjoo19,id:bluewind84,1,1,0,6.616666666666666,6.616666666666666,0
id:oasiticjoo19,id:bollex,1,1,0,5.416666666666667,5.416666666666667,0
id:oasiticjoo19,id:dhdld321,1,1,0,16.716666666666665,16.716666666666665,0
id:oasiticjoo19,id:dosa0705,1,1,0,449.96666666666664,449.96666666666664,0
id:oasiticjoo19,id:ehdtks9286,1,1,0,10.95,10.95,0
id:oasiticjoo19,id:ehihoho,1,1,0,16.566666666666666,16.566666666666666,0
id:oasiticjoo19,id:eory24,1,1,0,11.866666666666667,11.866666666666667,0
id:oasiticjoo19,id:gmlakdsnu,1,1,0,5.25,5.25,0
id:oasiticjoo19,id:grimes,1,1,0,170.85,170.85,0
id:oasiticjoo19,id:hkwo031,1,1,0,37.71666666666667,37.71666666666667,0
id:oasiticjoo19,id:hodduk,1,1,0,5.416666666666667,5.416666666666667,0
id:oasiticjoo19,id:horizon,1,1,0,11.55,11.55,0
id:oasiticjoo19,id:horsedongh,1,1,0,6.216666666666667,6.216666666666667,0
id:oasiticjoo19,id:jeep126,1,1,0,27.1,27.1,0
id:oasiticjoo19,id:jeffkent,1,1,0,11.833333333333334,11.833333333333334,0
id:oasiticjoo19,id:kanoutsider,1,1,0,112.2,112.2,0
id:oasiticjoo19,id:kerr00,1,1,0,359.6,359.6,0
id:oasiticjoo19,id:kim2pac,1,1,0,14.1,14.1,0
id:oasiticjoo19,id:koreatop,1,1,0,15.3,15.3,0
id:oasiticjoo19,id:lyong5,1,1,0,11.516666666666667,11.516666666666667,0
id:oasiticjoo19,id:mcraky,1,1,0,152.93333333333334,152.93333333333334,0
id:oasiticjoo19,id:millano,1,1,0,151.08333333333334,151.08333333333334,0
id:oasiticjoo19,id:placebo,1,1,0,446.3333333333333,446.3333333333333,0
id:oasiticjoo19,id:powerslam1,1,1,0,12.683333333333334,12.683333333333334,0
id:oasiticjoo19,id:qiqahko,1,1,0,42.833333333333336,42.833333333333336,0
id:oasiticjoo19,id:roykie151,1,1,0,8.616666666666667,8.616666666666667,0
id:oasiticjoo19,id:sangtuk,1,1,0,475.3666666666667,475.3666666666667,0
id:oasiticjoo19,id:shkj22,1,1,0,14.833333333333334,14.833333333333334,0
id:oasiticjoo19,id:sounited13,1,1,0,8.35,8.35,0
id:oasiticjoo19,id:wjdtjsrb,1,1,0,16.333333333333332,16.333333333333332,0
id:oasiticjoo19,id:wnsrns14,1,1,0,2630.8166666666666,2630.8166666666666,0
id:oasiticjoo19,id:xavi08,1,1,0,1287.8666666666666,1287.8666666666666,0
id:ok2id,id:bundes1,1,1,0,7.95,7.95,0
id:ok2id,id:coolow,1,1,0,13.1,13.1,0
id:ok2id,id:eddie,1,1,0,9.1,9.1,0
id:ok2id,id:hopes,1,1,0,8.683333333333334,8.683333333333334,0
id:ok2id,id:kicking,1,1,0,11.85,11.85,0
id:ok2id,id:kokomong,1,1,0,5.6,5.6,0
id:ok2id,id:kuo13,1,1,0,10.8,10.8,0
id:ok2id,id:ok2id,1,1,0,10.766666666666667,10.766666666666667,1
id:onana,id:bald80,1,1,0,8.933333333333334,8.933333333333334,0
id:onana,id:cubana,1,1,0,5.416666666666667,5.416666666666667,0
id:onana,id:hodoeel,1,1,0,10.133333333333333,10.133333333333333,0
id:onana,id:hoyaaa,1,1,0,5.5,5.5,0
id:onana,id:juventus82,1,1,0,8.716666666666667,8.716666666666667,0
id:onana,id:klay5587,1,1,0,5.583333333333333,5.583333333333333,0
id:onana,id:roe2k,1,1,0,215.83333333333334,215.83333333333334,0
id:opopgogo,id:Clocks,1,1,0,16.866666666666667,16.866666666666667,0
id:opopgogo,id:Volvo,1,1,0,20.116666666666667,20.116666666666667,0
id:opopgogo,id:benben,1,1,0,25.75,25.75,0
id:opopgogo,id:childpicture,1,1,0,8.9,8.9,0
id:opopgogo,id:donka,1,1,0,6.783333333333333,6.783333333333333,0
id:opopgogo,id:ellen829,1,1,0,28.9,28.9,0
id:opopgogo,id:imenemy,1,1,0,88.33333333333333,88.33333333333333,0
id:opopgogo,id:maelsy99,1,1,0,9.15,9.15,0
id:opopgogo,id:mansun27,1,1,0,28.583333333333332,28.583333333333332,0
id:opopgogo,id:placebo,1,1,0,26.983333333333334,26.983333333333334,0
id:opopgogo,id:powerslam1,1,1,0,103.51666666666667,103.51666666666667,0
id:opopgogo,id:powerwkill1,1,1,0,34.55,34.55,0
id:opopgogo,id:tkfkdgo486,1,1,0,32.5,32.5,0
id:opopgogo,id:tkrldh,1,1,0,5.5,5.5,0
id:opopgogo,id:yoshiki2,1,1,0,12.866666666666667,12.866666666666667,0
id:orange14,id:solution78,1,1,0,7.366666666666666,7.366666666666666,0
id:osodos,id:Mobaraeram,1,1,0,76.5,76.5,0
id:osodos,id:adios00,1,1,0,9.416666666666666,9.416666666666666,0
id:osodos,id:ar10,1,1,0,49.666666666666664,49.666666666666664,0
id:osodos,id:beatout21,1,1,0,486.45,486.45,0
id:osodos,id:cauking,1,1,0,47.93333333333333,47.93333333333333,0
id:osodos,id:chicruz,1,1,0,24.783333333333335,24.783333333333335,0
id:osodos,id:forest,1,1,0,26.05,26.05,0
id:osodos,id:jejajj9,1,1,0,55.95,55.95,0
id:osodos,id:jun2312,1,1,0,484.06666666666666,484.06666666666666,0
id:osodos,id:juventus82,1,1,0,25.516666666666666,25.516666666666666,0
id:osodos,id:kiriman,1,1,0,9.766666666666667,9.766666666666667,0
id:osodos,id:maelsy99,1,1,0,10.066666666666666,10.066666666666666,0
id:osodos,id:monkjm,1,1,0,5.3,5.3,0
id:osodos,id:press21cc,1,1,0,37.78333333333333,37.78333333333333,0
id:osodos,id:regnier,1,1,0,77.3,77.3,0
id:osodos,id:rkdtks87,1,1,0,10.0,10.0,0
id:osodos,id:roe2k,1,1,0,33.416666666666664,33.416666666666664,0
id:osodos,id:roykie151,1,1,0,23.05,23.05,0
id:osodos,id:rukk7812,1,1,0,9.3,9.3,0
id:osodos,id:shkj22,1,1,0,23.1,23.1,0
id:osodos,id:sinjjang,1,1,0,22.85,22.85,0
id:osodos,id:tgibhh111,1,1,0,34.5,34.5,0
id:osodos,id:tkrldh,1,1,0,26.333333333333332,26.333333333333332,0
id:osodos,id:vincent85,1,1,0,24.433333333333334,24.433333333333334,0
id:osodos,id:wind1123,1,1,0,30.833333333333332,30.833333333333332,0
id:osodos,id:yellowsoul,1,1,0,5.616666666666666,5.616666666666666,0
id:owngoal,id:j8wkfn,1,1,0,22.483333333333334,22.483333333333334,0
id:pearson19,id:Bluewings21,1,1,0,52.5,52.5,0
id:pearson19,id:BongGu1103,1,1,0,188.2,188.2,0
id:pearson19,id:Iniesta8,1,1,0,32.93333333333333,32.93333333333333,0
id:pearson19,id:Necovv,1,1,0,16.85,16.85,0
id:pearson19,id:PhDinssajul,1,1,0,20.616666666666667,20.616666666666667,0
id:pearson19,id:aection,1,1,0,18.95,18.95,0
id:pearson19,id:antivan,1,1,0,39.96666666666667,39.96666666666667,0
id:pearson19,id:blodburn82,1,1,0,30.8,30.8,0
id:pearson19,id:blue5365,1,1,0,23.816666666666666,23.816666666666666,0
id:pearson19,id:burtsbees,1,1,0,43.833333333333336,43.833333333333336,0
id:pearson19,id:choissi,1,1,0,6.95,6.95,0
id:pearson19,id:consul,1,1,0,21.183333333333334,21.183333333333334,0
id:pearson19,id:crazycho,1,1,0,10.2,10.2,0
id:pearson19,id:darthfish,1,1,0,25.016666666666666,25.016666666666666,0
id:pearson19,id:deeblue,1,1,0,31.766666666666666,31.766666666666666,0
id:pearson19,id:djsi,1,1,0,13.7,13.7,0
id:pearson19,id:ellenpark,1,1,0,47.5,47.5,0
id:pearson19,id:eufc,1,1,0,28.683333333333334,28.683333333333334,0
id:pearson19,id:euji,1,1,0,20.833333333333332,20.833333333333332,0
id:pearson19,id:flypcs20,1,1,0,35.95,35.95,0
id:pearson19,id:god18xx,1,1,0,24.7,24.7,0
id:pearson19,id:gogumadory,1,1,0,18.433333333333334,18.433333333333334,0
id:pearson19,id:gozila815,1,1,0,24.8,24.8,0
id:pearson19,id:heherald,1,1,0,5.433333333333334,5.433333333333334,0
id:pearson19,id:hodoeel,1,1,0,42.016666666666666,42.016666666666666,0
id:pearson19,id:iloveyousun,1,1,0,10.116666666666667,10.116666666666667,0
id:pearson19,id:jmw1121,1,1,0,21.15,21.15,0
id:pearson19,id:jojic32,1,1,0,39.43333333333333,39.43333333333333,0
id:pearson19,id:jseric,1,1,0,28.766666666666666,28.766666666666666,0
id:pearson19,id:kaizelfire,1,1,0,44.016666666666666,44.016666666666666,0
id:pearson19,id:kajama97,1,1,0,32.21666666666667,32.21666666666667,0
id:pearson19,id:kaoruchan,1,1,0,8.716666666666667,8.716666666666667,0
id:pearson19,id:kim2pac,1,1,0,8.166666666666666,8.166666666666666,0
id:pearson19,id:kimpo,1,1,0,25.4,25.4,0
id:pearson19,id:kopluke,1,1,0,119.88333333333334,119.88333333333334,0
id:pearson19,id:kp5189jp,1,1,0,17.416666666666668,17.416666666666668,0
id:pearson19,id:krstarship,1,1,0,17.933333333333334,17.933333333333334,0
id:pearson19,id:krttdragon,1,1,0,18.566666666666666,18.566666666666666,0
id:pearson19,id:leoperiseus,1,1,0,76.23333333333333,76.23333333333333,0
id:pearson19,id:lfcthismeans,1,1,0,10.35,10.35,0
id:pearson19,id:lj0608,1,1,0,20.983333333333334,20.983333333333334,0
id:pearson19,id:malwool,1,1,0,25.35,25.35,0
id:pearson19,id:masok01,1,1,0,29.366666666666667,29.366666666666667,0
id:pearson19,id:mrnohsr,1,1,0,41.35,41.35,0
id:pearson19,id:oasiticjoo19,1,1,0,7.9,7.9,0
id:pearson19,id:park8305,1,1,0,12.333333333333334,12.333333333333334,0
id:pearson19,id:pearson19,1,1,0,8.783333333333333,8.783333333333333,1
id:pearson19,id:pms2906,1,1,0,8.133333333333333,8.133333333333333,0
id:pearson19,id:polo3382,1,1,0,6.716666666666667,6.716666666666667,0
id:pearson19,id:press21cc,1,1,0,5.083333333333333,5.083333333333333,0
id:pearson19,id:raxh,1,1,0,14.233333333333333,14.233333333333333,0
id:pearson19,id:rrlatls18,1,1,0,13.183333333333334,13.183333333333334,0
id:pearson19,id:saliva,1,1,0,36.75,36.75,0
id:pearson19,id:sdh90,1,1,0,43.81666666666667,43.81666666666667,0
id:pearson19,id:simbae1,1,1,0,6.333333333333333,6.333333333333333,0
id:pearson19,id:sm101v,1,1,0,26.95,26.95,0
id:pearson19,id:thughu,1,1,0,11.466666666666667,11.466666666666667,0
id:pearson19,id:tkrhdgus1,1,1,0,12.583333333333334,12.583333333333334,0
id:pearson19,id:tkrldh,1,1,0,13.383333333333333,13.383333333333333,0
id:pearson19,id:topnaldo2020,1,1,0,33.45,33.45,0
id:pearson19,id:trokie,1,1,0,10.6,10.6,0
id:pearson19,id:tt3674,1,1,0,13.033333333333333,13.033333333333333,0
id:pearson19,id:twija100,1,1,0,12.466666666666667,12.466666666666667,0
id:pearson19,id:twilight1,1,1,0,43.166666666666664,43.166666666666664,0
id:pearson19,id:vlffpqhtm,1,1,0,41.516666666666666,41.516666666666666,0
id:pearson19,id:wowoyeah,1,1,0,6.416666666666667,6.416666666666667,0
id:pearson19,id:yellowsoul,1,1,0,14.283333333333333,14.283333333333333,0
id:pearson19,id:yun9h1,1,1,0,40.93333333333333,40.93333333333333,0
id:pedogogist,id:lfcthismeans,1,1,0,8.766666666666667,8.766666666666667,0
id:pedogogist,id:pms2906,1,1,0,11.783333333333333,11.783333333333333,0
id:pjh1421,id:FeelingGood,1,1,0,8.583333333333334,8.583333333333334,0
id:pjh1421,id:cubana,1,1,0,312.9,312.9,0
id:pjh1421,id:kenochanTR,1,1,0,9.2,9.2,0
id:pjh1421,id:kicheon,1,1,0,12.05,12.05,0
id:pjh1421,id:kim2pac,1,1,0,7.916666666666667,7.916666666666667,0
id:pjh1421,id:pjh1421,1,1,0,12.533333333333333,12.533333333333333,1
id:pjh1421,id:rararabbon,1,1,0,23.1,23.1,0
id:pjh1421,id:regio,1,1,0,35.63333333333333,35.63333333333333,0
id:pjh1421,id:roe2k,1,1,0,453.1,453.1,0
id:pjh1421,id:summernight,1,1,0,25.05,25.05,0
id:pjh1421,id:trippark,1,1,0,10.633333333333333,10.633333333333333,0
id:pjhwinner,id:citable,1,1,0,40.65,40.65,0
id:pjhwinner,id:jkv2,1,1,0,7.116666666666666,7.116666666666666,0
id:pjhwinner,id:mymoretz1,1,1,0,21.183333333333334,21.183333333333334,0
id:placebo,id:bonobono234,1,1,0,33.266666666666666,33.266666666666666,0
id:placebo,id:bundes1,1,1,0,11.7,11.7,0
id:placebo,id:deportivo7,1,1,0,7.866666666666666,7.866666666666666,0
id:placebo,id:footpodo,1,1,0,7.183333333333334,7.183333333333334,0
id:placebo,id:hoffenheim,1,1,0,16.916666666666668,16.916666666666668,0
id:placebo,id:horsedongh,1,1,0,37.55,37.55,0
id:placebo,id:juventus82,1,1,0,6.283333333333333,6.283333333333333,0
id:placebo,id:lfcthismeans,1,1,0,10.266666666666667,10.266666666666667,0
id:placebo,id:marchisio1,1,1,0,70.83333333333333,70.83333333333333,0
id:placebo,id:shkj22,1,1,0,6.833333333333333,6.833333333333333,0
id:placebo,id:thuyu,1,1,0,49.28333333333333,49.28333333333333,0
id:placebo,id:vnweq956,1,1,0,8.983333333333333,8.983333333333333,0
id:postechno1,id:bardoj1,1,1,0,5.233333333333333,5.233333333333333,0
id:potatochip1,id:donka,1,1,0,40.95,40.95,0
id:potatochip1,id:hypeboy,1,1,0,8.1,8.1,0
id:potatochip1,id:roe2k,1,1,0,33.166666666666664,33.166666666666664,0
id:potatochip1,id:snake38,1,1,0,38.583333333333336,38.583333333333336,0
id:potatochip1,id:sof8,1,1,0,12.816666666666666,12.816666666666666,0
id:potatochip1,id:sta0505,1,1,0,11.066666666666666,11.066666666666666,0
id:potatochip1,id:zxcvv,1,1,0,12.816666666666666,12.816666666666666,0
id:press21cc,id:Milner7,1,1,0,6.133333333333334,6.133333333333334,0
id:press21cc,id:press21cc,1,1,0,6.916666666666667,6.916666666666667,1
id:psj1905,id:hjsa2004,1,1,0,17.983333333333334,17.983333333333334,0
id:pucrinyesir,id:Ibrahima,1,1,0,10.6,10.6,0
id:pucrinyesir,id:Knolan,1,1,0,24.766666666666666,24.766666666666666,0
id:pucrinyesir,id:Mobaraeram,1,1,0,5.816666666666666,5.816666666666666,0
id:pucrinyesir,id:PhDinssajul,1,1,0,28.116666666666667,28.116666666666667,0
id:pucrinyesir,id:WolfsRain,1,1,0,43.93333333333333,43.93333333333333,0
id:pucrinyesir,id:ansua86,1,1,0,781.0666666666667,781.0666666666667,0
id:pucrinyesir,id:antivan,1,1,0,18.833333333333332,18.833333333333332,0
id:pucrinyesir,id:ar10,1,1,0,15.05,15.05,0
id:pucrinyesir,id:aroha86,1,1,0,33.3,33.3,0
id:pucrinyesir,id:bald80,1,1,0,43.8,43.8,0
id:pucrinyesir,id:bbggkkk,1,1,0,18.35,18.35,0
id:pucrinyesir,id:bluepillz,1,1,0,8.1,8.1,0
id:pucrinyesir,id:bluewind84,1,1,0,11.783333333333333,11.783333333333333,0
id:pucrinyesir,id:bundes1,1,1,0,12.566666666666666,12.566666666666666,0
id:pucrinyesir,id:camel55,1,1,0,26.15,26.15,0
id:pucrinyesir,id:chy7253958,1,1,0,940.9333333333333,940.9333333333333,0
id:pucrinyesir,id:cjhoon87,1,1,0,5.416666666666667,5.416666666666667,0
id:pucrinyesir,id:cubana,1,1,0,18.383333333333333,18.383333333333333,0
id:pucrinyesir,id:dress7,1,1,0,30.05,30.05,0
id:pucrinyesir,id:dryskel7,1,1,0,95.71666666666667,95.71666666666667,0
id:pucrinyesir,id:eddie,1,1,0,5.783333333333333,5.783333333333333,0
id:pucrinyesir,id:eden13,1,1,0,14.85,14.85,0
id:pucrinyesir,id:egsg09,1,1,0,174.85,174.85,0
id:pucrinyesir,id:eory24,1,1,0,22.033333333333335,22.033333333333335,0
id:pucrinyesir,id:erai7007,1,1,0,13.633333333333333,13.633333333333333,0
id:pucrinyesir,id:eufc,1,1,0,57.233333333333334,57.233333333333334,0
id:pucrinyesir,id:figo7428,1,1,0,193.01666666666668,193.01666666666668,0
id:pucrinyesir,id:hanlobby,1,1,0,8.133333333333333,8.133333333333333,0
id:pucrinyesir,id:hsw0119,1,1,0,12.483333333333333,12.483333333333333,0
id:pucrinyesir,id:hypeboy,1,1,0,15.8,15.8,0
id:pucrinyesir,id:icarus4301,1,1,0,220.13333333333333,220.13333333333333,0
id:pucrinyesir,id:iglaman,1,1,0,16.0,16.0,0
id:pucrinyesir,id:jeffkent,1,1,0,5.066666666666666,5.066666666666666,0
id:pucrinyesir,id:jeorth91,1,1,0,29.45,29.45,0
id:pucrinyesir,id:jinnankr,1,1,0,69.26666666666667,69.26666666666667,0
id:pucrinyesir,id:kakaka10,1,1,0,16.0,16.0,0
id:pucrinyesir,id:klay5587,1,1,0,10.966666666666667,10.966666666666667,0
id:pucrinyesir,id:kuo13,1,1,0,11.383333333333333,11.383333333333333,0
id:pucrinyesir,id:life13579,1,1,0,17.683333333333334,17.683333333333334,0
id:pucrinyesir,id:lj0608,1,1,0,15.283333333333333,15.283333333333333,0
id:pucrinyesir,id:loadone,1,1,0,30.816666666666666,30.816666666666666,0
id:pucrinyesir,id:loblue208,1,1,0,11.6,11.6,0
id:pucrinyesir,id:milkblue,1,1,0,13.333333333333334,13.333333333333334,0
id:pucrinyesir,id:mingzzi,1,1,0,23.833333333333332,23.833333333333332,0
id:pucrinyesir,id:minjaekore,1,1,0,321.3666666666667,321.3666666666667,0
id:pucrinyesir,id:naco16,1,1,0,6.833333333333333,6.833333333333333,0
id:pucrinyesir,id:progamer77,1,1,0,6.683333333333334,6.683333333333334,0
id:pucrinyesir,id:qnflsdl,1,1,0,1245.5,1245.5,0
id:pucrinyesir,id:raccon9942,1,1,0,74.68333333333334,74.68333333333334,0
id:pucrinyesir,id:raikkonen12,1,1,0,5.8,5.8,0
id:pucrinyesir,id:rainshowerkk,1,1,0,7.65,7.65,0
id:pucrinyesir,id:raulgonzo,1,1,0,29.916666666666668,29.916666666666668,0
id:pucrinyesir,id:rwingback,1,1,0,11.5,11.5,0
id:pucrinyesir,id:sdh90,1,1,0,27.233333333333334,27.233333333333334,0
id:pucrinyesir,id:simpleisbest,1,1,0,31.1,31.1,0
id:pucrinyesir,id:soccerholy,1,1,0,354.0,354.0,0
id:pucrinyesir,id:soccerlineid,1,1,0,16.516666666666666,16.516666666666666,0
id:pucrinyesir,id:sonhh,1,1,0,16.516666666666666,16.516666666666666,0
id:pucrinyesir,id:spaceload1,1,1,0,10.983333333333333,10.983333333333333,0
id:pucrinyesir,id:stynerkn,1,1,0,11.383333333333333,11.383333333333333,0
id:pucrinyesir,id:summernight,1,1,0,9.983333333333333,9.983333333333333,0
id:pucrinyesir,id:sungju9055,1,1,0,21.3,21.3,0
id:pucrinyesir,id:taebari,1,1,0,14.283333333333333,14.283333333333333,0
id:pucrinyesir,id:typoonj2,1,1,0,6.016666666666667,6.016666666666667,0
id:pucrinyesir,id:vincent85,1,1,0,26.066666666666666,26.066666666666666,0
id:pucrinyesir,id:wolfmask,1,1,0,41.06666666666667,41.06666666666667,0
id:pucrinyesir,id:yeodarl,1,1,0,66.7,66.7,0
id:pucrinyesir,id:yesyes5467,1,1,0,41.71666666666667,41.71666666666667,0
id:pucrinyesir,id:ysy1214,1,1,0,62.35,62.35,0
id:pucrinyesir,id:zxcvbnm00765,1,1,0,21.783333333333335,21.783333333333335,0
id:pucrinyesir,id:zxcvv,1,1,0,6.5,6.5,0
id:pucrinyesir,id:新) 허정무(blue123,1,1,0,5.366666666666666,5.366666666666666,0
id:puh1993,id:cauking,1,1,0,9.766666666666667,9.766666666666667,0
id:puh1993,id:chojja,1,1,0,2182.9333333333334,2182.9333333333334,0
id:puh1993,id:citable,1,1,0,15.533333333333333,15.533333333333333,0
id:puh1993,id:eneseich,1,1,0,2865.5833333333335,2865.5833333333335,0
id:puh1993,id:fsoo1187,1,1,0,389.95,389.95,0
id:puh1993,id:grimes,1,1,0,153.63333333333333,153.63333333333333,0
id:puh1993,id:kanoutsider,1,1,0,157.1,157.1,0
id:puh1993,id:mcraky,1,1,0,471.3,471.3,0
id:puh1993,id:ses2580k,1,1,0,936.1666666666666,936.1666666666666,0
id:puh1993,id:simmian,1,1,0,298.56666666666666,298.56666666666666,0
id:puh1993,id:ulsan0101,1,1,0,75.23333333333333,75.23333333333333,0
id:puh1993,id:xxvxx,1,1,0,313.53333333333336,313.53333333333336,0
id:purelife,id:5coms,1,1,0,2737.983333333333,2737.983333333333,0
id:purelife,id:Mobaraeram,1,1,0,169.18333333333334,169.18333333333334,0
id:purelife,id:Sejongutd1,1,1,0,1988.85,1988.85,0
id:purelife,id:Vitohong,1,1,0,206.75,206.75,0
id:purelife,id:cafetango,1,1,0,9.3,9.3,0
id:purelife,id:chojja,1,1,0,571.4666666666667,571.4666666666667,0
id:purelife,id:citable,1,1,0,164.81666666666666,164.81666666666666,0
id:purelife,id:diddangel,1,1,0,1397.9833333333333,1397.9833333333333,0
id:purelife,id:dlawls,1,1,0,225.43333333333334,225.43333333333334,0
id:purelife,id:ehsaksk,1,1,0,6.95,6.95,0
id:purelife,id:ggoggoma,1,1,0,40.666666666666664,40.666666666666664,0
id:purelife,id:hodoeel,1,1,0,345.93333333333334,345.93333333333334,0
id:purelife,id:junice98,1,1,0,43.95,43.95,0
id:purelife,id:kawky,1,1,0,203.06666666666666,203.06666666666666,0
id:purelife,id:kinomayu,1,1,0,17.4,17.4,0
id:purelife,id:kjssid,1,1,0,1906.0333333333333,1906.0333333333333,0
id:purelife,id:kkt1216,1,1,0,8.366666666666667,8.366666666666667,0
id:purelife,id:kohs98,1,1,0,7.366666666666666,7.366666666666666,0
id:purelife,id:loadone,1,1,0,165.68333333333334,165.68333333333334,0
id:purelife,id:phantom112,1,1,0,22.95,22.95,0
id:purelife,id:sonhh,1,1,0,155.21666666666667,155.21666666666667,0
id:purelife,id:taz79,1,1,0,5.516666666666667,5.516666666666667,0
id:purelife,id:tjdqhrehd,1,1,0,140.78333333333333,140.78333333333333,0
id:purelife,id:vnweq956,1,1,0,11.966666666666667,11.966666666666667,0
id:purelife,id:whoshot,1,1,0,5.516666666666667,5.516666666666667,0
id:purelife,id:xowhdeo,1,1,0,296.53333333333336,296.53333333333336,0
id:purelife,id:新) 허정무(blue123,1,1,0,9.633333333333333,9.633333333333333,0
id:qhdtlsdl,id:BlackEyes23,1,1,0,13.733333333333333,13.733333333333333,0
id:qhdtlsdl,id:Necovv,1,1,0,6.2,6.2,0
id:qhdtlsdl,id:Volvo,1,1,0,14.3,14.3,0
id:qhdtlsdl,id:bluewind84,1,1,0,103.0,103.0,0
id:qhdtlsdl,id:bohaesoju,1,1,0,303.73333333333335,303.73333333333335,0
id:qhdtlsdl,id:cauking,1,1,0,7.05,7.05,0
id:qhdtlsdl,id:chelsykogi1,1,1,0,2470.4666666666667,2470.4666666666667,0
id:qhdtlsdl,id:claxn7,1,1,0,21.0,21.0,0
id:qhdtlsdl,id:cokabel,1,1,0,124.43333333333334,124.43333333333334,0
id:qhdtlsdl,id:didier11,1,1,0,19.733333333333334,19.733333333333334,0
id:qhdtlsdl,id:dlawls,1,1,0,16.716666666666665,16.716666666666665,0
id:qhdtlsdl,id:edh2och,1,1,0,14.566666666666666,14.566666666666666,0
id:qhdtlsdl,id:epist,1,1,0,9.566666666666666,9.566666666666666,0
id:qhdtlsdl,id:galio81,1,1,0,299.3666666666667,299.3666666666667,0
id:qhdtlsdl,id:godthepixel,1,1,0,249.36666666666667,249.36666666666667,0
id:qhdtlsdl,id:hellomadonna,1,1,0,9.133333333333333,9.133333333333333,0
id:qhdtlsdl,id:hoffenheim,1,1,0,6.833333333333333,6.833333333333333,0
id:qhdtlsdl,id:horsedongh,1,1,0,5.35,5.35,0
id:qhdtlsdl,id:itaibogi,1,1,0,231.55,231.55,0
id:qhdtlsdl,id:jec0412,1,1,0,88.41666666666667,88.41666666666667,0
id:qhdtlsdl,id:kicheon,1,1,0,8.166666666666666,8.166666666666666,0
id:qhdtlsdl,id:kicking,1,1,0,27.416666666666668,27.416666666666668,0
id:qhdtlsdl,id:korea1943,1,1,0,46.8,46.8,0
id:qhdtlsdl,id:modern21,1,1,0,6.066666666666666,6.066666666666666,0
id:qhdtlsdl,id:nicehost1234,1,1,0,18.983333333333334,18.983333333333334,0
id:qhdtlsdl,id:raul7143,1,1,0,8.65,8.65,0
id:qhdtlsdl,id:realysoccer,1,1,0,29.133333333333333,29.133333333333333,0
id:qhdtlsdl,id:rukk7812,1,1,0,7.733333333333333,7.733333333333333,0
id:qhdtlsdl,id:say1673,1,1,0,453.55,453.55,0
id:qhdtlsdl,id:sonhh,1,1,0,59.5,59.5,0
id:qhdtlsdl,id:stabbie81,1,1,0,21.783333333333335,21.783333333333335,0
id:qhdtlsdl,id:tkrldh,1,1,0,8.0,8.0,0
id:qhdtlsdl,id:vectors,1,1,0,936.85,936.85,0
id:qhdtlsdl,id:wenli,1,1,0,123.91666666666667,123.91666666666667,0
id:qhdtlsdl,id:whoshot,1,1,0,6.466666666666667,6.466666666666667,0
id:qhdtlsdl,id:zxcvv,1,1,0,22.066666666666666,22.066666666666666,0
id:qnflsdl,id:03048,1,1,0,2367.15,2367.15,0
id:qnflsdl,id:85yang,1,1,0,6.95,6.95,0
id:qnflsdl,id:BongGu1103,1,1,0,8.116666666666667,8.116666666666667,0
id:qnflsdl,id:Brown,1,1,0,37.46666666666667,37.46666666666667,0
id:qnflsdl,id:MementoMori,1,1,0,26.616666666666667,26.616666666666667,0
id:qnflsdl,id:Ragecom,1,1,0,134.03333333333333,134.03333333333333,0
id:qnflsdl,id:Tenhag,1,1,0,5.933333333333334,5.933333333333334,0
id:qnflsdl,id:againstwin80,1,1,0,87.71666666666667,87.71666666666667,0
id:qnflsdl,id:aoi04,1,1,0,337.55,337.55,0
id:qnflsdl,id:brad1000,1,1,0,29.033333333333335,29.033333333333335,0
id:qnflsdl,id:cafetango,1,1,0,12.6,12.6,0
id:qnflsdl,id:dlawls,1,1,0,99.0,99.0,0
id:qnflsdl,id:donginy,1,1,0,174.6,174.6,0
id:qnflsdl,id:droiyan,1,1,0,411.5,411.5,0
id:qnflsdl,id:ehdtks9286,1,1,0,14.483333333333333,14.483333333333333,0
id:qnflsdl,id:eneseich,1,1,0,1102.5,1102.5,0
id:qnflsdl,id:englfish,1,1,0,6.483333333333333,6.483333333333333,0
id:qnflsdl,id:flareburst,1,1,0,13.966666666666667,13.966666666666667,0
id:qnflsdl,id:flypcs20,1,1,0,1277.7666666666667,1277.7666666666667,0
id:qnflsdl,id:forest,1,1,0,5.883333333333334,5.883333333333334,0
id:qnflsdl,id:gjtroskan,1,1,0,57.95,57.95,0
id:qnflsdl,id:grit,1,1,0,46.0,46.0,0
id:qnflsdl,id:hakona,1,1,0,48.6,48.6,0
id:qnflsdl,id:horsedongh,1,1,0,7.85,7.85,0
id:qnflsdl,id:iskoke,1,1,0,2593.2,2593.2,0
id:qnflsdl,id:jhk56,1,1,0,1719.0333333333333,1719.0333333333333,0
id:qnflsdl,id:kkt1216,1,1,0,11790.816666666668,11790.816666666668,0
id:qnflsdl,id:ldg0382,1,1,0,88.91666666666667,88.91666666666667,0
id:qnflsdl,id:lhw8694,1,1,0,7.033333333333333,7.033333333333333,0
id:qnflsdl,id:liu2004,1,1,0,1046.2666666666667,1046.2666666666667,0
id:qnflsdl,id:maelsy99,1,1,0,17.95,17.95,0
id:qnflsdl,id:mhp3rd,1,1,0,774.3666666666667,774.3666666666667,0
id:qnflsdl,id:millano,1,1,0,118.06666666666666,118.06666666666666,0
id:qnflsdl,id:munik05,1,1,0,26.566666666666666,26.566666666666666,0
id:qnflsdl,id:nayt,1,1,0,1254.8,1254.8,0
id:qnflsdl,id:phantom112,1,1,0,15.283333333333333,15.283333333333333,0
id:qnflsdl,id:planetzoo,1,1,0,2465.2,2465.2,0
id:qnflsdl,id:priport,1,1,0,1633.75,1633.75,0
id:qnflsdl,id:pucrinyesir,1,1,0,2867.483333333333,2867.483333333333,0
id:qnflsdl,id:pullmeunder,1,1,0,1825.6666666666667,1825.6666666666667,0
id:qnflsdl,id:raul7143,1,1,0,26.1,26.1,0
id:qnflsdl,id:realysoccer,1,1,0,11.883333333333333,11.883333333333333,0
id:qnflsdl,id:rngns,1,1,0,88.11666666666666,88.11666666666666,0
id:qnflsdl,id:shanledz,1,1,0,1628.5666666666666,1628.5666666666666,0
id:qnflsdl,id:sidlove,1,1,0,578.3,578.3,0
id:qnflsdl,id:soonzino,1,1,0,146.6,146.6,0
id:qnflsdl,id:stynerkn,1,1,0,10.3,10.3,0
id:qnflsdl,id:talius,1,1,0,14.05,14.05,0
id:qnflsdl,id:tjdqhrehd,1,1,0,2452.866666666667,2452.866666666667,0
id:qnflsdl,id:vlffpqhtm,1,1,0,10.066666666666666,10.066666666666666,0
id:qnflsdl,id:vnweq956,1,1,0,15.083333333333334,15.083333333333334,0
id:qnflsdl,id:y00049,1,1,0,20.166666666666668,20.166666666666668,0
id:radioshot1,id:100m2,1,1,0,6.7,6.7,0
id:radioshot1,id:Clousewitz,1,1,0,11.266666666666667,11.266666666666667,0
id:radioshot1,id:Tenhag,1,1,0,5.333333333333333,5.333333333333333,0
id:radioshot1,id:YoLaTengo,1,1,0,11.616666666666667,11.616666666666667,0
id:radioshot1,id:ar10,1,1,0,6.466666666666667,6.466666666666667,0
id:radioshot1,id:balochanda,1,1,0,424.98333333333335,424.98333333333335,0
id:radioshot1,id:benben,1,1,0,325.5833333333333,325.5833333333333,0
id:radioshot1,id:blue5365,1,1,0,11.983333333333333,11.983333333333333,0
id:radioshot1,id:bluechips83,1,1,0,10.05,10.05,0
id:radioshot1,id:buk123,1,1,0,255.25,255.25,0
id:radioshot1,id:cyjlove1,1,1,0,5.483333333333333,5.483333333333333,0
id:radioshot1,id:dbwjddks2,1,1,0,353.8666666666667,353.8666666666667,0
id:radioshot1,id:ehdtks9286,1,1,0,5.766666666666667,5.766666666666667,0
id:radioshot1,id:gomepj,1,1,0,21.916666666666668,21.916666666666668,0
id:radioshot1,id:hellomadonna,1,1,0,5.616666666666666,5.616666666666666,0
id:radioshot1,id:hexkey,1,1,0,48.78333333333333,48.78333333333333,0
id:radioshot1,id:hhuugg,1,1,0,12.75,12.75,0
id:radioshot1,id:hs10107,1,1,0,72.68333333333334,72.68333333333334,0
id:radioshot1,id:iloveyousun,1,1,0,22.9,22.9,0
id:radioshot1,id:jinnankr,1,1,0,291.4166666666667,291.4166666666667,0
id:radioshot1,id:jun2312,1,1,0,328.93333333333334,328.93333333333334,0
id:radioshot1,id:k970425,1,1,0,31.633333333333333,31.633333333333333,0
id:radioshot1,id:killy,1,1,0,30.05,30.05,0
id:radioshot1,id:kiriman,1,1,0,8.333333333333334,8.333333333333334,0
id:radioshot1,id:leoperiseus,1,1,0,552.3333333333334,552.3333333333334,0
id:radioshot1,id:life13579,1,1,0,23.733333333333334,23.733333333333334,0
id:radioshot1,id:lim0620,1,1,0,315.06666666666666,315.06666666666666,0
id:radioshot1,id:littleboy00,1,1,0,8.45,8.45,0
id:radioshot1,id:loblue208,1,1,0,239.6,239.6,0
id:radioshot1,id:maelsy99,1,1,0,71.11666666666666,71.11666666666666,0
id:radioshot1,id:makijeon,1,1,0,5.066666666666666,5.066666666666666,0
id:radioshot1,id:mcraky,1,1,0,429.68333333333334,429.68333333333334,0
id:radioshot1,id:megacoffee25,1,1,0,24.8,24.8,0
id:radioshot1,id:metalgear,1,1,0,18.15,18.15,0
id:radioshot1,id:moohootae,1,1,0,8.4,8.4,0
id:radioshot1,id:mrnohsr,1,1,0,114.75,114.75,0
id:radioshot1,id:okao,1,1,0,26.083333333333332,26.083333333333332,0
id:radioshot1,id:phantom112,1,1,0,28.116666666666667,28.116666666666667,0
id:radioshot1,id:polo3382,1,1,0,9.55,9.55,0
id:radioshot1,id:rogueone1,1,1,0,12.016666666666667,12.016666666666667,0
id:radioshot1,id:sadyguru,1,1,0,6.6,6.6,0
id:radioshot1,id:skosko700,1,1,0,49.666666666666664,49.666666666666664,0
id:radioshot1,id:sm101v,1,1,0,19.466666666666665,19.466666666666665,0
id:radioshot1,id:sonhh,1,1,0,28.533333333333335,28.533333333333335,0
id:radioshot1,id:summernight,1,1,0,270.26666666666665,270.26666666666665,0
id:radioshot1,id:supremebape,1,1,0,19.683333333333334,19.683333333333334,0
id:radioshot1,id:taebari,1,1,0,15.533333333333333,15.533333333333333,0
id:radioshot1,id:tgibhh111,1,1,0,22.9,22.9,0
id:radioshot1,id:thughu,1,1,0,9.1,9.1,0
id:radioshot1,id:tkzjfkdlsd,1,1,0,10.633333333333333,10.633333333333333,0
id:radioshot1,id:whylee,1,1,0,8.916666666666666,8.916666666666666,0
id:radioshot1,id:xavi08,1,1,0,23.066666666666666,23.066666666666666,0
id:radioshot1,id:xesc,1,1,0,225.88333333333333,225.88333333333333,0
id:radioshot1,id:xowhdeo,1,1,0,253.93333333333334,253.93333333333334,0
id:radioshot1,id:yally1010,1,1,0,23.1,23.1,0
id:radioshot1,id:yellowsoul,1,1,0,11.95,11.95,0
id:radioshot1,id:yjs1g,1,1,0,356.15,356.15,0
id:radioshot1,id:zestgo,1,1,0,11.416666666666666,11.416666666666666,0
id:radioshot1,id:zxcvv,1,1,0,368.4,368.4,0
id:rainshowerkk,id:aduno,1,1,0,14.433333333333334,14.433333333333334,0
id:rainshowerkk,id:cooltiger,1,1,0,23.033333333333335,23.033333333333335,0
id:rainshowerkk,id:dass592,1,1,0,5.316666666666666,5.316666666666666,0
id:rainshowerkk,id:eiskzm,1,1,0,17.283333333333335,17.283333333333335,0
id:rainshowerkk,id:eufc,1,1,0,6.983333333333333,6.983333333333333,0
id:rainshowerkk,id:flypcs20,1,1,0,20.533333333333335,20.533333333333335,0
id:rainshowerkk,id:foreverkmh,1,1,0,6.7,6.7,0
id:rainshowerkk,id:geni0,1,1,0,6.466666666666667,6.466666666666667,0
id:rainshowerkk,id:hanlobby,1,1,0,6.3,6.3,0
id:rainshowerkk,id:kanoutsider,1,1,0,5.3,5.3,0
id:rainshowerkk,id:kicheon,1,1,0,10.083333333333334,10.083333333333334,0
id:rainshowerkk,id:leoperiseus,1,1,0,10.666666666666666,10.666666666666666,0
id:rainshowerkk,id:officehour,1,1,0,23.666666666666668,23.666666666666668,0
id:rainshowerkk,id:psj1905,1,1,0,10.4,10.4,0
id:rainshowerkk,id:summernight,1,1,0,11.633333333333333,11.633333333333333,0
id:rainshowerkk,id:tkrldh,1,1,0,10.783333333333333,10.783333333333333,0
id:rainshowerkk,id:zxcvbnm00765,1,1,0,8.45,8.45,0
id:raistlin1,id:KINGBATI,1,1,0,7.933333333333334,7.933333333333334,0
id:raistlin1,id:Mobaraeram,1,1,0,27.15,27.15,0
id:raistlin1,id:authur,1,1,0,12.866666666666667,12.866666666666667,0
id:raistlin1,id:cauking,1,1,0,24.8,24.8,0
id:raistlin1,id:grit,1,1,0,6.783333333333333,6.783333333333333,0
id:raistlin1,id:gum0510,1,1,0,5.466666666666667,5.466666666666667,0
id:raistlin1,id:kuo13,1,1,0,21.0,21.0,0
id:raistlin1,id:lfcthismeans,1,1,0,7.5,7.5,0
id:raistlin1,id:makijeon,1,1,0,5.616666666666666,5.616666666666666,0
id:raistlin1,id:raikkonen12,1,1,0,25.316666666666666,25.316666666666666,0
id:raistlin1,id:raistlin1,1,1,0,74.9,74.9,1
id:raistlin1,id:raulgonzo,1,1,0,26.766666666666666,26.766666666666666,0
id:raistlin1,id:sounited13,1,1,0,15.0,15.0,0
id:raistlin1,id:spoops,1,1,0,12.95,12.95,0
id:raistlin1,id:summernight,1,1,0,18.916666666666668,18.916666666666668,0
id:raistlin1,id:xxvxx,1,1,0,12.55,12.55,0
id:raistlin1,id:yjs1g,1,1,0,17.033333333333335,17.033333333333335,0
id:rararabbon,id:dleoduq1234,1,1,0,6.383333333333334,6.383333333333334,0
id:rararabbon,id:stynerkn,1,1,0,6.166666666666667,6.166666666666667,0
id:rascol,id:FeelingGood,1,1,0,9.583333333333334,9.583333333333334,0
id:rascol,id:ImDoubleJ,1,1,0,6.216666666666667,6.216666666666667,0
id:rascol,id:bluepillz,1,1,0,49.03333333333333,49.03333333333333,0
id:rascol,id:claxn7,1,1,0,30.866666666666667,30.866666666666667,0
id:rascol,id:cubana,1,1,0,12.016666666666667,12.016666666666667,0
id:rascol,id:dialine,1,1,0,126.16666666666667,126.16666666666667,0
id:rascol,id:figo7428,1,1,0,121.88333333333334,121.88333333333334,0
id:rascol,id:flamans1,1,1,0,17.233333333333334,17.233333333333334,0
id:rascol,id:flowcutter,1,1,0,5.216666666666667,5.216666666666667,0
id:rascol,id:footpodo,1,1,0,23.8,23.8,0
id:rascol,id:hodoeel,1,1,0,10.2,10.2,0
id:rascol,id:icarus4301,1,1,0,92.06666666666666,92.06666666666666,0
id:rascol,id:ifleet,1,1,0,5.516666666666667,5.516666666666667,0
id:rascol,id:kimdel77,1,1,0,9.583333333333334,9.583333333333334,0
id:rascol,id:kopluke,1,1,0,34.833333333333336,34.833333333333336,0
id:rascol,id:lim0620,1,1,0,77.18333333333334,77.18333333333334,0
id:rascol,id:mkfive,1,1,0,18.45,18.45,0
id:rascol,id:striker18,1,1,0,47.55,47.55,0
id:rascol,id:taz79,1,1,0,103.68333333333334,103.68333333333334,0
id:rascol,id:vnweq956,1,1,0,33.65,33.65,0
id:rascol,id:yellowsoul,1,1,0,7.55,7.55,0
id:raulgonzo,id:forest,1,1,0,9.083333333333334,9.083333333333334,0
id:rea1me,id:Mobaraeram,1,1,0,26.616666666666667,26.616666666666667,0
id:rea1me,id:yoon4859,1,1,0,7.75,7.75,0
id:realysoccer,id:deeblue,1,1,0,6.066666666666666,6.066666666666666,0
id:realysoccer,id:okao,1,1,0,10.0,10.0,0
id:realysoccer,id:start4u,1,1,0,41.916666666666664,41.916666666666664,0
id:realysoccer,id:timediver,1,1,0,61.63333333333333,61.63333333333333,0
id:realysoccer,id:yoshiki2,1,1,0,17.916666666666668,17.916666666666668,0
id:redgundam,id:Marshmello,1,1,0,12.633333333333333,12.633333333333333,0
id:redgundam,id:benichio,1,1,0,1038.6,1038.6,0
id:redgundam,id:bundes1,1,1,0,7.166666666666667,7.166666666666667,0
id:redgundam,id:ejrwls91,1,1,0,325.7,325.7,0
id:redgundam,id:grit,1,1,0,10.233333333333333,10.233333333333333,0
id:redgundam,id:rdq2426,1,1,0,335.03333333333336,335.03333333333336,0
id:redgundam,id:ulsan0101,1,1,0,14.283333333333333,14.283333333333333,0
id:regions,id:2egg3things,1,1,0,17.433333333333334,17.433333333333334,0
id:regions,id:HENSON05,1,1,0,47.333333333333336,47.333333333333336,0
id:regions,id:LJM1389,1,1,0,29.0,29.0,0
id:regions,id:bbggkkk,1,1,0,7.016666666666667,7.016666666666667,0
id:regions,id:bluepillz,1,1,0,44.833333333333336,44.833333333333336,0
id:regions,id:bruno00,1,1,0,271.98333333333335,271.98333333333335,0
id:regions,id:claralike123,1,1,0,11.55,11.55,0
id:regions,id:cubana,1,1,0,1037.45,1037.45,0
id:regions,id:darkknight1,1,1,0,282.1166666666667,282.1166666666667,0
id:regions,id:dhdld321,1,1,0,19.766666666666666,19.766666666666666,0
id:regions,id:dlawls,1,1,0,35.516666666666666,35.516666666666666,0
id:regions,id:dleoduq1234,1,1,0,24.2,24.2,0
id:regions,id:dosa0705,1,1,0,12.366666666666667,12.366666666666667,0
id:regions,id:dryskel7,1,1,0,772.3666666666667,772.3666666666667,0
id:regions,id:ehdtks9286,1,1,0,26.333333333333332,26.333333333333332,0
id:regions,id:ehsaksk,1,1,0,259.96666666666664,259.96666666666664,0
id:regions,id:feeder00,1,1,0,374.2,374.2,0
id:regions,id:gildo33,1,1,0,36.56666666666667,36.56666666666667,0
id:regions,id:gum0510,1,1,0,5.433333333333334,5.433333333333334,0
id:regions,id:hanlobby,1,1,0,11.8,11.8,0
id:regions,id:hellomadonna,1,1,0,20.083333333333332,20.083333333333332,0
id:regions,id:hyunookk,1,1,0,22.233333333333334,22.233333333333334,0
id:regions,id:iglaman,1,1,0,515.6666666666666,515.6666666666666,0
id:regions,id:kaizennf,1,1,0,1679.4,1679.4,0
id:regions,id:kaoruchan,1,1,0,5.2,5.2,0
id:regions,id:kiriman,1,1,0,22.266666666666666,22.266666666666666,0
id:regions,id:kp5189jp,1,1,0,39.11666666666667,39.11666666666667,0
id:regions,id:krttdragon,1,1,0,5.533333333333333,5.533333333333333,0
id:regions,id:leoperiseus,1,1,0,8.683333333333334,8.683333333333334,0
id:regions,id:loadone,1,1,0,13.816666666666666,13.816666666666666,0
id:regions,id:nexus,1,1,0,38.38333333333333,38.38333333333333,0
id:regions,id:okao,1,1,0,10.5,10.5,0
id:regions,id:pharamir,1,1,0,455.45,455.45,0
id:regions,id:pjhwinner,1,1,0,6.783333333333333,6.783333333333333,0
id:regions,id:powerwkill1,1,1,0,23.65,23.65,0
id:regions,id:psican1,1,1,0,239.35,239.35,0
id:regions,id:rascol,1,1,0,67.08333333333333,67.08333333333333,0
id:regions,id:redgundam,1,1,0,41.5,41.5,0
id:regions,id:roe2k,1,1,0,90.56666666666666,90.56666666666666,0
id:regions,id:rukk7812,1,1,0,13.966666666666667,13.966666666666667,0
id:regions,id:rwingback,1,1,0,17.966666666666665,17.966666666666665,0
id:regions,id:seongmina,1,1,0,2780.9166666666665,2780.9166666666665,0
id:regions,id:shkj22,1,1,0,7.05,7.05,0
id:regions,id:snap23,1,1,0,5.816666666666666,5.816666666666666,0
id:regions,id:stabbie81,1,1,0,19.266666666666666,19.266666666666666,0
id:regions,id:taz79,1,1,0,1595.7166666666667,1595.7166666666667,0
id:regions,id:ulsan0101,1,1,0,12.1,12.1,0
id:regions,id:xowhdeo,1,1,0,311.18333333333334,311.18333333333334,0
id:regions,id:yeonrang,1,1,0,318.5833333333333,318.5833333333333,0
id:regions,id:zxcvbnm00765,1,1,0,22.966666666666665,22.966666666666665,0
id:regions,id:zxcvv,1,1,0,6.866666666666666,6.866666666666666,0
id:reiun,id:amadirty,1,1,0,9.066666666666666,9.066666666666666,0
id:reiun,id:dress7,1,1,0,12.216666666666667,12.216666666666667,0
id:reiun,id:hoffenheim,1,1,0,44.45,44.45,0
id:renanlodi12,id:hellomadonna,1,1,0,15.816666666666666,15.816666666666666,0
id:renanlodi12,id:hoyaaa,1,1,0,17.266666666666666,17.266666666666666,0
id:renanlodi12,id:jinnankr,1,1,0,37.9,37.9,0
id:renanlodi12,id:placebo,1,1,0,25.816666666666666,25.816666666666666,0
id:renanlodi12,id:rascol,1,1,0,32.85,32.85,0
id:renanlodi12,id:reiun,1,1,0,9.766666666666667,9.766666666666667,0
id:renanlodi12,id:sjsa1108,1,1,0,32.21666666666667,32.21666666666667,0
id:renanlodi12,id:spaceload1,1,1,0,24.75,24.75,0
id:rera,id:bluepillz,1,1,0,6.7,6.7,0
id:rera,id:feeder00,1,1,0,416.23333333333335,416.23333333333335,0
id:rera,id:flareburst,1,1,0,8.9,8.9,0
id:rera,id:iloveyousun,1,1,0,56.15,56.15,0
id:rera,id:itemptu2,1,1,0,51.46666666666667,51.46666666666667,0
id:rera,id:juventus82,1,1,0,13.666666666666666,13.666666666666666,0
id:rera,id:lh1440,1,1,0,10.233333333333333,10.233333333333333,0
id:rera,id:mcraky,1,1,0,7.016666666666667,7.016666666666667,0
id:rera,id:mrnohsr,1,1,0,249.36666666666667,249.36666666666667,0
id:rera,id:rera,1,1,0,13.116666666666667,13.116666666666667,1
id:rera,id:rogueone1,1,1,0,21.466666666666665,21.466666666666665,0
id:rera,id:soccersun,1,1,0,20.033333333333335,20.033333333333335,0
id:rera,id:tkzjfkdlsd,1,1,0,7.033333333333333,7.033333333333333,0
id:rera,id:vivakleague,1,1,0,304.15,304.15,0
id:rhcp11,id:addedtime,1,1,0,18.466666666666665,18.466666666666665,0
id:rhcp11,id:aduno,1,1,0,16.4,16.4,0
id:rhcp11,id:bluepillz,1,1,0,9.6,9.6,0
id:rhcp11,id:bulbol,1,1,0,21.016666666666666,21.016666666666666,0
id:rhcp11,id:cafetango,1,1,0,12.55,12.55,0
id:rhcp11,id:clowleed,1,1,0,11.866666666666667,11.866666666666667,0
id:rhcp11,id:eory24,1,1,0,11.65,11.65,0
id:rhcp11,id:jseric,1,1,0,11.9,11.9,0
id:rhcp11,id:keiban,1,1,0,17.0,17.0,0
id:rhcp11,id:klay5587,1,1,0,6.683333333333334,6.683333333333334,0
id:rhcp11,id:koreafigo,1,1,0,47.25,47.25,0
id:rhcp11,id:luna7742,1,1,0,32.4,32.4,0
id:rhcp11,id:okao,1,1,0,10.95,10.95,0
id:rhcp11,id:placebo,1,1,0,14.416666666666666,14.416666666666666,0
id:rhcp11,id:pms2906,1,1,0,133.5,133.5,0
id:rhcp11,id:raistlin1,1,1,0,11.45,11.45,0
id:rhcp11,id:spoops,1,1,0,8.85,8.85,0
id:rhcp11,id:vnweq956,1,1,0,14.4,14.4,0
id:rhcp11,id:whksrns,1,1,0,5.066666666666666,5.066666666666666,0
id:rhcp11,id:xavier,1,1,0,8.3,8.3,0
id:rhcp11,id:yally1010,1,1,0,6.866666666666666,6.866666666666666,0
id:rhcp11,id:zxcvbnm00765,1,1,0,32.88333333333333,32.88333333333333,0
id:rkarlaos1,id:blue5365,1,1,0,28.95,28.95,0
id:rkarlaos1,id:mirissoul2,1,1,0,5.483333333333333,5.483333333333333,0
id:rkdtks87,id:bluepillz,1,1,0,19.183333333333334,19.183333333333334,0
id:rkdtks87,id:cokabel,1,1,0,20.716666666666665,20.716666666666665,0
id:rkdtks87,id:cooltiger,1,1,0,153.46666666666667,153.46666666666667,0
id:rkdtks87,id:cubana,1,1,0,306.18333333333334,306.18333333333334,0
id:rkdtks87,id:dass592,1,1,0,12.016666666666667,12.016666666666667,0
id:rkdtks87,id:dosa0705,1,1,0,323.0833333333333,323.0833333333333,0
id:rkdtks87,id:kapfazo,1,1,0,152.53333333333333,152.53333333333333,0
id:rkdtks87,id:kinomayu,1,1,0,14.266666666666667,14.266666666666667,0
id:rkdtks87,id:kshfool,1,1,0,42.733333333333334,42.733333333333334,0
id:rkdtks87,id:leyura0802,1,1,0,256.1333333333333,256.1333333333333,0
id:rkdtks87,id:realysoccer,1,1,0,10.3,10.3,0
id:rkdtks87,id:rwingback,1,1,0,22.183333333333334,22.183333333333334,0
id:rkdtks87,id:timediver,1,1,0,121.95,121.95,0
id:rkdtks87,id:yeonrang,1,1,0,356.48333333333335,356.48333333333335,0
id:rltjddyd16,id:cubana,1,1,0,9.266666666666667,9.266666666666667,0
id:rltjddyd16,id:kinomayu,1,1,0,40.21666666666667,40.21666666666667,0
id:rltjddyd16,id:monkjm,1,1,0,10.083333333333334,10.083333333333334,0
id:rnjswd,id:cytokine1234,1,1,0,5.616666666666666,5.616666666666666,0
id:roe2k,id:Mobaraeram,1,1,0,6.45,6.45,0
id:roe2k,id:Tenhag,1,1,0,29.25,29.25,0
id:roe2k,id:amaai,1,1,0,10.0,10.0,0
id:roe2k,id:cafetango,1,1,0,7.016666666666667,7.016666666666667,0
id:roe2k,id:dosa0705,1,1,0,300.4,300.4,0
id:roe2k,id:grit,1,1,0,10.5,10.5,0
id:roe2k,id:hodoeel,1,1,0,21.466666666666665,21.466666666666665,0
id:roe2k,id:hpkim90,1,1,0,10.766666666666667,10.766666666666667,0
id:roe2k,id:ifleet,1,1,0,322.4,322.4,0
id:roe2k,id:jdspitz,1,1,0,20.1,20.1,0
id:roe2k,id:jeffkent,1,1,0,253.06666666666666,253.06666666666666,0
id:roe2k,id:kapfazo,1,1,0,10.316666666666666,10.316666666666666,0
id:roe2k,id:kicking,1,1,0,6.833333333333333,6.833333333333333,0
id:roe2k,id:raistlin1,1,1,0,9.916666666666666,9.916666666666666,0
id:roe2k,id:rukk7812,1,1,0,6.45,6.45,0
id:roe2k,id:sonhh,1,1,0,479.8333333333333,479.8333333333333,0
id:roe2k,id:typoonj2,1,1,0,732.65,732.65,0
id:roe2k,id:ulsan0101,1,1,0,28.433333333333334,28.433333333333334,0
id:roe2k,id:whoshot,1,1,0,5.35,5.35,0
id:roe2k,id:zesus91,1,1,0,154.9,154.9,0
id:roykie151,id:malwool,1,1,0,10.083333333333334,10.083333333333334,0
id:rrlatls18,id:FeelingGood,1,1,0,5.983333333333333,5.983333333333333,0
id:rrlatls18,id:Whaled,1,1,0,139.0,139.0,0
id:rrlatls18,id:YoLaTengo,1,1,0,5.133333333333334,5.133333333333334,0
id:rrlatls18,id:angre825blk,1,1,0,313.3,313.3,0
id:rrlatls18,id:aracra,1,1,0,7.716666666666667,7.716666666666667,0
id:rrlatls18,id:chicruz,1,1,0,411.55,411.55,0
id:rrlatls18,id:dleoduq1234,1,1,0,57.56666666666667,57.56666666666667,0
id:rrlatls18,id:donka,1,1,0,13.233333333333333,13.233333333333333,0
id:rrlatls18,id:flareburst,1,1,0,20.65,20.65,0
id:rrlatls18,id:ggoggoma,1,1,0,122.23333333333333,122.23333333333333,0
id:rrlatls18,id:haebark,1,1,0,47.483333333333334,47.483333333333334,0
id:rrlatls18,id:horsedongh,1,1,0,345.0,345.0,0
id:rrlatls18,id:ifleet,1,1,0,149.06666666666666,149.06666666666666,0
id:rrlatls18,id:impactx84,1,1,0,32.21666666666667,32.21666666666667,0
id:rrlatls18,id:iskoke,1,1,0,36.53333333333333,36.53333333333333,0
id:rrlatls18,id:kanoutsider,1,1,0,6.183333333333334,6.183333333333334,0
id:rrlatls18,id:koreatop,1,1,0,115.75,115.75,0
id:rrlatls18,id:kyoijjoo,1,1,0,5.283333333333333,5.283333333333333,0
id:rrlatls18,id:mhp3rd,1,1,0,6.683333333333334,6.683333333333334,0
id:rrlatls18,id:monkjm,1,1,0,62.06666666666667,62.06666666666667,0
id:rrlatls18,id:osgi3212,1,1,0,130.51666666666668,130.51666666666668,0
id:rrlatls18,id:pipak,1,1,0,192.98333333333332,192.98333333333332,0
id:rrlatls18,id:roe2k,1,1,0,7.333333333333333,7.333333333333333,0
id:rrlatls18,id:rukk7812,1,1,0,8.3,8.3,0
id:rrlatls18,id:sinn556i,1,1,0,13.75,13.75,0
id:rrlatls18,id:skosko700,1,1,0,178.93333333333334,178.93333333333334,0
id:rrlatls18,id:stynerkn,1,1,0,150.65,150.65,0
id:rrlatls18,id:tkrldh,1,1,0,132.21666666666667,132.21666666666667,0
id:rrlatls18,id:todfndl12,1,1,0,19.166666666666668,19.166666666666668,0
id:rrlatls18,id:wnsrns14,1,1,0,1699.0,1699.0,0
id:rukk7812,id:0979yj,1,1,0,70.81666666666666,70.81666666666666,0
id:rukk7812,id:1987vintage,1,1,0,120.48333333333333,120.48333333333333,0
id:rukk7812,id:Beckham32,1,1,0,30.066666666666666,30.066666666666666,0
id:rukk7812,id:IGoHigh18,1,1,0,9.166666666666666,9.166666666666666,0
id:rukk7812,id:Machief,1,1,0,1797.4,1797.4,0
id:rukk7812,id:Milner7,1,1,0,7.25,7.25,0
id:rukk7812,id:Paori,1,1,0,5.85,5.85,0
id:rukk7812,id:WolfsRain,1,1,0,12.916666666666666,12.916666666666666,0
id:rukk7812,id:ahjz1016,1,1,0,36.333333333333336,36.333333333333336,0
id:rukk7812,id:aisiteru99,1,1,0,16.583333333333332,16.583333333333332,0
id:rukk7812,id:alfatini,1,1,0,11.7,11.7,0
id:rukk7812,id:als90131,1,1,0,388.0833333333333,388.0833333333333,0
id:rukk7812,id:amasvladi27,1,1,0,57.666666666666664,57.666666666666664,0
id:rukk7812,id:anystar25,1,1,0,5.733333333333333,5.733333333333333,0
id:rukk7812,id:asban,1,1,0,483.28333333333336,483.28333333333336,0
id:rukk7812,id:bald80,1,1,0,33.13333333333333,33.13333333333333,0
id:rukk7812,id:ballast,1,1,0,1960.3833333333334,1960.3833333333334,0
id:rukk7812,id:balochanda,1,1,0,6.6,6.6,0
id:rukk7812,id:beatout21,1,1,0,361.5833333333333,361.5833333333333,0
id:rukk7812,id:bluepillz,1,1,0,175.46666666666667,175.46666666666667,0
id:rukk7812,id:bluewind84,1,1,0,337.98333333333335,337.98333333333335,0
id:rukk7812,id:buk123,1,1,0,623.4833333333333,623.4833333333333,0
id:rukk7812,id:bundes1,1,1,0,9.283333333333333,9.283333333333333,0
id:rukk7812,id:chily0117,1,1,0,24.45,24.45,0
id:rukk7812,id:choissi,1,1,0,58.5,58.5,0
id:rukk7812,id:claxn7,1,1,0,6.6,6.6,0
id:rukk7812,id:cooper07,1,1,0,15.75,15.75,0
id:rukk7812,id:couquedasse,1,1,0,30.683333333333334,30.683333333333334,0
id:rukk7812,id:csh1194,1,1,0,5.016666666666667,5.016666666666667,0
id:rukk7812,id:cydia14,1,1,0,65.95,65.95,0
id:rukk7812,id:ddmcd,1,1,0,210.46666666666667,210.46666666666667,0
id:rukk7812,id:dialine,1,1,0,6.416666666666667,6.416666666666667,0
id:rukk7812,id:dosa0705,1,1,0,81.25,81.25,0
id:rukk7812,id:doxan,1,1,0,30.95,30.95,0
id:rukk7812,id:dryskel7,1,1,0,190.63333333333333,190.63333333333333,0
id:rukk7812,id:dsgmjj,1,1,0,346.8833333333333,346.8833333333333,0
id:rukk7812,id:edgeplus,1,1,0,1243.8333333333333,1243.8333333333333,0
id:rukk7812,id:egsg09,1,1,0,482.76666666666665,482.76666666666665,0
id:rukk7812,id:ejrwls91,1,1,0,55.03333333333333,55.03333333333333,0
id:rukk7812,id:ellen829,1,1,0,103.01666666666667,103.01666666666667,0
id:rukk7812,id:emknud,1,1,0,371.26666666666665,371.26666666666665,0
id:rukk7812,id:ex400,1,1,0,6.716666666666667,6.716666666666667,0
id:rukk7812,id:fantak,1,1,0,5.95,5.95,0
id:rukk7812,id:feeder00,1,1,0,32.766666666666666,32.766666666666666,0
id:rukk7812,id:fsoo1187,1,1,0,1958.15,1958.15,0
id:rukk7812,id:god18xx,1,1,0,343.55,343.55,0
id:rukk7812,id:gomepj,1,1,0,941.1333333333333,941.1333333333333,0
id:rukk7812,id:haebark,1,1,0,94.85,94.85,0
id:rukk7812,id:hjsa2004,1,1,0,10.966666666666667,10.966666666666667,0
id:rukk7812,id:hmhgood,1,1,0,21.616666666666667,21.616666666666667,0
id:rukk7812,id:hobro,1,1,0,583.7666666666667,583.7666666666667,0
id:rukk7812,id:honey0608,1,1,0,16.2,16.2,0
id:rukk7812,id:hs10107,1,1,0,307.6,307.6,0
id:rukk7812,id:hsando1,1,1,0,47.93333333333333,47.93333333333333,0
id:rukk7812,id:ickimceo,1,1,0,1179.7666666666667,1179.7666666666667,0
id:rukk7812,id:jdspitz,1,1,0,45.983333333333334,45.983333333333334,0
id:rukk7812,id:jinnankr,1,1,0,6.55,6.55,0
id:rukk7812,id:jmw1121,1,1,0,449.35,449.35,0
id:rukk7812,id:jojic32,1,1,0,412.76666666666665,412.76666666666665,0
id:rukk7812,id:kimga333,1,1,0,5.133333333333334,5.133333333333334,0
id:rukk7812,id:kimida2005,1,1,0,10.25,10.25,0
id:rukk7812,id:kimpo,1,1,0,10.05,10.05,0
id:rukk7812,id:kjw872,1,1,0,5.783333333333333,5.783333333333333,0
id:rukk7812,id:korea1943,1,1,0,355.0833333333333,355.0833333333333,0
id:rukk7812,id:kostanjino,1,1,0,403.73333333333335,403.73333333333335,0
id:rukk7812,id:krttdragon,1,1,0,44.96666666666667,44.96666666666667,0
id:rukk7812,id:leyura0802,1,1,0,27.583333333333332,27.583333333333332,0
id:rukk7812,id:life13579,1,1,0,106.01666666666667,106.01666666666667,0
id:rukk7812,id:lim0620,1,1,0,242.2,242.2,0
id:rukk7812,id:loadone,1,1,0,1197.5,1197.5,0
id:rukk7812,id:luminai,1,1,0,18.166666666666668,18.166666666666668,0
id:rukk7812,id:makijeon,1,1,0,9.483333333333333,9.483333333333333,0
id:rukk7812,id:mansun27,1,1,0,5.833333333333333,5.833333333333333,0
id:rukk7812,id:masok01,1,1,0,6.45,6.45,0
id:rukk7812,id:mazenta064,1,1,0,239.41666666666666,239.41666666666666,0
id:rukk7812,id:messiya2022,1,1,0,813.2166666666667,813.2166666666667,0
id:rukk7812,id:metalgear,1,1,0,6.633333333333334,6.633333333333334,0
id:rukk7812,id:modenaF1,1,1,0,72.7,72.7,0
id:rukk7812,id:moove,1,1,0,236.78333333333333,236.78333333333333,0
id:rukk7812,id:naseungmini,1,1,0,554.8833333333333,554.8833333333333,0
id:rukk7812,id:ninmu,1,1,0,441.18333333333334,441.18333333333334,0
id:rukk7812,id:oneofakind,1,1,0,36.483333333333334,36.483333333333334,0
id:rukk7812,id:orangein0775,1,1,0,5.066666666666666,5.066666666666666,0
id:rukk7812,id:pepsizero,1,1,0,2199.6666666666665,2199.6666666666665,0
id:rukk7812,id:powerwkill1,1,1,0,227.88333333333333,227.88333333333333,0
id:rukk7812,id:psican1,1,1,0,251.78333333333333,251.78333333333333,0
id:rukk7812,id:rararabbon,1,1,0,13.65,13.65,0
id:rukk7812,id:realjuno83,1,1,0,382.03333333333336,382.03333333333336,0
id:rukk7812,id:realysoccer,1,1,0,48.55,48.55,0
id:rukk7812,id:redgundam,1,1,0,17.333333333333332,17.333333333333332,0
id:rukk7812,id:riverpine,1,1,0,8.166666666666666,8.166666666666666,0
id:rukk7812,id:rkarlaos1,1,1,0,44.81666666666667,44.81666666666667,0
id:rukk7812,id:runasea,1,1,0,19.9,19.9,0
id:rukk7812,id:sangtuk,1,1,0,56.833333333333336,56.833333333333336,0
id:rukk7812,id:sgotacu,1,1,0,8.583333333333334,8.583333333333334,0
id:rukk7812,id:sieging,1,1,0,232.41666666666666,232.41666666666666,0
id:rukk7812,id:sinn556i,1,1,0,30.116666666666667,30.116666666666667,0
id:rukk7812,id:sm101v,1,1,0,86.41666666666667,86.41666666666667,0
id:rukk7812,id:sniper0724,1,1,0,1002.1,1002.1,0
id:rukk7812,id:soccerlineid,1,1,0,72.41666666666667,72.41666666666667,0
id:rukk7812,id:sof8,1,1,0,20.183333333333334,20.183333333333334,0
id:rukk7812,id:speed94,1,1,0,75.93333333333334,75.93333333333334,0
id:rukk7812,id:sta0505,1,1,0,16.2,16.2,0
id:rukk7812,id:stynerkn,1,1,0,8.166666666666666,8.166666666666666,0
id:rukk7812,id:taebari,1,1,0,19.433333333333334,19.433333333333334,0
id:rukk7812,id:tkrhdgus1,1,1,0,10.466666666666667,10.466666666666667,0
id:rukk7812,id:tmdhkswl,1,1,0,124.6,124.6,0
id:rukk7812,id:toninho07,1,1,0,76.98333333333333,76.98333333333333,0
id:rukk7812,id:ttangsoo6,1,1,0,14.65,14.65,0
id:rukk7812,id:ujlee1357,1,1,0,93.2,93.2,0
id:rukk7812,id:wishofyou,1,1,0,346.18333333333334,346.18333333333334,0
id:rukk7812,id:xavi08,1,1,0,16.516666666666666,16.516666666666666,0
id:rukk7812,id:xowhdeo,1,1,0,99.3,99.3,0
id:rukk7812,id:yoshiki2,1,1,0,7.966666666666667,7.966666666666667,0
id:rukk7812,id:zenic7,1,1,0,11.233333333333333,11.233333333333333,0
id:rukk7812,id:zestgo,1,1,0,5.3,5.3,0
id:rukk7812,id:zvezda,1,1,0,409.6166666666667,409.6166666666667,0
id:rukk7812,id:zxcvbnm00765,1,1,0,13.6,13.6,0
id:salrara123,id:Tenhag,1,1,0,47.333333333333336,47.333333333333336,0
id:salrara123,id:gracepark31,1,1,0,23.983333333333334,23.983333333333334,0
id:sanapati,id:againstwin80,1,1,0,93.45,93.45,0
id:sanapati,id:bookae1,1,1,0,17.083333333333332,17.083333333333332,0
id:sanapati,id:bugfix,1,1,0,17.566666666666666,17.566666666666666,0
id:sanapati,id:cytokine1234,1,1,0,87.33333333333333,87.33333333333333,0
id:sanapati,id:forest,1,1,0,47.666666666666664,47.666666666666664,0
id:sanapati,id:hypeboy,1,1,0,6.35,6.35,0
id:sanapati,id:hyunookk,1,1,0,27.366666666666667,27.366666666666667,0
id:sanapati,id:jejajj9,1,1,0,14.05,14.05,0
id:sanapati,id:kanoutsider,1,1,0,26.216666666666665,26.216666666666665,0
id:sanapati,id:mantis,1,1,0,6.95,6.95,0
id:sanapati,id:ngis11,1,1,0,8.683333333333334,8.683333333333334,0
id:sanapati,id:placebo,1,1,0,5.45,5.45,0
id:sanapati,id:qweasd1,1,1,0,10.033333333333333,10.033333333333333,0
id:sanapati,id:roe2k,1,1,0,13.633333333333333,13.633333333333333,0
id:sanapati,id:sanapati,1,1,0,6.533333333333333,6.533333333333333,1
id:sanapati,id:sidlove,1,1,0,28.166666666666668,28.166666666666668,0
id:sarajevo,id:0979yj,1,1,0,15.116666666666667,15.116666666666667,0
id:sarajevo,id:BongGu1103,1,1,0,27.65,27.65,0
id:sarajevo,id:FeelingGood,1,1,0,8.05,8.05,0
id:sarajevo,id:Grassland,1,1,0,5.75,5.75,0
id:sarajevo,id:Necovv,1,1,0,6.116666666666666,6.116666666666666,0
id:sarajevo,id:bluewind84,1,1,0,17.35,17.35,0
id:sarajevo,id:cafetango,1,1,0,125.33333333333333,125.33333333333333,0
id:sarajevo,id:chojja,1,1,0,369.53333333333336,369.53333333333336,0
id:sarajevo,id:citable,1,1,0,418.1666666666667,418.1666666666667,0
id:sarajevo,id:daixian,1,1,0,42.65,42.65,0
id:sarajevo,id:dleoduq10004,1,1,0,9.983333333333333,9.983333333333333,0
id:sarajevo,id:epist,1,1,0,7.933333333333334,7.933333333333334,0
id:sarajevo,id:feeder00,1,1,0,261.26666666666665,261.26666666666665,0
id:sarajevo,id:forest,1,1,0,15.733333333333333,15.733333333333333,0
id:sarajevo,id:hanlobby,1,1,0,8.816666666666666,8.816666666666666,0
id:sarajevo,id:jeep126,1,1,0,12.316666666666666,12.316666666666666,0
id:sarajevo,id:jkv2,1,1,0,214.35,214.35,0
id:sarajevo,id:jojic32,1,1,0,1099.95,1099.95,0
id:sarajevo,id:kopluke,1,1,0,214.96666666666667,214.96666666666667,0
id:sarajevo,id:ksb7872,1,1,0,14.483333333333333,14.483333333333333,0
id:sarajevo,id:lj0608,1,1,0,10.583333333333334,10.583333333333334,0
id:sarajevo,id:messiya2022,1,1,0,181.36666666666667,181.36666666666667,0
id:sarajevo,id:pmg9525,1,1,0,116.41666666666667,116.41666666666667,0
id:sarajevo,id:polo3382,1,1,0,39.68333333333333,39.68333333333333,0
id:sarajevo,id:qnflsdl,1,1,0,115.85,115.85,0
id:sarajevo,id:realysoccer,1,1,0,8.35,8.35,0
id:sarajevo,id:rwingback,1,1,0,5.566666666666666,5.566666666666666,0
id:sarajevo,id:seungman98,1,1,0,479.8,479.8,0
id:sarajevo,id:shkj22,1,1,0,22.733333333333334,22.733333333333334,0
id:sarajevo,id:sniper0724,1,1,0,498.51666666666665,498.51666666666665,0
id:sarajevo,id:toninho07,1,1,0,202.8,202.8,0
id:sarajevo,id:xowhdeo,1,1,0,441.6166666666667,441.6166666666667,0
id:sarajevo,id:yjkown,1,1,0,237.53333333333333,237.53333333333333,0
id:say1673,id:BongGu1103,1,1,0,79.25,79.25,0
id:say1673,id:artemismoon,1,1,0,6.583333333333333,6.583333333333333,0
id:say1673,id:arteta8,1,1,0,9.95,9.95,0
id:say1673,id:choissi,1,1,0,19.266666666666666,19.266666666666666,0
id:say1673,id:cjky3213,1,1,0,362.73333333333335,362.73333333333335,0
id:say1673,id:claxn7,1,1,0,30.483333333333334,30.483333333333334,0
id:say1673,id:colacup,1,1,0,19.25,19.25,0
id:say1673,id:consul,1,1,0,8.333333333333334,8.333333333333334,0
id:say1673,id:grit,1,1,0,7.966666666666667,7.966666666666667,0
id:say1673,id:horsedongh,1,1,0,13.116666666666667,13.116666666666667,0
id:say1673,id:iglaman,1,1,0,30.6,30.6,0
id:say1673,id:j8wkfn,1,1,0,6.9,6.9,0
id:say1673,id:jeffkent,1,1,0,234.56666666666666,234.56666666666666,0
id:say1673,id:juventus82,1,1,0,5.033333333333333,5.033333333333333,0
id:say1673,id:ksb7872,1,1,0,58.21666666666667,58.21666666666667,0
id:say1673,id:kyoijjoo,1,1,0,17.633333333333333,17.633333333333333,0
id:say1673,id:masok01,1,1,0,44.46666666666667,44.46666666666667,0
id:say1673,id:mcraky,1,1,0,12.2,12.2,0
id:say1673,id:publicatio,1,1,0,221.41666666666666,221.41666666666666,0
id:say1673,id:regnier,1,1,0,7.9,7.9,0
id:say1673,id:riverpine,1,1,0,6.316666666666666,6.316666666666666,0
id:say1673,id:runasea,1,1,0,9.516666666666667,9.516666666666667,0
id:say1673,id:sanga,1,1,0,18.933333333333334,18.933333333333334,0
id:say1673,id:sheep3337,1,1,0,71.61666666666666,71.61666666666666,0
id:say1673,id:tgibhh111,1,1,0,14.166666666666666,14.166666666666666,0
id:say1673,id:tnts0023,1,1,0,12.383333333333333,12.383333333333333,0
id:say1673,id:typoonj2,1,1,0,7.683333333333334,7.683333333333334,0
id:say1673,id:wheotjd1,1,1,0,7.45,7.45,0
id:say1673,id:wishofyou,1,1,0,474.21666666666664,474.21666666666664,0
id:sbw1249,id:WEZARD777,1,1,0,7.516666666666667,7.516666666666667,0
id:sbw1249,id:cauking,1,1,0,6.683333333333334,6.683333333333334,0
id:sbw1249,id:itaibogi,1,1,0,10.933333333333334,10.933333333333334,0
id:sbw1249,id:kuo13,1,1,0,5.183333333333334,5.183333333333334,0
id:sbw1249,id:mnyj,1,1,0,21.3,21.3,0
id:sbw1249,id:solvebab,1,1,0,54.28333333333333,54.28333333333333,0
id:sbw1249,id:webguy,1,1,0,35.2,35.2,0
id:sbw1249,id:yjkown,1,1,0,14.166666666666666,14.166666666666666,0
id:sc1984,id:FeelingGood,1,1,0,9.033333333333333,9.033333333333333,0
id:sc1984,id:Ibrahima,1,1,0,9.433333333333334,9.433333333333334,0
id:sc1984,id:arteta8,1,1,0,14.9,14.9,0
id:sc1984,id:grimes,1,1,0,24.85,24.85,0
id:sc1984,id:hoffenheim,1,1,0,5.783333333333333,5.783333333333333,0
id:sc1984,id:realysoccer,1,1,0,8.933333333333334,8.933333333333334,0
id:sc1984,id:shkj22,1,1,0,27.9,27.9,0
id:sc1984,id:yjs1g,1,1,0,39.53333333333333,39.53333333333333,0
id:sdh90,id:chy7253958,1,1,0,9.083333333333334,9.083333333333334,0
id:sdh90,id:flareburst,1,1,0,5.833333333333333,5.833333333333333,0
id:sdh90,id:kapfazo,1,1,0,12.866666666666667,12.866666666666667,0
id:sdh90,id:kiriman,1,1,0,31.766666666666666,31.766666666666666,0
id:sdh90,id:makijeon,1,1,0,7.4,7.4,0
id:sdh90,id:raul7143,1,1,0,428.3,428.3,0
id:sdh90,id:sinn556i,1,1,0,207.98333333333332,207.98333333333332,0
id:sdh90,id:spiderman91,1,1,0,11.7,11.7,0
id:sdh90,id:tjfghksss,1,1,0,6.033333333333333,6.033333333333333,0
id:sdh90,id:umamusume,1,1,0,474.8833333333333,474.8833333333333,0
id:sexline,id:Clousewitz,1,1,0,223.68333333333334,223.68333333333334,0
id:sexline,id:gogumadory,1,1,0,37.11666666666667,37.11666666666667,0
id:sexline,id:hexkey,1,1,0,237.91666666666666,237.91666666666666,0
id:sexline,id:kim2pac,1,1,0,100.56666666666666,100.56666666666666,0
id:sexline,id:monkjm,1,1,0,71.56666666666666,71.56666666666666,0
id:sexline,id:moohootae,1,1,0,267.15,267.15,0
id:sexline,id:rwingback,1,1,0,9.316666666666666,9.316666666666666,0
id:sexline,id:spoops,1,1,0,230.18333333333334,230.18333333333334,0
id:sexline,id:zesus91,1,1,0,65.35,65.35,0
id:shin4687,id:roe2k,1,1,0,16.15,16.15,0
id:shkj22,id:donka,1,1,0,7.316666666666666,7.316666666666666,0
id:shkj22,id:kuoron,1,1,0,6.416666666666667,6.416666666666667,0
id:shkj22,id:life13579,1,1,0,44.266666666666666,44.266666666666666,0
id:shkj22,id:messiya2022,1,1,0,5.483333333333333,5.483333333333333,0
id:shkj22,id:mkfive,1,1,0,44.7,44.7,0
id:shkj22,id:mymoretz1,1,1,0,5.6,5.6,0
id:shkj22,id:placebo,1,1,0,15.95,15.95,0
id:shkj22,id:yhtuos,1,1,0,19.066666666666666,19.066666666666666,0
id:simbae1,id:MementoMori,1,1,0,5.466666666666667,5.466666666666667,0
id:simbae1,id:bundes1,1,1,0,12.333333333333334,12.333333333333334,0
id:simbae1,id:cubana,1,1,0,13.183333333333334,13.183333333333334,0
id:simbae1,id:hoffenheim,1,1,0,7.833333333333333,7.833333333333333,0
id:simbae1,id:kanoutsider,1,1,0,13.45,13.45,0
id:simbae1,id:kokand1912,1,1,0,38.11666666666667,38.11666666666667,0
id:simbae1,id:roe2k,1,1,0,29.5,29.5,0
id:simbae1,id:spoops,1,1,0,8.116666666666667,8.116666666666667,0
id:sis97y53,id:gum0510,1,1,0,8.683333333333334,8.683333333333334,0
id:sis97y53,id:kiriman,1,1,0,6.683333333333334,6.683333333333334,0
id:sis97y53,id:monkjm,1,1,0,10.666666666666666,10.666666666666666,0
id:sis97y53,id:realysoccer,1,1,0,12.75,12.75,0
id:sis97y53,id:redgundam,1,1,0,8.983333333333333,8.983333333333333,0
id:skfkssutjr,id:kanoutsider,1,1,0,18.783333333333335,18.783333333333335,0
id:skfkssutjr,id:psj1905,1,1,0,14.233333333333333,14.233333333333333,0
id:skfkssutjr,id:redondor,1,1,0,174.06666666666666,174.06666666666666,0
id:skykys85,id:Bluewings21,1,1,0,7.466666666666667,7.466666666666667,0
id:skykys85,id:kinomayu,1,1,0,11.25,11.25,0
id:skykys85,id:millano,1,1,0,5.316666666666666,5.316666666666666,0
id:skysay7,id:dadoocom,1,1,0,7.716666666666667,7.716666666666667,0
id:skysay7,id:kiriman,1,1,0,11.433333333333334,11.433333333333334,0
id:skysay7,id:redondor,1,1,0,5.1,5.1,0
id:skysay7,id:skysay7,1,1,0,6.6,6.6,1
id:sm101v,id:mirissoul2,1,1,0,18.3,18.3,0
id:sm101v,id:sid8825,1,1,0,23.75,23.75,0
id:snakeheads,id:azulyoro,1,1,0,46.15,46.15,0
id:snakeheads,id:juventus82,1,1,0,40.61666666666667,40.61666666666667,0
id:snakeheads,id:okao,1,1,0,226.51666666666668,226.51666666666668,0
id:snakeheads,id:recnow,1,1,0,256.9166666666667,256.9166666666667,0
id:snakeheads,id:roe2k,1,1,0,431.35,431.35,0
id:snap23,id:-_-)(jj1211,1,1,0,9.9,9.9,0
id:snap23,id:HENSON05,1,1,0,10.0,10.0,0
id:snap23,id:KINGBATI,1,1,0,6.25,6.25,0
id:snap23,id:Tenhag,1,1,0,9.933333333333334,9.933333333333334,0
id:snap23,id:adios00,1,1,0,16.483333333333334,16.483333333333334,0
id:snap23,id:aection,1,1,0,9.35,9.35,0
id:snap23,id:arteta8,1,1,0,11.55,11.55,0
id:snap23,id:cafetango,1,1,0,50.86666666666667,50.86666666666667,0
id:snap23,id:df2shnl,1,1,0,57.166666666666664,57.166666666666664,0
id:snap23,id:dlawls,1,1,0,12.133333333333333,12.133333333333333,0
id:snap23,id:dleoduq10004,1,1,0,7.983333333333333,7.983333333333333,0
id:snap23,id:ejrwls91,1,1,0,7.85,7.85,0
id:snap23,id:epist,1,1,0,18.683333333333334,18.683333333333334,0
id:snap23,id:erec,1,1,0,10.883333333333333,10.883333333333333,0
id:snap23,id:euji,1,1,0,368.15,368.15,0
id:snap23,id:filyeun2,1,1,0,376.65,376.65,0
id:snap23,id:flamans1,1,1,0,25.133333333333333,25.133333333333333,0
id:snap23,id:gogumadory,1,1,0,73.26666666666667,73.26666666666667,0
id:snap23,id:hanlobby,1,1,0,349.3666666666667,349.3666666666667,0
id:snap23,id:horsedongh,1,1,0,132.88333333333333,132.88333333333333,0
id:snap23,id:hyeok497,1,1,0,11.616666666666667,11.616666666666667,0
id:snap23,id:immune15,1,1,0,276.0833333333333,276.0833333333333,0
id:snap23,id:jejajj9,1,1,0,5.866666666666666,5.866666666666666,0
id:snap23,id:jinydesign,1,1,0,19.433333333333334,19.433333333333334,0
id:snap23,id:jmw1121,1,1,0,21.783333333333335,21.783333333333335,0
id:snap23,id:kanoutsider,1,1,0,40.81666666666667,40.81666666666667,0
id:snap23,id:kaoruchan,1,1,0,392.8,392.8,0
id:snap23,id:ktma1001,1,1,0,8.7,8.7,0
id:snap23,id:leoperiseus,1,1,0,20.466666666666665,20.466666666666665,0
id:snap23,id:lhw8694,1,1,0,7.316666666666666,7.316666666666666,0
id:snap23,id:linerslim,1,1,0,341.03333333333336,341.03333333333336,0
id:snap23,id:masok01,1,1,0,20.833333333333332,20.833333333333332,0
id:snap23,id:mendieta06,1,1,0,65.73333333333333,65.73333333333333,0
id:snap23,id:millano,1,1,0,75.8,75.8,0
id:snap23,id:monkjm,1,1,0,42.61666666666667,42.61666666666667,0
id:snap23,id:moohootae,1,1,0,8.65,8.65,0
id:snap23,id:mrnohsr,1,1,0,8.666666666666666,8.666666666666666,0
id:snap23,id:nkotbks,1,1,0,7.083333333333333,7.083333333333333,0
id:snap23,id:orangein0775,1,1,0,23.683333333333334,23.683333333333334,0
id:snap23,id:perioman8,1,1,0,25.666666666666668,25.666666666666668,0
id:snap23,id:raikkonen12,1,1,0,13.583333333333334,13.583333333333334,0
id:snap23,id:rascol,1,1,0,11.866666666666667,11.866666666666667,0
id:snap23,id:realysoccer,1,1,0,57.35,57.35,0
id:snap23,id:redgundam,1,1,0,391.18333333333334,391.18333333333334,0
id:snap23,id:regnier,1,1,0,5.766666666666667,5.766666666666667,0
id:snap23,id:riverpine,1,1,0,18.533333333333335,18.533333333333335,0
id:snap23,id:sheva7,1,1,0,25.15,25.15,0
id:snap23,id:sjsa1108,1,1,0,253.3,253.3,0
id:snap23,id:speed94,1,1,0,441.8333333333333,441.8333333333333,0
id:snap23,id:swat890,1,1,0,166.63333333333333,166.63333333333333,0
id:snap23,id:thesilver,1,1,0,9.033333333333333,9.033333333333333,0
id:snap23,id:thezesty,1,1,0,5.383333333333334,5.383333333333334,0
id:snap23,id:typoonj2,1,1,0,22.5,22.5,0
id:snap23,id:urnite,1,1,0,36.15,36.15,0
id:sobad,id:HENSON05,1,1,0,27.333333333333332,27.333333333333332,0
id:sobad,id:boba1983,1,1,0,6.183333333333334,6.183333333333334,0
id:sobad,id:kaoruchan,1,1,0,35.266666666666666,35.266666666666666,0
id:sobad,id:todfndl12,1,1,0,6.483333333333333,6.483333333333333,0
id:sobad,id:vnweq956,1,1,0,14.516666666666667,14.516666666666667,0
id:soccerfw16,id:adios00,1,1,0,12.066666666666666,12.066666666666666,0
id:soccerfw16,id:camel55,1,1,0,470.8,470.8,0
id:soccerfw16,id:cauking,1,1,0,63.983333333333334,63.983333333333334,0
id:soccerfw16,id:cubana,1,1,0,44.8,44.8,0
id:soccerfw16,id:dleoduq1234,1,1,0,7.4,7.4,0
id:soccerfw16,id:kanoutsider,1,1,0,5.633333333333334,5.633333333333334,0
id:soccerfw16,id:klay5587,1,1,0,464.81666666666666,464.81666666666666,0
id:soccerfw16,id:shkj22,1,1,0,28.65,28.65,0
id:soccerfw16,id:tnts0023,1,1,0,12.716666666666667,12.716666666666667,0
id:soccerfw16,id:xltpdntm2005,1,1,0,463.05,463.05,0
id:soccerlineid,id:erai7007,1,1,0,16.416666666666668,16.416666666666668,0
id:soccerlineid,id:hjs3191,1,1,0,43.88333333333333,43.88333333333333,0
id:soccerlineid,id:itaibogi,1,1,0,7.216666666666667,7.216666666666667,0
id:soccerlineid,id:kokand1912,1,1,0,6.45,6.45,0
id:soccerlineid,id:lordljh,1,1,0,13.166666666666666,13.166666666666666,0
id:soccerlineid,id:lsg116,1,1,0,228.25,228.25,0
id:soccerlineid,id:rascol,1,1,0,21.733333333333334,21.733333333333334,0
id:soccerlineid,id:shrnhoist,1,1,0,13.35,13.35,0
id:soccerlineid,id:wind1123,1,1,0,15.333333333333334,15.333333333333334,0
id:soccerlineid,id:yally1010,1,1,0,35.6,35.6,0
id:sof8,id:ImDoubleJ,1,1,0,19.8,19.8,0
id:sof8,id:chun1149,1,1,0,5.1,5.1,0
id:sof8,id:donka,1,1,0,6.316666666666666,6.316666666666666,0
id:sof8,id:god18xx,1,1,0,26.4,26.4,0
id:sof8,id:jenesis14,1,1,0,6.383333333333334,6.383333333333334,0
id:sof8,id:yjs1g,1,1,0,26.616666666666667,26.616666666666667,0
id:solution78,id:1987vintage,1,1,0,18.883333333333333,18.883333333333333,0
id:solution78,id:2egg3things,1,1,0,101.25,101.25,0
id:solution78,id:HENSON05,1,1,0,107.65,107.65,0
id:solution78,id:IGoHigh18,1,1,0,53.7,53.7,0
id:solution78,id:Ibrahima,1,1,0,21.1,21.1,0
id:solution78,id:Necovv,1,1,0,10.516666666666667,10.516666666666667,0
id:solution78,id:Rojiblanco,1,1,0,7.483333333333333,7.483333333333333,0
id:solution78,id:Sejongutd1,1,1,0,14.766666666666667,14.766666666666667,0
id:solution78,id:Volvo,1,1,0,7.933333333333334,7.933333333333334,0
id:solution78,id:aht1324,1,1,0,7.966666666666667,7.966666666666667,0
id:solution78,id:als90131,1,1,0,184.45,184.45,0
id:solution78,id:aracra,1,1,0,11.466666666666667,11.466666666666667,0
id:solution78,id:armwear,1,1,0,6.7,6.7,0
id:solution78,id:bvbreus11,1,1,0,15.516666666666667,15.516666666666667,0
id:solution78,id:chelsykogi1,1,1,0,224.23333333333332,224.23333333333332,0
id:solution78,id:choissi,1,1,0,14.683333333333334,14.683333333333334,0
id:solution78,id:chun1149,1,1,0,6.983333333333333,6.983333333333333,0
id:solution78,id:cjhoon87,1,1,0,24.416666666666668,24.416666666666668,0
id:solution78,id:claralike123,1,1,0,15.35,15.35,0
id:solution78,id:colacup,1,1,0,27.633333333333333,27.633333333333333,0
id:solution78,id:coolalexx,1,1,0,271.05,271.05,0
id:solution78,id:darkknight1,1,1,0,1426.4333333333334,1426.4333333333334,0
id:solution78,id:dhdld321,1,1,0,57.03333333333333,57.03333333333333,0
id:solution78,id:diminish,1,1,0,356.31666666666666,356.31666666666666,0
id:solution78,id:dosa0705,1,1,0,27.95,27.95,0
id:solution78,id:elan8501,1,1,0,24.55,24.55,0
id:solution78,id:emknud,1,1,0,8.083333333333334,8.083333333333334,0
id:solution78,id:eufc,1,1,0,36.93333333333333,36.93333333333333,0
id:solution78,id:fordebby,1,1,0,397.3833333333333,397.3833333333333,0
id:solution78,id:grimes,1,1,0,151.88333333333333,151.88333333333333,0
id:solution78,id:hkwo031,1,1,0,15.783333333333333,15.783333333333333,0
id:solution78,id:hodoeel,1,1,0,447.3,447.3,0
id:solution78,id:hoffenheim,1,1,0,13.35,13.35,0
id:solution78,id:horsedongh,1,1,0,13.066666666666666,13.066666666666666,0
id:solution78,id:iglaman,1,1,0,167.31666666666666,167.31666666666666,0
id:solution78,id:itsmyzone,1,1,0,15.333333333333334,15.333333333333334,0
id:solution78,id:jec0412,1,1,0,15.133333333333333,15.133333333333333,0
id:solution78,id:kopluke,1,1,0,354.8666666666667,354.8666666666667,0
id:solution78,id:kyahero,1,1,0,1110.2,1110.2,0
id:solution78,id:lee5830194,1,1,0,144.75,144.75,0
id:solution78,id:lfcthismeans,1,1,0,9.033333333333333,9.033333333333333,0
id:solution78,id:lj0608,1,1,0,9.366666666666667,9.366666666666667,0
id:solution78,id:masterplan5,1,1,0,19.5,19.5,0
id:solution78,id:messiya2022,1,1,0,256.5833333333333,256.5833333333333,0
id:solution78,id:monkjm,1,1,0,48.5,48.5,0
id:solution78,id:mrmmk,1,1,0,306.56666666666666,306.56666666666666,0
id:solution78,id:naco16,1,1,0,5.216666666666667,5.216666666666667,0
id:solution78,id:nox911,1,1,0,181.56666666666666,181.56666666666666,0
id:solution78,id:piter1976,1,1,0,12.783333333333333,12.783333333333333,0
id:solution78,id:pms2906,1,1,0,7.266666666666667,7.266666666666667,0
id:solution78,id:powerslam1,1,1,0,165.5,165.5,0
id:solution78,id:pudingm,1,1,0,16.216666666666665,16.216666666666665,0
id:solution78,id:qiqahko,1,1,0,8.716666666666667,8.716666666666667,0
id:solution78,id:rea1me,1,1,0,6.116666666666666,6.116666666666666,0
id:solution78,id:realysoccer,1,1,0,13.533333333333333,13.533333333333333,0
id:solution78,id:sdh90,1,1,0,21.933333333333334,21.933333333333334,0
id:solution78,id:sladkgold,1,1,0,5.883333333333334,5.883333333333334,0
id:solution78,id:soju4jan,1,1,0,6.483333333333333,6.483333333333333,0
id:solution78,id:soparkbj,1,1,0,533.4166666666666,533.4166666666666,0
id:solution78,id:sychul67,1,1,0,1196.6666666666667,1196.6666666666667,0
id:solution78,id:thezesty,1,1,0,365.4,365.4,0
id:solution78,id:tkzjfkdlsd,1,1,0,398.1,398.1,0
id:solution78,id:v1004ses,1,1,0,8.733333333333333,8.733333333333333,0
id:solution78,id:vincent85,1,1,0,30.933333333333334,30.933333333333334,0
id:solution78,id:xavi08,1,1,0,1086.5333333333333,1086.5333333333333,0
id:solution78,id:yjkown,1,1,0,224.16666666666666,224.16666666666666,0
id:solution78,id:yoon4859,1,1,0,8.466666666666667,8.466666666666667,0
id:solution78,id:yoshiki2,1,1,0,6.866666666666666,6.866666666666666,0
id:solution78,id:younggun,1,1,0,5.583333333333333,5.583333333333333,0
id:solution78,id:zxcvv,1,1,0,129.5,129.5,0
id:sonhh,id:BlackEyes23,1,1,0,15.266666666666667,15.266666666666667,0
id:sonhh,id:aduno,1,1,0,24.466666666666665,24.466666666666665,0
id:sonhh,id:cubana,1,1,0,7.416666666666667,7.416666666666667,0
id:sonhh,id:donka,1,1,0,13.333333333333334,13.333333333333334,0
id:sonhh,id:doochangman,1,1,0,9.533333333333333,9.533333333333333,0
id:sonhh,id:forest,1,1,0,12.166666666666666,12.166666666666666,0
id:sonhh,id:impactx84,1,1,0,5.366666666666666,5.366666666666666,0
id:sonhh,id:jdspitz,1,1,0,15.533333333333333,15.533333333333333,0
id:sonhh,id:kaizennf,1,1,0,9.116666666666667,9.116666666666667,0
id:sonhh,id:koreafigo,1,1,0,20.05,20.05,0
id:sonhh,id:lfcthismeans,1,1,0,9.7,9.7,0
id:sonhh,id:sounited13,1,1,0,27.45,27.45,0
id:sonhh,id:twija100,1,1,0,16.716666666666665,16.716666666666665,0
id:sonhh,id:wheotjd1,1,1,0,14.5,14.5,0
id:sonhh,id:yally1010,1,1,0,473.68333333333334,473.68333333333334,0
id:sonhh,id:yellowsoul,1,1,0,43.03333333333333,43.03333333333333,0
id:sonhh,id:zxcvbnm00765,1,1,0,53.516666666666666,53.516666666666666,0
id:sooahn,id:cauking,1,1,0,28.016666666666666,28.016666666666666,0
id:sooahn,id:vnweq956,1,1,0,9.45,9.45,0
id:soparkbj,id:NANRIBLUCE,1,1,0,17.183333333333334,17.183333333333334,0
id:soparkbj,id:akazom,1,1,0,372.2,372.2,0
id:soparkbj,id:chojja,1,1,0,31.516666666666666,31.516666666666666,0
id:soparkbj,id:dlawls,1,1,0,21.533333333333335,21.533333333333335,0
id:soparkbj,id:hinboong,1,1,0,308.31666666666666,308.31666666666666,0
id:soparkbj,id:hoffenheim,1,1,0,13.15,13.15,0
id:soparkbj,id:hsando1,1,1,0,421.35,421.35,0
id:soparkbj,id:itemptu2,1,1,0,159.1,159.1,0
id:soparkbj,id:kinomayu,1,1,0,23.933333333333334,23.933333333333334,0
id:soparkbj,id:klay5587,1,1,0,10.4,10.4,0
id:soparkbj,id:ksb7872,1,1,0,731.7166666666667,731.7166666666667,0
id:soparkbj,id:oasiticjoo19,1,1,0,98.41666666666667,98.41666666666667,0
id:soparkbj,id:rainmaker4,1,1,0,346.4,346.4,0
id:soparkbj,id:sieging,1,1,0,357.05,357.05,0
id:soparkbj,id:skylky,1,1,0,2327.4333333333334,2327.4333333333334,0
id:soparkbj,id:sonhh,1,1,0,271.1,271.1,0
id:soparkbj,id:soparkbj,1,1,0,5.7,5.7,1
id:soparkbj,id:traum0105,1,1,0,13.75,13.75,0
id:soparkbj,id:varioov,1,1,0,721.1833333333333,721.1833333333333,0
id:soparkbj,id:vesper,1,1,0,709.75,709.75,0
id:soparkbj,id:zvezda,1,1,0,427.81666666666666,427.81666666666666,0
id:soul33y,id:cauking,1,1,0,7.166666666666667,7.166666666666667,0
id:sounited13,id:Sejongutd1,1,1,0,7.3,7.3,0
id:sounited13,id:carlos02k,1,1,0,23.116666666666667,23.116666666666667,0
id:sounited13,id:casione,1,1,0,29.333333333333332,29.333333333333332,0
id:sounited13,id:choissi,1,1,0,87.75,87.75,0
id:sounited13,id:deeblue,1,1,0,9.816666666666666,9.816666666666666,0
id:sounited13,id:dlawls,1,1,0,6.483333333333333,6.483333333333333,0
id:sounited13,id:dmis2111,1,1,0,32.3,32.3,0
id:sounited13,id:erai7007,1,1,0,13.116666666666667,13.116666666666667,0
id:sounited13,id:filyeun2,1,1,0,14.8,14.8,0
id:sounited13,id:forest,1,1,0,13.6,13.6,0
id:sounited13,id:grit,1,1,0,18.116666666666667,18.116666666666667,0
id:sounited13,id:hanlobby,1,1,0,1617.4833333333333,1617.4833333333333,0
id:sounited13,id:hobro,1,1,0,6.033333333333333,6.033333333333333,0
id:sounited13,id:horizon,1,1,0,7.616666666666666,7.616666666666666,0
id:sounited13,id:huveron,1,1,0,208.7,208.7,0
id:sounited13,id:iskoke,1,1,0,49.833333333333336,49.833333333333336,0
id:sounited13,id:kohs98,1,1,0,41.233333333333334,41.233333333333334,0
id:sounited13,id:loadone,1,1,0,6.283333333333333,6.283333333333333,0
id:sounited13,id:mcraky,1,1,0,19.783333333333335,19.783333333333335,0
id:sounited13,id:nox911,1,1,0,8.533333333333333,8.533333333333333,0
id:sounited13,id:okao,1,1,0,27.433333333333334,27.433333333333334,0
id:sounited13,id:potatochip1,1,1,0,10.133333333333333,10.133333333333333,0
id:sounited13,id:raulgonzo,1,1,0,25.683333333333334,25.683333333333334,0
id:sounited13,id:roe2k,1,1,0,15.633333333333333,15.633333333333333,0
id:sounited13,id:sis97y53,1,1,0,13.05,13.05,0
id:sounited13,id:sokuym,1,1,0,40.93333333333333,40.93333333333333,0
id:sounited13,id:stynerkn,1,1,0,6.8,6.8,0
id:sounited13,id:vnweq956,1,1,0,201.86666666666667,201.86666666666667,0
id:sounited13,id:wenli,1,1,0,6.833333333333333,6.833333333333333,0
id:sounited13,id:yoshiki2,1,1,0,68.13333333333334,68.13333333333334,0
id:spiderman91,id:flamans1,1,1,0,8.55,8.55,0
id:spiderman91,id:roe2k,1,1,0,56.53333333333333,56.53333333333333,0
id:spoops,id:hulk,1,1,0,5.533333333333333,5.533333333333333,0
id:spoops,id:oz2dj4,1,1,0,5.55,5.55,0
id:spoops,id:sonhh,1,1,0,21.683333333333334,21.683333333333334,0
id:spoops,id:tkrldh,1,1,0,13.866666666666667,13.866666666666667,0
id:spoops,id:wind1123,1,1,0,19.8,19.8,0
id:spurt9,id:bundes1,1,1,0,7.216666666666667,7.216666666666667,0
id:spurt9,id:claralike123,1,1,0,5.1,5.1,0
id:sta0505,id:dialine,1,1,0,33.7,33.7,0
id:sta0505,id:malwool,1,1,0,7.15,7.15,0
id:stynerkn,id:ImDoubleJ,1,1,0,81.9,81.9,0
id:stynerkn,id:Necovv,1,1,0,428.7,428.7,0
id:stynerkn,id:YoLaTengo,1,1,0,62.05,62.05,0
id:stynerkn,id:als90131,1,1,0,340.96666666666664,340.96666666666664,0
id:stynerkn,id:boba1983,1,1,0,6.783333333333333,6.783333333333333,0
id:stynerkn,id:bugfix,1,1,0,430.1,430.1,0
id:stynerkn,id:dbwjddks2,1,1,0,265.1333333333333,265.1333333333333,0
id:stynerkn,id:ddmcd,1,1,0,12.5,12.5,0
id:stynerkn,id:dryskel7,1,1,0,34.733333333333334,34.733333333333334,0
id:stynerkn,id:haebark,1,1,0,11.866666666666667,11.866666666666667,0
id:stynerkn,id:hodduk,1,1,0,12.283333333333333,12.283333333333333,0
id:stynerkn,id:hoyaaa,1,1,0,11.8,11.8,0
id:stynerkn,id:iamjun0520,1,1,0,485.6333333333333,485.6333333333333,0
id:stynerkn,id:iglaman,1,1,0,79.5,79.5,0
id:stynerkn,id:jdspitz,1,1,0,10.383333333333333,10.383333333333333,0
id:stynerkn,id:kinomayu,1,1,0,8.65,8.65,0
id:stynerkn,id:klay5587,1,1,0,231.15,231.15,0
id:stynerkn,id:mrmmk,1,1,0,304.8833333333333,304.8833333333333,0
id:stynerkn,id:niggang,1,1,0,19.216666666666665,19.216666666666665,0
id:stynerkn,id:owngoal,1,1,0,103.63333333333334,103.63333333333334,0
id:stynerkn,id:placebo,1,1,0,337.35,337.35,0
id:stynerkn,id:psoo707,1,1,0,51.983333333333334,51.983333333333334,0
id:stynerkn,id:raistlin1,1,1,0,8.616666666666667,8.616666666666667,0
id:stynerkn,id:rukk7812,1,1,0,5.216666666666667,5.216666666666667,0
id:stynerkn,id:say1673,1,1,0,438.3833333333333,438.3833333333333,0
id:stynerkn,id:shkj22,1,1,0,31.433333333333334,31.433333333333334,0
id:stynerkn,id:sonhh,1,1,0,45.8,45.8,0
id:stynerkn,id:spoops,1,1,0,7.25,7.25,0
id:stynerkn,id:thesilver,1,1,0,13.85,13.85,0
id:stynerkn,id:tjdqhrehd,1,1,0,316.28333333333336,316.28333333333336,0
id:stynerkn,id:umamusume,1,1,0,7.616666666666666,7.616666666666666,0
id:stynerkn,id:unknownuser,1,1,0,18.283333333333335,18.283333333333335,0
id:stynerkn,id:video34,1,1,0,60.95,60.95,0
id:sugarlim,id:as3kjy,1,1,0,17.8,17.8,0
id:sugarlim,id:makaloni,1,1,0,12.316666666666666,12.316666666666666,0
id:sugarlim,id:mymoretz1,1,1,0,8.45,8.45,0
id:summernight,id:85yang,1,1,0,5.45,5.45,0
id:summernight,id:DKisKing,1,1,0,235.48333333333332,235.48333333333332,0
id:summernight,id:HENSON05,1,1,0,423.0833333333333,423.0833333333333,0
id:summernight,id:Mokko,1,1,0,168.25,168.25,0
id:summernight,id:PL5675,1,1,0,48.45,48.45,0
id:summernight,id:Slipsnot,1,1,0,428.73333333333335,428.73333333333335,0
id:summernight,id:Vitohong,1,1,0,263.85,263.85,0
id:summernight,id:adios00,1,1,0,17.333333333333332,17.333333333333332,0
id:summernight,id:ahfkxl,1,1,0,290.23333333333335,290.23333333333335,0
id:summernight,id:azulyoro,1,1,0,10.55,10.55,0
id:summernight,id:bell3,1,1,0,135.46666666666667,135.46666666666667,0
id:summernight,id:bm50th,1,1,0,5.95,5.95,0
id:summernight,id:bohaesoju,1,1,0,458.85,458.85,0
id:summernight,id:camel55,1,1,0,38.45,38.45,0
id:summernight,id:casione,1,1,0,15.166666666666666,15.166666666666666,0
id:summernight,id:chojja,1,1,0,1510.4,1510.4,0
id:summernight,id:cksdn852,1,1,0,789.7833333333333,789.7833333333333,0
id:summernight,id:claxn7,1,1,0,12.75,12.75,0
id:summernight,id:consul,1,1,0,5.15,5.15,0
id:summernight,id:coolow,1,1,0,11.816666666666666,11.816666666666666,0
id:summernight,id:csh1194,1,1,0,248.28333333333333,248.28333333333333,0
id:summernight,id:ddongmat,1,1,0,10.85,10.85,0
id:summernight,id:dialine,1,1,0,27.25,27.25,0
id:summernight,id:doxan,1,1,0,9.983333333333333,9.983333333333333,0
id:summernight,id:dryskel7,1,1,0,261.46666666666664,261.46666666666664,0
id:summernight,id:eroongc,1,1,0,560.7833333333333,560.7833333333333,0
id:summernight,id:feeder00,1,1,0,143.81666666666666,143.81666666666666,0
id:summernight,id:fsoo1187,1,1,0,235.6,235.6,0
id:summernight,id:g1kkam,1,1,0,449.21666666666664,449.21666666666664,0
id:summernight,id:gkdlfndtjr,1,1,0,332.1166666666667,332.1166666666667,0
id:summernight,id:golfking,1,1,0,21.233333333333334,21.233333333333334,0
id:summernight,id:gum0510,1,1,0,105.86666666666666,105.86666666666666,0
id:summernight,id:hanlobby,1,1,0,380.8833333333333,380.8833333333333,0
id:summernight,id:hexkey,1,1,0,8.833333333333334,8.833333333333334,0
id:summernight,id:hoffenheim,1,1,0,5.85,5.85,0
id:summernight,id:hpkim90,1,1,0,13.716666666666667,13.716666666666667,0
id:summernight,id:jec0412,1,1,0,391.9,391.9,0
id:summernight,id:jinnankr,1,1,0,17.733333333333334,17.733333333333334,0
id:summernight,id:kekekor,1,1,0,7.516666666666667,7.516666666666667,0
id:summernight,id:kim2pac,1,1,0,13.916666666666666,13.916666666666666,0
id:summernight,id:klopp1104,1,1,0,29.216666666666665,29.216666666666665,0
id:summernight,id:koreafigo,1,1,0,152.25,152.25,0
id:summernight,id:lhw8694,1,1,0,8.016666666666667,8.016666666666667,0
id:summernight,id:lim0620,1,1,0,450.21666666666664,450.21666666666664,0
id:summernight,id:lovedavich,1,1,0,810.4833333333333,810.4833333333333,0
id:summernight,id:mhp3rd,1,1,0,14.45,14.45,0
id:summernight,id:monkjm,1,1,0,10.35,10.35,0
id:summernight,id:mrnohsr,1,1,0,11.533333333333333,11.533333333333333,0
id:summernight,id:nicesadidas,1,1,0,12.683333333333334,12.683333333333334,0
id:summernight,id:oasiticjoo19,1,1,0,12.166666666666666,12.166666666666666,0
id:summernight,id:okdk0890,1,1,0,454.98333333333335,454.98333333333335,0
id:summernight,id:priport,1,1,0,657.7333333333333,657.7333333333333,0
id:summernight,id:rainmaker4,1,1,0,234.8,234.8,0
id:summernight,id:rainshowerkk,1,1,0,25.116666666666667,25.116666666666667,0
id:summernight,id:raistlin1,1,1,0,28.433333333333334,28.433333333333334,0
id:summernight,id:rascol,1,1,0,31.033333333333335,31.033333333333335,0
id:summernight,id:ration,1,1,0,173.51666666666668,173.51666666666668,0
id:summernight,id:redgundam,1,1,0,6.35,6.35,0
id:summernight,id:regnier,1,1,0,29.266666666666666,29.266666666666666,0
id:summernight,id:runasea,1,1,0,154.3,154.3,0
id:summernight,id:sadyguru,1,1,0,13.366666666666667,13.366666666666667,0
id:summernight,id:sanga,1,1,0,6.583333333333333,6.583333333333333,0
id:summernight,id:seungman98,1,1,0,8.5,8.5,0
id:summernight,id:shdqn,1,1,0,178.55,178.55,0
id:summernight,id:sinn556i,1,1,0,7.133333333333334,7.133333333333334,0
id:summernight,id:slayerluna,1,1,0,16.766666666666666,16.766666666666666,0
id:summernight,id:sonhh,1,1,0,471.6666666666667,471.6666666666667,0
id:summernight,id:stabbie81,1,1,0,24.483333333333334,24.483333333333334,0
id:summernight,id:sumemore,1,1,0,234.26666666666668,234.26666666666668,0
id:summernight,id:tactimp,1,1,0,7.216666666666667,7.216666666666667,0
id:summernight,id:taebari,1,1,0,19.95,19.95,0
id:summernight,id:thughu,1,1,0,238.16666666666666,238.16666666666666,0
id:summernight,id:tkrldh,1,1,0,473.1,473.1,0
id:summernight,id:vnweq956,1,1,0,6.333333333333333,6.333333333333333,0
id:summernight,id:wnsrns14,1,1,0,308.9166666666667,308.9166666666667,0
id:summernight,id:woobo,1,1,0,5.383333333333334,5.383333333333334,0
id:summernight,id:xavi08,1,1,0,444.48333333333335,444.48333333333335,0
id:summernight,id:xltpdntm2005,1,1,0,283.9,283.9,0
id:summernight,id:xowhdeo,1,1,0,1745.75,1745.75,0
id:summernight,id:yellowsoul,1,1,0,308.68333333333334,308.68333333333334,0
id:summernight,id:yooi4237,1,1,0,230.88333333333333,230.88333333333333,0
id:summernight,id:yoon4859,1,1,0,6.6,6.6,0
id:summernight,id:zesus91,1,1,0,70.18333333333334,70.18333333333334,0
id:summernight,id:zxcvbnm00765,1,1,0,41.18333333333333,41.18333333333333,0
id:summernight,id:zxcvv,1,1,0,12.866666666666667,12.866666666666667,0
id:summernight,id:新) 허정무(blue123,1,1,0,13.1,13.1,0
id:sunnyten,id:spoops,1,1,0,22.8,22.8,0
id:taqerkim,id:whoshot,1,1,0,10.35,10.35,0
id:terry34,id:Bluewings21,1,1,0,20.6,20.6,0
id:terry34,id:dmis2111,1,1,0,103.78333333333333,103.78333333333333,0
id:terry34,id:gawp1,1,1,0,360.3666666666667,360.3666666666667,0
id:terry34,id:koaie123,1,1,0,134.96666666666667,134.96666666666667,0
id:terry34,id:redgundam,1,1,0,6.333333333333333,6.333333333333333,0
id:terry34,id:shanledz,1,1,0,30.9,30.9,0
id:terry34,id:summernight,1,1,0,7.916666666666667,7.916666666666667,0
id:terry34,id:terry34,1,1,0,9.65,9.65,1
id:terry34,id:tomwalker,1,1,0,375.4166666666667,375.4166666666667,0
id:thesilver,id:spaceload1,1,1,0,9.65,9.65,0
id:thughu,id:chakagesalja,1,1,0,19.166666666666668,19.166666666666668,0
id:thughu,id:deviljin,1,1,0,9.8,9.8,0
id:thughu,id:pearson19,1,1,0,5.933333333333334,5.933333333333334,0
id:thuyu,id:adios00,1,1,0,11.583333333333334,11.583333333333334,0
id:thuyu,id:ahjz1016,1,1,0,139.98333333333332,139.98333333333332,0
id:thuyu,id:antivan,1,1,0,127.95,127.95,0
id:thuyu,id:ar10,1,1,0,6.133333333333334,6.133333333333334,0
id:thuyu,id:benben,1,1,0,10.3,10.3,0
id:thuyu,id:dewsd,1,1,0,161.4,161.4,0
id:thuyu,id:eory24,1,1,0,15.883333333333333,15.883333333333333,0
id:thuyu,id:immune15,1,1,0,122.28333333333333,122.28333333333333,0
id:thuyu,id:loblue208,1,1,0,17.833333333333332,17.833333333333332,0
id:thuyu,id:mcraky,1,1,0,11.033333333333333,11.033333333333333,0
id:thuyu,id:messiya2022,1,1,0,13.933333333333334,13.933333333333334,0
id:thuyu,id:minami89,1,1,0,8.016666666666667,8.016666666666667,0
id:thuyu,id:placebo,1,1,0,501.1,501.1,0
id:thuyu,id:rukk7812,1,1,0,11.616666666666667,11.616666666666667,0
id:thuyu,id:shkj22,1,1,0,5.766666666666667,5.766666666666667,0
id:thuyu,id:soccersucker,1,1,0,46.6,46.6,0
id:thuyu,id:sonhh,1,1,0,443.8,443.8,0
id:thuyu,id:ujlee1357,1,1,0,69.8,69.8,0
id:thuyu,id:vincent85,1,1,0,375.1666666666667,375.1666666666667,0
id:thuyu,id:yjkown,1,1,0,160.61666666666667,160.61666666666667,0
id:tjdgh09123,id:eddie,1,1,0,13.016666666666667,13.016666666666667,0
id:tjdgh09123,id:hoffenheim,1,1,0,10.533333333333333,10.533333333333333,0
id:tjdgh09123,id:hulk,1,1,0,5.4,5.4,0
id:tjdgh09123,id:kiriman,1,1,0,6.183333333333334,6.183333333333334,0
id:tjdgh09123,id:osgi3212,1,1,0,92.75,92.75,0
id:tjfghksss,id:HENSON05,1,1,0,42.3,42.3,0
id:tjfghksss,id:Mokko,1,1,0,11.366666666666667,11.366666666666667,0
id:tjfghksss,id:Unsee8,1,1,0,6.383333333333334,6.383333333333334,0
id:tjfghksss,id:YoLaTengo,1,1,0,5.783333333333333,5.783333333333333,0
id:tjfghksss,id:aracra,1,1,0,7.433333333333334,7.433333333333334,0
id:tjfghksss,id:horizon,1,1,0,6.283333333333333,6.283333333333333,0
id:tjfghksss,id:itemptu2,1,1,0,8.3,8.3,0
id:tjfghksss,id:jeffkent,1,1,0,5.266666666666667,5.266666666666667,0
id:tjfghksss,id:jjh4860,1,1,0,22.583333333333332,22.583333333333332,0
id:tjfghksss,id:jsw7575,1,1,0,1398.4666666666667,1398.4666666666667,0
id:tjfghksss,id:kokand1912,1,1,0,6.483333333333333,6.483333333333333,0
id:tjfghksss,id:masok01,1,1,0,9.383333333333333,9.383333333333333,0
id:tjfghksss,id:messiya2022,1,1,0,15.6,15.6,0
id:tjfghksss,id:mnyj,1,1,0,6.05,6.05,0
id:tkrhdgus1,id:BongGu1103,1,1,0,7.583333333333333,7.583333333333333,0
id:tkrhdgus1,id:Clocks,1,1,0,9.016666666666667,9.016666666666667,0
id:tkrhdgus1,id:Mobaraeram,1,1,0,50.916666666666664,50.916666666666664,0
id:tkrhdgus1,id:balochanda,1,1,0,236.0,236.0,0
id:tkrhdgus1,id:bluepillz,1,1,0,5.266666666666667,5.266666666666667,0
id:tkrhdgus1,id:chicruz,1,1,0,72.23333333333333,72.23333333333333,0
id:tkrhdgus1,id:colacup,1,1,0,5.866666666666666,5.866666666666666,0
id:tkrhdgus1,id:cydia14,1,1,0,9.866666666666667,9.866666666666667,0
id:tkrhdgus1,id:darkforce,1,1,0,27.183333333333334,27.183333333333334,0
id:tkrhdgus1,id:darthfish,1,1,0,6.433333333333334,6.433333333333334,0
id:tkrhdgus1,id:deeblue,1,1,0,17.616666666666667,17.616666666666667,0
id:tkrhdgus1,id:dialine,1,1,0,6.733333333333333,6.733333333333333,0
id:tkrhdgus1,id:dleoduq1234,1,1,0,5.7,5.7,0
id:tkrhdgus1,id:ehsaksk,1,1,0,7.616666666666666,7.616666666666666,0
id:tkrhdgus1,id:eiskzm,1,1,0,11.383333333333333,11.383333333333333,0
id:tkrhdgus1,id:enckdtlqkf,1,1,0,22.366666666666667,22.366666666666667,0
id:tkrhdgus1,id:eugenenah17,1,1,0,460.26666666666665,460.26666666666665,0
id:tkrhdgus1,id:gbu17,1,1,0,10.816666666666666,10.816666666666666,0
id:tkrhdgus1,id:grit,1,1,0,7.233333333333333,7.233333333333333,0
id:tkrhdgus1,id:hoffenheim,1,1,0,5.15,5.15,0
id:tkrhdgus1,id:horizon,1,1,0,6.5,6.5,0
id:tkrhdgus1,id:itemptu2,1,1,0,19.3,19.3,0
id:tkrhdgus1,id:jeffkent,1,1,0,15.3,15.3,0
id:tkrhdgus1,id:jun90168,1,1,0,12.616666666666667,12.616666666666667,0
id:tkrhdgus1,id:kakaley2,1,1,0,21.883333333333333,21.883333333333333,0
id:tkrhdgus1,id:kanoutsider,1,1,0,13.683333333333334,13.683333333333334,0
id:tkrhdgus1,id:leoperiseus,1,1,0,25.25,25.25,0
id:tkrhdgus1,id:loadone,1,1,0,14.35,14.35,0
id:tkrhdgus1,id:maelsy99,1,1,0,5.133333333333334,5.133333333333334,0
id:tkrhdgus1,id:oasiticjoo19,1,1,0,5.933333333333334,5.933333333333334,0
id:tkrhdgus1,id:prios1,1,1,0,11.866666666666667,11.866666666666667,0
id:tkrhdgus1,id:progamer77,1,1,0,28.433333333333334,28.433333333333334,0
id:tkrhdgus1,id:rararo1985,1,1,0,8.483333333333333,8.483333333333333,0
id:tkrhdgus1,id:roe2k,1,1,0,13.6,13.6,0
id:tkrhdgus1,id:say1673,1,1,0,54.8,54.8,0
id:tkrhdgus1,id:sheva7,1,1,0,12.533333333333333,12.533333333333333,0
id:tkrhdgus1,id:summernight,1,1,0,20.85,20.85,0
id:tkrhdgus1,id:tkmiles,1,1,0,84.93333333333334,84.93333333333334,0
id:tkrhdgus1,id:tkzjfkdlsd,1,1,0,8.716666666666667,8.716666666666667,0
id:tkrhdgus1,id:ulsan0101,1,1,0,25.433333333333334,25.433333333333334,0
id:tkrhdgus1,id:xxvxx,1,1,0,22.2,22.2,0
id:tkrhdgus1,id:yally1010,1,1,0,215.63333333333333,215.63333333333333,0
id:tkrhdgus1,id:yoon4859,1,1,0,9.2,9.2,0
id:tkzjfkdlsd,id:BongGu1103,1,1,0,17.333333333333332,17.333333333333332,0
id:tkzjfkdlsd,id:leoperiseus,1,1,0,8.75,8.75,0
id:tkzjfkdlsd,id:redgundam,1,1,0,39.3,39.3,0
id:tkzjfkdlsd,id:vnweq956,1,1,0,17.65,17.65,0
id:tmclaah5531,id:choissi,1,1,0,16.966666666666665,16.966666666666665,0
id:tmclaah5531,id:iloveyousun,1,1,0,15.083333333333334,15.083333333333334,0
id:todfndl12,id:BongGu1103,1,1,0,5.15,5.15,0
id:todfndl12,id:Mobaraeram,1,1,0,20.183333333333334,20.183333333333334,0
id:todfndl12,id:akazom,1,1,0,462.55,462.55,0
id:todfndl12,id:bluepillz,1,1,0,7.666666666666667,7.666666666666667,0
id:todfndl12,id:bluewind84,1,1,0,88.51666666666667,88.51666666666667,0
id:todfndl12,id:citable,1,1,0,436.7,436.7,0
id:todfndl12,id:dlawls,1,1,0,46.43333333333333,46.43333333333333,0
id:todfndl12,id:elan8501,1,1,0,5.6,5.6,0
id:todfndl12,id:gum0510,1,1,0,10.316666666666666,10.316666666666666,0
id:todfndl12,id:hpkim90,1,1,0,7.4,7.4,0
id:todfndl12,id:kakaka10,1,1,0,30.116666666666667,30.116666666666667,0
id:todfndl12,id:kicking,1,1,0,11.566666666666666,11.566666666666666,0
id:todfndl12,id:kiriman,1,1,0,7.266666666666667,7.266666666666667,0
id:todfndl12,id:kyoijjoo,1,1,0,20.183333333333334,20.183333333333334,0
id:todfndl12,id:leyura0802,1,1,0,79.06666666666666,79.06666666666666,0
id:todfndl12,id:lj0608,1,1,0,5.766666666666667,5.766666666666667,0
id:todfndl12,id:makijeon,1,1,0,16.833333333333332,16.833333333333332,0
id:todfndl12,id:messiya2022,1,1,0,9.066666666666666,9.066666666666666,0
id:todfndl12,id:monkjm,1,1,0,30.1,30.1,0
id:todfndl12,id:sanga,1,1,0,6.85,6.85,0
id:todfndl12,id:shkj22,1,1,0,10.0,10.0,0
id:todfndl12,id:sinn556i,1,1,0,5.116666666666666,5.116666666666666,0
id:todfndl12,id:vnweq956,1,1,0,11.066666666666666,11.066666666666666,0
id:todfndl12,id:wltlswhd,1,1,0,40.46666666666667,40.46666666666667,0
id:todfndl12,id:xowhdeo,1,1,0,355.73333333333335,355.73333333333335,0
id:todfndl12,id:xxvxx,1,1,0,5.516666666666667,5.516666666666667,0
id:toninho07,id:bookae1,1,1,0,58.0,58.0,0
id:toninho07,id:deportivo7,1,1,0,8.05,8.05,0
id:toninho07,id:ggoggoma,1,1,0,119.83333333333333,119.83333333333333,0
id:toninho07,id:hodoeel,1,1,0,20.533333333333335,20.533333333333335,0
id:toninho07,id:hypeboy,1,1,0,18.433333333333334,18.433333333333334,0
id:toninho07,id:jmw1121,1,1,0,20.833333333333332,20.833333333333332,0
id:toninho07,id:kinomayu,1,1,0,14.65,14.65,0
id:toninho07,id:liu2004,1,1,0,29.916666666666668,29.916666666666668,0
id:toninho07,id:sarajevo,1,1,0,11.883333333333333,11.883333333333333,0
id:toninho07,id:say1673,1,1,0,45.166666666666664,45.166666666666664,0
id:toninho07,id:shrnhoist,1,1,0,12.183333333333334,12.183333333333334,0
id:toninho07,id:sonhh,1,1,0,111.2,111.2,0
id:toninho07,id:terry34,1,1,0,5.416666666666667,5.416666666666667,0
id:toninho07,id:tkrldh,1,1,0,33.5,33.5,0
id:traum0105,id:IGoHigh18,1,1,0,30.75,30.75,0
id:traum0105,id:bluechips83,1,1,0,6.833333333333333,6.833333333333333,0
id:traum0105,id:bluewind84,1,1,0,27.933333333333334,27.933333333333334,0
id:traum0105,id:cowell,1,1,0,94.3,94.3,0
id:traum0105,id:cubana,1,1,0,31.766666666666666,31.766666666666666,0
id:traum0105,id:diminish,1,1,0,28.266666666666666,28.266666666666666,0
id:traum0105,id:erai7007,1,1,0,22.9,22.9,0
id:traum0105,id:gogumadory,1,1,0,28.633333333333333,28.633333333333333,0
id:traum0105,id:hypeboy,1,1,0,13.583333333333334,13.583333333333334,0
id:traum0105,id:mirissoul2,1,1,0,18.616666666666667,18.616666666666667,0
id:traum0105,id:redondor,1,1,0,56.8,56.8,0
id:traum0105,id:tkrldh,1,1,0,5.533333333333333,5.533333333333333,0
id:traum0105,id:traum0105,1,1,0,7.466666666666667,7.466666666666667,1
id:tsee1569,id:kicheon,1,1,0,11.183333333333334,11.183333333333334,0
id:ttangsoo6,id:life13579,1,1,0,5.35,5.35,0
id:ttkwnffj,id:85yang,1,1,0,6.7,6.7,0
id:ttkwnffj,id:TheHart,1,1,0,1298.45,1298.45,0
id:ttkwnffj,id:bluepillz,1,1,0,20.516666666666666,20.516666666666666,0
id:ttkwnffj,id:cokabel,1,1,0,10.316666666666666,10.316666666666666,0
id:ttkwnffj,id:hodoeel,1,1,0,45.03333333333333,45.03333333333333,0
id:ttkwnffj,id:icarus4301,1,1,0,49.21666666666667,49.21666666666667,0
id:ttkwnffj,id:j8wkfn,1,1,0,16.216666666666665,16.216666666666665,0
id:ttkwnffj,id:mogaros,1,1,0,295.55,295.55,0
id:ttkwnffj,id:pasdpasd,1,1,0,1647.3666666666666,1647.3666666666666,0
id:ttkwnffj,id:roe2k,1,1,0,5.95,5.95,0
id:ttkwnffj,id:solution78,1,1,0,31.466666666666665,31.466666666666665,0
id:ttkwnffj,id:vincent85,1,1,0,7.033333333333333,7.033333333333333,0
id:twija100,id:BongGu1103,1,1,0,99.05,99.05,0
id:twija100,id:HENSON05,1,1,0,25.466666666666665,25.466666666666665,0
id:twija100,id:KINGBATI,1,1,0,13.766666666666667,13.766666666666667,0
id:twija100,id:Tenhag,1,1,0,20.166666666666668,20.166666666666668,0
id:twija100,id:dleoduq1234,1,1,0,33.766666666666666,33.766666666666666,0
id:twija100,id:euji,1,1,0,11.25,11.25,0
id:twija100,id:horsedongh,1,1,0,6.9,6.9,0
id:twija100,id:hyoni2k,1,1,0,12.466666666666667,12.466666666666667,0
id:twija100,id:juventus82,1,1,0,91.76666666666667,91.76666666666667,0
id:twija100,id:kenochanTR,1,1,0,6.633333333333334,6.633333333333334,0
id:twija100,id:modern21,1,1,0,7.783333333333333,7.783333333333333,0
id:twija100,id:raistlin1,1,1,0,68.08333333333333,68.08333333333333,0
id:twija100,id:rea1me,1,1,0,26.433333333333334,26.433333333333334,0
id:twija100,id:recur,1,1,0,11.633333333333333,11.633333333333333,0
id:twija100,id:summernight,1,1,0,18.95,18.95,0
id:twija100,id:tactimp,1,1,0,69.95,69.95,0
id:twija100,id:zxcvbnm00765,1,1,0,27.916666666666668,27.916666666666668,0
id:twinpeaks1,id:bollex,1,1,0,7.216666666666667,7.216666666666667,0
id:twinpeaks1,id:gum0510,1,1,0,23.133333333333333,23.133333333333333,0
id:twinpeaks1,id:hodduk,1,1,0,7.766666666666667,7.766666666666667,0
id:twinpeaks1,id:millano,1,1,0,9.933333333333334,9.933333333333334,0
id:twinpeaks1,id:mnyj,1,1,0,12.2,12.2,0
id:twinpeaks1,id:rhingo,1,1,0,10.4,10.4,0
id:twinpeaks1,id:roe2k,1,1,0,17.55,17.55,0
id:twinpeaks1,id:toninho07,1,1,0,20.45,20.45,0
id:typhoonjun,id:makaloni,1,1,0,5.783333333333333,5.783333333333333,0
id:typoonj2,id:Necovv,1,1,0,23.016666666666666,23.016666666666666,0
id:typoonj2,id:TheHart,1,1,0,5.55,5.55,0
id:typoonj2,id:adios00,1,1,0,432.46666666666664,432.46666666666664,0
id:typoonj2,id:aisiteru99,1,1,0,35.53333333333333,35.53333333333333,0
id:typoonj2,id:ar10,1,1,0,27.95,27.95,0
id:typoonj2,id:blue5365,1,1,0,49.4,49.4,0
id:typoonj2,id:cytokine1234,1,1,0,7.4,7.4,0
id:typoonj2,id:deportivo7,1,1,0,6.633333333333334,6.633333333333334,0
id:typoonj2,id:diplolee,1,1,0,9.433333333333334,9.433333333333334,0
id:typoonj2,id:dlawls,1,1,0,16.1,16.1,0
id:typoonj2,id:ehdtks9286,1,1,0,9.5,9.5,0
id:typoonj2,id:ejrwls91,1,1,0,11.4,11.4,0
id:typoonj2,id:fenixduke,1,1,0,7.083333333333333,7.083333333333333,0
id:typoonj2,id:flypcs20,1,1,0,5.2,5.2,0
id:typoonj2,id:hodduk,1,1,0,21.633333333333333,21.633333333333333,0
id:typoonj2,id:hopes,1,1,0,11.916666666666666,11.916666666666666,0
id:typoonj2,id:hs10107,1,1,0,382.78333333333336,382.78333333333336,0
id:typoonj2,id:jun2312,1,1,0,15.183333333333334,15.183333333333334,0
id:typoonj2,id:kakaka10,1,1,0,8.983333333333333,8.983333333333333,0
id:typoonj2,id:kduncan,1,1,0,5.6,5.6,0
id:typoonj2,id:kimks0824,1,1,0,12.4,12.4,0
id:typoonj2,id:ktma1001,1,1,0,29.566666666666666,29.566666666666666,0
id:typoonj2,id:ms3582,1,1,0,465.6,465.6,0
id:typoonj2,id:osodos,1,1,0,6.983333333333333,6.983333333333333,0
id:typoonj2,id:psoo707,1,1,0,27.3,27.3,0
id:typoonj2,id:saintdiego,1,1,0,16.783333333333335,16.783333333333335,0
id:typoonj2,id:sangtuk,1,1,0,457.71666666666664,457.71666666666664,0
id:typoonj2,id:sdh90,1,1,0,49.016666666666666,49.016666666666666,0
id:typoonj2,id:seungman98,1,1,0,454.1166666666667,454.1166666666667,0
id:typoonj2,id:sexline,1,1,0,6.066666666666666,6.066666666666666,0
id:typoonj2,id:skosko700,1,1,0,11.9,11.9,0
id:typoonj2,id:skysay7,1,1,0,7.2,7.2,0
id:typoonj2,id:webguy,1,1,0,35.18333333333333,35.18333333333333,0
id:typoonj2,id:yally1010,1,1,0,25.883333333333333,25.883333333333333,0
id:typoonj2,id:yjs1g,1,1,0,10.35,10.35,0
id:typoonj2,id:yoon4859,1,1,0,8.35,8.35,0
id:typoonj2,id:zesus91,1,1,0,9.366666666666667,9.366666666666667,0
id:umamusume,id:Beckham32,1,1,0,121.11666666666666,121.11666666666666,0
id:umamusume,id:PabloGavi,1,1,0,9.566666666666666,9.566666666666666,0
id:umamusume,id:bundes1,1,1,0,8.9,8.9,0
id:umamusume,id:carlos02k,1,1,0,6.633333333333334,6.633333333333334,0
id:umamusume,id:chojja,1,1,0,138.8,138.8,0
id:umamusume,id:cubana,1,1,0,17.066666666666666,17.066666666666666,0
id:umamusume,id:destin23,1,1,0,22.7,22.7,0
id:umamusume,id:ehdtks9286,1,1,0,293.3666666666667,293.3666666666667,0
id:umamusume,id:erec,1,1,0,21.15,21.15,0
id:umamusume,id:gang3joy,1,1,0,66.96666666666667,66.96666666666667,0
id:umamusume,id:icurseyou,1,1,0,10.166666666666666,10.166666666666666,0
id:umamusume,id:kim2pac,1,1,0,33.38333333333333,33.38333333333333,0
id:umamusume,id:kimpo,1,1,0,13.2,13.2,0
id:umamusume,id:kiriman,1,1,0,7.883333333333334,7.883333333333334,0
id:umamusume,id:krttdragon,1,1,0,263.4166666666667,263.4166666666667,0
id:umamusume,id:lim0620,1,1,0,7.316666666666666,7.316666666666666,0
id:umamusume,id:lsj736,1,1,0,308.18333333333334,308.18333333333334,0
id:umamusume,id:masok01,1,1,0,6.383333333333334,6.383333333333334,0
id:umamusume,id:monkjm,1,1,0,5.55,5.55,0
id:umamusume,id:mrnohsr,1,1,0,16.333333333333332,16.333333333333332,0
id:umamusume,id:nikkohadal,1,1,0,21.5,21.5,0
id:umamusume,id:pck0511,1,1,0,611.7666666666667,611.7666666666667,0
id:umamusume,id:pearson19,1,1,0,6.716666666666667,6.716666666666667,0
id:umamusume,id:placebo,1,1,0,192.83333333333334,192.83333333333334,0
id:umamusume,id:powerwkill1,1,1,0,6.633333333333334,6.633333333333334,0
id:umamusume,id:redondor,1,1,0,29.633333333333333,29.633333333333333,0
id:umamusume,id:rivaldo8606,1,1,0,33.65,33.65,0
id:umamusume,id:rkarlaos1,1,1,0,427.8,427.8,0
id:umamusume,id:roe2k,1,1,0,45.28333333333333,45.28333333333333,0
id:umamusume,id:rukk7812,1,1,0,30.083333333333332,30.083333333333332,0
id:umamusume,id:say1673,1,1,0,470.1,470.1,0
id:umamusume,id:simpleisbest,1,1,0,6.366666666666666,6.366666666666666,0
id:umamusume,id:sniper0724,1,1,0,713.45,713.45,0
id:umamusume,id:sossos,1,1,0,17.366666666666667,17.366666666666667,0
id:umamusume,id:stynerkn,1,1,0,7.266666666666667,7.266666666666667,0
id:umamusume,id:xxvxx,1,1,0,157.3,157.3,0
id:unknownuser,id:FeelingGood,1,1,0,10.583333333333334,10.583333333333334,0
id:unknownuser,id:Mobaraeram,1,1,0,5.966666666666667,5.966666666666667,0
id:unknownuser,id:Serapis,1,1,0,15.483333333333333,15.483333333333333,0
id:unknownuser,id:bookae1,1,1,0,5.35,5.35,0
id:unknownuser,id:childpicture,1,1,0,9.983333333333333,9.983333333333333,0
id:unknownuser,id:colacup,1,1,0,20.733333333333334,20.733333333333334,0
id:unknownuser,id:cubana,1,1,0,233.6,233.6,0
id:unknownuser,id:cytokine1234,1,1,0,10.15,10.15,0
id:unknownuser,id:dsgmjj,1,1,0,1240.25,1240.25,0
id:unknownuser,id:ejirall,1,1,0,17.716666666666665,17.716666666666665,0
id:unknownuser,id:geni0,1,1,0,6.633333333333334,6.633333333333334,0
id:unknownuser,id:ggoggoma,1,1,0,473.1166666666667,473.1166666666667,0
id:unknownuser,id:hulk,1,1,0,87.83333333333333,87.83333333333333,0
id:unknownuser,id:jkii,1,1,0,115.88333333333334,115.88333333333334,0
id:unknownuser,id:jun90168,1,1,0,21.283333333333335,21.283333333333335,0
id:unknownuser,id:jychang2,1,1,0,12.3,12.3,0
id:unknownuser,id:kapfazo,1,1,0,453.1,453.1,0
id:unknownuser,id:kiriman,1,1,0,261.6,261.6,0
id:unknownuser,id:lim0620,1,1,0,378.75,378.75,0
id:unknownuser,id:maelsy99,1,1,0,17.8,17.8,0
id:unknownuser,id:moohootae,1,1,0,50.43333333333333,50.43333333333333,0
id:unknownuser,id:peterock83,1,1,0,17.65,17.65,0
id:unknownuser,id:placebo,1,1,0,2356.266666666667,2356.266666666667,0
id:unknownuser,id:realysoccer,1,1,0,328.0833333333333,328.0833333333333,0
id:unknownuser,id:redondor,1,1,0,471.1166666666667,471.1166666666667,0
id:unknownuser,id:rukk7812,1,1,0,14.483333333333333,14.483333333333333,0
id:unknownuser,id:say1673,1,1,0,435.2,435.2,0
id:unknownuser,id:sinn556i,1,1,0,68.2,68.2,0
id:unknownuser,id:skylky,1,1,0,512.8833333333333,512.8833333333333,0
id:unknownuser,id:snakeheads,1,1,0,9.116666666666667,9.116666666666667,0
id:unknownuser,id:sounited13,1,1,0,6.733333333333333,6.733333333333333,0
id:unknownuser,id:spoops,1,1,0,9.716666666666667,9.716666666666667,0
id:unknownuser,id:sta0505,1,1,0,16.3,16.3,0
id:unknownuser,id:stynerkn,1,1,0,6.45,6.45,0
id:unknownuser,id:tjfghksss,1,1,0,6.566666666666666,6.566666666666666,0
id:unknownuser,id:ttkwnffj,1,1,0,365.53333333333336,365.53333333333336,0
id:unknownuser,id:wenli,1,1,0,6.783333333333333,6.783333333333333,0
id:unknownuser,id:wjqslek,1,1,0,7.466666666666667,7.466666666666667,0
id:unknownuser,id:zesus91,1,1,0,98.25,98.25,0
id:urmyboo,id:horsedongh,1,1,0,25.883333333333333,25.883333333333333,0
id:urmyboo,id:leoperiseus,1,1,0,10.15,10.15,0
id:urmyboo,id:malwool,1,1,0,5.983333333333333,5.983333333333333,0
id:urmyboo,id:urmyboo,1,1,0,15.016666666666667,15.016666666666667,1
id:v1004ses,id:citable,1,1,0,472.21666666666664,472.21666666666664,0
id:v1004ses,id:ksb7872,1,1,0,867.5166666666667,867.5166666666667,0
id:vamman,id:milkblue,1,1,0,38.083333333333336,38.083333333333336,0
id:vamman,id:sdh90,1,1,0,5.316666666666666,5.316666666666666,0
id:veratis,id:Sejongutd1,1,1,0,7.1,7.1,0
id:veratis,id:Yeste,1,1,0,9.25,9.25,0
id:veratis,id:adnanjanuzaj,1,1,0,6.8,6.8,0
id:veratis,id:ehdtks9286,1,1,0,13.35,13.35,0
id:veratis,id:ehsaksk,1,1,0,10.8,10.8,0
id:veratis,id:ggoggoma,1,1,0,20.15,20.15,0
id:veratis,id:gotocity1,1,1,0,45.43333333333333,45.43333333333333,0
id:veratis,id:haebark,1,1,0,34.31666666666667,34.31666666666667,0
id:veratis,id:iloveyousun,1,1,0,47.06666666666667,47.06666666666667,0
id:veratis,id:mcraky,1,1,0,17.333333333333332,17.333333333333332,0
id:veratis,id:oasiticjoo19,1,1,0,8.683333333333334,8.683333333333334,0
id:veratis,id:sof8,1,1,0,7.35,7.35,0
id:veratis,id:stabbie81,1,1,0,16.0,16.0,0
id:vincent85,id:casione,1,1,0,7.066666666666666,7.066666666666666,0
id:vincent85,id:chocomilk,1,1,0,20.55,20.55,0
id:vincent85,id:cjhoon87,1,1,0,15.916666666666666,15.916666666666666,0
id:vincent85,id:cubana,1,1,0,10.05,10.05,0
id:vincent85,id:gozila815,1,1,0,9.033333333333333,9.033333333333333,0
id:vincent85,id:grit,1,1,0,22.55,22.55,0
id:vincent85,id:jae5252,1,1,0,20.4,20.4,0
id:vincent85,id:maelsy99,1,1,0,10.15,10.15,0
id:vincent85,id:megacoffee25,1,1,0,5.783333333333333,5.783333333333333,0
id:vincent85,id:mendieta06,1,1,0,23.816666666666666,23.816666666666666,0
id:vincent85,id:niggang,1,1,0,365.8666666666667,365.8666666666667,0
id:vincent85,id:nox911,1,1,0,11.116666666666667,11.116666666666667,0
id:vincent85,id:orangein0775,1,1,0,38.93333333333333,38.93333333333333,0
id:vincent85,id:pharm92,1,1,0,25.1,25.1,0
id:vincent85,id:realysoccer,1,1,0,10.766666666666667,10.766666666666667,0
id:vincent85,id:sanapati,1,1,0,6.633333333333334,6.633333333333334,0
id:vincent85,id:striker18,1,1,0,16.683333333333334,16.683333333333334,0
id:vincent85,id:supremebape,1,1,0,6.1,6.1,0
id:vincent85,id:tactimp,1,1,0,192.68333333333334,192.68333333333334,0
id:vincent85,id:thesilver,1,1,0,18.2,18.2,0
id:vincent85,id:thuyu,1,1,0,30.633333333333333,30.633333333333333,0
id:vincent85,id:tkrldh,1,1,0,13.966666666666667,13.966666666666667,0
id:vnfaltn,id:cytokine1234,1,1,0,5.533333333333333,5.533333333333333,0
id:vnfaltn,id:ejirall,1,1,0,9.15,9.15,0
id:vnfaltn,id:hjsa2004,1,1,0,113.0,113.0,0
id:vnfaltn,id:hypeboy,1,1,0,23.716666666666665,23.716666666666665,0
id:vnfaltn,id:kaizennf,1,1,0,5.166666666666667,5.166666666666667,0
id:vnfaltn,id:lhw8694,1,1,0,27.733333333333334,27.733333333333334,0
id:vnfaltn,id:summernight,1,1,0,8.466666666666667,8.466666666666667,0
id:vnfaltn,id:新) 허정무(blue123,1,1,0,5.183333333333334,5.183333333333334,0
id:vnweq956,id:cubana,1,1,0,22.633333333333333,22.633333333333333,0
id:vnweq956,id:diminish,1,1,0,7.666666666666667,7.666666666666667,0
id:vnweq956,id:forest,1,1,0,19.283333333333335,19.283333333333335,0
id:vnweq956,id:grit,1,1,0,6.116666666666666,6.116666666666666,0
id:vnweq956,id:kinomayu,1,1,0,8.366666666666667,8.366666666666667,0
id:vnweq956,id:kiriman,1,1,0,7.066666666666666,7.066666666666666,0
id:vnweq956,id:leoperiseus,1,1,0,6.833333333333333,6.833333333333333,0
id:vnweq956,id:loblue208,1,1,0,7.083333333333333,7.083333333333333,0
id:vnweq956,id:shkj22,1,1,0,27.066666666666666,27.066666666666666,0
id:whddlqlgodrl,id:MementoMori,1,1,0,9.866666666666667,9.866666666666667,0
id:whddlqlgodrl,id:addedtime,1,1,0,33.65,33.65,0
id:whddlqlgodrl,id:akazom,1,1,0,14.216666666666667,14.216666666666667,0
id:whddlqlgodrl,id:coolow,1,1,0,16.466666666666665,16.466666666666665,0
id:whddlqlgodrl,id:cutler,1,1,0,6.133333333333334,6.133333333333334,0
id:whddlqlgodrl,id:cyjlove1,1,1,0,196.83333333333334,196.83333333333334,0
id:whddlqlgodrl,id:dht777,1,1,0,42.03333333333333,42.03333333333333,0
id:whddlqlgodrl,id:dialine,1,1,0,24.1,24.1,0
id:whddlqlgodrl,id:dosa0705,1,1,0,55.31666666666667,55.31666666666667,0
id:whddlqlgodrl,id:ejirall,1,1,0,11.433333333333334,11.433333333333334,0
id:whddlqlgodrl,id:feeder00,1,1,0,9.55,9.55,0
id:whddlqlgodrl,id:forest,1,1,0,15.483333333333333,15.483333333333333,0
id:whddlqlgodrl,id:gosari,1,1,0,7.2,7.2,0
id:whddlqlgodrl,id:iglaman,1,1,0,124.75,124.75,0
id:whddlqlgodrl,id:jdspitz,1,1,0,15.35,15.35,0
id:whddlqlgodrl,id:jinydesign,1,1,0,35.233333333333334,35.233333333333334,0
id:whddlqlgodrl,id:kapfazo,1,1,0,8.966666666666667,8.966666666666667,0
id:whddlqlgodrl,id:kim2pac,1,1,0,18.65,18.65,0
id:whddlqlgodrl,id:kp5189jp,1,1,0,7.883333333333334,7.883333333333334,0
id:whddlqlgodrl,id:lavlemon,1,1,0,175.3,175.3,0
id:whddlqlgodrl,id:lordljh,1,1,0,10.783333333333333,10.783333333333333,0
id:whddlqlgodrl,id:millano,1,1,0,12.133333333333333,12.133333333333333,0
id:whddlqlgodrl,id:regnier,1,1,0,18.4,18.4,0
id:whddlqlgodrl,id:sinn556i,1,1,0,13.1,13.1,0
id:whddlqlgodrl,id:stynerkn,1,1,0,6.65,6.65,0
id:whddlqlgodrl,id:tgibhh111,1,1,0,11.25,11.25,0
id:whddlqlgodrl,id:uumm11,1,1,0,8.7,8.7,0
id:whddlqlgodrl,id:vnweq956,1,1,0,118.46666666666667,118.46666666666667,0
id:whddlqlgodrl,id:webguy,1,1,0,6.0,6.0,0
id:whddlqlgodrl,id:whddlqlgodrl,1,1,0,20.8,20.8,1
id:whddlqlgodrl,id:wildoroiss,1,1,0,17.416666666666668,17.416666666666668,0
id:whddlqlgodrl,id:xowhdeo,1,1,0,294.45,294.45,0
id:whddlqlgodrl,id:yjs1g,1,1,0,7.816666666666666,7.816666666666666,0
id:wheotjd1,id:bluewind84,1,1,0,471.73333333333335,471.73333333333335,0
id:wheotjd1,id:edycyeom,1,1,0,68.4,68.4,0
id:wheotjd1,id:gunfilm,1,1,0,16.5,16.5,0
id:wheotjd1,id:hopes,1,1,0,5.516666666666667,5.516666666666667,0
id:wheotjd1,id:hypeboy,1,1,0,7.333333333333333,7.333333333333333,0
id:wheotjd1,id:moohootae,1,1,0,14.25,14.25,0
id:wheotjd1,id:rascol,1,1,0,29.033333333333335,29.033333333333335,0
id:wheotjd1,id:xavi08,1,1,0,281.9166666666667,281.9166666666667,0
id:whksrns,id:Mokko,1,1,0,167.78333333333333,167.78333333333333,0
id:whksrns,id:casione,1,1,0,5.516666666666667,5.516666666666667,0
id:whksrns,id:cooltiger,1,1,0,212.8,212.8,0
id:whksrns,id:dleoduq1234,1,1,0,7.633333333333334,7.633333333333334,0
id:whksrns,id:iloveyousun,1,1,0,20.7,20.7,0
id:whksrns,id:klay5587,1,1,0,7.933333333333334,7.933333333333334,0
id:whksrns,id:lim0620,1,1,0,243.36666666666667,243.36666666666667,0
id:whksrns,id:nike09,1,1,0,48.45,48.45,0
id:whksrns,id:sonhh,1,1,0,12.416666666666666,12.416666666666666,0
id:whksrns,id:wind1123,1,1,0,6.233333333333333,6.233333333333333,0
id:whksrns,id:yjkown,1,1,0,293.95,293.95,0
id:whoshot,id:feeder00,1,1,0,6.2,6.2,0
id:whoshot,id:hoffenheim,1,1,0,6.45,6.45,0
id:whoshot,id:hoyaaa,1,1,0,9.416666666666666,9.416666666666666,0
id:whoshot,id:kicking,1,1,0,5.333333333333333,5.333333333333333,0
id:whoshot,id:monkjm,1,1,0,14.033333333333333,14.033333333333333,0
id:whoshot,id:okao,1,1,0,15.183333333333334,15.183333333333334,0
id:whoshot,id:pjh1421,1,1,0,5.266666666666667,5.266666666666667,0
id:whoshot,id:rkarlaos1,1,1,0,50.916666666666664,50.916666666666664,0
id:wind1123,id:2egg3things,1,1,0,254.91666666666666,254.91666666666666,0
id:wind1123,id:9163cyj,1,1,0,30.366666666666667,30.366666666666667,0
id:wind1123,id:Tenhag,1,1,0,32.71666666666667,32.71666666666667,0
id:wind1123,id:Volvo,1,1,0,47.666666666666664,47.666666666666664,0
id:wind1123,id:angre825blk,1,1,0,16.7,16.7,0
id:wind1123,id:armwear,1,1,0,9.25,9.25,0
id:wind1123,id:balochanda,1,1,0,472.56666666666666,472.56666666666666,0
id:wind1123,id:beatout21,1,1,0,8.016666666666667,8.016666666666667,0
id:wind1123,id:consul,1,1,0,8.35,8.35,0
id:wind1123,id:cytokine1234,1,1,0,6.95,6.95,0
id:wind1123,id:dino87,1,1,0,33.71666666666667,33.71666666666667,0
id:wind1123,id:dlawls,1,1,0,13.666666666666666,13.666666666666666,0
id:wind1123,id:dleoduq1234,1,1,0,12.6,12.6,0
id:wind1123,id:dltjdwns1212,1,1,0,39.4,39.4,0
id:wind1123,id:ehihoho,1,1,0,9.316666666666666,9.316666666666666,0
id:wind1123,id:flareburst,1,1,0,50.166666666666664,50.166666666666664,0
id:wind1123,id:garugaru,1,1,0,5.85,5.85,0
id:wind1123,id:god18xx,1,1,0,18.083333333333332,18.083333333333332,0
id:wind1123,id:grimes,1,1,0,225.5,225.5,0
id:wind1123,id:headworld,1,1,0,75.98333333333333,75.98333333333333,0
id:wind1123,id:hoffenheim,1,1,0,30.066666666666666,30.066666666666666,0
id:wind1123,id:hopes,1,1,0,5.05,5.05,0
id:wind1123,id:horsedongh,1,1,0,30.75,30.75,0
id:wind1123,id:iglaman,1,1,0,473.43333333333334,473.43333333333334,0
id:wind1123,id:kduncan,1,1,0,18.833333333333332,18.833333333333332,0
id:wind1123,id:kicking,1,1,0,33.4,33.4,0
id:wind1123,id:loki83,1,1,0,431.56666666666666,431.56666666666666,0
id:wind1123,id:metalgear,1,1,0,73.71666666666667,73.71666666666667,0
id:wind1123,id:mirissoul2,1,1,0,14.566666666666666,14.566666666666666,0
id:wind1123,id:mnyj,1,1,0,5.816666666666666,5.816666666666666,0
id:wind1123,id:oasiticjoo19,1,1,0,92.83333333333333,92.83333333333333,0
id:wind1123,id:regnier,1,1,0,45.11666666666667,45.11666666666667,0
id:wind1123,id:rlawnsdn05,1,1,0,8.033333333333333,8.033333333333333,0
id:wind1123,id:ronaldopark,1,1,0,462.65,462.65,0
id:wind1123,id:rukk7812,1,1,0,7.633333333333334,7.633333333333334,0
id:wind1123,id:sanapati,1,1,0,7.516666666666667,7.516666666666667,0
id:wind1123,id:sanga,1,1,0,8.95,8.95,0
id:wind1123,id:say1673,1,1,0,34.63333333333333,34.63333333333333,0
id:wind1123,id:shkj22,1,1,0,19.283333333333335,19.283333333333335,0
id:wind1123,id:skylky,1,1,0,26.816666666666666,26.816666666666666,0
id:wind1123,id:sniper0724,1,1,0,112.95,112.95,0
id:wind1123,id:soccersucker,1,1,0,24.9,24.9,0
id:wind1123,id:tjdqhrehd,1,1,0,8.083333333333334,8.083333333333334,0
id:wind1123,id:wheotjd1,1,1,0,15.816666666666666,15.816666666666666,0
id:wind1123,id:wind1123,1,1,0,7.416666666666667,7.416666666666667,1
id:wind1123,id:xxvxx,1,1,0,8.166666666666666,8.166666666666666,0
id:wjqslek,id:lfcthismeans,1,1,0,7.183333333333334,7.183333333333334,0
id:wjqslek,id:masok01,1,1,0,28.4,28.4,0
id:wjstkqn1235,id:bluepillz,1,1,0,7.15,7.15,0
id:wjstkqn1235,id:pms2906,1,1,0,5.133333333333334,5.133333333333334,0
id:wjstkqn1235,id:raulgonzo,1,1,0,32.083333333333336,32.083333333333336,0
id:wjstkqn1235,id:wjstkqn1235,1,1,0,12.416666666666666,12.416666666666666,1
id:wltlswhd,id:dlawls,1,1,0,13.45,13.45,0
id:wltlswhd,id:zxcvbnm00765,1,1,0,11.083333333333334,11.083333333333334,0
id:wondh84,id:dress7,1,1,0,24.666666666666668,24.666666666666668,0
id:wondh84,id:gong586,1,1,0,5.7,5.7,0
id:worldwill,id:cauking,1,1,0,8.483333333333333,8.483333333333333,0
id:worldwill,id:horizon,1,1,0,10.3,10.3,0
id:worldwill,id:stabbie81,1,1,0,34.9,34.9,0
id:xxvxx,id:HENSON05,1,1,0,1173.4166666666667,1173.4166666666667,0
id:xxvxx,id:MementoMori,1,1,0,952.6333333333333,952.6333333333333,0
id:xxvxx,id:adios00,1,1,0,6.333333333333333,6.333333333333333,0
id:xxvxx,id:bluepillz,1,1,0,9.316666666666666,9.316666666666666,0
id:xxvxx,id:bonobono234,1,1,0,17.833333333333332,17.833333333333332,0
id:xxvxx,id:carlos02k,1,1,0,10.633333333333333,10.633333333333333,0
id:xxvxx,id:dewsd,1,1,0,9.05,9.05,0
id:xxvxx,id:diplolee,1,1,0,105.86666666666666,105.86666666666666,0
id:xxvxx,id:dlawls,1,1,0,18.666666666666668,18.666666666666668,0
id:xxvxx,id:dosa0705,1,1,0,7.95,7.95,0
id:xxvxx,id:forest,1,1,0,11.266666666666667,11.266666666666667,0
id:xxvxx,id:foreverkmh,1,1,0,476.01666666666665,476.01666666666665,0
id:xxvxx,id:grit,1,1,0,27.1,27.1,0
id:xxvxx,id:hobro,1,1,0,33.86666666666667,33.86666666666667,0
id:xxvxx,id:hopes,1,1,0,7.2,7.2,0
id:xxvxx,id:horsedongh,1,1,0,7.866666666666666,7.866666666666666,0
id:xxvxx,id:hsando1,1,1,0,374.96666666666664,374.96666666666664,0
id:xxvxx,id:hsw0119,1,1,0,23.35,23.35,0
id:xxvxx,id:itemptu2,1,1,0,26.916666666666668,26.916666666666668,0
id:xxvxx,id:juventus82,1,1,0,13.7,13.7,0
id:xxvxx,id:kicheon,1,1,0,34.6,34.6,0
id:xxvxx,id:kicking,1,1,0,6.7,6.7,0
id:xxvxx,id:kim2pac,1,1,0,6.383333333333334,6.383333333333334,0
id:xxvxx,id:kiriman,1,1,0,5.216666666666667,5.216666666666667,0
id:xxvxx,id:koreafigo,1,1,0,5.833333333333333,5.833333333333333,0
id:xxvxx,id:kuo13,1,1,0,14.683333333333334,14.683333333333334,0
id:xxvxx,id:lh1440,1,1,0,27.3,27.3,0
id:xxvxx,id:mantis,1,1,0,7.666666666666667,7.666666666666667,0
id:xxvxx,id:mhp3rd,1,1,0,6.5,6.5,0
id:xxvxx,id:millano,1,1,0,51.6,51.6,0
id:xxvxx,id:mkfive,1,1,0,19.316666666666666,19.316666666666666,0
id:xxvxx,id:model8,1,1,0,39.4,39.4,0
id:xxvxx,id:phantom112,1,1,0,6.583333333333333,6.583333333333333,0
id:xxvxx,id:prios1,1,1,0,118.08333333333333,118.08333333333333,0
id:xxvxx,id:priport,1,1,0,82.95,82.95,0
id:xxvxx,id:psican1,1,1,0,417.31666666666666,417.31666666666666,0
id:xxvxx,id:qkrckdwo1984,1,1,0,38.916666666666664,38.916666666666664,0
id:xxvxx,id:raxh,1,1,0,9.166666666666666,9.166666666666666,0
id:xxvxx,id:redgundam,1,1,0,12.866666666666667,12.866666666666667,0
id:xxvxx,id:redondor,1,1,0,24.0,24.0,0
id:xxvxx,id:regnier,1,1,0,13.0,13.0,0
id:xxvxx,id:roykie151,1,1,0,8.2,8.2,0
id:xxvxx,id:rrlatls18,1,1,0,5.216666666666667,5.216666666666667,0
id:xxvxx,id:samsons33,1,1,0,388.0833333333333,388.0833333333333,0
id:xxvxx,id:seungman98,1,1,0,25.1,25.1,0
id:xxvxx,id:shkj22,1,1,0,6.266666666666667,6.266666666666667,0
id:xxvxx,id:solution78,1,1,0,454.95,454.95,0
id:xxvxx,id:soovinci,1,1,0,394.15,394.15,0
id:xxvxx,id:stynerkn,1,1,0,11.066666666666666,11.066666666666666,0
id:xxvxx,id:tkrldh,1,1,0,12.366666666666667,12.366666666666667,0
id:xxvxx,id:vincent85,1,1,0,26.733333333333334,26.733333333333334,0
id:xxvxx,id:vivakleague,1,1,0,16.95,16.95,0
id:xxvxx,id:wltlswhd,1,1,0,242.96666666666667,242.96666666666667,0
id:xxvxx,id:xxvxx,1,1,0,10.8,10.8,1
id:xxvxx,id:zkdltmffks,1,1,0,6.233333333333333,6.233333333333333,0
id:yally1010,id:cauking,1,1,0,50.833333333333336,50.833333333333336,0
id:yally1010,id:ddmcd,1,1,0,36.13333333333333,36.13333333333333,0
id:yally1010,id:dnfkfnpr,1,1,0,14.6,14.6,0
id:yally1010,id:juventus82,1,1,0,7.116666666666666,7.116666666666666,0
id:yally1010,id:kicheon,1,1,0,86.8,86.8,0
id:yally1010,id:kim2pac,1,1,0,38.016666666666666,38.016666666666666,0
id:yally1010,id:kinomayu,1,1,0,16.5,16.5,0
id:yally1010,id:loadone,1,1,0,6.366666666666666,6.366666666666666,0
id:yally1010,id:makijeon,1,1,0,12.05,12.05,0
id:yally1010,id:modern21,1,1,0,15.35,15.35,0
id:yally1010,id:oasiticjoo19,1,1,0,19.133333333333333,19.133333333333333,0
id:yally1010,id:placebo,1,1,0,32.93333333333333,32.93333333333333,0
id:yally1010,id:rogueone1,1,1,0,9.133333333333333,9.133333333333333,0
id:yally1010,id:sonhh,1,1,0,182.5,182.5,0
id:yally1010,id:taebari,1,1,0,28.95,28.95,0
id:yally1010,id:vnweq956,1,1,0,25.533333333333335,25.533333333333335,0
id:yeodarl,id:bulbol,1,1,0,5.333333333333333,5.333333333333333,0
id:yeodarl,id:bundes1,1,1,0,12.9,12.9,0
id:yeodarl,id:cksdn852,1,1,0,7.233333333333333,7.233333333333333,0
id:yeodarl,id:claralike123,1,1,0,7.283333333333333,7.283333333333333,0
id:yeodarl,id:cstk1007,1,1,0,26.883333333333333,26.883333333333333,0
id:yeodarl,id:dress7,1,1,0,27.966666666666665,27.966666666666665,0
id:yeodarl,id:kaizennf,1,1,0,23.916666666666668,23.916666666666668,0
id:yeodarl,id:luna7742,1,1,0,50.46666666666667,50.46666666666667,0
id:yeodarl,id:osodos,1,1,0,58.733333333333334,58.733333333333334,0
id:yeodarl,id:rascol,1,1,0,7.416666666666667,7.416666666666667,0
id:yeonrang,id:yeonrang,1,1,0,23.033333333333335,23.033333333333335,1
id:yesyes5467,id:adidas1998,1,1,0,7.433333333333334,7.433333333333334,0
id:yesyes5467,id:dialine,1,1,0,6.133333333333334,6.133333333333334,0
id:yesyes5467,id:leoperiseus,1,1,0,24.2,24.2,0
id:yhtuos,id:best91,1,1,0,37.06666666666667,37.06666666666667,0
id:yhtuos,id:donka,1,1,0,14.283333333333333,14.283333333333333,0
id:yhtuos,id:horizon,1,1,0,5.75,5.75,0
id:yhtuos,id:jjuhyun92,1,1,0,6.616666666666666,6.616666666666666,0
id:yhtuos,id:okao,1,1,0,17.016666666666666,17.016666666666666,0
id:yhtuos,id:taebari,1,1,0,7.066666666666666,7.066666666666666,0
id:yjs1g,id:malwool,1,1,0,13.033333333333333,13.033333333333333,0
id:yo821281,id:BongGu1103,1,1,0,12.133333333333333,12.133333333333333,0
id:yo821281,id:DKisKing,1,1,0,9.016666666666667,9.016666666666667,0
id:yo821281,id:KINGBATI,1,1,0,58.63333333333333,58.63333333333333,0
id:yo821281,id:LJM1389,1,1,0,82.4,82.4,0
id:yo821281,id:PabloGavi,1,1,0,8.233333333333333,8.233333333333333,0
id:yo821281,id:PhDinssajul,1,1,0,7.066666666666666,7.066666666666666,0
id:yo821281,id:Yeste,1,1,0,48.733333333333334,48.733333333333334,0
id:yo821281,id:adios00,1,1,0,46.71666666666667,46.71666666666667,0
id:yo821281,id:amami,1,1,0,1685.15,1685.15,0
id:yo821281,id:aoi04,1,1,0,74.96666666666667,74.96666666666667,0
id:yo821281,id:arteta8,1,1,0,8.983333333333333,8.983333333333333,0
id:yo821281,id:bald80,1,1,0,24.1,24.1,0
id:yo821281,id:binazersy,1,1,0,156.58333333333334,156.58333333333334,0
id:yo821281,id:chicruz,1,1,0,13.766666666666667,13.766666666666667,0
id:yo821281,id:chojja,1,1,0,6.766666666666667,6.766666666666667,0
id:yo821281,id:ckgh73,1,1,0,31.133333333333333,31.133333333333333,0
id:yo821281,id:colacup,1,1,0,21.35,21.35,0
id:yo821281,id:dbwjddks2,1,1,0,218.86666666666667,218.86666666666667,0
id:yo821281,id:deeblue,1,1,0,96.56666666666666,96.56666666666666,0
id:yo821281,id:deportivo7,1,1,0,10.116666666666667,10.116666666666667,0
id:yo821281,id:doubled1107,1,1,0,20.483333333333334,20.483333333333334,0
id:yo821281,id:doxan,1,1,0,8.85,8.85,0
id:yo821281,id:dress7,1,1,0,5.05,5.05,0
id:yo821281,id:ejrwls91,1,1,0,498.95,498.95,0
id:yo821281,id:endingx,1,1,0,13.683333333333334,13.683333333333334,0
id:yo821281,id:epist,1,1,0,8.183333333333334,8.183333333333334,0
id:yo821281,id:flareburst,1,1,0,11.2,11.2,0
id:yo821281,id:gogumadory,1,1,0,315.6333333333333,315.6333333333333,0
id:yo821281,id:hodduk,1,1,0,13.616666666666667,13.616666666666667,0
id:yo821281,id:hs10107,1,1,0,471.1666666666667,471.1666666666667,0
id:yo821281,id:hsw0119,1,1,0,161.33333333333334,161.33333333333334,0
id:yo821281,id:itaibogi,1,1,0,105.8,105.8,0
id:yo821281,id:itemptu2,1,1,0,147.53333333333333,147.53333333333333,0
id:yo821281,id:jeung5024,1,1,0,10.866666666666667,10.866666666666667,0
id:yo821281,id:jinnankr,1,1,0,610.8,610.8,0
id:yo821281,id:jun2312,1,1,0,6.466666666666667,6.466666666666667,0
id:yo821281,id:junice98,1,1,0,10.416666666666666,10.416666666666666,0
id:yo821281,id:junjay85,1,1,0,15.233333333333333,15.233333333333333,0
id:yo821281,id:k881105,1,1,0,22.9,22.9,0
id:yo821281,id:kaoruchan,1,1,0,10.433333333333334,10.433333333333334,0
id:yo821281,id:kicheon,1,1,0,6.9,6.9,0
id:yo821281,id:kicking,1,1,0,7.966666666666667,7.966666666666667,0
id:yo821281,id:kostanjino,1,1,0,190.45,190.45,0
id:yo821281,id:lhw8694,1,1,0,451.26666666666665,451.26666666666665,0
id:yo821281,id:lim0620,1,1,0,361.18333333333334,361.18333333333334,0
id:yo821281,id:lwj801,1,1,0,384.43333333333334,384.43333333333334,0
id:yo821281,id:malmir30,1,1,0,400.1666666666667,400.1666666666667,0
id:yo821281,id:megacoffee25,1,1,0,44.7,44.7,0
id:yo821281,id:mrculbin7,1,1,0,12.9,12.9,0
id:yo821281,id:nikkohadal,1,1,0,11.15,11.15,0
id:yo821281,id:nox911,1,1,0,6.733333333333333,6.733333333333333,0
id:yo821281,id:osodos,1,1,0,9.983333333333333,9.983333333333333,0
id:yo821281,id:pck0511,1,1,0,226.66666666666666,226.66666666666666,0
id:yo821281,id:phantom112,1,1,0,5.3,5.3,0
id:yo821281,id:powerslam1,1,1,0,51.46666666666667,51.46666666666667,0
id:yo821281,id:press21cc,1,1,0,34.81666666666667,34.81666666666667,0
id:yo821281,id:raistlin1,1,1,0,956.65,956.65,0
id:yo821281,id:raul7143,1,1,0,5.75,5.75,0
id:yo821281,id:roe2k,1,1,0,13.266666666666667,13.266666666666667,0
id:yo821281,id:sinn556i,1,1,0,7.4,7.4,0
id:yo821281,id:sooahn,1,1,0,8.8,8.8,0
id:yo821281,id:sounited13,1,1,0,7.35,7.35,0
id:yo821281,id:spoops,1,1,0,31.483333333333334,31.483333333333334,0
id:yo821281,id:taz79,1,1,0,1341.0,1341.0,0
id:yo821281,id:tjdgh09123,1,1,0,18.733333333333334,18.733333333333334,0
id:yo821281,id:tjdqhrehd,1,1,0,6.9,6.9,0
id:yo821281,id:tjf12012,1,1,0,96.21666666666667,96.21666666666667,0
id:yo821281,id:trippark,1,1,0,6.566666666666666,6.566666666666666,0
id:yo821281,id:vnweq956,1,1,0,34.9,34.9,0
id:yo821281,id:xavi08,1,1,0,385.46666666666664,385.46666666666664,0
id:yo821281,id:xowhdeo,1,1,0,194.75,194.75,0
id:yo821281,id:yeodarl,1,1,0,39.516666666666666,39.516666666666666,0
id:yo821281,id:yjs1g,1,1,0,7.833333333333333,7.833333333333333,0
id:yoon4859,id:Bluewings21,1,1,0,10.083333333333334,10.083333333333334,0
id:yoon4859,id:anarkor,1,1,0,17.966666666666665,17.966666666666665,0
id:yoon4859,id:angre825blk,1,1,0,44.43333333333333,44.43333333333333,0
id:yoon4859,id:ar10,1,1,0,7.016666666666667,7.016666666666667,0
id:yoon4859,id:bbggkkk,1,1,0,6.616666666666666,6.616666666666666,0
id:yoon4859,id:cjhoon87,1,1,0,8.25,8.25,0
id:yoon4859,id:claxn7,1,1,0,14.383333333333333,14.383333333333333,0
id:yoon4859,id:dosa0705,1,1,0,146.53333333333333,146.53333333333333,0
id:yoon4859,id:doxan,1,1,0,8.7,8.7,0
id:yoon4859,id:ehdtks9286,1,1,0,10.05,10.05,0
id:yoon4859,id:ejirall,1,1,0,14.55,14.55,0
id:yoon4859,id:footpodo,1,1,0,6.65,6.65,0
id:yoon4859,id:hodduk,1,1,0,8.5,8.5,0
id:yoon4859,id:hypeboy,1,1,0,9.85,9.85,0
id:yoon4859,id:jeffkent,1,1,0,8.183333333333334,8.183333333333334,0
id:yoon4859,id:kicheon,1,1,0,71.83333333333333,71.83333333333333,0
id:yoon4859,id:kicking,1,1,0,9.966666666666667,9.966666666666667,0
id:yoon4859,id:mantis,1,1,0,13.4,13.4,0
id:yoon4859,id:recnow,1,1,0,35.85,35.85,0
id:yoon4859,id:rukk7812,1,1,0,12.6,12.6,0
id:yoon4859,id:sheep3337,1,1,0,9.083333333333334,9.083333333333334,0
id:yoon4859,id:vnweq956,1,1,0,22.116666666666667,22.116666666666667,0
id:yoon4859,id:wltlswhd,1,1,0,9.783333333333333,9.783333333333333,0
id:yoon4859,id:yellowsoul,1,1,0,14.15,14.15,0
id:yoshiki2,id:dleoduq1234,1,1,0,14.75,14.75,0
id:younggun,id:ddongbada,1,1,0,10.683333333333334,10.683333333333334,0
id:yp107,id:artemismoon,1,1,0,7.95,7.95,0
id:yp107,id:dialine,1,1,0,34.36666666666667,34.36666666666667,0
id:yp107,id:kimdw22,1,1,0,10.25,10.25,0
id:ysy1214,id:MementoMori,1,1,0,465.9,465.9,0
id:ysy1214,id:Tenhag,1,1,0,25.533333333333335,25.533333333333335,0
id:ysy1214,id:htht709,1,1,0,12.583333333333334,12.583333333333334,0
id:ysy1214,id:kakaka10,1,1,0,288.48333333333335,288.48333333333335,0
id:ysy1214,id:twija100,1,1,0,426.96666666666664,426.96666666666664,0
id:yumyum,id:BongGu1103,1,1,0,6.05,6.05,0
id:yun9h1,id:flamans1,1,1,0,7.45,7.45,0
id:yun9h1,id:gogumadory,1,1,0,5.533333333333333,5.533333333333333,0
id:yun9h1,id:grit,1,1,0,191.05,191.05,0
id:yun9h1,id:hopes,1,1,0,10.433333333333334,10.433333333333334,0
id:yun9h1,id:mirissoul2,1,1,0,11.7,11.7,0
id:yun9h1,id:roe2k,1,1,0,147.33333333333334,147.33333333333334,0
id:zavawork01,id:jbeckham6,1,1,0,44.21666666666667,44.21666666666667,0
id:zavawork01,id:kekekor,1,1,0,7.083333333333333,7.083333333333333,0
id:zavawork01,id:realjh00,1,1,0,6.033333333333333,6.033333333333333,0
id:zavawork01,id:soju4jan,1,1,0,9.666666666666666,9.666666666666666,0
id:zavawork01,id:zavawork01,1,1,0,7.683333333333334,7.683333333333334,1
id:zavawork01,id:新) 허정무(blue123,1,1,0,12.716666666666667,12.716666666666667,0
id:zenic7,id:authur,1,1,0,5.516666666666667,5.516666666666667,0
id:zenic7,id:roe2k,1,1,0,54.55,54.55,0
id:zenic7,id:sounited13,1,1,0,70.25,70.25,0
id:zenic7,id:tjfghksss,1,1,0,47.166666666666664,47.166666666666664,0
id:zero080,id:Ibrahima,1,1,0,18.133333333333333,18.133333333333333,0
id:zero080,id:Milner7,1,1,0,7.683333333333334,7.683333333333334,0
id:zero080,id:Zeit0809,1,1,0,6.083333333333333,6.083333333333333,0
id:zero080,id:ajh30130,1,1,0,5.55,5.55,0
id:zero080,id:amaai,1,1,0,247.48333333333332,247.48333333333332,0
id:zero080,id:arteta8,1,1,0,11.466666666666667,11.466666666666667,0
id:zero080,id:bald80,1,1,0,209.11666666666667,209.11666666666667,0
id:zero080,id:burningred,1,1,0,20.983333333333334,20.983333333333334,0
id:zero080,id:dialine,1,1,0,32.63333333333333,32.63333333333333,0
id:zero080,id:diminish,1,1,0,14.566666666666666,14.566666666666666,0
id:zero080,id:dining,1,1,0,18.133333333333333,18.133333333333333,0
id:zero080,id:eory24,1,1,0,18.233333333333334,18.233333333333334,0
id:zero080,id:eufc,1,1,0,7.333333333333333,7.333333333333333,0
id:zero080,id:ex400,1,1,0,8.2,8.2,0
id:zero080,id:fantak,1,1,0,5.083333333333333,5.083333333333333,0
id:zero080,id:grimes,1,1,0,454.26666666666665,454.26666666666665,0
id:zero080,id:haebark,1,1,0,10.3,10.3,0
id:zero080,id:hodoeel,1,1,0,8.133333333333333,8.133333333333333,0
id:zero080,id:iglaman,1,1,0,8.183333333333334,8.183333333333334,0
id:zero080,id:kimdw22,1,1,0,26.5,26.5,0
id:zero080,id:korea1943,1,1,0,424.73333333333335,424.73333333333335,0
id:zero080,id:mcraky,1,1,0,8.816666666666666,8.816666666666666,0
id:zero080,id:meaningless,1,1,0,7.35,7.35,0
id:zero080,id:phantom112,1,1,0,15.883333333333333,15.883333333333333,0
id:zero080,id:piter1976,1,1,0,8.866666666666667,8.866666666666667,0
id:zero080,id:placebo,1,1,0,36.21666666666667,36.21666666666667,0
id:zero080,id:pms2906,1,1,0,6.35,6.35,0
id:zero080,id:press21cc,1,1,0,31.116666666666667,31.116666666666667,0
id:zero080,id:radioshot1,1,1,0,7.816666666666666,7.816666666666666,0
id:zero080,id:rhingo,1,1,0,6.566666666666666,6.566666666666666,0
id:zero080,id:summernight,1,1,0,6.033333333333333,6.033333333333333,0
id:zero080,id:tactimp,1,1,0,33.016666666666666,33.016666666666666,0
id:zero080,id:taebari,1,1,0,9.783333333333333,9.783333333333333,0
id:zero080,id:tgibhh111,1,1,0,12.783333333333333,12.783333333333333,0
id:zero080,id:tjdqhrehd,1,1,0,40.95,40.95,0
id:zero080,id:tkrldh,1,1,0,14.233333333333333,14.233333333333333,0
id:zero080,id:ulrrr,1,1,0,8.5,8.5,0
id:zero080,id:v1004ses,1,1,0,8.9,8.9,0
id:zero080,id:zesus91,1,1,0,473.6,473.6,0
id:zero080,id:zeth929,1,1,0,46.05,46.05,0
id:zestgo,id:PhDinssajul,1,1,0,49.61666666666667,49.61666666666667,0
id:zestgo,id:YoLaTengo,1,1,0,20.966666666666665,20.966666666666665,0
id:zestgo,id:ar10,1,1,0,11.766666666666667,11.766666666666667,0
id:zestgo,id:bluepillz,1,1,0,19.9,19.9,0
id:zestgo,id:chun1149,1,1,0,5.566666666666666,5.566666666666666,0
id:zestgo,id:cubana,1,1,0,8.716666666666667,8.716666666666667,0
id:zestgo,id:deeblue,1,1,0,29.583333333333332,29.583333333333332,0
id:zestgo,id:hanlobby,1,1,0,6.65,6.65,0
id:zestgo,id:juventus82,1,1,0,6.533333333333333,6.533333333333333,0
id:zestgo,id:loadone,1,1,0,468.8333333333333,468.8333333333333,0
id:zestgo,id:mcraky,1,1,0,52.766666666666666,52.766666666666666,0
id:zestgo,id:rascol,1,1,0,37.7,37.7,0
id:zestgo,id:redondor,1,1,0,27.5,27.5,0
id:zestgo,id:sdh90,1,1,0,6.85,6.85,0
id:zestgo,id:shkj22,1,1,0,12.133333333333333,12.133333333333333,0
id:zestgo,id:sof8,1,1,0,13.566666666666666,13.566666666666666,0
id:zestgo,id:spoops,1,1,0,33.016666666666666,33.016666666666666,0
id:zestgo,id:tkrldh,1,1,0,58.5,58.5,0
id:zestgo,id:woobo,1,1,0,5.033333333333333,5.033333333333333,0
id:zestgo,id:yoshiki2,1,1,0,101.75,101.75,0
id:zirize,id:horsedongh,1,1,0,18.333333333333332,18.333333333333332,0
id:zkdltmffks,id:Mobaraeram,1,1,0,85.03333333333333,85.03333333333333,0
id:zkdltmffks,id:gerrard88,1,1,0,8.85,8.85,0
id:zkdltmffks,id:hoffenheim,1,1,0,5.233333333333333,5.233333333333333,0
id:zkdltmffks,id:kaizennf,1,1,0,29.65,29.65,0
id:zkdltmffks,id:leoperiseus,1,1,0,6.25,6.25,0
id:zkdltmffks,id:mcraky,1,1,0,11.883333333333333,11.883333333333333,0
id:zkdltmffks,id:mnyj,1,1,0,7.783333333333333,7.783333333333333,0
id:zkdltmffks,id:nike09,1,1,0,34.166666666666664,34.166666666666664,0
id:zkdltmffks,id:pipak,1,1,0,8.333333333333334,8.333333333333334,0
id:zkdltmffks,id:rkarlaos1,1,1,0,45.63333333333333,45.63333333333333,0
id:zkdltmffks,id:shkj22,1,1,0,32.45,32.45,0
id:zkdltmffks,id:shrnhoist,1,1,0,6.25,6.25,0
id:zkdltmffks,id:sonhh,1,1,0,22.883333333333333,22.883333333333333,0
id:zkdltmffks,id:summernight,1,1,0,26.116666666666667,26.116666666666667,0
id:zlwon83,id:masok01,1,1,0,13.483333333333333,13.483333333333333,0
id:zornik,id:chily0117,1,1,0,10.533333333333333,10.533333333333333,0
id:zornik,id:klay5587,1,1,0,75.8,75.8,0
id:zornik,id:yjs1g,1,1,0,14.933333333333334,14.933333333333334,0
id:zxcvbnm00765,id:againstwin80,1,1,0,10.3,10.3,0
id:zxcvbnm00765,id:bundes1,1,1,0,9.083333333333334,9.083333333333334,0
id:zxcvbnm00765,id:chakagesalja,1,1,0,118.83333333333333,118.83333333333333,0
id:zxcvbnm00765,id:deportivo7,1,1,0,5.5,5.5,0
id:zxcvbnm00765,id:dlawls,1,1,0,8.183333333333334,8.183333333333334,0
id:zxcvbnm00765,id:dress7,1,1,0,92.2,92.2,0
id:zxcvbnm00765,id:dukedefil,1,1,0,637.8,637.8,0
id:zxcvbnm00765,id:juventus82,1,1,0,7.483333333333333,7.483333333333333,0
id:zxcvbnm00765,id:life13579,1,1,0,9.15,9.15,0
id:zxcvbnm00765,id:monkjm,1,1,0,18.866666666666667,18.866666666666667,0
id:zxcvbnm00765,id:psj1905,1,1,0,15.3,15.3,0
id:zxcvbnm00765,id:rainmaker4,1,1,0,1174.9333333333334,1174.9333333333334,0
id:zxcvbnm00765,id:rainshowerkk,1,1,0,5.7,5.7,0
id:zxcvbnm00765,id:roe2k,1,1,0,349.21666666666664,349.21666666666664,0
id:zxcvbnm00765,id:rwingback,1,1,0,15.0,15.0,0
id:zxcvbnm00765,id:sanga,1,1,0,108.76666666666667,108.76666666666667,0
id:zxcvbnm00765,id:sonhh,1,1,0,84.45,84.45,0
id:zxcvbnm00765,id:spoops,1,1,0,472.31666666666666,472.31666666666666,0
id:zxcvbnm00765,id:summernight,1,1,0,7.183333333333334,7.183333333333334,0
id:zxcvbnm00765,id:yally1010,1,1,0,143.16666666666666,143.16666666666666,0
