PostId,Title,PostAuthorKey,PostCreatedAt,CommentCount,UniqueCommenters,WithinWindowComments,FirstCommentAt,LastCommentAt,MinDeltaMinutes,MedianDeltaMinutes,BurstRatio
18177585,(단독)검찰개혁 정부안 '찬성 1명'…이대로라면 '법사위 부결',id:oasiticjoo19,2026-03-11 17:49:48,39,37,18,2026-03-11 17:50:19,2026-03-13 13:40:37,0.5166666666666667,5.416666666666667,0.46153846153846156
18147171,"청와대, ‘보완수사권 폐지’ 못박은 여당에 “매끄럽게 한목소리 내야”",id:6830,2026-02-09 18:21:36,44,43,17,2026-02-09 18:22:16,2026-02-10 19:05:52,0.6666666666666666,8.891666666666666,0.38636363636363635
18176525,[단독] 내부 갈등 조기 진화?…청와대 측 “공소청법 수정에 열려있다”,id:Ibisevic,2026-03-10 20:59:31,24,22,16,2026-03-10 21:00:19,2026-03-10 21:57:42,0.8,3.1833333333333336,0.6666666666666666
18143334,"한준호 “정청래, 과정 관리 실패. 합당 논의 멈추고 전대 후에 결정해야”",id:bulbol,2026-02-05 11:01:57,40,40,16,2026-02-05 11:02:57,2026-02-05 19:09:05,1.0,9.708333333333332,0.4
18147544,그래도 이재명 아직 정신차릴 확률은 있는거죠?,id:6830,2026-02-09 22:59:26,20,20,15,2026-02-09 23:00:27,2026-02-10 06:46:49,1.0166666666666666,3.95,0.75
18182539,다모앙에 국회의원 답장 받은 내용 가관이네요ㅋㅋㅋ,id:sdh90,2026-03-15 23:49:05,23,20,15,2026-03-15 23:49:37,2026-03-16 07:43:58,0.5333333333333333,3.6333333333333333,0.6521739130434783
18184976,"황현희 : 제가 중도인데, 민주당이 내란 얘기 좀 그만 했으면 좋겠거든요?",id:pucrinyesir,2026-03-17 20:26:10,41,41,15,2026-03-17 20:26:23,2026-03-18 17:11:40,0.21666666666666667,13.066666666666666,0.36585365853658536
18111305,李대통령 “사회 통째로 파랗게 만들 수 없어…빨간색도 국민”,id:naco16,2025-12-30 11:07:20,15,15,14,2025-12-30 11:08:02,2025-12-30 14:26:45,0.7,1.9833333333333334,0.9333333333333333
18182303,"[단독]與 초선 만난 이재명 대통령...""검사들이 다 나쁜 건 아니지 않냐""",id:yo821281,2026-03-15 22:25:06,43,43,14,2026-03-15 22:25:29,2026-03-16 08:35:54,0.38333333333333336,9.783333333333333,0.32558139534883723
18146804,Pic) 정치뽕 제대로 맞은 한동훈 근황,id:Ibisevic,2026-02-09 11:30:19,32,32,13,2026-02-09 11:31:06,2026-02-09 21:20:29,0.7833333333333333,10.466666666666667,0.40625
18172819,pic) 이재명 트윗,id:summernight,2026-03-07 22:06:02,32,31,13,2026-03-07 22:07:00,2026-03-08 23:16:26,0.9666666666666667,8.866666666666667,0.40625
18170091,[단독] “공소청법 정부안 이대로 안 돼”…민주당 법사위원 ‘의견서’ 전달,id:bvbreus11,2026-03-05 16:59:27,17,17,12,2026-03-05 16:59:51,2026-03-05 21:59:23,0.4,2.5166666666666666,0.7058823529411765
18149645,득구나이트 새 페북.jpg,id:fantak,2026-02-11 11:34:34,21,19,12,2026-02-11 11:36:17,2026-02-11 18:47:12,1.7166666666666666,4.883333333333334,0.5714285714285714
18153707,pic)황현필 ‘윤두창 대통령 탄생의 1등공신은 문재인’,id:bundes1,2026-02-16 17:36:26,51,49,12,2026-02-16 17:37:18,2026-02-18 10:37:49,0.8666666666666667,21.233333333333334,0.23529411764705882
18184182,결국 1년을 헛짓한거임,id:bulbol,2026-03-17 09:49:01,12,12,11,2026-03-17 09:49:52,2026-03-17 09:54:17,0.85,3.0583333333333336,0.9166666666666666
18185961,매불쇼보는데 일단 유시민도 이재명 저격은 최대한 피하는듯,id:jun2312,2026-03-18 14:26:53,14,14,11,2026-03-18 14:27:26,2026-03-18 14:39:16,0.55,2.3583333333333334,0.7857142857142857
18149055,동형이 방송에서 강미정 문재인 언급,id:Tenhag,2026-02-10 21:57:01,17,17,11,2026-02-10 21:58:22,2026-02-10 22:28:30,1.35,3.3333333333333335,0.6470588235294118
18222228,"[속보] 민주, 경기 하남갑 이광재·평택을 김용남·안산갑 김남국 공천",id:yo821281,2026-04-27 18:07:56,17,17,11,2026-04-27 18:09:06,2026-04-27 18:35:52,1.1666666666666667,3.05,0.6470588235294118
18161565,싸줄이 다른 친민주 진영 커뮤보다 빨리 감지하는 이유가 뭘까요?,id:sounited13,2026-02-25 16:19:37,21,21,11,2026-02-25 16:20:01,2026-02-26 19:17:06,0.4,4.15,0.5238095238095238
18182925,[다소사견] 이재명 까더라도 옛날 일로는 안 까면 좋겠다 싶지만,id:jun2312,2026-03-16 08:53:20,21,21,11,2026-03-16 08:54:07,2026-03-16 09:50:30,0.7833333333333333,5.0,0.5238095238095238
18158599,"[속보] 민주당 ""중수청·공소청법 재입법예고 정부안 만장일치 당론 채택""",id:radioshot1,2026-02-22 18:22:05,24,24,11,2026-02-22 18:22:45,2026-02-23 01:31:46,0.6666666666666666,6.7,0.4583333333333333
18179470,찬대: 김어준을 고소에서 제외한건 국민과 지지자 정서와는 차이가 있다,id:rukk7812,2026-03-13 11:35:48,31,31,11,2026-03-13 11:36:28,2026-03-14 01:09:01,0.6666666666666666,8.166666666666666,0.3548387096774194
18183484,"함돈균: ""이재명 검찰수사는 문재인,조국 승인하에 이루어졌다""",id:yo821281,2026-03-16 16:43:42,36,34,11,2026-03-16 16:44:02,2026-03-17 20:48:51,0.3333333333333333,8.791666666666668,0.3055555555555556
18116573,"(pic) 20대 남성 절반, ""이재명이 한국을 공산화 할 것이다""",id:ellen829,2026-01-05 16:04:46,59,59,11,2026-01-05 16:05:36,2026-01-07 15:52:31,0.8333333333333334,126.46666666666667,0.1864406779661017
18156273,근데 진짜 궁금한게 김건희는 진짜 뭐임요??,id:sy1238,2026-02-19 15:54:35,10,10,10,2026-02-19 15:55:14,2026-02-19 15:58:53,0.65,1.1583333333333332,1.0
18149179,Pic) 그래도 다행인건 이게 진짜 이재명의 의중이 아닐 수도?,id:hyeok497,2026-02-10 23:04:26,11,11,10,2026-02-10 23:05:19,2026-02-11 03:55:00,0.8833333333333333,1.9,0.9090909090909091
18223893,윤석열 원심 무죄 일부 파기 유죄 징역7년,id:impactx84,2026-04-29 15:59:28,12,11,10,2026-04-29 16:00:07,2026-04-29 21:05:53,0.65,1.7999999999999998,0.8333333333333334
18111843,속보 속보!! 한동훈 드디어 인정!!!,id:lj0608,2025-12-30 17:54:35,14,13,10,2025-12-30 17:55:19,2025-12-30 21:34:01,0.7333333333333333,2.2583333333333333,0.7142857142857143
18123066,이동형 경기도지사 관련 어제자 인터뷰.txt,id:naco16,2026-01-13 09:25:52,14,14,10,2026-01-13 09:26:48,2026-01-13 09:52:52,0.9333333333333333,2.925,0.7142857142857143
18149213,청와대발 뉴스 흘리기의 본질은 이재명이 격노했나 대노했나 그냥 불쾌했나 그게 아님,id:todfndl12,2026-02-10 23:18:53,16,16,10,2026-02-10 23:19:56,2026-02-10 23:30:27,1.05,3.575,0.625
18163060,문재인은 뭐한거냐,id:impactx84,2026-02-27 11:38:31,16,16,10,2026-02-27 11:39:37,2026-02-27 12:39:06,1.1,2.7,0.625
18130636,이재명의 검찰개혁이 이대로 망해도,id:whksrns,2026-01-21 14:30:05,17,16,10,2026-01-21 14:30:45,2026-01-21 19:24:02,0.6666666666666666,3.933333333333333,0.5882352941176471
18175797,이동형 “개혁하라고 했지 누가 검찰 해체하라고 했냐”,id:Ibisevic,2026-03-10 10:46:09,17,17,10,2026-03-10 10:46:44,2026-03-10 11:56:14,0.5833333333333334,4.566666666666666,0.5882352941176471
18177338,정원오 문재인 대통령님 이용하려한 증거.,id:cytokine1234,2026-03-11 13:36:57,18,18,10,2026-03-11 13:38:19,2026-03-11 17:06:15,1.3666666666666667,4.333333333333333,0.5555555555555556
18178034,"이재명, 15~16일 민주 초선 의원 68명과 첫 만찬 회동",id:zero080,2026-03-11 23:30:53,18,18,10,2026-03-11 23:31:20,2026-03-11 23:45:18,0.45,4.291666666666667,0.5555555555555556
18145991,이언주 당대표 sns,id:solution78,2026-02-08 16:08:59,20,19,10,2026-02-08 16:10:02,2026-02-08 22:40:31,1.05,5.108333333333333,0.5
18146958,"[속보] '김건희 집사' 김예성, 횡령 혐의 1심 공소기각 선고",id:bvbreus11,2026-02-09 14:12:47,20,20,10,2026-02-09 14:13:01,2026-02-09 20:50:10,0.23333333333333334,4.858333333333333,0.5
18179663,"청와대 관계자 “김어준이 자신을 민주당 상왕이라 생각하며 대통령을 상대로 음모론 설파""",id:zero080,2026-03-13 14:18:05,20,20,10,2026-03-13 14:18:36,2026-03-13 14:36:13,0.5166666666666667,5.058333333333334,0.5
18160287,이재명 대통령 지금 혼자가 아닐까요 ?,id:bakjang,2026-02-24 10:35:02,21,20,10,2026-02-24 10:35:49,2026-02-24 11:14:43,0.7833333333333333,5.116666666666666,0.47619047619047616
18109213,"<속보> 李대통령, 초대 기획예산처 장관에 이혜훈 파격 발탁",id:sarajevo,2025-12-28 14:34:45,43,43,10,2025-12-28 14:35:17,2025-12-29 08:54:42,0.5333333333333333,15.116666666666667,0.23255813953488372
18148938,합당도 대통령 지시였다면 이거 구린내가 납니다,id:novacane,2026-02-10 21:15:34,9,9,9,2026-02-10 21:16:16,2026-02-10 21:20:25,0.7,2.8333333333333335,1.0
18147245,"李 ""예외 필요"" 주문에도... 黨 ""보완수사권 못 준다""",id:grit,2026-02-09 18:54:46,10,10,9,2026-02-09 18:55:10,2026-02-09 19:00:43,0.4,2.825,0.9
18182966,[다소수습] 아랫글에 제가 '과거사로 까는게 좀 그렇다' 고 했던건 ㄷㄷ,id:jun2312,2026-03-16 09:33:42,10,10,9,2026-03-16 09:34:56,2026-03-16 09:38:51,1.2333333333333334,3.0166666666666666,0.9
18172816,이재명 sns 티배깅,id:onana,2026-03-07 22:05:01,11,10,9,2026-03-07 22:05:50,2026-03-07 22:10:31,0.8166666666666667,2.9833333333333334,0.8181818181818182
18173664,그나저나 이재명에 몰입하는 분 왜 안 나타나요?,id:boba1983,2026-03-08 15:33:50,11,11,9,2026-03-08 15:34:15,2026-03-08 16:22:16,0.4166666666666667,2.75,0.8181818181818182
18132478,"[단독] 친명계 최고위원들, 긴급 기자회견서 정청래 '진퇴' 언급할 듯",id:fantak,2026-01-23 12:17:15,12,12,9,2026-01-23 12:17:49,2026-01-23 12:33:01,0.5666666666666667,3.375,0.75
18176590,[다소회의] 그래도 민주당 당원 유지하는게 낫지요??,id:adidas010,2026-03-10 21:38:38,12,12,9,2026-03-10 21:39:17,2026-03-10 21:52:18,0.65,1.85,0.75
18148319,동아일보) 합당 제동에 김민석 반사효과 누리나…“당내 영향력 커질 것”,id:naco16,2026-02-10 17:39:51,13,13,9,2026-02-10 17:40:05,2026-02-10 18:00:05,0.23333333333333334,2.8333333333333335,0.6923076923076923
18149610,진짜 신기하네요. 다들 그냥 없던일로 여길 셈인가?,id:lfcthismeans,2026-02-11 11:10:42,13,13,9,2026-02-11 11:11:46,2026-02-11 11:21:50,1.0666666666666667,4.35,0.6923076923076923
18164432,이동형은 진짜 맛이 가도 너무 갔네..,id:qhdtlsdl,2026-02-28 21:00:13,15,15,9,2026-02-28 21:01:45,2026-02-28 21:27:41,1.5333333333333334,3.0,0.6
18171648,개인 생각인데 요즘 이재명 비토에 선넘는 발언들을 보면..,id:bonobono234,2026-03-06 19:14:59,15,15,9,2026-03-06 19:16:13,2026-03-06 19:42:02,1.2333333333333334,2.85,0.6
18180106,PIC) 김어준 파산 프로젝트,id:life13579,2026-03-13 20:40:34,15,15,9,2026-03-13 20:41:24,2026-03-14 04:43:12,0.8333333333333334,3.5166666666666666,0.6
18177156,찢' 같은 표현은 안쓰면 안될까요??,id:kiriman,2026-03-11 11:20:49,17,17,9,2026-03-11 11:21:15,2026-03-11 13:09:30,0.43333333333333335,4.333333333333333,0.5294117647058824
18183688,저는 김민석은 언젠가 이재명도 통수칠 거 같음 ㅋㅋㅋ,id:ninety5mph,2026-03-16 19:08:35,19,19,9,2026-03-16 19:09:19,2026-03-17 00:17:05,0.7333333333333333,5.033333333333333,0.47368421052631576
18123954,"정성호, ‘검찰개혁’ 與 비판에 “범죄로부터 안전한 나라 만들어야”",id:Ibisevic,2026-01-13 21:08:52,22,22,9,2026-01-13 21:09:26,2026-01-13 21:42:56,0.5666666666666667,6.616666666666667,0.4090909090909091
18151730,속보] 강득구 “명분 없는 거짓 언행·자의적 해석에 자괴감…진실은 밝혀질 것”,id:jejajj9,2026-02-13 11:25:29,35,35,9,2026-02-13 11:25:59,2026-02-14 20:07:56,0.5,13.266666666666667,0.2571428571428571
18124057,김건희는 윤석열사형 구형 소식듣고 슬플까요??,id:BlackEyes23,2026-01-13 21:47:29,8,8,8,2026-01-13 21:47:49,2026-01-13 21:51:14,0.3333333333333333,1.875,1.0
18149042,다행인건 대통령도 이제 정청래 죽이기는 몸사리겠죠???,id:gum0510,2026-02-10 21:52:46,8,8,8,2026-02-10 21:53:18,2026-02-10 21:55:38,0.5333333333333333,1.4416666666666667,1.0
18159401,"""현지누나 청탁 반성 끝?""…野진종오, 김남국 당 대변인 복귀 비판",id:naco16,2026-02-23 12:14:52,8,8,8,2026-02-23 12:15:30,2026-02-23 12:18:00,0.6333333333333333,1.9416666666666667,1.0
18173668,희망회로 싫어하시는 거 알지만 희망회로 돌려보면,id:luminai,2026-03-08 15:36:51,8,8,8,2026-03-08 15:37:29,2026-03-08 15:41:30,0.6333333333333333,2.45,1.0
18123283,이제 정청래는 빼도박도 못하고 책임져야됨,id:bulbol,2026-01-13 11:48:22,9,9,8,2026-01-13 11:49:19,2026-01-13 11:55:54,0.95,3.5833333333333335,0.8888888888888888
18184075,개인적으로 검찰개혁보다 더 걱정되는게 민주당 맛탱이 가는 거..,id:qhdtlsdl,2026-03-17 08:56:45,9,9,8,2026-03-17 08:57:45,2026-03-17 09:03:00,1.0,3.216666666666667,0.8888888888888888
18131708,"與의원들, 檢 예외적 보완수사 공감대…""요구권 등 방식 검토""",id:summernight,2026-01-22 13:02:23,10,9,8,2026-01-22 13:03:12,2026-01-22 13:20:07,0.8166666666666667,3.625,0.8
18148996,이재명도 겁나 웃겨요... 아니 이렇게 충성스럽고 든든한 파트너가 당대표로 딱있는데,id:FeelingGood,2026-02-10 21:35:04,10,10,8,2026-02-10 21:35:46,2026-02-10 21:53:51,0.7,1.4500000000000002,0.8
18153927,황현필 영상 내린 거 문통 깐 부분보다 이언주 깐 부분 때문잉듯,id:bundes1,2026-02-16 20:26:41,10,10,8,2026-02-16 20:27:24,2026-02-16 20:38:30,0.7166666666666667,3.275,0.8
18182559,이재명 지방선거 압승 원하는거 아니었음..?,id:mnyj,2026-03-15 23:59:45,10,10,8,2026-03-16 00:01:30,2026-03-16 00:06:54,1.75,3.5833333333333335,0.8
18193373,작가님 김민새 보내버리네ㅋㅋㅋ,id:lj0608,2026-03-25 15:07:29,10,10,8,2026-03-25 15:07:53,2026-03-25 21:39:47,0.4,2.6,0.8
18111346,노통 시즌2는 보고 싶지않네요,id:ashluna,2025-12-30 11:23:30,11,11,8,2025-12-30 11:24:23,2025-12-30 11:38:47,0.8833333333333333,3.4833333333333334,0.7272727272727273
18182029,"송영길 ""아들한테서 여당이 세월호만 챙긴다는 취지로 지적 받았다.""",id:zero080,2026-03-15 20:02:49,11,11,8,2026-03-15 20:04:03,2026-03-15 20:16:25,1.2333333333333334,2.3333333333333335,0.7272727272727273
18166644,"[단독]김남준·박찬대·한준호, 오늘 저녁 7시 비공개 만찬 회동",id:naco16,2026-03-02 19:25:07,12,12,8,2026-03-02 19:26:01,2026-03-02 19:56:58,0.9,2.8666666666666667,0.6666666666666666
18187893,이동형은 이재명하고 소통된다는게 뭔 자랑인줄아나,id:6667sh,2026-03-19 20:20:35,12,12,8,2026-03-19 20:21:48,2026-03-19 20:36:21,1.2166666666666666,3.2666666666666666,0.6666666666666666
18189211,정원오는 이재명 호위무사급 딸랑이가 될수도,id:luna7742,2026-03-20 21:10:59,13,13,8,2026-03-20 21:11:34,2026-03-20 22:09:47,0.5833333333333334,3.933333333333333,0.6153846153846154
18131244,"""MB측, 이만희에게 당원 요청""",id:hwangheenim,2026-01-21 22:47:32,14,14,8,2026-01-21 22:48:36,2026-01-22 10:13:32,1.0666666666666667,4.208333333333333,0.5714285714285714
18161129,이재명 sns로 이승만 관해서 언급했네요 투명하다,id:Necovv,2026-02-25 09:23:45,15,15,8,2026-02-25 09:25:35,2026-02-25 13:04:57,1.8333333333333333,4.566666666666666,0.5333333333333333
18183831,pic)민주당 행사에서 자당 전임 대통령을 ‘이런 거’라고 지칭 ㅋㅋㅋ,id:bundes1,2026-03-16 21:58:58,15,15,8,2026-03-16 22:00:06,2026-03-17 04:55:00,1.1333333333333333,4.416666666666667,0.5333333333333333
18111798,[단독] 대통령실 ‘윤석열 사우나’ 진짜 있었다…실물 최초 공개,id:pucrinyesir,2025-12-30 17:08:40,19,19,8,2025-12-30 17:09:45,2025-12-31 08:49:36,1.0833333333333333,5.516666666666667,0.42105263157894735
18133483,(Pic)민주당에서도 이게 나오네요,id:chun1149,2026-01-24 17:35:43,20,19,8,2026-01-24 17:36:56,2026-01-25 07:30:21,1.2166666666666666,120.68333333333334,0.4
18150784,"한준호, 경기지사 출마 선언…“대한민국은 이재명, 경기도는 한준호” :",id:jj1211,2026-02-12 11:44:01,21,21,8,2026-02-12 11:44:49,2026-02-12 12:34:58,0.8,5.433333333333334,0.38095238095238093
18111426,예전에 김어준이 이혜훈한테,id:carmenhayes,2025-12-30 12:20:08,22,20,8,2025-12-30 12:21:18,2025-12-30 20:08:41,1.1666666666666667,8.1,0.36363636363636365
18121191,노무현이 10대들 사이에서 조롱받는 이유가 뭘까여?,id:chinghis,2026-01-11 13:02:22,23,23,8,2026-01-11 13:04:01,2026-01-12 16:56:18,1.65,6.516666666666667,0.34782608695652173
18122439,"靑 ""중수청, 당정 이견 없다…한병도 본인 실수 인정""",id:bvbreus11,2026-01-12 17:43:26,23,22,8,2026-01-12 17:43:44,2026-01-13 00:03:57,0.3,8.1,0.34782608695652173
18150454,"한준호 “대통령, 합당 문제에 의견 낸 적 없어…정청래, 조율 미숙”",id:osodos,2026-02-11 23:30:03,23,23,8,2026-02-11 23:32:16,2026-02-12 07:36:30,2.216666666666667,9.766666666666667,0.34782608695652173
18175563,"장인수 - 검찰, 이재명 직권남용으로 수사할 준비 하고 있다!!!",id:wind1123,2026-03-10 08:36:10,23,22,8,2026-03-10 08:37:34,2026-03-10 16:29:36,1.4,9.316666666666666,0.34782608695652173
18135704,당첨결과,id:1987vintage,2026-01-27 12:08:57,24,24,8,2026-01-27 12:09:18,2026-01-27 13:23:10,0.35,10.025,0.3333333333333333
18162135,"pic) 민주당 지지자 ""정청래 잘한다 71%"" [NBS 전국지표조사]",id:fantak,2026-02-26 11:08:11,24,24,8,2026-02-26 11:09:03,2026-02-26 18:56:17,0.8666666666666667,14.683333333333334,0.3333333333333333
18177471,"[펌] 홍사훈쇼 이정주) 민주당 의원들 (찬성, 반대 모두)에게 물어보았다.",id:yo821281,2026-03-11 16:29:32,26,26,8,2026-03-11 16:30:52,2026-03-11 22:55:00,1.3333333333333333,9.541666666666666,0.3076923076923077
18122371,정성호 “ 이재명 정권 검찰은 다르다 ”,id:solution78,2026-01-12 16:59:49,30,29,8,2026-01-12 17:00:12,2026-01-13 16:46:15,0.38333333333333336,98.14166666666667,0.26666666666666666
18211449,냉정히 검찰개혁 타령은 낡은 구호입니다.,id:unknownuser,2026-04-14 23:13:55,45,45,8,2026-04-14 23:14:35,2026-04-16 14:30:11,0.6666666666666666,17.65,0.17777777777777778
18149078,오창석 스윗하게 바라보는 김민석,id:horizon,2026-02-10 22:05:38,7,7,7,2026-02-10 22:06:31,2026-02-10 22:08:56,0.8833333333333333,1.7666666666666666,1.0
18149238,박근혜 정부시절 산다고 내려놓으면 맘 편합니다,id:ManU01,2026-02-10 23:38:16,7,7,7,2026-02-10 23:39:33,2026-02-10 23:42:45,1.2833333333333334,2.8,1.0
18166314,Pic) ???: 나는 낙마 왜 시켰냐 이재명 ㅅ발아,id:hyeok497,2026-03-02 16:09:52,7,7,7,2026-03-02 16:10:43,2026-03-02 16:14:24,0.85,1.8833333333333333,1.0
18185701,"이재명 ""본인 자식이 죽어도 그럴 겁니까?""",id:toninho07,2026-03-18 11:32:48,7,7,7,2026-03-18 11:33:19,2026-03-18 11:36:48,0.5166666666666667,1.6833333333333333,1.0
18146383,민주당 정치인이하는 길거리도르를 볼줄이야 ㅋㅋㅋㅋ,id:radioshot1,2026-02-08 22:59:31,8,8,7,2026-02-08 23:00:37,2026-02-08 23:27:36,1.1,1.7666666666666666,0.875
18147287,pic)유시민이 쓴소리한 날 잼통이 잘한 건 칭찬해주자며 극찬했던 검사,id:bundes1,2026-02-09 19:15:10,8,8,7,2026-02-09 19:16:08,2026-02-09 19:20:38,0.9666666666666667,2.3666666666666667,0.875
18160009,아직도 지지난 대선때 이재명 본인 탓은 없다고들 생각하는 건가?,id:boba1983,2026-02-23 21:58:41,8,8,7,2026-02-23 21:59:55,2026-02-23 22:30:03,1.2333333333333334,2.1500000000000004,0.875
18172329,"[Youtube] 정규재 ""이재명 20년 통치시 박정희 버금가는 업적 이룰수 있어.""",id:donka,2026-03-07 14:53:53,8,8,7,2026-03-07 14:54:49,2026-03-07 15:41:11,0.9333333333333333,2.55,0.875
18174678,(뽐뿌펌) 이재명 SNS 글에 동조하거나 정부안 옹호하는 민주당 의원들 ㅋㅋㅋㅋ,id:zero080,2026-03-09 12:00:57,8,8,7,2026-03-09 12:01:38,2026-03-09 12:08:46,0.6833333333333333,2.2416666666666667,0.875
18176250,"YTN) 김어준 ""이 대통령, 검사들과 공소 취소 거래설""...'친명' 한준호 발끈",id:naco16,2026-03-10 16:52:01,8,8,7,2026-03-10 16:53:06,2026-03-10 17:06:29,1.0833333333333333,2.45,0.875
18177283,조상호 법무부 장관 정책보좌관 오늘 인터뷰,id:bulbol,2026-03-11 12:54:28,8,8,7,2026-03-11 12:55:14,2026-03-11 13:00:40,0.7666666666666667,1.6833333333333333,0.875
18177534,정부안대로 할거면 그냥 안하는게 맞지않나요?,id:hobro,2026-03-11 17:13:11,8,8,7,2026-03-11 17:13:55,2026-03-11 17:28:45,0.7333333333333333,1.3916666666666666,0.875
18177611,확실히 대통령은 사상가적인 기질이 있어야 하는듯.,id:HONG43,2026-03-11 18:07:26,8,8,7,2026-03-11 18:07:49,2026-03-11 18:15:47,0.38333333333333336,1.7583333333333333,0.875
18178059,이재명 착각은 민주당 지지자들이 무조건적으로 자기를 지지한다고 생각하는거임,id:donka,2026-03-12 00:09:47,8,5,7,2026-03-12 00:10:26,2026-03-12 00:32:27,0.65,1.4916666666666667,0.875
18185363,청래형 얘기 들으면 이재명은 개혁의지가 있는 사람인데,id:htht709,2026-03-18 07:41:08,8,8,7,2026-03-18 07:41:43,2026-03-18 07:47:03,0.5833333333333334,1.9916666666666667,0.875
18218515,이재명이 무슨 퍼거슨이랑 비교를 하지? 퍼거슨 명언 모르나??,id:kokomong,2026-04-22 20:55:54,8,8,7,2026-04-22 20:56:12,2026-04-22 21:03:41,0.3,0.875,0.875
18123712,진짜 김민석은 행정부로 가서 다행임,id:Milner7,2026-01-13 17:24:50,9,9,7,2026-01-13 17:25:54,2026-01-13 18:35:49,1.0666666666666667,3.183333333333333,0.7777777777777778
18131743,한동훈은 그냥 정계은퇴가 맞는듯,id:6667sh,2026-01-22 13:40:55,9,9,7,2026-01-22 13:41:42,2026-01-22 14:14:00,0.7833333333333333,3.1166666666666667,0.7777777777777778
18200203,뉴이재명들은 정체가 뭘까요,id:novacane,2026-04-01 15:31:52,9,8,7,2026-04-01 15:32:13,2026-04-01 15:46:48,0.35,2.3333333333333335,0.7777777777777778
18125508,"장동혁, 첫 민생경제회의서 ""이재명 호텔경제학 참극으로 이어져""",id:naco16,2026-01-15 14:57:48,10,10,7,2026-01-15 14:58:16,2026-01-15 15:14:12,0.4666666666666667,2.2333333333333334,0.7
18146121,제가 더민주혁신회의 소속인데요…,id:hanlobby,2026-02-08 18:23:36,10,10,7,2026-02-08 18:24:34,2026-02-08 18:46:45,0.9666666666666667,3.325,0.7
18161511,한준호는 리박스쿨 손절할 지능이 못되나보네요,id:xxvxx,2026-02-25 15:25:21,10,10,7,2026-02-25 15:25:35,2026-02-25 15:38:13,0.23333333333333334,2.225,0.7
18174505,이재명 페북에서 자꾸 더딘 개혁이 좋다고 하던데 도대체 더딘게 왜 좋은건가요?,id:rukk7812,2026-03-09 10:10:27,10,10,7,2026-03-09 10:11:34,2026-03-09 10:26:58,1.1166666666666667,4.116666666666667,0.7
18183023,밑에 정청래 발언 세부 내용 나옴,id:summernight,2026-03-16 10:10:13,10,10,7,2026-03-16 10:11:17,2026-03-16 10:19:19,1.0666666666666667,2.091666666666667,0.7
18117602,이혜훈은 자진사퇴 생각 제로네요 ㅋ 오늘 입장문 냄 ㅋ,id:horizon,2026-01-06 20:10:00,11,11,7,2026-01-06 20:10:20,2026-01-06 20:43:04,0.3333333333333333,3.1666666666666665,0.6363636363636364
18130851,"국힘, 李대통령 회견에 ""목숨 건 단식 무관심한 채 통합 말하나""",id:bvbreus11,2026-01-21 15:43:21,11,11,7,2026-01-21 15:44:11,2026-01-21 16:01:35,0.8333333333333334,3.1666666666666665,0.6363636363636364
18149992,최욱에게 온 카톡: 유시민 부르지 마라,id:ehdtks9286,2026-02-11 15:16:50,11,11,7,2026-02-11 15:17:38,2026-02-11 15:32:21,0.8,3.216666666666667,0.6363636363636364
18160364,‘현지누나 파문’ 김남국 부른 민주…“젊은데 집에 틀어박히는 건 가혹”,id:bulbol,2026-02-24 12:02:43,11,11,7,2026-02-24 12:03:44,2026-02-24 12:25:13,1.0166666666666666,4.216666666666667,0.6363636363636364
18160936,"박시영 ""제가 정청래 대표 비공표 여론조사 돌려보거든요?""",id:naco16,2026-02-24 23:17:17,11,11,7,2026-02-24 23:18:04,2026-02-25 03:58:55,0.7833333333333333,3.9,0.6363636363636364
18169832,정청래도 진짜 검찰개혁 제대로 한다더니 의총 발언만 보면 아주 실망스럽고 통수 제대로네요,id:zero080,2026-03-05 14:45:33,11,11,7,2026-03-05 14:46:17,2026-03-05 14:55:51,0.7333333333333333,4.45,0.6363636363636364
18170828,추미애가 문재인 비난한게 몇번인데,id:bulbol,2026-03-05 23:39:52,11,11,7,2026-03-05 23:40:34,2026-03-06 06:21:55,0.7,3.566666666666667,0.6363636363636364
18171098,이재명 대통령에 대한 최소한의 선은 지키려고 합니다,id:bonobono234,2026-03-06 10:07:39,11,11,7,2026-03-06 10:08:18,2026-03-06 10:32:42,0.65,3.5,0.6363636363636364
18174721,"pic)이명박은 비즈니스적 성과로 인정할 만함. 문재인은 실패, 한숨만 나옴",id:bundes1,2026-03-09 12:42:47,11,11,7,2026-03-09 12:43:16,2026-03-09 13:05:56,0.48333333333333334,3.55,0.6363636363636364
18182278,이재명 한마디로 문화계 발칵 뒤집힐듯,id:blue123,2026-03-15 22:14:42,11,10,7,2026-03-15 22:15:48,2026-03-15 22:27:10,1.1,4.25,0.6363636363636364
18131261,이재명만큼 잘하는 대통령이 어디있다고,id:dbsupers,2026-01-21 23:10:57,12,12,7,2026-01-21 23:12:12,2026-01-21 23:40:25,1.25,4.433333333333334,0.5833333333333334
18161568,pic) 대구백화점 보는 한동훈,id:pearson19,2026-02-25 16:23:01,12,12,7,2026-02-25 16:23:21,2026-02-25 16:43:38,0.3333333333333333,3.3166666666666664,0.5833333333333334
18205164,아래 더쿠 이야기 나와서 들어가보니까 민주당원들이 나라 망치는 중이라고,id:impactx84,2026-04-07 18:27:25,12,12,7,2026-04-07 18:28:22,2026-04-07 18:51:30,0.95,3.216666666666667,0.5833333333333334
18101858,"진성준 ""이제 금투세 시행할 때 되지 않았나""",id:armwear,2025-12-18 11:48:14,13,13,7,2025-12-18 11:48:55,2025-12-18 12:23:55,0.6833333333333333,4.95,0.5384615384615384
18146347,Pic) 신남성연대 '금융 치료' 근황,id:hwangheenim,2026-02-08 22:30:01,13,13,7,2026-02-08 22:31:15,2026-02-08 23:14:29,1.2333333333333334,4.65,0.5384615384615384
18183275,pic) 민주당 완전 리박스쿨한테 먹혔는데??,id:lj0608,2026-03-16 13:45:00,13,13,7,2026-03-16 13:45:46,2026-03-16 14:13:13,0.7666666666666667,4.916666666666667,0.5384615384615384
18124470,pic) 한동훈 스페셜 모음. gif,id:fantak,2026-01-14 10:37:30,14,14,7,2026-01-14 10:37:55,2026-01-14 11:48:51,0.4166666666666667,6.975,0.5
18187935,영상) 이동형 “이재명이 그만하라고 하면 그만한다”,id:hyeok497,2026-03-19 21:10:43,14,14,7,2026-03-19 21:11:03,2026-03-19 21:41:20,0.3333333333333333,4.908333333333333,0.5
18151082,이재명은 개헌하고 연임 욕심이 있는게 아닌가 하는 생각이 듦...,id:big4587,2026-02-12 15:27:16,15,15,7,2026-02-12 15:28:23,2026-02-12 16:46:46,1.1166666666666667,5.333333333333333,0.4666666666666667
18179112,김우영 의원 “김어준 구태 권력과 정치 목숨 걸고 싸우겠다”,id:solution78,2026-03-12 22:13:17,15,15,7,2026-03-12 22:14:18,2026-03-12 22:34:23,1.0166666666666666,6.4,0.4666666666666667
18187957,지금 말많은 이동형 발언이 이거군요,id:bulbol,2026-03-19 21:35:10,15,15,7,2026-03-19 21:36:00,2026-03-19 23:50:39,0.8333333333333334,6.05,0.4666666666666667
18205893,한준호는 생각있으면 빨리 추미애 지지선언해야함.,id:kimpo,2026-04-08 13:27:58,15,15,7,2026-04-08 13:29:04,2026-04-08 14:09:53,1.1,5.666666666666667,0.4666666666666667
18186220,다른 커뮤는 이재명이 바빠서 못챙겼다 이렇게 믿네요,id:bookae1,2026-03-18 17:11:09,16,16,7,2026-03-18 17:13:40,2026-03-18 19:58:11,2.5166666666666666,6.891666666666667,0.4375
18228834,Pic) 송영길 “그럼 문재인 정권은 왜 위안부 합의 취소 못시켰냐”,id:hyeok497,2026-05-05 20:04:10,16,16,7,2026-05-05 20:04:55,2026-05-06 02:01:52,0.75,7.941666666666666,0.4375
18143655,90년생 TK남- 40년 누적된 구조가 만든 '당연하지 않은 세상'에 대한 분노,id:veratis,2026-02-05 17:46:49,17,17,7,2026-02-05 17:49:43,2026-02-05 18:33:53,2.9,7.35,0.4117647058823529
18105567,송언석 “내란재판부법 통과되면 이 대통령에 거부권 요구하겠다”,id:pucrinyesir,2025-12-23 15:05:02,18,18,7,2025-12-23 15:05:51,2025-12-23 16:28:44,0.8166666666666667,7.983333333333333,0.3888888888888889
18111851,"[속보]한동훈 ""비판 감수하지만, 앞으로 누가 익명게시판에 소신 글 쓰겠나""",id:regions,2025-12-30 18:04:41,20,20,7,2025-12-30 18:05:03,2025-12-30 23:44:10,0.36666666666666664,10.633333333333333,0.35
18222064,"김용남, 조국 사모펀드 관련 사과 거부",id:bulbol,2026-04-27 13:02:37,20,20,7,2026-04-27 13:04:24,2026-04-27 21:06:53,1.7833333333333334,34.56666666666666,0.35
18159842,Pic) ‘이재명 공소취소 모임’ 출범식서…“정청래 제명하라”,id:hyeok497,2026-02-23 18:36:14,29,29,7,2026-02-23 18:37:04,2026-02-25 10:52:24,0.8333333333333334,16.633333333333333,0.2413793103448276
18125484,제일 염려스러운게 아래 이재명 문재인에 대한 뇌피셜들..,id:impactx84,2026-01-15 14:34:54,6,5,6,2026-01-15 14:35:27,2026-01-15 14:37:40,0.55,1.9833333333333334,1.0
18148008,이번에 실망스러운건 합당 이슈로 동지라는 사람들 등에 칼꽂은거,id:impactx84,2026-02-10 13:30:16,6,6,6,2026-02-10 13:31:08,2026-02-10 13:34:28,0.8666666666666667,2.55,1.0
18149088,이재명이 빠져 나갈 길으니,id:cytokine1234,2026-02-10 22:10:13,6,6,6,2026-02-10 22:11:10,2026-02-10 22:14:50,0.95,2.2416666666666667,1.0
18149564,대통령의 뜻이다하며 나대는 거 잡을때 민정수석? 공직기강비서? 누가 잡는거죠?,id:yoon4859,2026-02-11 10:40:55,6,6,6,2026-02-11 10:41:50,2026-02-11 10:45:24,0.9166666666666666,2.841666666666667,1.0
18153854,문재인이 안 도와줬다!->도와줌->도와줘서 부산 졌다!,id:hyeok497,2026-02-16 19:38:46,6,6,6,2026-02-16 19:39:49,2026-02-16 19:43:21,1.05,2.4,1.0
18176091,한준호 <이제는 찌라시 수준도 안 되는 음모론으로 이재명 정부를 공격합니까〉,id:zero080,2026-03-10 14:15:42,6,6,6,2026-03-10 14:18:05,2026-03-10 14:20:41,2.3833333333333333,2.7,1.0
18180457,이재명 임기말에 아무도 없을껄요?,id:kokomong,2026-03-14 09:52:50,6,6,6,2026-03-14 09:53:55,2026-03-14 09:56:53,1.0833333333333333,1.9666666666666666,1.0
18137614,한동훈 제명 확정,id:traum0105,2026-01-29 09:59:52,7,7,6,2026-01-29 10:00:10,2026-01-29 10:05:24,0.3,1.1166666666666667,0.8571428571428571
18143775,"박지원 ""조국 대선 위한 합당 아냐, 통합해 확실히 지선 이겨야""",id:naco16,2026-02-05 21:00:31,7,7,6,2026-02-05 21:01:11,2026-02-05 21:11:38,0.6666666666666666,2.216666666666667,0.8571428571428571
18148968,경향신문) “예전 같으면 지지층 의견 쏠렸을 텐데” 김어준·유시민 ‘합당’ 입김 안 통했다,id:naco16,2026-02-10 21:26:58,7,6,6,2026-02-10 21:28:48,2026-02-10 21:38:40,1.8333333333333333,3.3,0.8571428571428571
18159645,이재명 대통령은 뭘보고 저딴걸 민주당에 다시 데려옴??,id:say1673,2026-02-23 14:42:00,7,7,6,2026-02-23 14:42:45,2026-02-23 14:51:57,0.75,2.716666666666667,0.8571428571428571
18160372,다소 소신) 저는 천천히 오르는 증시가 가장 좋습니다.,id:kaizennf,2026-02-24 12:09:56,7,7,6,2026-02-24 12:10:15,2026-02-24 12:15:17,0.31666666666666665,3.283333333333333,0.8571428571428571
18170764,검찰개혁 그래 늦을 수 있지 근데..,id:csh1493,2026-03-05 23:06:14,7,7,6,2026-03-05 23:06:47,2026-03-05 23:30:01,0.55,2.216666666666667,0.8571428571428571
18171209,이재명은 큰그림 그리고 있는겁니다,id:novacane,2026-03-06 11:35:51,7,7,6,2026-03-06 11:37:11,2026-03-06 11:45:54,1.3333333333333333,2.8833333333333333,0.8571428571428571
18175946,"뜬금 궁금해진 게, 엠팍은 어쩌다 먹혔나요?",id:malwool,2026-03-10 12:44:28,7,7,6,2026-03-10 12:45:06,2026-03-10 13:00:03,0.6333333333333333,1.3666666666666667,0.8571428571428571
18182609,이 대통령 “헌법에 있는 ‘검찰총장’ 어떻게 바꾸나” 작심 발언,id:radioshot1,2026-03-16 00:17:26,7,7,6,2026-03-16 00:18:38,2026-03-16 00:25:50,1.2,1.6833333333333333,0.8571428571428571
18184216,저는 병신입니다,id:leoarada,2026-03-17 10:18:46,7,7,6,2026-03-17 10:19:28,2026-03-17 10:34:52,0.7,3.3,0.8571428571428571
18184235,그래서 그런데 집회좀 많이 나와 주십쇼..,id:dleoduq1234,2026-03-17 10:30:23,7,7,6,2026-03-17 10:30:49,2026-03-17 11:09:32,0.43333333333333335,1.6833333333333333,0.8571428571428571
18184346,손가혁 뮨파 뉴이재명 이거 다 똑같은 놈둘 아닌가요???,id:dondekhmann,2026-03-17 11:47:35,7,7,6,2026-03-17 11:48:30,2026-03-17 12:40:42,0.9166666666666666,2.45,0.8571428571428571
18228900,그사람들이 문재인 들먹거리는거는 이재명이 한마디만 해주면 없어지는건데,id:blue123,2026-05-05 20:36:49,7,7,6,2026-05-05 20:37:27,2026-05-05 20:49:47,0.6333333333333333,1.6166666666666667,0.8571428571428571
18110367,이혜훈 2찍 반응 보니까 ㅋㅋㅋㅋㅋㅋㅋㅋㅋㅋㅋㅋㅋㅋ,id:rukk7812,2025-12-29 12:48:04,8,8,6,2025-12-29 12:48:28,2025-12-29 13:03:49,0.4,2.95,0.75
18122364,현재까지 흐름으로보면 이재명은 욕심이 많네요,id:haallolee,2026-01-12 16:50:22,8,8,6,2026-01-12 16:51:02,2026-01-12 16:59:37,0.6666666666666666,2.458333333333333,0.75
18122696,검사 출신 박균택 발언,id:bulbol,2026-01-12 21:36:09,8,8,6,2026-01-12 21:36:56,2026-01-12 21:56:48,0.7833333333333333,2.725,0.75
18123866,비당원 신인규에게 답하는 정청래 (펌),id:pearson19,2026-01-13 19:44:45,8,8,6,2026-01-13 19:46:26,2026-01-13 20:31:15,1.6833333333333333,3.7416666666666667,0.75
18148893,전 아직도 이재명이 정청래 죽이기했다 생각치는 않음,id:rainshowerkk,2026-02-10 21:07:47,8,8,6,2026-02-10 21:08:33,2026-02-10 21:22:13,0.7666666666666667,2.3666666666666667,0.75
18166965,문재인 대통령에게 일침했던 황현필씨 식근론자가 이재명 정부 들어가는데 머라고 해봐요~!,id:wind1123,2026-03-02 23:39:39,8,8,6,2026-03-02 23:39:57,2026-03-02 23:58:56,0.3,2.533333333333333,0.75
18175189,(pic) 그냥 이재명 비판하고 검찰 사법개혁 열심히 해서 이재명 지지율 60 만드세요,id:rukk7812,2026-03-09 19:39:49,8,8,6,2026-03-09 19:40:14,2026-03-09 19:48:17,0.4166666666666667,3.55,0.75
18176248,집안 사람들 정치 성향 공개.txt,id:lfcthismeans,2026-03-10 16:49:34,8,8,6,2026-03-10 16:50:07,2026-03-10 17:08:29,0.55,2.5083333333333333,0.75
18184407,몇몇 방송은 오늘 개혁안을 무슨 이재명의 리더십으로 포장하네요,id:boba1983,2026-03-17 12:45:32,8,8,6,2026-03-17 12:46:14,2026-03-17 13:48:01,0.7,1.8333333333333335,0.75
18184884,매불쇼 이제 보는데 최욱은 이재명 뜻 왜곡한 초선이나 의원들이 있다는걸로 정리하네요 ㅋㅋ,id:kiriman,2026-03-17 19:32:24,8,8,6,2026-03-17 19:33:18,2026-03-17 19:49:01,0.9,4.291666666666666,0.75
18185608,이재명 비판한다고 뭐라 하는 글들 문제점,id:luna7742,2026-03-18 10:39:50,8,7,6,2026-03-18 10:40:47,2026-03-18 10:53:55,0.95,2.3916666666666666,0.75
18185751,이재명 지지철회 했으나 성공은 기원합니다,id:ManU01,2026-03-18 11:52:07,8,8,6,2026-03-18 11:53:02,2026-03-18 12:15:17,0.9166666666666666,2.0416666666666665,0.75
18194243,친문부활 계략의 증거,id:bulbol,2026-03-26 14:10:27,8,8,6,2026-03-26 14:10:45,2026-03-26 14:20:06,0.3,3.3666666666666667,0.75
18205192,뉴재명들은 한준호 장관 될꺼라고 함 ㅋㅋㅋ,id:yo821281,2026-04-07 18:49:01,8,8,6,2026-04-07 18:49:35,2026-04-07 22:32:53,0.5666666666666667,3.283333333333333,0.75
18116276,"[부산시장여론조사] 43.4%-32.3%... 전재수, 박형준에 오차범위 밖 앞서",id:leoperiseus,2026-01-05 10:38:47,9,9,6,2026-01-05 10:40:09,2026-01-05 11:07:43,1.3666666666666667,2.8333333333333335,0.6666666666666666
18123408,기자들 이야기들어보면 진짜 아무도 몰랐던것같음,id:radioshot1,2026-01-13 12:57:47,9,9,6,2026-01-13 12:58:56,2026-01-13 13:06:42,1.15,4.2,0.6666666666666666
18123698,사실 이런거 였다면 갓재명 인정입니까....?,id:keias1024,2026-01-13 17:16:28,9,9,6,2026-01-13 17:17:09,2026-01-13 17:39:41,0.6833333333333333,2.3833333333333333,0.6666666666666666
18142998,"국민의힘, 대구경북특별시 특별법에 최저임금 제외 조항",id:flamans1,2026-02-04 20:58:00,9,9,6,2026-02-04 20:58:43,2026-02-04 22:08:05,0.7166666666666667,2.8,0.6666666666666666
18150915,조국 발언이 쎈거 맞죠 굳이 손가혁 언급할필요 있나 생각듭니다 악수라고 봄,id:impactx84,2026-02-12 13:45:24,9,9,6,2026-02-12 13:46:03,2026-02-12 13:53:14,0.65,1.8833333333333333,0.6666666666666666
18173031,딴지랑 다모앙의 일부는 이재명 SNS 글을 보고 희망회로 풀로 돌리네요 ㅋㅋ,id:zero080,2026-03-07 23:25:27,9,9,6,2026-03-07 23:26:02,2026-03-08 03:32:56,0.5833333333333334,2.7666666666666666,0.6666666666666666
18177050,"우상호 ""대통령 호소했는데…검찰개혁 이견 자제할 때""",id:impactx84,2026-03-11 10:02:19,9,9,6,2026-03-11 10:03:37,2026-03-11 10:13:12,1.3,2.5,0.6666666666666666
18183580,근데 검찰개혁 국민들은 크게신경안쓰나봐요?,id:koaie123,2026-03-16 17:40:57,9,9,6,2026-03-16 17:41:42,2026-03-16 18:09:06,0.75,2.3833333333333333,0.6666666666666666
18184603,생각해보니 이재명 낌새가 보였던게 이혜훈부터였던거 같음,id:htht709,2026-03-17 15:27:46,9,9,6,2026-03-17 15:28:12,2026-03-17 16:05:54,0.43333333333333335,2.6,0.6666666666666666
18187847,"이언주 ""뉴이재명은 급변하는 시대변화상이 반영된것""",id:rukk7812,2026-03-19 19:34:11,9,9,6,2026-03-19 19:34:49,2026-03-19 20:01:46,0.6333333333333333,1.8666666666666667,0.6666666666666666
18206536,명민준? 얘는 뭐하는 얜데 김어준이 이재명 대통령 되는데 안도왔다고 함?,id:impactx84,2026-04-09 09:47:02,9,9,6,2026-04-09 09:48:46,2026-04-09 10:20:57,1.7333333333333334,3.15,0.6666666666666666
18210861,이 대통령 “기안용지 복사하는 직원조차 다주택자는 안 돼”,id:bulbol,2026-04-14 11:21:53,9,8,6,2026-04-14 11:22:31,2026-04-14 11:41:34,0.6333333333333333,2.933333333333333,0.6666666666666666
18123094,남천동 어제 방송은 실망스럽네요,id:yoon4859,2026-01-13 09:56:58,10,10,6,2026-01-13 09:57:38,2026-01-13 10:10:22,0.6666666666666666,3.475,0.6
18123338,다소 vote) 검찰개혁안 민주당안으로 수용하면 계속 지지한다 ??,id:doochangman,2026-01-13 12:16:55,10,10,6,2026-01-13 12:17:14,2026-01-13 12:45:38,0.31666666666666665,4.016666666666667,0.6
18132057,오창석이 저거 문재인 영입인사인거 아시나요?,id:bulbol,2026-01-22 20:30:46,10,10,6,2026-01-22 20:32:43,2026-01-22 20:43:36,1.95,4.5,0.6
18140614,"與 김상욱 ""합당, 국힘에 생존공간 제공 우려…중도·진보 양단 축소도""",id:grit,2026-02-02 10:14:01,10,10,6,2026-02-02 10:14:45,2026-02-02 10:47:36,0.7333333333333333,2.7083333333333335,0.6
18149732,믿고 의지하는 정당인데 환승해야 합니까,id:kuoron,2026-02-11 12:25:50,10,10,6,2026-02-11 12:26:39,2026-02-11 12:53:00,0.8166666666666667,3.3583333333333334,0.6
18176366,이재명은 퇴임후 걱정하는것 같은데...,id:yo821281,2026-03-10 18:47:37,10,10,6,2026-03-10 18:48:43,2026-03-10 19:11:47,1.1,4.491666666666667,0.6
18183235,조상호 이제 겸공 안나갈건가 보네요,id:impactx84,2026-03-16 13:12:12,10,10,6,2026-03-16 13:12:35,2026-03-16 13:20:44,0.38333333333333336,2.9833333333333334,0.6
18194537,보면 2030에서 유시민에 대한 거부감이 꽤 큼,id:impactx84,2026-03-26 20:35:49,10,10,6,2026-03-26 20:37:00,2026-03-26 21:17:49,1.1833333333333333,3.791666666666667,0.6
18122317,이재명 진의보다는 인사에서 발생한 문제가 발현된거라봄,id:rainshowerkk,2026-01-12 15:53:21,11,11,6,2026-01-12 15:54:33,2026-01-12 16:17:01,1.2,4.533333333333333,0.5454545454545454
18123149,웃기는 게 선 넘지 말라고 하는 사람 있다군요,id:solution78,2026-01-13 10:24:45,11,10,6,2026-01-13 10:26:46,2026-01-13 10:48:39,2.0166666666666666,3.9833333333333334,0.5454545454545454
18132700,"pic) [단독] '하나님이 윤석열 부활'…경찰-서초구, 윤 지지자 현수막 일제 철거",id:snap23,2026-01-23 16:50:20,11,11,6,2026-01-23 16:50:51,2026-01-23 18:03:25,0.5166666666666667,2.55,0.5454545454545454
18138670,pic)민주당에서 성공한 대통령은 김대중 밖에 없다. 이명박은 인정 문재인은 실패,id:bundes1,2026-01-30 16:35:58,11,11,6,2026-01-30 16:36:47,2026-01-30 17:06:05,0.8166666666666667,3.816666666666667,0.5454545454545454
18146937,"이재명, 정청래 둘 다 좋으면 이상한걸까요?",id:kanginmom,2026-02-09 13:44:02,11,10,6,2026-02-09 13:45:11,2026-02-09 14:09:57,1.15,4.533333333333333,0.5454545454545454
18176469,민주당 전 당원 투표로 결정하자는 의견이 있네요. 정부안 vs 민주당안,id:ManU01,2026-03-10 20:14:49,11,10,6,2026-03-10 20:15:17,2026-03-10 20:44:09,0.4666666666666667,3.6166666666666667,0.5454545454545454
18200149,"대운하 사업' 회상에 눈시울 붉힌 MB… ""이재명 정부, 보 해체 안 할 것""",id:FeelingGood,2026-04-01 14:41:25,11,11,6,2026-04-01 14:42:12,2026-04-01 15:13:13,0.7833333333333333,3.55,0.5454545454545454
18211459,일단 저는 뉴재명과 이재명은 분리해서 보려 합니다.,id:Volvo,2026-04-14 23:27:26,11,10,6,2026-04-14 23:28:53,2026-04-14 23:42:14,1.45,4.533333333333333,0.5454545454545454
18103410,금리 9% 청년도약계좌 해지 급증,id:redgundam,2025-12-20 20:12:51,12,12,6,2025-12-20 20:13:39,2025-12-21 13:31:27,0.8,7.6083333333333325,0.5
18123910,"장동혁·이준석, 우원식 의장 항의 방문…""2차 종합특검 동의 못해""",id:naco16,2026-01-13 20:29:44,12,12,6,2026-01-13 20:31:44,2026-01-13 21:02:40,2.0,5.116666666666667,0.5
18123938,아까 박시영 티비에서 정청래 대표가 말한 내용,id:epist,2026-01-13 20:55:48,12,11,6,2026-01-13 20:56:51,2026-01-13 21:12:45,1.05,5.158333333333333,0.5
18145825,"이건태 ""'쌍방울 변호사' 추천은 배신‥이성윤 최고위원 사퇴촉구""",id:naco16,2026-02-08 13:21:35,12,11,6,2026-02-08 13:21:55,2026-02-08 14:17:39,0.3333333333333333,4.208333333333333,0.5
18192427,"친문 저격'에 고민정 반발하자, 송영길 ""전체 친문 지칭 아냐""",id:bulbol,2026-03-24 12:25:43,13,13,6,2026-03-24 12:27:21,2026-03-24 13:51:29,1.6333333333333333,7.066666666666666,0.46153846153846156
18109876,박원석의 이혜훈 지명 평가,id:grit,2025-12-28 22:40:35,14,14,6,2025-12-28 22:42:10,2025-12-28 23:35:01,1.5833333333333333,5.441666666666666,0.42857142857142855
18140591,"이언주 “합당 시도, ‘정청래·조국 당’ 전환 시도”…鄭 면전서 직격.txt",id:niwoong1,2026-02-02 09:52:16,14,14,6,2026-02-02 09:53:12,2026-02-02 10:24:47,0.9333333333333333,6.941666666666666,0.42857142857142855
18151008,뉴 이재명 지지자 모집 중,id:chun1149,2026-02-12 14:41:42,14,14,6,2026-02-12 14:42:14,2026-02-12 15:40:49,0.5333333333333333,9.233333333333334,0.42857142857142855
18190068,"pic)sbs언론노조 ""이재명, 언론 길들이기 중단하라""",id:vincent85,2026-03-21 18:38:21,14,14,6,2026-03-21 18:39:15,2026-03-21 19:48:38,0.9,9.541666666666668,0.42857142857142855
18111345,Pic) 이재명 대통령 전문 “좀 더 포용적이고 좀 더 융화하는 대한민국이 되길 바랍니다”,id:hyeok497,2025-12-30 11:23:17,15,14,6,2025-12-30 11:23:57,2025-12-30 12:02:08,0.6666666666666666,8.75,0.4
18120532,"도요타통상 사장, ""중국의 희토류 규제에 한미일이 연합해서 대응해야 한다.""",id:6830,2026-01-10 14:50:16,16,16,6,2026-01-10 14:51:33,2026-01-10 18:06:27,1.2833333333333334,7.75,0.375
18184242,pic) 조국 “중수청 법안 수정 다행…1~2차 법안 주도자들 정치적 책임져야”,id:fantak,2026-03-17 10:36:54,17,17,6,2026-03-17 10:37:51,2026-03-17 18:31:30,0.95,10.95,0.35294117647058826
18177952,뉴동형 : 장인수 때문에 공소취소 물건너가게 생겼다,id:masterplan5,2026-03-11 22:20:28,18,18,6,2026-03-11 22:21:34,2026-03-12 04:36:02,1.1,6.225,0.3333333333333333
18131213,pic) 정성호 법무부장관 정책보좌관 페이스북,id:summernight,2026-01-21 22:11:37,19,19,6,2026-01-21 22:13:17,2026-01-22 05:43:11,1.6666666666666667,7.25,0.3157894736842105
18157466,뉴이재명 페이스북 그룹 실체?,id:zestgo,2026-02-20 22:04:03,20,20,6,2026-02-20 22:04:59,2026-02-21 05:52:53,0.9333333333333333,12.85,0.3
18104711,"이준석 ""민주당, 특검 추천 개입 시 용서하지 않을 것""",id:pucrinyesir,2025-12-22 14:24:32,22,22,6,2025-12-22 14:26:13,2025-12-22 15:26:53,1.6833333333333333,6.666666666666666,0.2727272727272727
18134259,주식으로 돈 버는게 부동산보다 더 불로소득 아닌가요?,id:hjs3191,2026-01-25 19:43:52,30,29,6,2026-01-25 19:44:59,2026-01-27 19:48:04,1.1166666666666667,81.1,0.2
18174083,"Pic) 이언주 “내가 지켜본 대통령 중 박,문,윤은 형편없었다. 이재명 짱짱맨”",id:Ibisevic,2026-03-08 21:38:58,39,37,6,2026-03-08 21:39:56,2026-03-10 09:59:39,0.9666666666666667,17.266666666666666,0.15384615384615385
18122038,유시민 작가의 통찰력은 대단한 거 같음,id:alfatini,2026-01-12 11:56:17,5,5,5,2026-01-12 11:56:59,2026-01-12 11:58:14,0.7,1.65,1.0
18123563,지금 시점에서 문재인 이재명 인물 비교는 지양하는게,id:bulbol,2026-01-13 15:17:07,5,5,5,2026-01-13 15:18:00,2026-01-13 15:21:14,0.8833333333333333,3.55,1.0
18123738,문재인 대통령 업적 중에 이거는 역대급,id:solution78,2026-01-13 17:51:57,5,5,5,2026-01-13 17:53:36,2026-01-13 17:56:05,1.65,2.1,1.0
18134034,이혜훈 임명건은 이재명 대통령만의 특색을 보여준 인사같음,id:Dkapqkzjfcu,2026-01-25 15:11:18,5,5,5,2026-01-25 15:12:24,2026-01-25 15:15:07,1.1,3.2333333333333334,1.0
18145786,합당 어그러지고 조국혁신당 전국구 출마자내고,id:alfatini,2026-02-08 12:45:34,5,5,5,2026-02-08 12:46:14,2026-02-08 12:49:17,0.6666666666666666,2.683333333333333,1.0
18146728,정청래가 사과한게 두번째에요,id:bulbol,2026-02-09 10:38:37,5,5,5,2026-02-09 10:39:09,2026-02-09 10:41:29,0.5333333333333333,1.2666666666666666,1.0
18147238,이재명 대통령은 왜 직접 말하지 않는건가요?,id:6830,2026-02-09 18:52:41,5,5,5,2026-02-09 18:53:07,2026-02-09 18:53:58,0.43333333333333335,1.0,1.0
18148094,이동형 딴지 저격한 모양임?,id:v1004ses,2026-02-10 14:39:40,5,5,5,2026-02-10 14:40:04,2026-02-10 14:41:13,0.4,0.9666666666666667,1.0
18148509,저 페북글은 탄핵감이라는거잖아요,id:bulbol,2026-02-10 19:34:59,5,5,5,2026-02-10 19:35:48,2026-02-10 19:39:49,0.8166666666666667,1.65,1.0
18148750,pic)물리적으로 불가능하다고 탄핵감이 탄핵감이 아닌게 아님,id:bulbol,2026-02-10 20:32:05,5,5,5,2026-02-10 20:32:49,2026-02-10 20:35:43,0.7333333333333333,2.183333333333333,1.0
18161581,[속보] '자사주 의무 소각' 3차 상법 개정안 본회의 통과,id:bvbreus11,2026-02-25 16:43:15,5,5,5,2026-02-25 16:43:41,2026-02-25 16:46:35,0.43333333333333335,1.2,1.0
18170069,민주당 출신 대통령 중 가장 교활함...,id:iloveyousun,2026-03-05 16:51:40,5,5,5,2026-03-05 16:51:58,2026-03-05 16:53:41,0.3,0.4,1.0
18176603,이동형 같은 애들이 소중한 자산 취급 받은 것도 지금 보면 어이 없음 ㅋㅋㅋ,id:ejirall,2026-03-10 21:45:03,5,5,5,2026-03-10 21:45:38,2026-03-10 21:49:51,0.5833333333333334,1.7,1.0
18177268,pic)국힘만 사죄하는 거 아닙니다,id:sexline,2026-03-11 12:41:39,5,5,5,2026-03-11 12:42:30,2026-03-11 12:46:05,0.85,2.8333333333333335,1.0
18177620,이재명 주특기,id:kkt1216,2026-03-11 18:18:18,5,5,5,2026-03-11 18:18:41,2026-03-11 18:21:13,0.38333333333333336,1.3166666666666667,1.0
18182457,이재명 대통령 또 뭐 사고쳤나요 SNS???,id:Volvo,2026-03-15 23:18:49,5,5,5,2026-03-15 23:19:28,2026-03-15 23:20:24,0.65,0.7666666666666667,1.0
18184178,싸줄 외에는 딴지 루리웹이나 다 만족하는 분위기인듯,id:impactx84,2026-03-17 09:46:34,5,5,5,2026-03-17 09:47:25,2026-03-17 09:50:04,0.85,2.8333333333333335,1.0
18185556,이재명이 갈등을 봉합하고 싶으면 이사태의 관련자들에게 책임을 물어야합니다.,id:dleoduq1234,2026-03-18 10:00:53,5,5,5,2026-03-18 10:02:26,2026-03-18 10:05:29,1.55,2.3,1.0
18187412,"중동戰서 위력 확인…드론사, 해체 아닌 진화 택했다",id:summernight,2026-03-19 12:36:47,5,5,5,2026-03-19 12:37:44,2026-03-19 12:41:00,0.95,2.15,1.0
18208503,일단 이재명 인사의 1원칙은,id:FeelingGood,2026-04-11 17:45:26,5,5,5,2026-04-11 17:46:23,2026-04-11 17:50:22,0.95,1.8166666666666667,1.0
18218519,"""홍준표 임명 확정됐나요? 아직 아니잖아요!""가 개쌉소리인 이유",id:horizon,2026-04-22 21:01:30,5,5,5,2026-04-22 21:02:02,2026-04-22 21:05:54,0.5333333333333333,1.6833333333333333,1.0
18122139,봉기자 말로는 이재명 대통령은 여론 주시한다는데,id:alfatini,2026-01-12 13:32:06,6,6,5,2026-01-12 13:32:39,2026-01-12 13:55:37,0.55,1.7999999999999998,0.8333333333333334
18125512,"장동혁, 통일교 특검 촉구 단식 돌입…""與 무도함 국민께 전달되길""",id:naco16,2026-01-15 15:03:55,6,6,5,2026-01-15 15:04:32,2026-01-15 15:21:14,0.6166666666666667,2.9916666666666667,0.8333333333333334
18130809,1년도 안된 소식 기억나십니까?,id:wondh84,2026-01-21 15:22:58,6,6,5,2026-01-21 15:23:40,2026-01-21 15:28:40,0.7,1.9833333333333334,0.8333333333333334
18131235,지켜보자는 분들은 그 기한이 언제까지 인가요?,id:wheotjd1,2026-01-21 22:39:24,6,6,5,2026-01-21 22:40:28,2026-01-21 22:55:54,1.0666666666666667,2.525,0.8333333333333334
18138789,"[단독] ‘코스피 5000’ 조롱 논란 슈카월드, 한국거래소 8억짜리 홍보용역 땄다",id:bulbol,2026-01-30 18:43:16,6,6,5,2026-01-30 18:44:43,2026-01-30 19:47:57,1.45,2.341666666666667,0.8333333333333334
18146101,pic)지금 계파정치의 본산,id:bulbol,2026-02-08 18:09:14,6,5,5,2026-02-08 18:10:03,2026-02-08 18:32:47,0.8166666666666667,2.3583333333333334,0.8333333333333334
18146684,언주복당 이혜훈지명 검찰개혁 퍼즐이 맞춰지네요,id:LJM1389,2026-02-09 09:52:38,6,4,5,2026-02-09 09:53:08,2026-02-09 10:02:28,0.5,3.55,0.8333333333333334
18147905,[속보] 민주당 의총 “현상황 혁신당 합당추진 어렵다” 공감대…최고위서 결론,id:bvbreus11,2026-02-10 12:38:40,6,6,5,2026-02-10 12:39:11,2026-02-10 12:45:47,0.5166666666666667,1.075,0.8333333333333334
18148941,돌아가는 거 보니 이재명은 김민석도 컨트롤을 제대로 못하고 있었던 것 아닌가 싶음,id:ninety5mph,2026-02-10 21:16:47,6,6,5,2026-02-10 21:17:17,2026-02-10 21:25:09,0.5,1.9833333333333334,0.8333333333333334
18149145,진짜 속 시원한게 무지성 쉴드충들 지금은 싹 사라짐 ㅋㅋㅋㅋ,id:gum0510,2026-02-10 22:46:11,6,6,5,2026-02-10 22:46:53,2026-02-10 22:58:43,0.7,2.283333333333333,0.8333333333333334
18149241,아 가불기 걸렸네,id:nox911,2026-02-10 23:39:59,6,6,5,2026-02-10 23:40:53,2026-02-10 23:46:03,0.9,2.341666666666667,0.8333333333333334
18149242,이와중에 조국은 민주당에서 합당 반대하는 사람들도 애당심이라고 해주네요.,id:ninety5mph,2026-02-10 23:40:42,6,6,5,2026-02-10 23:41:41,2026-02-10 23:48:57,0.9833333333333333,1.775,0.8333333333333334
18156803,"대통령, HMM 부산으로 이전한다",id:blue123,2026-02-19 23:42:19,6,6,5,2026-02-19 23:44:51,2026-02-20 00:09:28,2.533333333333333,3.3916666666666666,0.8333333333333334
18170403,뉴이재명 타령 하는 애들 문통이 검찰개혁 실패 했다고 난리 치던데 ㅋㅋㅋ,id:traum0105,2026-03-05 20:30:56,6,6,5,2026-03-05 20:31:46,2026-03-05 20:37:46,0.8333333333333334,1.6833333333333331,0.8333333333333334
18176513,"[펌] 받/검찰, 대통령과 민주당에 대대적 보복 준비",id:yo821281,2026-03-10 20:54:58,6,6,5,2026-03-10 20:56:09,2026-03-10 21:01:28,1.1833333333333333,2.458333333333333,0.8333333333333334
18177360,[다소 주식] 두창이 탄핵되고 누가 코스피에 투자했나?,id:flypcs20,2026-03-11 14:18:09,6,6,5,2026-03-11 14:18:45,2026-03-11 14:23:21,0.6,2.4833333333333334,0.8333333333333334
18180241,그들이(작전세력이든 어그로든 뭐든)착각하는게 싸줄아저씨들은 친민주당이 아님,id:modern21,2026-03-13 22:32:59,6,6,5,2026-03-13 22:34:32,2026-03-13 22:40:46,1.55,3.7,0.8333333333333334
18182294,최강욱피셜 다음주 매불쇼 유시민 참석,id:cydia14,2026-03-15 22:21:04,6,6,5,2026-03-15 22:21:51,2026-03-15 22:28:12,0.7833333333333333,3.033333333333333,0.8333333333333334
18182600,아직도 이재명이 본체 아니라고 믿는 분들이 있네요,id:kim2pac,2026-03-16 00:15:37,6,6,5,2026-03-16 00:16:12,2026-03-16 00:23:12,0.5833333333333334,1.6333333333333333,0.8333333333333334
18184200,검찰개혁과는 별개로 어제 홍사훈쇼보다가 기시감을 느꼈는데,id:masok01,2026-03-17 10:01:37,6,6,5,2026-03-17 10:02:43,2026-03-17 10:09:17,1.1,2.666666666666667,0.8333333333333334
18185377,이재명이 본원 맞는데 갈등봉합 잘했다니ㅋㅋ,id:kglite,2026-03-18 07:50:41,6,6,5,2026-03-18 07:51:19,2026-03-18 08:02:51,0.6333333333333333,2.283333333333333,0.8333333333333334
18187024,pic)너의 정신을 오염시킨 문재인.. 유시민 문재인은 노무현을 몰라 ㅋㅋㅋㅋㅋㅋㅋ,id:bundes1,2026-03-19 08:31:25,6,6,5,2026-03-19 08:32:17,2026-03-19 08:36:42,0.8666666666666667,4.65,0.8333333333333334
18204424,"검찰개혁 관련 대통령, 민주당 옹호 한다고 싸줄에 글 올리던 부류들 좀 불편했던게",id:joohakmoo,2026-04-06 20:22:32,6,6,5,2026-04-06 20:23:08,2026-04-06 20:35:13,0.6,3.166666666666667,0.8333333333333334
18222957,모녀 합쳐서 23억원치 벌었는데 벌금 및 추징금 합쳐서 7000 ㅋㅋㅋㅋ,id:ehdtks9286,2026-04-28 16:37:47,6,6,5,2026-04-28 16:38:23,2026-04-28 17:19:52,0.6,1.7333333333333334,0.8333333333333334
18117915,"[속보] 장동혁 ""이재명 정권 독재 막는데 뜻 같으면 누구와도 힘 모을 것""",id:snap23,2026-01-07 10:24:16,7,6,5,2026-01-07 10:25:44,2026-01-07 10:38:16,1.4666666666666666,2.816666666666667,0.7142857142857143
18133433,pic) 국힘 당사로 향하는 한동훈 지지자들,id:pearson19,2026-01-24 16:19:08,7,7,5,2026-01-24 16:19:49,2026-01-24 16:36:33,0.6833333333333333,2.65,0.7142857142857143
18141202,‘김건희 1심 판결’ 논란 속 고교 동기가 전한 우인성 판사는 “법대로 판단하는 친구”,id:regions,2026-02-02 20:51:04,7,7,5,2026-02-02 20:51:45,2026-02-02 21:38:24,0.6833333333333333,3.4166666666666665,0.7142857142857143
18145707,사실 지선 승리에도 관심 없네요?,id:mnyj,2026-02-08 11:19:47,7,7,5,2026-02-08 11:20:32,2026-02-08 12:11:18,0.75,2.0,0.7142857142857143
18146391,아 한준호 진짜 개패고싶네,id:rainshowerkk,2026-02-08 23:08:07,7,7,5,2026-02-08 23:09:00,2026-02-08 23:18:54,0.8833333333333333,3.283333333333333,0.7142857142857143
18150032,이재명 대통령은 바보가 아닙니다.,id:Mkisduchang,2026-02-11 15:51:51,7,7,5,2026-02-11 15:52:33,2026-02-11 15:58:11,0.7,2.183333333333333,0.7142857142857143
18153865,황현필 영상의 모순,id:bulbol,2026-02-16 19:48:25,7,7,5,2026-02-16 19:49:02,2026-02-19 12:16:48,0.6166666666666667,2.6666666666666665,0.7142857142857143
18160523,"건진법사' 1심 징역 6년 · 그라프 목걸이 몰수... ""김건희와 공모""",id:bvbreus11,2026-02-24 15:13:44,7,7,5,2026-02-24 15:14:34,2026-02-24 15:33:57,0.8333333333333334,3.45,0.7142857142857143
18160969,대통령이 일만 제대로 하면 자기 픽 챙기는게 뭐 문제될건 아니죠,id:rukk7812,2026-02-24 23:49:38,7,7,5,2026-02-24 23:50:01,2026-02-25 00:03:45,0.38333333333333336,4.333333333333333,0.7142857142857143
18163016,"gisa) 민주당, 우상호 강원지사 후보 단수 추천",id:pjhwinner,2026-02-27 10:52:56,7,7,5,2026-02-27 10:53:41,2026-02-27 11:33:35,0.75,3.216666666666667,0.7142857142857143
18163869,내란당: 장동혁 6채를 어떻게 다 파냐 5채는 못팔고 1채는 내놨는데 문의가 없다,id:rukk7812,2026-02-28 12:07:25,7,7,5,2026-02-28 12:08:02,2026-02-28 12:37:35,0.6166666666666667,3.05,0.7142857142857143
18169819,민주당 지도부에서도 정부안 수정 어렵고 수용해야 한다는 입장이라네요 ㅋㅋㅋㅋㅋ,id:zero080,2026-03-05 14:39:04,7,7,5,2026-03-05 14:39:30,2026-03-05 14:54:57,0.43333333333333335,3.35,0.7142857142857143
18170521,총리실 산하 검찰개혁 TF 해체를 요구하는 성명서 발표예정 (with 김용민),id:naco16,2026-03-05 21:55:13,7,7,5,2026-03-05 21:55:42,2026-03-05 22:05:39,0.48333333333333334,2.6,0.7142857142857143
18171163,이재명 대통령이 사익떄문에 그런거 아닐수도 있음,id:impactx84,2026-03-06 10:54:47,7,7,5,2026-03-06 10:55:29,2026-03-06 11:02:30,0.7,2.75,0.7142857142857143
18173584,韓 진짜 심각한 상황…보다 못한 李 나섰다,id:donka,2026-03-08 14:28:36,7,7,5,2026-03-08 14:29:50,2026-03-08 14:55:02,1.2333333333333334,2.8666666666666667,0.7142857142857143
18174831,뭐 이재명 욕해서 조국당을 가라니 마니 하는사람들이 있던데,id:typoonj2,2026-03-09 14:01:25,7,7,5,2026-03-09 14:03:14,2026-03-09 14:36:36,1.8166666666666667,2.4833333333333334,0.7142857142857143
18177357,이재명 요즘도 국무회의 공개해서 장관들 꼽주고 있었네요,id:rukk7812,2026-03-11 14:13:32,7,6,5,2026-03-11 14:14:03,2026-03-11 14:37:14,0.5166666666666667,3.1333333333333333,0.7142857142857143
18179186,정청래 연임 되면 저 전략들 끝남,id:solution78,2026-03-12 23:10:55,7,7,5,2026-03-12 23:12:05,2026-03-12 23:21:26,1.1666666666666667,2.9166666666666665,0.7142857142857143
18182306,청와대앞에서 검찰개혁 촛불 보고 이재명이 조금 놀랐으려나..,id:FeelingGood,2026-03-15 22:25:46,7,7,5,2026-03-15 22:26:21,2026-03-15 22:33:46,0.5833333333333334,1.3833333333333333,0.7142857142857143
18184213,극단으로는 가지 않았으면 좋겠네요,id:bakjang,2026-03-17 10:17:08,7,7,5,2026-03-17 10:18:13,2026-03-17 10:34:34,1.0833333333333333,3.5166666666666666,0.7142857142857143
18204898,아마 정원오 본인은 대권욕심없다는걸 강조하려다보니,id:mirissoul2,2026-04-07 13:31:05,7,7,5,2026-04-07 13:32:30,2026-04-07 14:06:30,1.4166666666666667,3.8333333333333335,0.7142857142857143
18207967,근데 이재명 sns 엄청 보는거 같네요,id:bulbol,2026-04-11 10:55:50,7,7,5,2026-04-11 10:56:02,2026-04-11 11:09:52,0.2,2.9166666666666665,0.7142857142857143
18210764,이재명 sns 이상해보이는건 처음이네요,id:df2shnl,2026-04-14 09:37:36,7,7,5,2026-04-14 09:38:25,2026-04-14 09:46:49,0.8166666666666667,3.933333333333333,0.7142857142857143
18222305,조국 vs 김용남 구도는 진짜 욕나오네,id:bulbol,2026-04-27 19:36:07,7,7,5,2026-04-27 19:37:29,2026-04-27 19:50:40,1.3666666666666667,2.933333333333333,0.7142857142857143
18112985,저 87인데 윤석열 나이로 38입니다.,id:sanapati,2025-12-31 19:18:18,8,8,5,2025-12-31 19:18:58,2025-12-31 20:05:58,0.6666666666666666,2.091666666666667,0.625
18115080,무섭네요... 미국이 저래버리면 다른나라의,id:iskoke,2026-01-03 20:14:26,8,8,5,2026-01-03 20:15:41,2026-01-04 04:17:59,1.25,4.366666666666667,0.625
18131397,"조선) 거침없는 재판? 거친 재판?… 이진관 판사, 유죄 예단 논란도 ㅋㅋㅋㅋ",id:fantak,2026-01-22 07:37:28,8,8,5,2026-01-22 07:38:02,2026-01-22 07:59:41,0.5666666666666667,4.491666666666667,0.625
18146834,"회의 끝나고 정청래·이성윤 붙잡은 황명선 ""전준철 대변인이냐""",id:naco16,2026-02-09 12:02:22,8,8,5,2026-02-09 12:03:13,2026-02-09 12:18:17,0.85,3.275,0.625
18149122,싸줄서 쎄함이 다수의견이 되면 100% 인듯,id:PhDinssajul,2026-02-10 22:28:24,8,8,5,2026-02-10 22:29:47,2026-02-10 22:59:20,1.3833333333333333,2.975,0.625
18159682,선택 잘못 했었다고 자책하실 필요 없습니다.,id:lfcthismeans,2026-02-23 15:09:27,8,8,5,2026-02-23 15:10:21,2026-02-23 15:39:49,0.9,4.283333333333333,0.625
18161023,그러고보니 나 추미애후보 지지했구나..,id:say1673,2026-02-25 01:01:56,8,7,5,2026-02-25 01:02:49,2026-02-25 07:04:40,0.8833333333333333,4.208333333333334,0.625
18162523,"[단독] 코로나19 백신 오염·오접종 논란⋯시민단체 ""문재인·정은경 서울경찰청에 고발""",id:snap23,2026-02-26 18:08:37,8,8,5,2026-02-26 18:09:06,2026-02-26 18:56:54,0.48333333333333334,3.3833333333333333,0.625
18172254,이재명이 개혁은 논외로 하고 잘한 부분이 뭐가 있는지 의심되기 시작함,id:xxvxx,2026-03-07 13:37:08,8,7,5,2026-03-07 13:38:12,2026-03-07 15:00:05,1.0666666666666667,4.108333333333333,0.625
18175187,‘이재명이 일은 잘한다’ 프레임은 상당히 효과적이였던듯,id:xxvxx,2026-03-09 19:38:48,8,8,5,2026-03-09 19:39:31,2026-03-09 20:18:12,0.7166666666666667,2.8083333333333336,0.625
18177163,딴지나 다모잉이나 아직 흐린눈 존나함 ㅋㅋ,id:simbae1,2026-03-11 11:27:15,8,8,5,2026-03-11 11:28:20,2026-03-11 11:40:42,1.0833333333333333,3.65,0.625
18182960,털보 여조에서 나와버림,id:kokomong,2026-03-16 09:27:01,8,8,5,2026-03-16 09:28:33,2026-03-16 16:37:55,1.5333333333333334,3.625,0.625
18183212,국힘 공관위 부산 박형준 컷오프 주진우 단수공천 주장한듯,id:pearson19,2026-03-16 12:53:49,8,8,5,2026-03-16 12:54:16,2026-03-16 13:33:15,0.45,2.341666666666667,0.625
18183615,"곧 ""국민의힘이라고 다 나쁜 사람들은 아니지 않나?"" 등장할 듯 ㅋ",id:ninety5mph,2026-03-16 18:13:27,8,8,5,2026-03-16 18:14:00,2026-03-16 18:21:15,0.55,2.65,0.625
18188792,"낙지 ""이재명 공소취소 임박.. 죄는 용서해도 취소할 수는 없다. 그게 세상 상식""",id:rukk7812,2026-03-20 13:36:39,8,8,5,2026-03-20 13:38:04,2026-03-20 13:59:56,1.4166666666666667,3.9916666666666667,0.625
18107875,pic) 출정식으로 보는 민주당 최고위원 후보 5인.jpg,id:naco16,2025-12-26 18:07:34,9,9,5,2025-12-26 18:08:44,2026-01-09 10:18:30,1.1666666666666667,3.5166666666666666,0.5555555555555556
18123722,"결심공판 尹측 ""갈릴레오 갈릴레이, 지구가 돈다고 해서 종교재판""",id:pucrinyesir,2026-01-13 17:37:55,9,9,5,2026-01-13 17:38:17,2026-01-13 17:52:42,0.36666666666666664,3.0166666666666666,0.5555555555555556
18132181,"요즘 잇박류애들 보면, 정청래나 조국이 대선 나가면 이준석 찍을 듯",id:ninety5mph,2026-01-22 22:34:36,9,9,5,2026-01-22 22:35:09,2026-01-22 23:29:25,0.55,4.783333333333333,0.5555555555555556
18149245,이번 일을 계기로 정청래는 대권 주자로 갈듯,id:gerrard88,2026-02-10 23:42:37,9,9,5,2026-02-10 23:44:00,2026-02-11 00:06:07,1.3833333333333333,3.2333333333333334,0.5555555555555556
18149473,"[속보] 조국 ""연대·통합 추진 준비위 구성 與 제안에 동의""",id:fantak,2026-02-11 09:14:29,9,9,5,2026-02-11 09:14:49,2026-02-11 09:29:25,0.3333333333333333,4.65,0.5555555555555556
18150598,전 어제 매불쇼 방송으로 최욱에게 정 떨어지는 부분이,id:edh2och,2026-02-12 08:46:37,9,9,5,2026-02-12 08:48:16,2026-02-12 09:23:34,1.65,4.016666666666667,0.5555555555555556
18161205,속보 : 민주당 '그' 모임 당공식기구 화 확정,id:ehsaksk,2026-02-25 10:33:57,9,9,5,2026-02-25 10:34:08,2026-02-25 11:19:50,0.18333333333333332,4.383333333333334,0.5555555555555556
18165397,문재인은 왜 검찰 개혁 실패했는데 욕 안 먹냐니 ㅋㅋㅋㅋ,id:bundes1,2026-03-01 19:53:31,9,9,5,2026-03-01 19:55:08,2026-03-01 20:05:56,1.6166666666666667,3.55,0.5555555555555556
18166460,이재명 욕먹는 이유가 뭔가요?,id:Mb8282,2026-03-02 17:18:42,9,9,5,2026-03-02 17:19:47,2026-03-02 17:28:18,1.0833333333333333,2.8833333333333333,0.5555555555555556
18168897,Pic) 이병태가 만난 민주당 의원들,id:hyeok497,2026-03-04 19:29:38,9,9,5,2026-03-04 19:31:09,2026-03-04 19:56:00,1.5166666666666666,4.516666666666667,0.5555555555555556
18170721,"???: ""문재인은 세종 리더십, 나는 태종 리더십""",id:solution78,2026-03-05 22:46:34,9,9,5,2026-03-05 22:47:48,2026-03-05 23:43:53,1.2333333333333334,2.716666666666667,0.5555555555555556
18173980,잘몰라서 여쭤보는데 이재명 대통령이 저렇게 해서 얻는 이득이 뭔가요,id:childpicture,2026-03-08 20:00:14,9,9,5,2026-03-08 20:00:41,2026-03-08 20:45:15,0.45,3.8666666666666667,0.5555555555555556
18177227,김어준 뉴스공장에 고정이었던 김준일 ㅋ,id:fantak,2026-03-11 12:09:49,9,9,5,2026-03-11 12:10:14,2026-03-11 13:38:32,0.4166666666666667,2.683333333333333,0.5555555555555556
18179026,"박시영tv, 민주당 내부에서 정부안 수정중이라는데",id:oasiticjoo19,2026-03-12 21:07:00,9,9,5,2026-03-12 21:08:00,2026-03-13 04:33:20,1.0,2.1666666666666665,0.5555555555555556
18132920,"[속보]이해찬 전 총리, 베트남 출장 중 건강악화…한때 심정지",id:kyoijjoo,2026-01-23 21:37:26,10,10,5,2026-01-23 21:38:04,2026-01-23 23:00:54,0.6333333333333333,5.15,0.5
18144673,대구는 40대도 국힘 지지세가 강하던데,id:6830,2026-02-06 21:57:16,10,10,5,2026-02-06 21:58:05,2026-02-06 22:35:45,0.8166666666666667,7.016666666666667,0.5
18158819,이재명 대통령 공소취소 모임 내일 출범식‥與 104명 참여,id:bulbol,2026-02-22 22:43:44,10,10,5,2026-02-22 22:45:16,2026-02-22 23:36:32,1.5333333333333334,5.341666666666667,0.5
18169249,끝까지 흐린 눈 하는 멍청한 커뮤 여러군데인가요?,id:sc1984,2026-03-05 00:25:43,10,10,5,2026-03-05 00:26:23,2026-03-05 01:15:46,0.6666666666666666,4.949999999999999,0.5
18179370,[속보] 이정현 국민의힘 공천관리위원장 전격 사퇴,id:fantak,2026-03-13 09:50:31,10,10,5,2026-03-13 09:51:28,2026-03-13 17:56:37,0.95,5.7,0.5
18179558,이재명은 언론개혁의 필요성 못 느끼는듯,id:blue123,2026-03-13 12:41:02,10,10,5,2026-03-13 12:41:58,2026-03-13 12:55:34,0.9333333333333333,4.483333333333333,0.5
18191022,"""유시민 작가 '뉴 이재명 발언' 실망스럽다"" 김병욱 전 더불어민주당 의원",id:bulbol,2026-03-22 17:53:48,10,10,5,2026-03-22 17:56:10,2026-03-22 18:44:37,2.3666666666666667,6.616666666666666,0.5
18197227,여초 중심으로 유시민작가 공격프레임 잡고있나보네요,id:cokabel,2026-03-29 14:26:40,10,10,5,2026-03-29 14:27:39,2026-03-29 16:49:50,0.9833333333333333,5.341666666666667,0.5
18208508,문재인과 이재명으로 갈라지길 원하는 건 뉴재명만이 아니에여,id:impactx84,2026-04-11 17:51:22,10,10,5,2026-04-11 17:52:32,2026-04-11 18:31:27,1.1666666666666667,4.666666666666666,0.5
18217557,Pic) 민주당 도의원 후보,id:hyeok497,2026-04-21 18:19:35,10,10,5,2026-04-21 18:20:45,2026-04-21 19:01:12,1.1666666666666667,6.891666666666667,0.5
18123771,얼마전 이동형네 애들 보고 혀끝을 찬 발언 하나,id:Mkisduchang,2026-01-13 18:14:55,11,11,5,2026-01-13 18:16:50,2026-01-13 18:41:18,1.9166666666666667,6.816666666666666,0.45454545454545453
18129497,"송언석 ""야당 대표 단식 외면하고 출마, 우상호 정상 아냐""",id:niwoong1,2026-01-20 13:28:37,11,11,5,2026-01-20 13:30:51,2026-01-20 14:36:27,2.2333333333333334,6.366666666666666,0.45454545454545453
18146140,한준호 sns (feat.감성 충만),id:solution78,2026-02-08 18:44:06,11,11,5,2026-02-08 18:45:37,2026-02-08 19:46:42,1.5166666666666666,5.95,0.45454545454545453
18153812,근데 문재인까는 진짜 이유가 뭐임?,id:dosa0705,2026-02-16 19:04:05,11,9,5,2026-02-16 19:04:54,2026-02-16 19:38:51,0.8166666666666667,8.083333333333334,0.45454545454545453
18154015,싸커라인 정치 분석이 거의 맞아요,id:hodoeel,2026-02-16 21:28:07,11,11,5,2026-02-16 21:29:06,2026-02-17 05:09:55,0.9833333333333333,5.933333333333334,0.45454545454545453
18164429,"영길이 페북 ""윤어게인을 넘어서 뉴이재명으로"" ㅋㅋㅋㅋㅋ",id:rukk7812,2026-02-28 20:57:03,11,11,5,2026-02-28 20:58:07,2026-02-28 23:17:00,1.0666666666666667,6.866666666666666,0.45454545454545453
18146817,노영희는 겸공에서 또 논지 흐리는 식으로 얘기하는데 듣기 역하네요,id:xxvxx,2026-02-09 11:43:40,12,12,5,2026-02-09 11:44:20,2026-02-09 12:17:32,0.6666666666666666,10.916666666666668,0.4166666666666667
18150227,국민의힘에서 당무개입 물지를 않네요?,id:ManU01,2026-02-11 19:14:59,12,12,5,2026-02-11 19:15:45,2026-02-11 21:31:46,0.7666666666666667,6.883333333333334,0.4166666666666667
18160072,Pic) 문재인 “오창석 후보를 간절한 마음으로 응원합니다”,id:hyeok497,2026-02-23 23:24:32,12,12,5,2026-02-23 23:25:24,2026-02-24 01:42:13,0.8666666666666667,7.324999999999999,0.4166666666666667
18168876,박은정 의원 인스타,id:cytokine1234,2026-03-04 19:01:15,12,11,5,2026-03-04 19:02:11,2026-03-04 19:21:26,0.9333333333333333,7.425000000000001,0.4166666666666667
18177665,이재명의 목적은 행정효율의 극대화에 있는것 같음,id:twinpeaks1,2026-03-11 18:57:04,12,11,5,2026-03-11 18:57:28,2026-03-11 19:26:04,0.4,10.166666666666668,0.4166666666666667
18214131,전재수·박형준 지지율 격차 급감…부산 ‘샤이 보수’ 결집,id:bulbol,2026-04-17 20:48:41,12,12,5,2026-04-17 20:49:04,2026-04-17 22:09:41,0.38333333333333336,8.166666666666668,0.4166666666666667
18111005,이재명 대통령의 선택은 그냥 통치행위라고 볼래요.,id:liking83,2025-12-29 23:07:26,13,13,5,2025-12-29 23:10:11,2025-12-31 10:58:38,2.75,6.533333333333333,0.38461538461538464
18189001,혓바닥 길어진 민새,id:thuyu,2026-03-20 17:12:57,13,13,5,2026-03-20 17:13:30,2026-03-20 17:48:51,0.55,8.016666666666667,0.38461538461538464
18124698,pic) 어딘가 이상한 한동훈 ㅋㅋㅋ,id:cho1250,2026-01-14 16:11:53,14,14,5,2026-01-14 16:12:12,2026-01-14 23:49:41,0.31666666666666665,16.8,0.35714285714285715
18154503,"李대통령 ""제대로 된 세상이 간절한 소원…전력 질주만 남아""",id:tkrhdgus1,2026-02-17 15:01:13,14,14,5,2026-02-17 15:02:16,2026-02-17 15:52:08,1.05,8.183333333333334,0.35714285714285715
18176755,우상호: 대통령이 까라면 까라 좀,id:kim2pac,2026-03-10 23:55:14,14,14,5,2026-03-10 23:57:18,2026-03-11 07:44:37,2.066666666666667,7.074999999999999,0.35714285714285715
18209436,“민주당 안돼” 시민 말에 “돌아이구나” 논란… 양승조 “내란세력 지지로 느껴” 해명,id:bulbol,2026-04-12 19:20:33,14,14,5,2026-04-12 19:22:46,2026-04-12 19:55:48,2.216666666666667,12.016666666666666,0.35714285714285715
18159229,"[속보] 조희대 “사법 3법, 80년 사법부 근간 바꾸는 일”",id:pucrinyesir,2026-02-23 10:18:12,15,15,5,2026-02-23 10:20:12,2026-02-23 10:45:55,2.0,7.266666666666667,0.3333333333333333
18223847,정민철 X(구.트위터) 팔로우한 이재명.jpg,id:yo821281,2026-04-29 14:46:26,15,15,5,2026-04-29 14:47:07,2026-04-29 16:02:40,0.6833333333333333,6.733333333333333,0.3333333333333333
18132322,"pic) ""이재명은 친중, 한국은 베네수엘라""…미국 정부에 개입 요청한...",id:fantak,2026-01-23 08:49:39,16,16,5,2026-01-23 08:51:15,2026-01-23 16:23:28,1.6,8.208333333333334,0.3125
18140884,"배우 임동진 "" 이재명 체포해야한다 이해찬악마 드디어 죽엇다""",id:jj1211,2026-02-02 15:48:17,16,16,5,2026-02-02 15:48:46,2026-02-03 11:33:53,0.48333333333333334,24.358333333333334,0.3125
18147450,뉴스하이킥에 장윤선이 나와서,id:life13579,2026-02-09 21:15:35,17,17,5,2026-02-09 21:17:35,2026-02-10 04:28:00,2.0,7.85,0.29411764705882354
18149419,형님들 무슨 일이 있어도 민주당 탈당은 하시면 아니 되옵니다…,id:hanlobby,2026-02-11 08:04:47,17,17,5,2026-02-11 08:05:11,2026-02-11 08:55:14,0.4,6.666666666666667,0.29411764705882354
18160814,"김민석 “黨, 대통령과 차별화해선 성공 불가능”",id:Ibisevic,2026-02-24 20:55:29,18,18,5,2026-02-24 20:56:12,2026-02-24 21:33:22,0.7166666666666667,11.333333333333334,0.2777777777777778
18121960,벌써 대통령 흔드는 모습들이 보이네요,id:dbsupers,2026-01-12 11:12:11,21,21,5,2026-01-12 11:13:59,2026-01-13 05:59:35,1.8,7.616666666666666,0.23809523809523808
18129549,Pic)국가별 한국 이미지에 긍정적인 영향을 준 한국인 TOP5,id:regions,2026-01-20 14:57:18,21,21,5,2026-01-20 14:58:12,2026-01-22 13:18:13,0.9,26.333333333333332,0.23809523809523808
18107742,"나경원 ""낙선한 뒤 천정궁 구경삼아 방문…한학자와 차 한 잔 마신 적도 없다""",id:regions,2025-12-26 15:57:53,22,22,5,2025-12-26 15:58:05,2025-12-27 18:33:36,0.2,10.666666666666668,0.22727272727272727
18131503,"[속보]정청래, 조국혁신당에 “우리와 합치자” 제안",id:summernight,2026-01-22 09:59:54,23,23,5,2026-01-22 10:02:05,2026-01-22 14:22:19,2.183333333333333,12.166666666666666,0.21739130434782608
18113449,유승민 “‘이재명입니다’ 문자에 답 안해…총리직 제안 거절”,id:bulbol,2026-01-01 10:50:48,24,24,5,2026-01-01 10:53:07,2026-01-02 20:42:00,2.316666666666667,69.875,0.20833333333333334
18205431,펌) 정원오 박시영 티비에서 최근 논란들 해명,id:rukk7812,2026-04-07 22:38:03,27,27,5,2026-04-07 22:39:16,2026-04-09 07:18:26,1.2166666666666666,34.6,0.18518518518518517
18191213,전우용이 이재명이 검찰개혁 어그로 끈 건 계략이었다는데,id:LJM1389,2026-03-22 21:49:06,32,29,5,2026-03-22 21:49:46,2026-03-24 08:49:56,0.6666666666666666,15.991666666666667,0.15625
18194958,pic) 이재명 sns2,id:summernight,2026-03-27 11:24:01,32,32,5,2026-03-27 11:25:29,2026-03-28 16:29:46,1.4666666666666666,268.29166666666663,0.15625
18101500,"윤석열 사단'에 펄쩍 뛴 한동훈...""윤이 업어 키워? 개똥 소리""",id:jj1211,2025-12-17 18:54:21,4,4,4,2025-12-17 18:54:49,2025-12-17 18:57:48,0.4666666666666667,1.8833333333333333,1.0
18104971,좀 집안 침뱉기 얘기긴 한데 제 동생이 4찍임..ㅋㅋㅋㅋㅋ,id:rukk7812,2025-12-22 19:15:30,4,4,4,2025-12-22 19:16:45,2025-12-22 19:19:20,1.25,3.1333333333333333,1.0
18109320,이재명 대통령 믿어봅시다,id:impactx84,2025-12-28 15:43:29,4,4,4,2025-12-28 15:44:27,2025-12-28 15:46:27,0.9666666666666667,1.2416666666666667,1.0
18110108,이재명 대통령이 이런 인사를 해버리면 국민들은 뭐가 됩니까,id:enckdtlqkf,2025-12-29 08:45:03,4,4,4,2025-12-29 08:47:00,2025-12-29 08:49:47,1.95,2.6416666666666666,1.0
18110132,그러면 저는 궁금한게요,id:ok2id,2025-12-29 09:26:15,4,4,4,2025-12-29 09:28:16,2025-12-29 09:30:45,2.0166666666666666,3.325,1.0
18110199,(기사) 기레기가 클래스가 다르긴하네여,id:kenochanTR,2025-12-29 10:31:08,4,4,4,2025-12-29 10:31:29,2025-12-29 10:33:07,0.35,0.75,1.0
18122318,국무회의든 뭐든 대통령 입으로 한 번 설명은 하고 가야할듯,id:kim2pac,2026-01-12 15:53:25,4,4,4,2026-01-12 15:55:03,2026-01-12 15:58:17,1.6333333333333333,2.033333333333333,1.0
18122356,한병도 “중수청·공소청법 당정 이견? 전혀 없어”,id:solution78,2026-01-12 16:40:41,4,4,4,2026-01-12 16:41:49,2026-01-12 16:45:02,1.1333333333333333,3.6916666666666664,1.0
18123917,檢개혁추진단 자문위원 6인 사퇴키로…중수청·공소청법 후폭풍,id:bulbol,2026-01-13 20:35:13,4,4,4,2026-01-13 20:36:08,2026-01-13 20:38:30,0.9166666666666666,2.2583333333333333,1.0
18136973,"(속보) 특검 ""김건희 1심 판결 법리적·상식적 납득 어려워…항소 예정""",id:kenochanTR,2026-01-28 16:11:42,4,4,4,2026-01-28 16:12:18,2026-01-28 16:12:58,0.6,1.0166666666666666,1.0
18137879,"[속보] 오세훈 ""'한동훈 제명' 장동혁 자격 없어…즉각 물러나라""",id:snap23,2026-01-29 15:24:04,4,4,4,2026-01-29 15:25:28,2026-01-29 15:28:42,1.4,2.3,1.0
18138697,"정권의 성공, 실패여부가 그렇게 중요한가",id:flamans1,2026-01-30 16:59:45,4,4,4,2026-01-30 17:02:00,2026-01-30 17:03:27,2.25,3.2333333333333334,1.0
18141073,내일 부터 민주당 모 의원발로 유시민옹 비판 메시지 나올겁니다.,id:lfcthismeans,2026-02-02 19:33:09,4,4,4,2026-02-02 19:34:46,2026-02-02 19:35:19,1.6166666666666667,1.875,1.0
18141233,문제는 지금 검찰을 저리 오냐오냐해도 퇴임 후에 쟤들이 안칠까? 라는 거,id:ninety5mph,2026-02-02 21:10:04,4,4,4,2026-02-02 21:10:25,2026-02-02 21:13:16,0.35,2.166666666666667,1.0
18142716,한준호는 그냥 잘생긴 한동훈이네,id:lj0608,2026-02-04 15:35:25,4,4,4,2026-02-04 15:36:14,2026-02-04 15:38:33,0.8166666666666667,2.033333333333333,1.0
18147062,조국혁신당은 호남 지역에라도 다 공천해야합니다.,id:alfatini,2026-02-09 16:07:58,4,4,4,2026-02-09 16:09:57,2026-02-09 16:12:43,1.9833333333333334,2.7666666666666666,1.0
18147405,개혁 안 하겠다는 냄새를 계속 피우는데 딱히 때릴 이유가 없죠,id:ejirall,2026-02-09 20:35:41,4,4,4,2026-02-09 20:36:23,2026-02-09 20:39:19,0.7,1.8,1.0
18147441,???: 내가 노무현 대통령을 보면서 타석지석으로 배운 게 있다.,id:solution78,2026-02-09 21:07:51,4,4,4,2026-02-09 21:08:11,2026-02-09 21:11:56,0.3333333333333333,1.975,1.0
18147712,김건희 특검검사들 실력보면 겁나 형편없던데 왜 검사가 수사 잘한다 하는지 모르겠음,id:yally1010,2026-02-10 09:55:28,4,4,4,2026-02-10 09:56:27,2026-02-10 10:00:14,0.9833333333333333,3.1416666666666666,1.0
18148093,합당안하고 조국혁신당이 후보내면 호남빼고 지선 다 뺏길텐데,id:leoperiseus,2026-02-10 14:39:26,4,4,4,2026-02-10 14:40:41,2026-02-10 14:43:33,1.25,2.3,1.0
18148416,당무개입 오피셜에 총리는 당대표 집단린치 주동자 ㅋㅋㅋㅋㅋㅋㅋ,id:xxvxx,2026-02-10 19:04:30,4,4,4,2026-02-10 19:05:02,2026-02-10 19:08:25,0.5333333333333333,1.6666666666666667,1.0
18148866,한준호는 방송켜서 홍익표 vs 이재명 누구 잘못인지 여론조사 실시하기를,id:horizon,2026-02-10 20:59:20,4,4,4,2026-02-10 21:00:36,2026-02-10 21:02:51,1.2666666666666666,2.4416666666666664,1.0
18148873,이재명도 당까지 컨트롤할려는게 존나 웃기네 진짜,id:FeelingGood,2026-02-10 21:02:31,4,4,4,2026-02-10 21:03:13,2026-02-10 21:04:27,0.7,1.2916666666666665,1.0
18149188,이재명의 의중' 단어 자체가 이재명 쉴드로 보일 여지가 있습니다,id:gum0510,2026-02-10 23:08:08,4,4,4,2026-02-10 23:10:09,2026-02-10 23:11:27,2.0166666666666666,2.7,1.0
18151817,송영길 무죄 기자회견 보니까 김상욱 엄청 좋아하네요 ㅋㅋㅋ,id:rukk7812,2026-02-13 13:09:20,4,3,4,2026-02-13 13:10:10,2026-02-13 13:12:17,0.8333333333333334,2.025,1.0
18153877,황현필 영상 봤는데 ㅋㅋㅋㅋ 문재인이 이재명 지지를 안했다는 뉘앙스 그건 뭐임??,id:kokomong,2026-02-16 19:56:01,4,4,4,2026-02-16 19:57:10,2026-02-16 19:59:11,1.15,2.1333333333333333,1.0
18154054,뉴이재명 생길수도 있죠 뭐,id:mnyj,2026-02-16 22:03:27,4,4,4,2026-02-16 22:04:26,2026-02-16 22:05:22,0.9833333333333333,1.3666666666666667,1.0
18154537,"문통탓에 윤됐다기에는, 조국대표 고초 겪을때 총선은 압승함",id:jeep126,2026-02-17 15:40:24,4,4,4,2026-02-17 15:43:22,2026-02-17 15:44:32,2.966666666666667,4.074999999999999,1.0
18156457,이제 윤석열 이혼 당할 듯,id:leed7584,2026-02-19 16:23:12,4,4,4,2026-02-19 16:24:01,2026-02-19 16:27:15,0.8166666666666667,2.425,1.0
18158625,사실 총리가 혼자 전국 돌면서 국정설명회라는거 하는 것도 웃긴거임,id:stynerkn,2026-02-22 18:51:05,4,4,4,2026-02-22 18:51:32,2026-02-22 18:56:05,0.45,1.575,1.0
18160362,"이 대통령 ""정부에 맞서지 말라""… 부동산 투기 재차 경고",id:naco16,2026-02-24 11:57:50,4,4,4,2026-02-24 11:58:43,2026-02-24 12:02:43,0.8833333333333333,3.466666666666667,1.0
18160950,연임 문제는 지지자들이 띄우고 있던데 불가능,id:bulbol,2026-02-24 23:36:48,4,4,4,2026-02-24 23:38:07,2026-02-24 23:39:53,1.3166666666666667,2.341666666666667,1.0
18161158,최강욱 의원이 그러더군요. 이유가 뭐가 됐든간에 어쨌건 시간만 끌면 결국 검찰 승리다,id:horizon,2026-02-25 09:46:01,4,4,4,2026-02-25 09:47:00,2026-02-25 09:49:58,0.9833333333333333,2.966666666666667,1.0
18166924,Pic) 이병태 “문재인 치매”,id:hyeok497,2026-03-02 23:15:54,4,4,4,2026-03-02 23:16:12,2026-03-02 23:17:37,0.3,0.75,1.0
18170074,임기말에 아주 볼만할듯 투배럭 검찰한테 개털리는 정부 볼듯,id:kokomong,2026-03-05 16:52:54,4,4,4,2026-03-05 16:53:27,2026-03-05 16:54:46,0.55,1.0166666666666666,1.0
18170147,차라리 이재명씨 본인 쫄따구들 데리고 탈당해주세요...,id:tjfghksss,2026-03-05 17:22:48,4,4,4,2026-03-05 17:24:11,2026-03-05 17:26:38,1.3833333333333333,2.9,1.0
18170394,가끔은 정치무관심층한테만 보이는 것도 있나보네요,id:againstwin80,2026-03-05 20:26:48,4,4,4,2026-03-05 20:27:06,2026-03-05 20:30:49,0.3,2.725,1.0
18172163,다음 총선 공천도 이재명이 하겠군요,id:dlawls,2026-03-07 12:12:20,4,4,4,2026-03-07 12:13:43,2026-03-07 12:14:45,1.3833333333333333,1.9083333333333332,1.0
18172274,전 김어준이든 이동형이든 남천동이든 뭐 이런 정치 방송 자체를 안 봐서,id:rukk7812,2026-03-07 14:02:46,4,4,4,2026-03-07 14:04:35,2026-03-07 14:06:17,1.8166666666666667,2.5416666666666665,1.0
18172851,검찰개혁법은 이번만이 문제가 아님,id:bulbol,2026-03-07 22:19:44,4,4,4,2026-03-07 22:20:38,2026-03-07 22:22:20,0.9,1.7333333333333334,1.0
18172888,대선후보일 때는 검찰개혁 해야 되고 대통령일 때는 안해야 하고,id:Tenhag,2026-03-07 22:32:16,4,4,4,2026-03-07 22:33:14,2026-03-07 22:34:47,0.9666666666666667,1.7916666666666667,1.0
18173051,근데 이재명 트위터글 뭘 말하고 싶은건지 전혀 모르겠음ㅋㅋ,id:gerrard88,2026-03-07 23:36:08,4,4,4,2026-03-07 23:36:33,2026-03-07 23:39:05,0.4166666666666667,1.55,1.0
18173376,지금 이재명 믿어야한다는 사람중에 이병태 까는사람 단 한명도 못봄,id:lovedavich,2026-03-08 11:05:17,4,3,4,2026-03-08 11:06:39,2026-03-08 11:08:46,1.3666666666666667,1.8166666666666667,1.0
18174930,문통때 개혁막은게 이낙연만은 아닌거구만,id:yally1010,2026-03-09 15:35:28,4,4,4,2026-03-09 15:36:25,2026-03-09 15:38:10,0.95,1.9583333333333333,1.0
18176272,정치성향 안맞으면 연애가 힘들긴 함.,id:malwool,2026-03-10 17:15:29,4,4,4,2026-03-10 17:16:10,2026-03-10 17:16:44,0.6833333333333333,1.125,1.0
18177441,최욱: 민주당 어떤 의원들이 이런 논의 자체를 봉쇄하고 있다,id:yo821281,2026-03-11 16:00:01,4,3,4,2026-03-11 16:00:59,2026-03-11 16:03:05,0.9666666666666667,2.0,1.0
18177842,"이재명, 너무 없이 자라서, 한국 기득권에 대해",id:jeffkent,2026-03-11 20:49:32,4,4,4,2026-03-11 20:50:06,2026-03-11 20:52:54,0.5666666666666667,1.475,1.0
18177848,근데 공소취소는 이제 물건너 갔네요,id:bulbol,2026-03-11 20:54:05,4,4,4,2026-03-11 20:55:03,2026-03-11 20:56:10,0.9666666666666667,1.7999999999999998,1.0
18177958,이재명이 이동형에게 또 징징댔나,id:FeelingGood,2026-03-11 22:26:19,4,4,4,2026-03-11 22:26:35,2026-03-11 22:30:56,0.26666666666666666,2.716666666666667,1.0
18182476,민주당 지지자들 한테도 분명히 보복 할것인데,id:mcraky,2026-03-15 23:23:24,4,4,4,2026-03-15 23:24:04,2026-03-15 23:27:55,0.6666666666666666,1.2833333333333332,1.0
18183381,민주당 애들은 자체 여조도 안돌리나,id:tjfghksss,2026-03-16 15:34:01,4,4,4,2026-03-16 15:35:25,2026-03-16 15:38:27,1.4,3.775,1.0
18183788,아직 4년 2개월 15일 남았음,id:leoperiseus,2026-03-16 21:12:16,4,4,4,2026-03-16 21:14:02,2026-03-16 21:16:04,1.7666666666666666,2.658333333333333,1.0
18184168,그래서 검찰개혁 민주당안 위주로 가는겁니까?,id:DKisKing,2026-03-17 09:44:11,4,4,4,2026-03-17 09:44:31,2026-03-17 09:45:48,0.3333333333333333,1.1749999999999998,1.0
18184215,YTB) 오늘 민주당 발표가 믿기 힘든 이유...,id:wind1123,2026-03-17 10:18:05,4,4,4,2026-03-17 10:19:02,2026-03-17 10:21:28,0.95,1.225,1.0
18184650,보니까 이재명이 여론 시끄러워지는 걸 굉장히 싫어하는 느낌,id:ejirall,2026-03-17 16:03:47,4,4,4,2026-03-17 16:04:58,2026-03-17 16:05:39,1.1833333333333333,1.7583333333333333,1.0
18185651,희안하게 식근론에 문재인 치매발언에 세월호 모욕까지 한놈을 높은자리 앉힌거에 대해선,id:kiriman,2026-03-18 11:05:15,4,4,4,2026-03-18 11:06:23,2026-03-18 11:07:47,1.1333333333333333,1.2166666666666668,1.0
18185818,흔한 래퍼토리 나왔네요 문재인 정부 실패한거 맞지 않냐?,id:KINGBATI,2026-03-18 12:53:11,4,4,4,2026-03-18 12:53:22,2026-03-18 12:55:18,0.18333333333333332,1.3583333333333334,1.0
18189311,이재명이 대놓고 정원오 픽한거 너무 양아치짓 아님?,id:luna7742,2026-03-20 22:49:03,4,4,4,2026-03-20 22:49:29,2026-03-20 22:52:16,0.43333333333333335,1.2583333333333333,1.0
18189317,이재명 비토하는 글들에 “이재명 파이팅” 이딴 댓글만 쓰며 사람들 긁으려다가,id:xxvxx,2026-03-20 22:53:55,4,4,4,2026-03-20 22:54:47,2026-03-20 22:56:34,0.8666666666666667,2.4916666666666667,1.0
18189337,역겨운게 ㅈ같은 인선에 대해서는 반박 하나도 못하고,id:adnanjanuzaj,2026-03-20 23:01:23,4,4,4,2026-03-20 23:02:04,2026-03-20 23:05:09,0.6833333333333333,1.9,1.0
18191824,정원오가 되어야 하는 당위는 단 하나뿐이죠 오세훈 막기,id:rukk7812,2026-03-23 16:05:52,4,4,4,2026-03-23 16:07:42,2026-03-23 16:08:44,1.8333333333333333,2.2583333333333333,1.0
18195012,스포츠 스타에 처음 실망했던게 이만기..,id:rukk7812,2026-03-27 12:43:18,4,4,4,2026-03-27 12:44:20,2026-03-27 12:45:42,1.0333333333333334,1.8833333333333333,1.0
18197921,[pic] 민주당 서울 현장 최고위 다녀왔는데…,id:hanlobby,2026-03-30 12:16:11,4,4,4,2026-03-30 12:16:44,2026-03-30 12:20:16,0.55,3.7416666666666667,1.0
18205384,[단독] 민주당 ‘李 마케팅 자제령’ 반전… 靑이 우려 전달,id:traum0105,2026-04-07 21:39:06,4,4,4,2026-04-07 21:39:48,2026-04-07 21:43:41,0.7,3.275,1.0
18208232,이병태같은 친일파를 등용하면 권력이 강화되나?,id:sanapati,2026-04-11 14:41:45,4,4,4,2026-04-11 14:43:35,2026-04-11 14:46:04,1.8333333333333333,2.625,1.0
18208680,mbc뉴스 잼 트윗 보도하네요,id:hypeboy,2026-04-11 20:19:07,4,4,4,2026-04-11 20:20:29,2026-04-11 20:22:46,1.3666666666666667,2.675,1.0
18227815,난 솔직히 김용남 공천이 최악 오브 최악임,id:kokomong,2026-05-04 15:28:28,4,4,4,2026-05-04 15:28:54,2026-05-04 15:30:51,0.43333333333333335,1.7833333333333332,1.0
18109922,박지원 의원이 잘된 인사라 했네요,id:yun9h1,2025-12-28 23:15:52,5,5,4,2025-12-28 23:16:29,2025-12-29 02:26:55,0.6166666666666667,2.5833333333333335,0.8
18110965,뉴스 밀려서 보니깐 내가알던 민주당이 맞나 싶음,id:kokomong,2025-12-29 22:33:33,5,5,4,2025-12-29 22:34:31,2025-12-29 22:41:47,0.9666666666666667,2.566666666666667,0.8
18111425,이재명 대통령이 표얻으려고 쇼한거라는 말 유행입니까??,id:Webhead,2025-12-30 12:18:56,5,5,4,2025-12-30 12:19:42,2025-12-30 12:23:57,0.7666666666666667,3.85,0.8
18117190,"與 원내대표 출마' 박정, 김병기 엄호?… ""억울한 측면 있을 것""",id:naco16,2026-01-06 11:49:17,5,5,4,2026-01-06 11:50:30,2026-01-06 11:58:33,1.2166666666666666,3.183333333333333,0.8
18122054,"민주당, 정청래 열외도 오늘까지임",id:bulbol,2026-01-12 12:11:58,5,5,4,2026-01-12 12:13:15,2026-01-12 12:24:34,1.2833333333333334,3.25,0.8
18123154,개인적으로 문재인 대통령 리스펙할만한 부분이,id:horsedongh,2026-01-13 10:28:41,5,5,4,2026-01-13 10:29:17,2026-01-13 10:34:49,0.6,3.7333333333333334,0.8
18124938,대통령 보고 무슨 생각이 드냐면 혹시 정청래도 달라질까? 에요..,id:gum0510,2026-01-14 21:01:53,5,4,4,2026-01-14 21:02:56,2026-01-14 21:10:32,1.05,2.0833333333333335,0.8
18128924,"pic)단식 5일차 장동혁 당대표 ""점차 한계가 오고 있다""",id:vincent85,2026-01-19 17:34:28,5,5,4,2026-01-19 17:34:46,2026-01-19 17:54:52,0.3,2.183333333333333,0.8
18130002,"[단독] 검찰, ‘서해 피살’ 감사원 기록 끝까지 재판부에 제출 안 해",id:bulbol,2026-01-20 22:35:48,5,5,4,2026-01-20 22:37:01,2026-01-20 22:52:05,1.2166666666666666,2.9,0.8
18130426,이재명대통령 검찰개혁 답변 말미에,id:ggum0205,2026-01-21 12:15:40,5,5,4,2026-01-21 12:16:33,2026-01-21 12:20:41,0.8833333333333333,1.9333333333333333,0.8
18131299,잇싸분들 이재명식 검찰 개혁 하면 정권 망해요,id:solution78,2026-01-21 23:55:06,5,5,4,2026-01-21 23:56:25,2026-01-22 00:03:02,1.3166666666666667,3.7333333333333334,0.8
18131856,근데 민주당 내부적으로 합당에 대한 의견수렴은 했어야 맞는 거 아닌지,id:megacoffee25,2026-01-22 15:57:03,5,5,4,2026-01-22 15:58:15,2026-01-22 16:02:26,1.2,2.3333333333333335,0.8
18133541,요즘 더쿠 페미들 민주당 인사들 얘기하는거 보면 진짜 경약하실겁니다 ㅋㅋ,id:stynerkn,2026-01-24 18:39:19,5,5,4,2026-01-24 18:41:19,2026-01-24 18:44:35,2.0,4.433333333333334,0.8
18136618,회사 2찍색기 주식으로 돈벌었다고 싱글벙글 하는거 소름이네,id:FeelingGood,2026-01-28 14:14:01,5,5,4,2026-01-28 14:14:21,2026-01-28 14:19:06,0.3333333333333333,2.183333333333333,0.8
18141081,"이언주 “정청래, 합당 일방 추진은 ‘배임’…기업도 ‘CEO 재신임’ 평가”",id:naco16,2026-02-02 19:36:24,5,5,4,2026-02-02 19:37:19,2026-02-02 19:44:20,0.9166666666666666,1.35,0.8
18141153,검찰개혁 못하면 일어날 수 있는 최악의 상황은,id:addedtime,2026-02-02 20:14:28,5,5,4,2026-02-02 20:15:14,2026-02-02 20:25:57,0.7666666666666667,3.2333333333333334,0.8
18144056,1주일전에 대구 갔다왔는데 택시기사가 이재명 대통령 욕을 겁나 하더군요.,id:Yeste,2026-02-06 10:16:17,5,5,4,2026-02-06 10:17:50,2026-02-06 10:26:36,1.55,1.9833333333333334,0.8
18144515,뇌피셜) 이재명 대통령과 정청래 당대표간 합의가 있지 않았을까?,id:eiskzm,2026-02-06 19:24:06,5,5,4,2026-02-06 19:25:35,2026-02-06 19:47:52,1.4833333333333334,4.016666666666667,0.8
18145870,김민석은 이대로면 진짜 이낙연 재탕 될 것 같은데요.,id:ninety5mph,2026-02-08 13:50:18,5,5,4,2026-02-08 13:51:06,2026-02-08 14:04:35,0.8,3.7,0.8
18145918,대통령부터 지지자들을 너무 우습게 본겁니다,id:todfndl12,2026-02-08 14:34:54,5,5,4,2026-02-08 14:37:02,2026-02-08 14:55:05,2.1333333333333333,2.683333333333333,0.8
18145930,민주당관련 거의 모든 쇼츠 민주당관련 거의 모든 유튜브 방송국에서,id:modern21,2026-02-08 14:46:06,5,4,4,2026-02-08 14:46:43,2026-02-08 14:51:38,0.6166666666666667,2.4833333333333334,0.8
18146069,제가 쓴 논란의 글은 삭제 했습니다.,id:cytokine1234,2026-02-08 17:44:52,5,5,4,2026-02-08 17:46:48,2026-02-08 17:49:58,1.9333333333333333,3.033333333333333,0.8
18147148,요새 싸줄에서 이재명 여론이 안좋군요 ㄷㄷ,id:fngosrkdl1,2026-02-09 17:52:11,5,5,4,2026-02-09 17:52:58,2026-02-09 18:22:59,0.7833333333333333,1.7666666666666666,0.8
18147365,정말 제대로 된 대통령이 관료들을 '질타'하는 방법,id:horizon,2026-02-09 19:57:43,5,4,4,2026-02-09 19:58:35,2026-02-09 20:03:31,0.8666666666666667,4.183333333333334,0.8
18148984,자칭 이재명 지자자라면 강득구 페북을 통해 깨달아야 하는 사실,id:bulbol,2026-02-10 21:30:45,5,5,4,2026-02-10 21:31:08,2026-02-10 21:40:41,0.38333333333333336,2.216666666666667,0.8
18149227,아 그리고 정봉주가 생각나네요,id:zxcvbnm00765,2026-02-10 23:32:45,5,5,4,2026-02-10 23:33:42,2026-02-10 23:38:27,0.95,3.933333333333333,0.8
18149413,김어준김건희건은 열린공감만이 아니라,id:impactx84,2026-02-11 07:55:08,5,5,4,2026-02-11 07:56:07,2026-02-11 08:13:44,0.9833333333333333,1.1166666666666667,0.8
18150603,오창석은 진짜 갈 데까지 갔네요,id:kim2pac,2026-02-12 08:54:23,5,5,4,2026-02-12 08:55:17,2026-02-12 09:01:12,0.9,3.216666666666667,0.8
18152520,뉴손가혁들은 선을 아득히 넘네요 ㅋㅋ,id:asha7270,2026-02-14 12:58:34,5,5,4,2026-02-14 12:59:17,2026-02-14 13:11:25,0.7166666666666667,2.066666666666667,0.8
18153597,온갖 진보언론에서 뉴이재명 뛰우기에 집중하네요,id:asha7270,2026-02-16 14:10:20,5,5,4,2026-02-16 14:11:43,2026-02-16 14:20:57,1.3833333333333333,2.216666666666667,0.8
18153882,이미 청와대에서 시그널 줬기 때문에 앞으로 점점 더 심해질거임,id:todfndl12,2026-02-16 20:01:57,5,5,4,2026-02-16 20:03:17,2026-02-16 20:11:57,1.3333333333333333,2.433333333333333,0.8
18156540,지금 판사들이 단체로 저러는게 민주당 사법개혁법안들에대한 반발로,id:modern21,2026-02-19 17:25:35,5,5,4,2026-02-19 17:26:27,2026-02-19 17:45:58,0.8666666666666667,3.5166666666666666,0.8
18159377,"청래형, 대통령을 보지말고 당원을, 국민을 봐야 합니다.",id:bluepillz,2026-02-23 11:55:36,5,5,4,2026-02-23 11:57:29,2026-02-23 12:09:30,1.8833333333333333,2.5833333333333335,0.8
18160035,문통은 공소취소 안해주나요?,id:malwool,2026-02-23 22:26:00,5,4,4,2026-02-23 22:27:17,2026-02-23 22:31:41,1.2833333333333334,3.1333333333333333,0.8
18160317,싸줄 옛날에는 이재명에 대한 믿음 확고했음,id:FeelingGood,2026-02-24 11:08:34,5,5,4,2026-02-24 11:10:02,2026-02-24 11:18:46,1.4666666666666666,3.933333333333333,0.8
18160835,근데 국무총리는 정치적 중립 지켜야하지 않나요,id:veratis,2026-02-24 21:23:34,5,5,4,2026-02-24 21:25:01,2026-02-24 21:40:54,1.45,2.3,0.8
18166321,[pic] 이병태 -> 이재명 진영 합류 과정에서 더 웃겼던 포인트 알려드릴까요??,id:stynerkn,2026-03-02 16:13:21,5,5,4,2026-03-02 16:14:04,2026-03-02 16:22:00,0.7166666666666667,2.4833333333333334,0.8
18166421,대변인 씹새도 존나 빡치는게,id:lfcthismeans,2026-03-02 16:55:26,5,5,4,2026-03-02 16:56:27,2026-03-02 17:01:28,1.0166666666666666,2.35,0.8
18166966,이재명은 대통령되기전에는 분명히 국민이 납득못하면 설명한다고했는데,id:typoonj2,2026-03-02 23:41:50,5,5,4,2026-03-02 23:42:50,2026-03-02 23:47:23,1.0,3.2,0.8
18170843,진짜 짝수충 같은데?,id:sounited13,2026-03-05 23:50:42,5,5,4,2026-03-05 23:51:20,2026-03-06 02:22:32,0.6333333333333333,3.25,0.8
18170845,"이재명 “검찰 인사, 성향 아닌 능력, 정치 보복 안돼”",id:solution78,2026-03-05 23:51:09,5,5,4,2026-03-05 23:51:49,2026-03-06 00:04:18,0.6666666666666666,1.1,0.8
18173187,정청래는 딴지 10년 눈팅 글 1500번 썼다고 하는 인간이라 지금 상황 모를리가 없음,id:zero080,2026-03-08 01:38:08,5,5,4,2026-03-08 01:40:14,2026-03-08 01:44:13,2.1,4.016666666666667,0.8
18174377,이재명이 간밤에 SNS를 했네요,id:raistlin1,2026-03-09 08:29:34,5,5,4,2026-03-09 08:30:48,2026-03-09 08:54:53,1.2333333333333334,3.75,0.8
18174881,장인수: 지금 검사들의 속내는 니네 한번 보자,id:yo821281,2026-03-09 14:48:32,5,5,4,2026-03-09 14:50:43,2026-03-09 14:56:30,2.183333333333333,3.85,0.8
18174989,근데 진짜 그분 댓글의 90프로 이상이,id:FeelingGood,2026-03-09 16:41:18,5,5,4,2026-03-09 16:42:31,2026-03-09 16:53:20,1.2166666666666666,1.8166666666666667,0.8
18175171,(펌) 김용민 의원이 전한 민주당내 분위기를 보면 역겹고 토나오고 절망적이네요,id:zero080,2026-03-09 19:27:52,5,5,4,2026-03-09 19:29:59,2026-03-09 19:38:13,2.1166666666666667,3.1,0.8
18175816,공취모 뜻이 이재명 뜻인건 쉽게 유추 가능함,id:bulbol,2026-03-10 11:00:19,5,5,4,2026-03-10 11:01:05,2026-03-10 11:10:58,0.7666666666666667,3.2,0.8
18177215,잼두창이 검찰개혁 의지가 없다는걸 천명하니 악개들도 논리가 바뀜,id:xxvxx,2026-03-11 12:01:42,5,5,4,2026-03-11 12:02:20,2026-03-11 12:08:24,0.6333333333333333,2.183333333333333,0.8
18178674,저는 딱히 이재명 대통령 지지율 떨어질거라 생각안했음,id:impactx84,2026-03-12 15:37:10,5,5,4,2026-03-12 15:37:42,2026-03-12 15:54:51,0.5333333333333333,2.85,0.8
18178746,너무 불행회로 돌리는건지 몰라도 다음 대선 또 정권 넘어 갈 수 있을듯..,id:BlackEyes23,2026-03-12 16:34:07,5,5,4,2026-03-12 16:35:32,2026-03-12 16:41:36,1.4166666666666667,4.6,0.8
18180888,카우치사건 욕하면서 여대생 앞에서 바지벗은건 왜 쉴드침?,id:yally1010,2026-03-14 17:29:05,5,5,4,2026-03-14 17:29:41,2026-03-14 18:07:06,0.6,0.85,0.8
18183438,이재명 X보니까 교묘하게 중요한건 다빼버렸네요?,id:typoonj2,2026-03-16 16:19:39,5,5,4,2026-03-16 16:20:28,2026-03-16 16:28:00,0.8166666666666667,3.8833333333333333,0.8
18183507,이재명 지지안하는 수준이 아니라 안티가 되었네요,id:yally1010,2026-03-16 16:58:40,5,5,4,2026-03-16 16:59:29,2026-03-16 18:25:43,0.8166666666666667,1.7333333333333334,0.8
18183603,"이재명 정권이 얼마나 똥이냐면 두창이, 건희 아무도 신경 안씀",id:Volvo,2026-03-16 18:02:16,5,5,4,2026-03-16 18:03:38,2026-03-16 18:22:59,1.3666666666666667,1.9,0.8
18183636,조만간 ㅋㅋㅋㅋㅋ 국민의힘이 계엄했습니까? 윤석열이 했죠 하면서,id:kokomong,2026-03-16 18:27:49,5,5,4,2026-03-16 18:28:35,2026-03-16 18:35:46,0.7666666666666667,3.6666666666666665,0.8
18184070,정청래가 영웅되는법,id:ManU01,2026-03-17 08:52:44,5,5,4,2026-03-17 08:53:31,2026-03-17 08:59:55,0.7833333333333333,3.05,0.8
18184155,저는 이제 흥미로운건 박찬대 김우영 등이 김어준을 향해 뱉은 말들임,id:impactx84,2026-03-17 09:37:48,5,5,4,2026-03-17 09:40:11,2026-03-17 09:46:39,2.3833333333333333,2.6333333333333333,0.8
18184494,박은정 의원 sns지금 봤는데,id:htht709,2026-03-17 14:06:39,5,5,4,2026-03-17 14:07:50,2026-03-17 14:20:11,1.1833333333333333,2.1666666666666665,0.8
18185111,근데 뭔 이재명이 검찰개혁한것마냥 빨아주는건 좀 빡치네요,id:htht709,2026-03-17 21:47:54,5,5,4,2026-03-17 21:48:50,2026-03-17 22:39:26,0.9333333333333333,2.1333333333333333,0.8
18185371,잼마을: 대통령님 거부권 쓰세요,id:rukk7812,2026-03-18 07:47:13,5,5,4,2026-03-18 07:47:46,2026-03-18 07:55:28,0.55,1.8,0.8
18185527,더쿠는 정상이 아닌 사이트 같죠,id:whddlqlgodrl,2026-03-18 09:41:04,5,5,4,2026-03-18 09:42:22,2026-03-18 09:48:16,1.3,1.9833333333333334,0.8
18187235,"조국 ""李 정부, 인기 좋아도 3년.. 그 안에 개혁 완수해야 역사 남는 지도자 될 것""",id:umamusume,2026-03-19 10:45:15,5,5,4,2026-03-19 10:46:05,2026-03-19 10:51:53,0.8333333333333334,1.7833333333333334,0.8
18187778,"가만 보면 뉴재명 애들 중 절반은 두창이 찍었고, 절반은 무관심층이었던거 같음",id:rukk7812,2026-03-19 18:23:30,5,5,4,2026-03-19 18:24:30,2026-03-19 18:32:48,1.0,1.8666666666666667,0.8
18194225,ㅋㅋㅋ 임은정이 말하는 내부반응이 봉욱 민정수석이 대선배니까 검사들이 기대했다고,id:rukk7812,2026-03-26 13:50:53,5,5,4,2026-03-26 13:52:31,2026-03-26 14:03:09,1.6333333333333333,3.466666666666667,0.8
18203980,부동산이 오르는 이유는 간단합니다,id:soccerlineid,2026-04-06 11:28:16,5,5,4,2026-04-06 11:30:19,2026-04-06 11:44:41,2.05,3.7666666666666666,0.8
18207965,이재명 러우전쟁 초반에도 젤렌스키 비하했다가 논란이 있었음,id:luna7742,2026-04-11 10:53:37,5,5,4,2026-04-11 10:54:01,2026-04-11 11:02:04,0.4,1.5166666666666666,0.8
18208484,미운털 박히면 답 없는거임 근데 과거가 구리면 더 그렇지. 믿음에 배신으로 화답한 업보는,id:Volvo,2026-04-11 17:30:12,5,5,4,2026-04-11 17:30:55,2026-04-11 17:36:37,0.7166666666666667,1.7833333333333334,0.8
18213949,jpg) 이재명 악개들은 이재명이 세월호 기억식 간걸로도 난리치네,id:bugfix,2026-04-17 17:48:10,5,5,4,2026-04-17 17:48:56,2026-04-17 19:25:21,0.7666666666666667,2.0833333333333335,0.8
18227841,이재명이 그렇게 잘하는 트윗질 좀 꼭 해줬으면 하는 사건,id:horizon,2026-05-04 15:59:17,5,5,4,2026-05-04 16:00:22,2026-05-04 16:08:44,1.0833333333333333,1.75,0.8
18109592,??: 전정부 부채를 윤석열 정부가 기적에 가까울 정도로 줄여,id:traum0105,2025-12-28 19:20:23,6,6,4,2025-12-28 19:20:56,2025-12-28 19:48:19,0.55,2.683333333333333,0.6666666666666666
18110138,봉지욱 기자 유튜브 보니 이혜훈이 이중간첩롤이라나 ㅋㅋㅋ,id:horsedongh,2025-12-29 09:35:25,6,6,4,2025-12-29 09:36:14,2025-12-29 11:40:30,0.8166666666666667,2.7,0.6666666666666666
18111388,이혜훈 가지고 뭘 파시즘 소리를.....,id:spurt9,2025-12-30 11:52:49,6,6,4,2025-12-30 11:54:39,2025-12-30 12:00:02,1.8333333333333333,4.25,0.6666666666666666
18115740,하바리 유튜버들에게 뇌를 의탁하는 이유가 궁금,id:bulbol,2026-01-04 18:59:23,6,6,4,2026-01-04 19:00:23,2026-01-04 20:00:06,1.0,2.525,0.6666666666666666
18124931,정성호가 왜 이재명 정부의 검찰은 다르다고 했는지 몰랐는데,id:bulbol,2026-01-14 20:55:54,6,6,4,2026-01-14 20:56:41,2026-01-14 21:01:23,0.7833333333333333,3.5500000000000003,0.6666666666666666
18131812,신인규 또 뇌피셜을 ㅋㅋ,id:kohs98,2026-01-22 15:07:43,6,6,4,2026-01-22 15:09:00,2026-01-22 15:49:10,1.2833333333333334,3.125,0.6666666666666666
18138981,gif) 한동훈 기자회견장 마빡이,id:pearson19,2026-01-30 22:44:30,6,6,4,2026-01-30 22:45:21,2026-01-30 23:28:31,0.85,3.8499999999999996,0.6666666666666666
18141169,검찰 개혁 안하고 경제도 못 살리고 부동산도 실패하면,id:novacane,2026-02-02 20:26:18,6,6,4,2026-02-02 20:27:47,2026-02-02 20:48:29,1.4833333333333334,2.533333333333333,0.6666666666666666
18146078,여기서 합당 나가리 되면 정청래도 위험해진 단계 같습니다..,id:gum0510,2026-02-08 17:49:58,6,6,4,2026-02-08 17:50:44,2026-02-08 17:55:23,0.7666666666666667,3.4833333333333334,0.6666666666666666
18146148,요즘 보몀 이재명 스피커들 죄다 이재명 신으로 취급함.,id:HONG43,2026-02-08 18:54:32,6,6,4,2026-02-08 18:55:57,2026-02-08 19:43:49,1.4166666666666667,2.3166666666666664,0.6666666666666666
18146264,알바인지 신천지인지.. 이재명 악마화 졸라 무서움,id:ttkwnffj,2026-02-08 20:53:29,6,5,4,2026-02-08 20:55:54,2026-02-08 21:42:42,2.4166666666666665,4.366666666666667,0.6666666666666666
18149742,청와대 관계자발 기사가 왜 자꾸 나오죠?,id:thuyu,2026-02-11 12:31:18,6,6,4,2026-02-11 12:31:55,2026-02-11 13:41:06,0.6166666666666667,1.5333333333333334,0.6666666666666666
18150052,제가 보기엔 댓글세력=>뮨파=>위장한 이재명 홍위병으로 진화한 것 같아요..,id:85yang,2026-02-11 16:07:11,6,6,4,2026-02-11 16:08:00,2026-02-11 16:17:28,0.8166666666666667,1.3833333333333333,0.6666666666666666
18150070,전한길 국가보안법으로 걸어보면 재미있을 듯 ㅋㅋ,id:ehdtks9286,2026-02-11 16:22:46,6,6,4,2026-02-11 16:23:26,2026-02-11 21:25:28,0.6666666666666666,3.966666666666667,0.6666666666666666
18150814,친노 친문과 친명 지지자들은 다르다?,id:rararabbon,2026-02-12 12:20:10,6,6,4,2026-02-12 12:21:23,2026-02-12 12:26:33,1.2166666666666666,3.666666666666667,0.6666666666666666
18151150,이번 일로 인하여 오만정이 다떨어짐...,id:v1004ses,2026-02-12 16:36:18,6,6,4,2026-02-12 16:38:05,2026-02-13 07:03:49,1.7833333333333334,4.333333333333333,0.6666666666666666
18151201,황희두는 민주당부터 조져주세요,id:chakagesalja,2026-02-12 17:37:53,6,6,4,2026-02-12 17:40:12,2026-02-12 17:43:47,2.316666666666667,3.8666666666666663,0.6666666666666666
18151690,문재인이 인물은 인물이다,id:impactx84,2026-02-13 10:42:40,6,6,4,2026-02-13 10:43:16,2026-02-13 10:54:30,0.6,3.5,0.6666666666666666
18154529,당원들 개무시하는데 ㅋㅋ 지금 민주당원들 정치 관심만 20년 가진 사람들입니다ㅋㅋㅋ,id:colacup,2026-02-17 15:32:34,6,6,4,2026-02-17 15:33:47,2026-02-17 16:04:50,1.2166666666666666,4.183333333333334,0.6666666666666666
18154546,김남국 친노 친문 이젠 필요없어 지금 봤네요 ㅋㅋㅋㅋ,id:rukk7812,2026-02-17 15:56:14,6,6,4,2026-02-17 15:56:47,2026-02-17 18:39:10,0.55,3.65,0.6666666666666666
18155602,내일 좋빠가 형량 예측이나 해봅시다.,id:bulbol,2026-02-18 21:11:10,6,6,4,2026-02-18 21:11:55,2026-02-18 21:37:32,0.75,4.133333333333333,0.6666666666666666
18156482,유투브 댓글보니 지귀연 왜 탄핵안했냐고 정청래 까는 인간들 있네요,id:FeelingGood,2026-02-19 16:43:07,6,6,4,2026-02-19 16:43:42,2026-02-19 19:49:23,0.5833333333333334,3.6,0.6666666666666666
18159331,"다시 보는 글, 이재명 대통령, 정청래 대표에게 “혹시 반명이십니까”",id:bluepillz,2026-02-23 11:28:47,6,6,4,2026-02-23 11:29:04,2026-02-23 11:43:07,0.2833333333333333,2.5,0.6666666666666666
18160441,이재명 총재님 요새 엄청 바쁘시네요,id:hypeboy,2026-02-24 13:34:04,6,6,4,2026-02-24 13:34:35,2026-02-24 14:17:09,0.5166666666666667,2.65,0.6666666666666666
18162429,"""낙하산 안된다"" 못박은 정청래...與 ""지선 전략공천 최소화""",id:naco16,2026-02-26 16:06:25,6,6,4,2026-02-26 16:07:03,2026-02-26 16:12:47,0.6333333333333333,1.4666666666666668,0.6666666666666666
18163406,대통령 살던 집 사자' 이재명 대통령 분당 아파트 29억에 계약 체결,id:hanlobby,2026-02-27 18:21:50,6,6,4,2026-02-27 18:24:36,2026-02-27 18:35:17,2.7666666666666666,4.658333333333333,0.6666666666666666
18163855,검찰개혁은 지선이후로 할거 같네요,id:coood7824,2026-02-28 11:45:59,6,6,4,2026-02-28 11:46:43,2026-02-28 11:55:01,0.7333333333333333,3.2333333333333334,0.6666666666666666
18165983,이재명 탄압 받았다 발언은 송영길이 시작했죠,id:impactx84,2026-03-02 11:18:05,6,6,4,2026-03-02 11:18:59,2026-03-02 13:03:24,0.9,2.3249999999999997,0.6666666666666666
18173184,민주당 커뮤 오지게 이재명한테 가스라이팅 당한 듯,id:juventus82,2026-03-08 01:34:44,6,5,4,2026-03-08 01:36:30,2026-03-08 06:01:08,1.7666666666666666,3.833333333333333,0.6666666666666666
18174668,이언주 패륜적 페북에 대해 비판도 안나옴,id:bulbol,2026-03-09 11:52:09,6,6,4,2026-03-09 11:55:00,2026-03-09 12:04:45,2.85,3.7666666666666666,0.6666666666666666
18174850,정원오 예비후보의 지지 여부를 고민하는 분들을 위한 몇가지 사실,id:bluepillz,2026-03-09 14:18:22,6,6,4,2026-03-09 14:19:02,2026-03-09 14:40:25,0.6666666666666666,3.875,0.6666666666666666
18175326,이재명 정부는 그냥 이거임 야 주가올려 그러면 다 용서되 이거 하나임,id:kokomong,2026-03-09 22:02:56,6,6,4,2026-03-09 22:04:04,2026-03-09 22:13:37,1.1333333333333333,2.533333333333333,0.6666666666666666
18177084,민주당도 ㅂㅅ 같은게 시야가 넘 좁아요,id:hjsa2004,2026-03-11 10:21:34,6,6,4,2026-03-11 10:22:50,2026-03-11 10:51:09,1.2666666666666666,1.4083333333333332,0.6666666666666666
18177284,정원오 웃긴 인간인 게..,id:cytokine1234,2026-03-11 12:55:11,6,6,4,2026-03-11 12:55:56,2026-03-11 13:25:49,0.75,2.0416666666666665,0.6666666666666666
18177290,이재명은 검찰개혁 관련해서 칼춤출줄알았는데,id:dt4evamore,2026-03-11 13:00:52,6,6,4,2026-03-11 13:01:08,2026-03-11 13:11:23,0.26666666666666666,1.3916666666666666,0.6666666666666666
18178047,쇼츠) 이재명 최고조로 후빨하던 김경호,id:jeffkent,2026-03-11 23:54:37,6,6,4,2026-03-11 23:55:48,2026-03-12 00:06:29,1.1833333333333333,3.1833333333333336,0.6666666666666666
18179115,이건 말도 안되는 시나리오긴 한데 이재명 민주당 탈당 하고 내란의당 입당 해버리면,id:cydia14,2026-03-12 22:17:20,6,6,4,2026-03-12 22:18:06,2026-03-12 23:48:16,0.7666666666666667,2.8583333333333334,0.6666666666666666
18179626,"부동산으로 난리치는 기사, 환율로 다구리치는 기사가 없네요",id:dlawls,2026-03-13 13:39:26,6,6,4,2026-03-13 13:40:17,2026-03-13 13:57:49,0.85,2.3166666666666664,0.6666666666666666
18179887,민주당 개새끼들,id:novacane,2026-03-13 17:40:51,6,6,4,2026-03-13 17:41:12,2026-03-13 18:11:58,0.35,3.541666666666667,0.6666666666666666
18179972,홍익표 : 뉴이재명은 스윙보터,id:Ibisevic,2026-03-13 18:36:51,6,6,4,2026-03-13 18:38:59,2026-03-13 18:50:29,2.1333333333333333,3.5083333333333333,0.6666666666666666
18180580,검찰개혁 안할거면 애초에 대통령으로 안 뽑았다,id:bookae1,2026-03-14 11:54:52,6,6,4,2026-03-14 11:56:15,2026-03-14 12:36:30,1.3833333333333333,2.5,0.6666666666666666
18181222,일침충 막타충들도 차마 안티백서 글에는 못 나타나네,id:lfcthismeans,2026-03-14 22:26:29,6,6,4,2026-03-14 22:27:35,2026-03-14 22:45:50,1.1,3.375,0.6666666666666666
18182570,암울한건 싸줄에서만 뜨겁지 많은 국민들은 관심이 적어보임,id:zkdltmffks,2026-03-16 00:04:50,6,6,4,2026-03-16 00:05:34,2026-03-16 00:13:10,0.7333333333333333,3.541666666666667,0.6666666666666666
18185423,"욕 먹을 수 있는데, 정청래랑 김어준이 저 정도까지 하면..",id:qhdtlsdl,2026-03-18 08:21:03,6,6,4,2026-03-18 08:22:11,2026-03-18 08:29:42,1.1333333333333333,2.575,0.6666666666666666
18185553,정잘알 김하늘의 김어준 문재인 정청래에 대한 평가,id:impactx84,2026-03-18 09:58:50,6,6,4,2026-03-18 10:00:35,2026-03-18 10:47:36,1.75,3.408333333333333,0.6666666666666666
18185668,어제의 결과에 그냥 웃어볼랍니다,id:rea1me,2026-03-18 11:11:08,6,6,4,2026-03-18 11:12:11,2026-03-18 11:37:45,1.05,2.6416666666666666,0.6666666666666666
18189681,이재명은 대체 친윤검찰 봉욱은 왜 끼고 있나요,id:dlawls,2026-03-21 11:33:35,6,6,4,2026-03-21 11:34:12,2026-03-21 11:49:27,0.6166666666666667,2.216666666666667,0.6666666666666666
18195382,다시 보니까 오창석이 도대체 뭐 때문에 공천까지 받았는지 신기하네요,id:rukk7812,2026-03-27 21:36:35,6,6,4,2026-03-27 21:37:33,2026-03-27 22:00:31,0.9666666666666667,2.1166666666666667,0.6666666666666666
18197828,두부 주십쇼. 두부….,id:Grassland,2026-03-30 10:05:05,6,6,4,2026-03-30 10:06:06,2026-03-30 10:40:57,1.0166666666666666,4.558333333333334,0.6666666666666666
18206554,pic) 정원오 ㅋㅋㅋ원팀위해 참고있다고하네요 ㅋㅋㅋㅋㅋㅋㅋ,id:radioshot1,2026-04-09 10:13:18,6,6,4,2026-04-09 10:14:25,2026-04-09 18:42:00,1.1166666666666667,1.8916666666666666,0.6666666666666666
18224438,이재명 대통령 행보보면 파이 먹는데 혈안 되어있는듯요,id:tjdgh09123,2026-04-30 11:30:24,6,6,4,2026-04-30 11:31:57,2026-04-30 11:43:25,1.55,2.7249999999999996,0.6666666666666666
18227814,"조국, 윤석열 탄핵사태때도 느꼈지만 언변과 정치력이 상당하네요,.",id:englfish,2026-05-04 15:28:25,6,6,4,2026-05-04 15:29:18,2026-05-04 16:12:11,0.8833333333333333,3.7750000000000004,0.6666666666666666
18102543,"정청래 “대법원 예규, 언제든 없앨 수 있어…사법개혁 그대로 추진",id:naco16,2025-12-19 12:10:00,7,7,4,2025-12-19 12:10:55,2025-12-19 12:56:36,0.9166666666666666,2.9166666666666665,0.5714285714285714
18111013,자꾸 문통 데려오면서 윤석열 이야기 하면 어떻게 되는지 압니까?,id:dleoduq10004,2025-12-29 23:16:42,7,7,4,2025-12-29 23:18:27,2025-12-29 23:42:52,1.75,3.716666666666667,0.5714285714285714
18117361,"이준석 ""한동훈 키보드 워리어로 전락.. 나랑 상대 안 돼""",id:pucrinyesir,2026-01-06 15:17:03,7,7,4,2026-01-06 15:18:37,2026-01-06 15:33:03,1.5666666666666667,4.75,0.5714285714285714
18128447,미국놈들 뉴발란스 할배 신발이라고 하든 말든,id:icarus4301,2026-01-19 00:08:28,7,7,4,2026-01-19 00:09:07,2026-01-19 01:00:39,0.65,3.0166666666666666,0.5714285714285714
18128897,"무인기 대학원생', 정보사령부 지원받아 '군 공작용 위장 회사' 운영 정황",id:ehdtks9286,2026-01-19 16:57:57,7,7,4,2026-01-19 16:59:10,2026-01-19 19:23:43,1.2166666666666666,3.433333333333333,0.5714285714285714
18135716,사실 남천동은 이재명 당선 이후 볼 가치가 없었는데 역시나?,id:gum0510,2026-01-27 12:39:12,7,7,4,2026-01-27 12:40:21,2026-01-27 13:19:31,1.15,4.75,0.5714285714285714
18143355,지난 내란의 밤. 이재명 당시 당 대표는 국회담을 넘어 한준호 의원실로 갑니다.,id:kaizennf,2026-02-05 11:18:55,7,7,4,2026-02-05 11:20:10,2026-02-05 11:34:25,1.25,4.916666666666667,0.5714285714285714
18147939,합당 무조건 꼭 해야 하는겁니까?,id:sonhh,2026-02-10 12:55:47,7,7,4,2026-02-10 12:56:45,2026-02-10 13:05:19,0.9666666666666667,1.95,0.5714285714285714
18149253,당대표 선거기간 찬대파 새끼들 정청래 까는 방식,id:soccerfw16,2026-02-10 23:52:59,7,7,4,2026-02-10 23:53:54,2026-02-11 00:37:47,0.9166666666666666,3.1166666666666667,0.5714285714285714
18149682,"박지원 ""민주, 김어준·유시민에 휘둘리지 않아…김민석 당권 표출, 자제를""",id:naco16,2026-02-11 12:00:31,7,7,4,2026-02-11 12:01:30,2026-02-11 12:13:06,0.9833333333333333,4.55,0.5714285714285714
18154760,다소 뻘소리) '뉴...'보다는 '네오...'같은 접두사를 추천하지만... (네오 이재명),id:kaizennf,2026-02-17 19:33:05,7,7,4,2026-02-17 19:35:12,2026-02-17 19:52:42,2.1166666666666667,3.433333333333333,0.5714285714285714
18157210,오창석은 저번 총선서 문통발언도 흐린눈 해줬는데,id:yally1010,2026-02-20 15:44:19,7,7,4,2026-02-20 15:45:26,2026-02-20 16:13:51,1.1166666666666667,4.9,0.5714285714285714
18160388,"[단독] 재명이네 마을 운영자 ""강퇴 정청래, '빨아 쓰자' 했지만 번번이 대통령 발목 잡",id:bulbol,2026-02-24 12:27:55,7,7,4,2026-02-24 12:29:22,2026-02-24 12:53:53,1.45,4.816666666666666,0.5714285714285714
18164455,pic) 국민의힘 청년위원에 mc무현 컨텐츠 라오 임명,id:pearson19,2026-02-28 21:22:08,7,7,4,2026-02-28 21:23:39,2026-02-28 21:53:54,1.5166666666666666,4.683333333333334,0.5714285714285714
18166016,마삼중 sns 하는거 보면 본인의 정치생활과 똑같아요,id:impactx84,2026-03-02 12:00:58,7,7,4,2026-03-02 12:01:28,2026-03-02 13:01:10,0.5,4.3,0.5714285714285714
18166328,Pic) 이혜훈이 낙마당한 이유 나왔네요ㄷㄷ,id:hyeok497,2026-03-02 16:15:53,7,7,4,2026-03-02 16:17:06,2026-03-03 07:35:52,1.2166666666666666,3.9,0.5714285714285714
18170425,상대원동 연설은 진심이긴 했을겁니다.,id:lfcthismeans,2026-03-05 20:52:47,7,7,4,2026-03-05 20:53:42,2026-03-05 21:13:55,0.9166666666666666,1.7666666666666666,0.5714285714285714
18171548,이재명 브랜딩 중 제일 역겨운거,id:cafetango,2026-03-06 17:18:51,7,7,4,2026-03-06 17:19:06,2026-03-06 17:43:49,0.25,4.266666666666667,0.5714285714285714
18171711,그거 아셔야함 조중동이 진짜 조용하다는거,id:Grassland,2026-03-06 20:19:10,7,7,4,2026-03-06 20:19:56,2026-03-06 20:46:55,0.7666666666666667,3.9833333333333334,0.5714285714285714
18172188,"pic) 박태웅 소장 ""이재명 정부가 역사에 죄를 짓지 않기를..""",id:kicheon,2026-03-07 12:38:23,7,6,4,2026-03-07 12:39:26,2026-03-07 19:25:48,1.05,3.466666666666667,0.5714285714285714
18172396,검찰개혁 법안에 대해 민주당 내에서도 목소리가 나오기 시작하네요.,id:makijeon,2026-03-07 16:00:58,7,7,4,2026-03-07 16:03:29,2026-03-07 16:15:21,2.5166666666666666,4.1,0.5714285714285714
18173126,[pic] 이재명 SNS 다 개같지만 가장 개같은 부분,id:wheotjd1,2026-03-08 00:22:21,7,7,4,2026-03-08 00:22:55,2026-03-08 05:04:16,0.5666666666666667,2.1666666666666665,0.5714285714285714
18175060,[속보] 국민의힘 ‘계엄 사과’ ‘윤석열 절연’ 결의문 작성 합의,id:pucrinyesir,2026-03-09 18:01:36,7,7,4,2026-03-09 18:02:30,2026-03-09 18:21:36,0.9,2.7666666666666666,0.5714285714285714
18175907,조국혁신당이 세력을 더 키우려면 방법이 뭐가 가장 현실적인가요?,id:BlackEyes23,2026-03-10 12:21:21,7,7,4,2026-03-10 12:22:18,2026-03-10 12:38:44,0.95,2.7666666666666666,0.5714285714285714
18179537,이재명 지지도가 높은 이유중 하나는,id:blue123,2026-03-13 12:24:58,7,7,4,2026-03-13 12:26:15,2026-03-13 12:54:53,1.2833333333333334,2.8333333333333335,0.5714285714285714
18180164,이재명이 단체로 무슨 시술이나 약 먹인거 아님?,id:jeffkent,2026-03-13 21:42:59,7,6,4,2026-03-13 21:44:00,2026-03-13 22:06:42,1.0166666666666666,3.45,0.5714285714285714
18180180,문통과 당원들이 어떻게 만든 당인데.. 이재명이 다 망치는구나..,id:hyeok497,2026-03-13 21:53:54,7,7,4,2026-03-13 21:55:42,2026-03-13 22:16:10,1.8,4.883333333333334,0.5714285714285714
18183657,이재명이 김영삼 스타일이라더니 완전 반대인데 ㅋㅋㅋ,id:ninety5mph,2026-03-16 18:41:36,7,7,4,2026-03-16 18:42:56,2026-03-16 20:22:12,1.3333333333333333,2.683333333333333,0.5714285714285714
18183862,Pic) 민주당 마지막 대통령,id:hyeok497,2026-03-16 22:18:52,7,7,4,2026-03-16 22:19:19,2026-03-16 23:05:24,0.45,4.483333333333333,0.5714285714285714
18184581,요즘 싸줄러들 분위기 만큼 저는 이재명 비토는 아님,id:impactx84,2026-03-17 15:15:32,7,7,4,2026-03-17 15:16:03,2026-03-17 17:25:44,0.5166666666666667,3.3666666666666667,0.5714285714285714
18184756,솔직히 정청래 대표 불신하고 욕도 좀 했습니다,id:sexline,2026-03-17 17:40:31,7,7,4,2026-03-17 17:41:10,2026-03-17 18:17:38,0.65,4.266666666666667,0.5714285714285714
18187303,"한준호 “정청래, 김어준 방송 출연, 부적절”…친명계 ‘곱지 않은 시선’",id:rukk7812,2026-03-19 11:24:12,7,7,4,2026-03-19 11:24:28,2026-03-19 11:41:46,0.26666666666666666,2.9166666666666665,0.5714285714285714
18187356,다모앙에서 이재명 비판 했다고 징계 받았었군요.,id:cytokine1234,2026-03-19 12:02:18,7,7,4,2026-03-19 12:03:07,2026-03-19 15:18:41,0.8166666666666667,3.6,0.5714285714285714
18189281,전과 4범 = 이재명,id:donka,2026-03-20 22:22:02,7,6,4,2026-03-20 22:23:03,2026-03-20 22:44:17,1.0166666666666666,3.183333333333333,0.5714285714285714
18192058,"김민석 ""뉴이재명은 미국에선 중도보수, 즉 중도실용주의다""",id:rukk7812,2026-03-23 20:38:56,7,7,4,2026-03-23 20:39:41,2026-03-23 21:04:38,0.75,4.2,0.5714285714285714
18195022,문재인 대통령 진짜 초인임,id:rhcp11,2026-03-27 12:50:49,7,7,4,2026-03-27 12:52:54,2026-03-27 13:38:04,2.0833333333333335,3.9833333333333334,0.5714285714285714
18195048,아래글 관련 어제 유시민이 지적한거,id:bulbol,2026-03-27 13:17:49,7,7,4,2026-03-27 13:18:40,2026-03-27 13:34:53,0.85,4.866666666666666,0.5714285714285714
18210706,이재명 발언은 국힘에서 계속 나오는 소리에 대한 반박으로 볼수도 있죠,id:impactx84,2026-04-14 08:18:08,7,7,4,2026-04-14 08:19:38,2026-04-14 09:15:02,1.5,5.0,0.5714285714285714
18223192,뉴재명들은 하정우 까나 보군요 ㅋㅋ배신자라며 ㅋㅋ,id:bugfix,2026-04-28 20:28:47,7,7,4,2026-04-28 20:29:59,2026-04-28 20:56:29,1.2,4.6,0.5714285714285714
18224417,"김유정 ""조국, 임계치 넘지 말아야… 나도 역공할 것""",id:bulbol,2026-04-30 11:05:49,7,7,4,2026-04-30 11:07:17,2026-04-30 11:26:27,1.4666666666666666,3.8333333333333335,0.5714285714285714
18225357,이해가 안됨... 본인들 성향 맞는 사이트 가면되는건데,id:dleoduq1234,2026-05-01 19:20:38,7,7,4,2026-05-01 19:22:13,2026-05-01 20:26:18,1.5833333333333333,4.15,0.5714285714285714
18228912,총선 때 문통 pk 부정적 영향이 있었음 그건 이재명 실책이죠,id:hypeboy,2026-05-05 20:40:41,7,7,4,2026-05-05 20:42:49,2026-05-05 21:40:07,2.1333333333333333,4.1,0.5714285714285714
18110099,"JTBC) 김병기 부인, 이번엔 구의원들에 지시 정황…텔레그램 대화 내용 보니",id:naco16,2025-12-29 08:33:38,8,8,4,2025-12-29 08:34:11,2025-12-29 09:16:16,0.55,5.741666666666666,0.5
18110986,제가 생각하는 이재명의 가장 큰 문제점은,id:messiya2022,2025-12-29 22:53:54,8,8,4,2025-12-29 22:55:30,2025-12-29 23:18:46,1.6,5.066666666666666,0.5
18113155,아침에 중앙에서도 이혜훈 단독 나옴,id:bulbol,2025-12-31 22:32:50,8,8,4,2025-12-31 22:33:46,2025-12-31 23:11:51,0.9333333333333333,5.5,0.5
18131062,정치 저관여층은 이재명 대통령 호감도가 높은 편이네요,id:joohakmoo,2026-01-21 19:34:01,8,8,4,2026-01-21 19:35:14,2026-01-21 19:57:28,1.2166666666666666,5.25,0.5
18140043,"與, 사법개혁법 설 이후로 순연 검토…비쟁점 민생법안 우선처리",id:bulbol,2026-02-01 16:00:08,8,8,4,2026-02-01 16:02:13,2026-02-01 17:03:43,2.0833333333333335,6.491666666666667,0.5
18141342,이재명의 이번 X(구 트위터)글은 타이밍이 많이 빠르다는 느낌입니다.,id:kaizennf,2026-02-02 22:39:51,8,8,4,2026-02-02 22:41:34,2026-02-03 06:37:15,1.7166666666666666,4.225,0.5
18148355,싸줄 이런적 처음이네요,id:bakjang,2026-02-10 18:06:33,8,8,4,2026-02-10 18:07:41,2026-02-10 18:21:53,1.1333333333333333,5.791666666666666,0.5
18150047,근데 유시민작가가 민주당 먹으려 한다는 개소리는 어디서 나오는거임??,id:lj0608,2026-02-11 16:04:06,8,8,4,2026-02-11 16:04:54,2026-02-11 16:28:04,0.8,4.291666666666667,0.5
18150085,너무 당연한 말인데 검찰개혁만 잘 끝나면 지금처럼 욕먹을 일도 없을 걸요,id:horizon,2026-02-11 16:44:37,8,8,4,2026-02-11 16:46:46,2026-02-11 17:03:48,2.15,5.45,0.5
18154673,뉴이재명 세력의 지선 정당지지 여론조사,id:roe2k,2026-02-17 18:15:08,8,8,4,2026-02-17 18:17:39,2026-02-17 18:43:34,2.5166666666666666,5.366666666666667,0.5
18157289,무기징역 尹 “구국의 결단이지만 국민께 많은 좌절과 고난 겪게 해…깊이 사과”,id:pucrinyesir,2026-02-20 17:31:11,8,8,4,2026-02-20 17:32:00,2026-02-20 18:32:25,0.8166666666666667,8.116666666666667,0.5
18165338,우상호가 밝힌 이재명의 검찰개혁 생각,id:bulbol,2026-03-01 19:15:09,8,8,4,2026-03-01 19:16:00,2026-03-02 02:45:15,0.85,4.125,0.5
18172646,"pic) 노무현,문재인,그리고 당신의 정치 10년 이야기.jpg",id:fantak,2026-03-07 19:52:52,8,8,4,2026-03-07 19:54:05,2026-03-07 20:31:43,1.2166666666666666,5.866666666666667,0.5
18173965,문득 특검 근황이 궁금해서 찾아보니 기가 차네요,id:bulbol,2026-03-08 19:40:29,8,7,4,2026-03-08 19:42:20,2026-03-08 19:59:00,1.85,4.55,0.5
18174933,믿습니까? 믿습니다 현장 ㅋㅋㅋ,id:solution78,2026-03-09 15:38:01,8,8,4,2026-03-09 15:38:27,2026-03-09 17:05:14,0.43333333333333335,5.6,0.5
18175074,"정성호 ""李 정부, 검찰개혁 성과는 역대급.. 내 뜻과 다르다고 반개혁으로",id:yo821281,2026-03-09 18:13:45,8,8,4,2026-03-09 18:14:38,2026-03-09 18:53:36,0.8833333333333333,5.275,0.5
18177278,동창놈은 구청장 나가네요 ㅋㅋㅋ,id:skysay7,2026-03-11 12:49:13,8,8,4,2026-03-11 12:50:16,2026-03-11 13:00:39,1.05,4.916666666666666,0.5
18178595,"정청래 ""뜬금없는 공소취소 거래설…모든 방법 동원 강력 대응""",id:kimpo,2026-03-12 14:18:39,8,8,4,2026-03-12 14:21:07,2026-03-12 22:05:18,2.466666666666667,5.408333333333333,0.5
18178708,문재인이 노재팬을 자초했다?,id:impactx84,2026-03-12 15:57:09,8,7,4,2026-03-12 15:57:52,2026-03-12 16:38:57,0.7166666666666667,7.883333333333334,0.5
18181946,탈당해서 창당할 것으로 보입니다,id:dress7,2026-03-15 19:07:52,8,8,4,2026-03-15 19:09:10,2026-03-15 19:48:32,1.3,4.091666666666667,0.5
18189799,싸줄 영향력 하니깐 저 뉴이재명때 좀 망상 옴,id:impactx84,2026-03-21 13:43:46,8,8,4,2026-03-21 13:44:52,2026-03-21 14:04:33,1.1,4.741666666666667,0.5
18193286,김민석은 진짜 이낙연이랑 비슷하게 가는 듯,id:ninety5mph,2026-03-25 13:32:54,8,8,4,2026-03-25 13:33:16,2026-03-25 14:32:28,0.36666666666666664,4.125,0.5
18193851,조국이 정치적으로 보여준게 없다는 말도 웃기는게,id:bulbol,2026-03-25 23:42:21,8,8,4,2026-03-25 23:43:21,2026-03-26 08:10:19,1.0,5.25,0.5
18194590,이재명이 펨베 인증서 받았네요,id:rukk7812,2026-03-26 21:23:29,8,8,4,2026-03-26 21:24:05,2026-03-26 21:31:44,0.6,5.1499999999999995,0.5
18194969,이재명 sns좀 적당히 했으면,id:radioshot1,2026-03-27 11:35:40,8,8,4,2026-03-27 11:36:23,2026-03-27 11:49:38,0.7166666666666667,3.5833333333333335,0.5
18206913,“넘어가지 말라”는 이 대통령…하정우에 또 ‘러브콜’ 보낸 정청래,id:rukk7812,2026-04-09 18:19:35,8,8,4,2026-04-09 18:20:37,2026-04-09 18:44:09,1.0333333333333334,6.383333333333334,0.5
18213832,"당장 부동산, 환율 키워드로 기사 검색해보세요.",id:dlawls,2026-04-17 15:20:18,8,7,4,2026-04-17 15:21:20,2026-04-17 17:05:38,1.0333333333333334,5.9,0.5
18223180,"경찰, 문재인·정은경 '백신 부실 관리 의혹' 사건 각하",id:impactx84,2026-04-28 20:09:38,8,8,4,2026-04-28 20:10:21,2026-04-28 20:44:43,0.7166666666666667,3.9583333333333335,0.5
18227974,Pic) 조국 “이재명 정부의 ‘레드팀’ 되겠다”,id:hyeok497,2026-05-04 19:33:05,8,8,4,2026-05-04 19:34:13,2026-05-04 20:31:57,1.1333333333333333,5.975,0.5
18105557,"국힘, 與 '통일교 특검 수용'에 ""야당 탄압 특검은 안돼""",id:pucrinyesir,2025-12-23 14:56:08,9,9,4,2025-12-23 14:56:54,2025-12-23 15:56:31,0.7666666666666667,5.116666666666666,0.4444444444444444
18113825,"[단독] 서해 피격 공무원 유족, 트럼프 美 대통령에 서신… ""정권 따라 뒤집혀""",id:heherald,2026-01-01 20:40:01,9,9,4,2026-01-01 20:41:14,2026-01-02 03:53:20,1.2166666666666666,16.266666666666666,0.4444444444444444
18123730,문재인 대통령 성공한 대통령 아닌가요?,id:bakjang,2026-01-13 17:45:27,9,9,4,2026-01-13 17:46:59,2026-01-13 18:49:53,1.5333333333333334,5.316666666666666,0.4444444444444444
18125357,애초에 대통령 입장이 보완수사권은 줄수 있다는 입장임,id:bulbol,2026-01-15 12:03:02,9,8,4,2026-01-15 12:04:12,2026-01-15 12:33:22,1.1666666666666667,7.2,0.4444444444444444
18136239,이해찬총리가 존경 받는 이유,id:yun9h1,2026-01-27 23:32:59,9,9,4,2026-01-27 23:35:05,2026-01-28 02:00:19,2.1,5.533333333333333,0.4444444444444444
18136961,"국민의힘 새 강령, '건국·반 공산주의·산업화' 들어간다…",id:flamans1,2026-01-28 16:01:15,9,9,4,2026-01-28 16:01:55,2026-01-28 16:41:22,0.6666666666666666,5.183333333333334,0.4444444444444444
18139174,자칭 경제유튜버 슈카 특징,id:xxvxx,2026-01-31 12:09:38,9,9,4,2026-01-31 12:11:29,2026-01-31 12:32:59,1.85,6.333333333333333,0.4444444444444444
18148042,pic)3일전 조선일보 사설,id:bulbol,2026-02-10 13:53:57,9,9,4,2026-02-10 13:54:35,2026-02-10 21:40:47,0.6333333333333333,7.183333333333334,0.4444444444444444
18150678,"[속보] 장동혁, 李대통령 오찬 2시간 앞두고…""참석 여부 다시 논의""",id:fantak,2026-02-12 10:17:30,9,9,4,2026-02-12 10:18:17,2026-02-12 10:40:07,0.7833333333333333,8.316666666666666,0.4444444444444444
18151124,뉴 이재명은 작년에 한겨레에서 분석해서 나온 이재명 지지층의 한갈래입니다,id:impactx84,2026-02-12 16:05:54,9,9,4,2026-02-12 16:07:09,2026-02-12 17:55:26,1.25,6.766666666666667,0.4444444444444444
18154617,뉴이재명 작명 누가 했는지 참 ㅋㅋㅋ,id:fantak,2026-02-17 17:06:11,9,8,4,2026-02-17 17:08:43,2026-02-17 17:55:14,2.533333333333333,5.266666666666667,0.4444444444444444
18161434,울산시장 출마 선언하는 더불어민주당 김상욱 의원,id:god18xx,2026-02-25 14:13:52,9,9,4,2026-02-25 14:14:27,2026-02-25 14:48:17,0.5833333333333334,5.4,0.4444444444444444
18183071,"이 대통령 ""투쟁적 개혁 말고 실용주의적 개혁하자""…초선들에 '집권 여당' 자세 당부",id:bvbreus11,2026-03-16 10:42:39,9,9,4,2026-03-16 10:43:10,2026-03-16 11:04:37,0.5166666666666667,5.316666666666666,0.4444444444444444
18190514,저는 한준호가 B인거 같지는 않음,id:hypeboy,2026-03-22 00:29:18,9,9,4,2026-03-22 00:30:28,2026-03-22 08:17:39,1.1666666666666667,8.916666666666666,0.4444444444444444
18194488,"[르포｜대구 민심] ""언니, 당보고 찍으면 안돼""…""민주당 온다고 살려주겠노""",id:cydia14,2026-03-26 19:44:01,9,9,4,2026-03-26 19:45:40,2026-03-26 20:42:50,1.65,5.766666666666667,0.4444444444444444
18200353,"pic)윤석열, 구속 8개월간 영치금만 12억..李대통령 연봉의 4.6배",id:vincent85,2026-04-01 17:55:01,9,9,4,2026-04-01 17:55:31,2026-04-01 18:18:50,0.5,6.716666666666667,0.4444444444444444
18224416,뉴재명들: 김용남이 민주당 후보인데 조국을 미는건 해당행위다,id:rukk7812,2026-04-30 11:05:29,9,9,4,2026-04-30 11:06:30,2026-04-30 11:45:56,1.0166666666666666,8.016666666666667,0.4444444444444444
18109511,이혜훈건 민주당 반응,id:blue123,2025-12-28 18:17:23,10,10,4,2025-12-28 18:18:52,2025-12-28 22:53:33,1.4833333333333334,12.2,0.4
18125332,"김남준, '중수청 설계 봉욱 역할론'에 ""일부 사실과 다른 부분 있어""",id:bulbol,2026-01-15 11:36:07,10,10,4,2026-01-15 11:38:09,2026-01-15 11:57:11,2.033333333333333,6.875,0.4
18132355,이동형은 상상이상으로 위험요소가 되어버렸어요,id:hodoeel,2026-01-23 09:44:28,10,9,4,2026-01-23 09:45:50,2026-01-23 10:24:19,1.3666666666666667,8.091666666666667,0.4
18134017,"지명철회한건 다행이고 진보유튜버 , 평론가 이 자식들",id:zxcvbnm00765,2026-01-25 14:46:03,10,10,4,2026-01-25 14:46:51,2026-01-25 15:01:03,0.8,6.491666666666667,0.4
18140265,pic) 슈카 2찍들한테도 개쳐맞고 있었군요,id:6830,2026-02-01 21:34:57,10,10,4,2026-02-01 21:35:49,2026-02-02 01:34:10,0.8666666666666667,7.775,0.4
18146810,"조국 ""코스피 5000, 국민 대다수에 닿지 못하면 정치 실패""",id:grit,2026-02-09 11:34:10,10,10,4,2026-02-09 11:35:53,2026-02-09 20:17:09,1.7166666666666666,101.83333333333333,0.4
18160375,민주당은 인천 교통정리 빡셀듯,id:6667sh,2026-02-24 12:14:07,10,10,4,2026-02-24 12:15:39,2026-02-24 12:38:41,1.5333333333333334,5.741666666666667,0.4
18174260,pic) 봉하마을서 눈물 훔친 이재명 “노무현의 꿈 완성하겠다”,id:summernight,2026-03-09 02:51:13,10,10,4,2026-03-09 02:52:19,2026-03-09 10:23:58,1.1,12.175,0.4
18174904,이재명 임기후 깜빵엔딩 기원합니다,id:FeelingGood,2026-03-09 15:11:19,10,9,4,2026-03-09 15:12:54,2026-03-09 16:15:47,1.5833333333333333,15.658333333333335,0.4
18177317,민주당 부대변인,id:bulbol,2026-03-11 13:21:11,10,10,4,2026-03-11 13:23:40,2026-03-11 15:53:34,2.4833333333333334,8.116666666666667,0.4
18178654,(pic) 뉴이재명 블랙리스트 명단,id:deportivo7,2026-03-12 15:15:09,10,10,4,2026-03-12 15:16:04,2026-03-12 15:38:57,0.9166666666666666,7.933333333333334,0.4
18179774,이재명 옆에 책사가 누군진 모르겠는데,id:placebo,2026-03-13 15:30:11,10,10,4,2026-03-13 15:31:14,2026-03-13 16:41:01,1.05,7.525,0.4
18183077,정청래 아쉬운건 맞지만 노통 발언한건 의미있다고 봅니다ㅠㅠ,id:rhcp11,2026-03-16 10:46:08,10,10,4,2026-03-16 10:47:36,2026-03-16 11:57:04,1.4666666666666666,5.966666666666667,0.4
18187210,"삼중이 ""전재수 수사받는데도 자신감 넘치던데 이재명이 뒷배 봐주는거 같다""",id:rukk7812,2026-03-19 10:23:17,10,10,4,2026-03-19 10:25:20,2026-03-19 10:42:43,2.05,6.366666666666667,0.4
18188915,전 국힘 부대변인 신인규 “이 대통령께 사과…조폭연루설 논평 잘못”,id:snap23,2026-03-20 15:33:31,10,10,4,2026-03-20 15:34:05,2026-03-20 16:14:20,0.5666666666666667,7.6416666666666675,0.4
18209953,이재명 이스라엘 발언은 호르무즈해협통과용 같은데요.,id:korea1943,2026-04-13 10:24:10,10,10,4,2026-04-13 10:26:10,2026-04-13 12:30:41,2.0,8.0,0.4
18220396,pic)민주당놈들 정신 못차리네 ㅋㅋ 의원 50명 김용 공천 요구ㅋㅋㅋ,id:bundes1,2026-04-25 14:12:01,10,10,4,2026-04-25 14:12:54,2026-04-25 14:55:27,0.8833333333333333,8.108333333333334,0.4
18222001,대통령 ‘X’만 바라보는 국토부···“부동산 ‘대책’만 있지 ‘정책’이 없다”,id:bulbol,2026-04-27 11:53:21,10,10,4,2026-04-27 11:53:43,2026-04-27 13:31:36,0.36666666666666664,7.15,0.4
18222713,재래식 언론에 1조5천억 정부광고. 문체부 장관 저격하는 봉지욱 기자,id:bugfix,2026-04-28 12:23:03,10,10,4,2026-04-28 12:24:06,2026-04-28 12:39:22,1.05,5.691666666666666,0.4
18104613,축협도 기회는 있었죠,id:FeelingGood,2025-12-22 12:30:37,11,10,4,2025-12-22 12:32:28,2025-12-22 20:25:45,1.85,16.333333333333332,0.36363636363636365
18135844,"이재명 대통령 ""국회 입법 너무 느려‥일할 수가 없다""",id:tkrhdgus1,2026-01-27 15:31:30,11,11,4,2026-01-27 15:32:21,2026-01-27 23:11:46,0.85,9.016666666666667,0.36363636363636365
18116229,"김병기, 제명당하는 일이 있어도 탈당하지 않겠다",id:blue123,2026-01-05 09:42:41,12,12,4,2026-01-05 09:43:44,2026-01-05 09:57:53,1.05,6.916666666666666,0.3333333333333333
18122350,오늘부터 당분간 남천동은 끊어야겠다,id:htht709,2026-01-12 16:33:49,12,12,4,2026-01-12 16:34:14,2026-01-13 06:55:54,0.4166666666666667,8.983333333333334,0.3333333333333333
18158050,pic)뉴이재명은 현상일뿐 싸울이유가 전혀 없다,id:bulbol,2026-02-21 19:08:23,12,12,4,2026-02-21 19:08:55,2026-02-21 19:54:21,0.5333333333333333,10.366666666666667,0.3333333333333333
18197915,광우병 시위 때문에 보수가 되었다는 삼중이 ㅋㅋㅋㅋㅋ,id:rukk7812,2026-03-30 12:06:26,12,12,4,2026-03-30 12:07:54,2026-03-30 23:29:23,1.4666666666666666,11.5,0.3333333333333333
18201266,"李 ""우리 헌법 너무 오래됐다...개헌, 합의 가능한 분야부터""",id:bulbol,2026-04-02 17:20:13,12,12,4,2026-04-02 17:21:31,2026-04-02 18:04:30,1.3,8.433333333333334,0.3333333333333333
18201590,"한준호 라방에서, 오늘 대통령께서 절 따로 소파로 부르셔서 손을 잡고",id:rukk7812,2026-04-02 23:33:20,12,12,4,2026-04-02 23:36:19,2026-04-03 09:56:49,2.9833333333333334,27.275,0.3333333333333333
18205347,더쿠 가보니까 초상집 분위기 제대로네요.,id:rukk7812,2026-04-07 21:05:55,12,12,4,2026-04-07 21:06:42,2026-04-08 04:21:26,0.7833333333333333,6.466666666666667,0.3333333333333333
18161012,이재명 대통령에 대한 부정적 기사나 뉴스를 보신적 있습니까?,id:Zeit0809,2026-02-25 00:31:25,13,13,4,2026-02-25 00:32:07,2026-02-25 07:56:33,0.7,7.2,0.3076923076923077
18179348,최경영 오마이뉴스 칼럼으로 김어준 공격,id:kimdel77,2026-03-13 09:27:38,13,13,4,2026-03-13 09:29:37,2026-03-13 10:21:46,1.9833333333333334,8.133333333333333,0.3076923076923077
18185664,(피드백) 이재명이 이명박이나 윤두창은 아니잖아요,id:bakjang,2026-03-18 11:09:32,13,13,4,2026-03-18 11:11:23,2026-03-18 11:32:43,1.85,6.7,0.3076923076923077
18118954,김용민 말들어보니 검찰개혁 법안 엉망이 되고 있나 봅니다,id:solution78,2026-01-08 16:41:17,14,14,4,2026-01-08 16:43:22,2026-01-08 23:45:06,2.0833333333333335,11.45,0.2857142857142857
18138105,"pic) 슈카 ""윤석열 대통령, 무난히 임기 마치시길 바라겠습니다.""",id:donka,2026-01-29 19:42:32,14,14,4,2026-01-29 19:43:37,2026-01-30 01:36:55,1.0833333333333333,105.125,0.2857142857142857
18155583,[pic] 윤석열 시대 vs 이재명 시대,id:hanlobby,2026-02-18 20:51:33,15,15,4,2026-02-18 20:52:33,2026-02-18 21:25:55,1.0,11.066666666666666,0.26666666666666666
18105102,尹 “사병들 통닭 사줄 예산만 딱딱 잘라…계엄 선포한 이유”,id:pucrinyesir,2025-12-22 22:03:16,16,14,4,2025-12-22 22:03:34,2025-12-23 04:49:47,0.3,26.458333333333332,0.25
18205166,[속보] 더불어민주당 경기지사 후보로 추미애 선출,id:yo821281,2026-04-07 18:28:15,16,16,4,2026-04-07 18:30:14,2026-04-07 23:43:53,1.9833333333333334,19.608333333333334,0.25
18209373,이재명 이스라엘 sns발언은 외교에 진짜 1도 모르는거 아닌가 ㅋㅋㅋㅋ,id:Cvc77777,2026-04-12 18:10:23,17,17,4,2026-04-12 18:11:49,2026-04-13 09:59:38,1.4333333333333333,235.61666666666667,0.23529411764705882
18188185,pic) 은근히 B준호 밀어주는 이재명ㅋㅋ,id:hypeboy,2026-03-20 01:06:46,18,18,4,2026-03-20 01:07:40,2026-03-20 08:53:04,0.9,47.66666666666667,0.2222222222222222
18206088,"(pic) 한준호 ""제가 두려운건 떨어질까봐 걱정되는게 아닙니다""",id:rukk7812,2026-04-08 17:14:16,18,18,4,2026-04-08 17:15:12,2026-04-08 19:11:26,0.9333333333333333,10.916666666666668,0.2222222222222222
18123509,칭찬만 하라는 것도 아니고 비판을 하지 말라는것도 아님,id:dbsupers,2026-01-13 14:16:51,19,18,4,2026-01-13 14:17:34,2026-01-15 11:58:08,0.7166666666666667,23.75,0.21052631578947367
18178251,"정성호 ""보완수사권 없으면, 돈 받고 사건 덮어도 모른다""",id:impactx84,2026-03-12 07:44:48,19,19,4,2026-03-12 07:45:58,2026-03-12 14:58:23,1.1666666666666667,14.316666666666666,0.21052631578947367
18124683,pic) 봉욱 관련 매불쇼 최강욱 발언.jpg,id:fantak,2026-01-14 15:54:22,21,21,4,2026-01-14 15:55:43,2026-01-14 23:53:48,1.35,13.25,0.19047619047619047
18150074,지금 싸줄 잼통 까는 분위기 타올랐는데 한발짝 물러나서 흥분 좀 가라앉힙시다,id:diddangel,2026-02-11 16:30:12,22,22,4,2026-02-11 16:30:56,2026-02-13 08:30:34,0.7333333333333333,23.325,0.18181818181818182
18206646,"[속보]이 대통령, 부산 출마설 하정우에 ""작업 들어온다고 넘어가면 안돼요""",id:rukk7812,2026-04-09 12:07:16,22,22,4,2026-04-09 12:08:21,2026-04-10 18:04:40,1.0833333333333333,221.71666666666667,0.18181818181818182
18160276,이제와서 뉴이재명 발뺄려는 이동형 TV,id:typoonj2,2026-02-24 10:14:05,24,23,4,2026-02-24 10:15:00,2026-02-24 17:59:41,0.9166666666666666,11.966666666666667,0.16666666666666666
18109438,아무리봐도 이재명 대통령병 진행중인게 맞는거 같음,id:Grassland,2025-12-28 17:06:43,26,26,4,2025-12-28 17:07:38,2025-12-29 13:12:21,0.9166666666666666,195.93333333333334,0.15384615384615385
18154460,다른 사람은 몰라도 이재명은 까방권 있지 않나요?,id:coood7824,2026-02-17 14:09:18,26,24,4,2026-02-17 14:12:18,2026-02-18 18:17:12,3.0,12.058333333333334,0.15384615384615385
18153075,pic) 젊은 사람들은 이해 못 할 감성 feat.한동훈,id:god18xx,2026-02-15 13:25:39,27,27,4,2026-02-15 13:26:52,2026-02-16 11:52:45,1.2166666666666666,19.366666666666667,0.14814814814814814
18209509,"pic) 尹, 한밤중 왜 호텔서 외박했나…‘김건희 쌍욕’ 사건의 전말",id:umamusume,2026-04-12 21:08:41,28,28,4,2026-04-12 21:10:41,2026-04-13 09:02:08,2.0,26.166666666666664,0.14285714285714285
18222084,"[단독] 하정우 AI수석, 오늘 사표내고 부산 북갑 출마…이르면 29일 민주당 인재영입식",id:rukk7812,2026-04-27 13:38:43,28,28,4,2026-04-27 13:39:51,2026-04-28 14:24:36,1.1333333333333333,145.375,0.14285714285714285
18204992,"[속보] 野 ""李대통령, 개헌 전 '중임·연임 않겠다 선언' 건의에 즉답 피해""",id:Mkisduchang,2026-04-07 15:30:28,30,28,4,2026-04-07 15:32:03,2026-04-08 13:39:56,1.5833333333333333,186.95833333333331,0.13333333333333333
18152258,근데 문통이 정권 연장 못한게,id:hypeboy,2026-02-13 23:31:55,45,41,4,2026-02-13 23:33:51,2026-02-15 10:59:48,1.9333333333333333,202.73333333333332,0.08888888888888889
18104940,그냥 다른거 없이 문재인대통령 전부터 페미로 싸줄부터 개지롤났었죠,id:impactx84,2025-12-22 18:53:14,3,3,3,2025-12-22 18:53:40,2025-12-22 18:58:08,0.43333333333333335,2.9166666666666665,1.0
18109375,대통령실하고 민주당하고 살짝 거리두기 하면 안됩니까?,id:dleoduq10004,2025-12-28 16:22:15,3,3,3,2025-12-28 16:23:50,2025-12-28 16:25:03,1.5833333333333333,1.8166666666666667,1.0
18109448,이대통령의 이번 인사는 물론 이해하기 힘듭니다,id:kaoruchan,2025-12-28 17:17:57,3,3,3,2025-12-28 17:18:44,2025-12-28 17:21:27,0.7833333333333333,3.0,1.0
18111023,윤석열이가 사기는 기똥차게 쳤어요,id:blue123,2025-12-29 23:24:27,3,3,3,2025-12-29 23:25:02,2025-12-29 23:28:05,0.5833333333333334,1.4333333333333333,1.0
18121951,근데 여기서 이재명 대통령 욕 할때,id:alfatini,2026-01-12 11:03:06,3,3,3,2026-01-12 11:03:44,2026-01-12 11:06:57,0.6333333333333333,1.35,1.0
18122097,걍 문재인 정권의 반대죠 당이 적극적인데 대통령이 태클,id:gum0510,2026-01-12 12:49:48,3,3,3,2026-01-12 12:50:52,2026-01-12 12:53:57,1.0666666666666667,1.9333333333333333,1.0
18122233,이재명 지지율 좀 떨어지면 눈치 좀 볼까요?,id:BlackEyes23,2026-01-12 14:59:54,3,3,3,2026-01-12 15:00:56,2026-01-12 15:01:32,1.0333333333333334,1.2333333333333334,1.0
18122451,민주당이 보수 포지션을 가져가야 하는다는 글이 많았는데,id:ngis11,2026-01-12 17:48:55,3,3,3,2026-01-12 17:50:16,2026-01-12 17:53:25,1.35,1.3666666666666667,1.0
18123174,정성호 이 발언은 실망이네요.,id:pedogogist,2026-01-13 10:42:34,3,3,3,2026-01-13 10:44:03,2026-01-13 10:47:21,1.4833333333333334,1.7666666666666666,1.0
18123365,이번 건에 대해서 역대 대통령 소환 할 필요가 없습니다,id:solution78,2026-01-13 12:33:21,3,3,3,2026-01-13 12:34:41,2026-01-13 12:34:56,1.3333333333333333,1.3666666666666667,1.0
18126319,전청조 12년! 윤석열 5년ㅋㅋㅋㅋㅋㅋㅋㅋㅋ,id:naco16,2026-01-16 15:06:07,3,3,3,2026-01-16 15:06:32,2026-01-16 15:07:25,0.4166666666666667,0.5,1.0
18130591,pic) 이재명 출마선언(25.4.11.),id:hypeboy,2026-01-21 13:58:23,3,3,3,2026-01-21 13:59:04,2026-01-21 14:01:40,0.6833333333333333,1.0166666666666666,1.0
18132992,해찬들,id:chun1149,2026-01-23 23:32:16,3,3,3,2026-01-23 23:33:21,2026-01-23 23:36:45,1.0833333333333333,4.216666666666667,1.0
18133490,Pic) 오늘 민갤에서 문조털래 라는 말을 처음 보고 검색해봤는데..,id:hyeok497,2026-01-24 17:43:10,3,3,3,2026-01-24 17:44:44,2026-01-24 17:47:32,1.5666666666666667,2.1333333333333333,1.0
18136739,이정도면 윤석열한테 의문이 생깁니다,id:makaloni,2026-01-28 14:45:51,3,3,3,2026-01-28 14:46:14,2026-01-28 14:49:33,0.38333333333333336,3.3,1.0
18141097,??? : 전두환이 그래도 정치는 잘 했다 그렇게 생각합니다.,id:lfcthismeans,2026-02-02 19:41:57,3,3,3,2026-02-02 19:42:48,2026-02-02 19:46:28,0.85,0.9333333333333333,1.0
18141256,차라리 이럴 거면 진즉에 당당하게 속도조절론을 예전부터 이야기했어야죠.,id:ninety5mph,2026-02-02 21:27:04,3,3,3,2026-02-02 21:28:15,2026-02-02 21:31:38,1.1833333333333333,2.55,1.0
18141366,진짜 밑에 글처럼 이재명이 사법개혁도 막았었네...,id:FeelingGood,2026-02-02 23:03:21,3,3,3,2026-02-02 23:05:27,2026-02-02 23:06:24,2.1,2.183333333333333,1.0
18141870,삼립 시화공장 화재났네요...,id:sanapati,2026-02-03 15:27:31,3,3,3,2026-02-03 15:29:13,2026-02-03 15:32:14,1.7,2.216666666666667,1.0
18143353,대선 경선때 갑자기 낙지표 우르르 몰린거 기억하시나요,id:klay5587,2026-02-05 11:17:49,3,3,3,2026-02-05 11:18:41,2026-02-05 11:19:45,0.8666666666666667,0.9166666666666666,1.0
18145774,이재명 대통령 본인도 당대표때 그렇게 공격당했으면서,id:yally1010,2026-02-08 12:37:48,3,3,3,2026-02-08 12:38:12,2026-02-08 12:42:33,0.4,1.35,1.0
18145881,문제는 아직도 이재명이 본체라고 생각안해요,id:novacane,2026-02-08 13:56:27,3,3,3,2026-02-08 13:57:05,2026-02-08 14:00:02,0.6333333333333333,2.65,1.0
18145889,유시민이 참여정부를 반추하면서 지지층의 역린을 건들면 안된다고 했는데,id:masterplan5,2026-02-08 14:01:32,3,3,3,2026-02-08 14:04:50,2026-02-08 14:06:23,3.3,3.7666666666666666,1.0
18146755,"[속보] 국민의힘, ‘친한계’ 김종혁 전 최고위원 제명 확정",id:snap23,2026-02-09 10:51:20,3,3,3,2026-02-09 10:52:12,2026-02-09 10:53:34,0.8666666666666667,2.066666666666667,1.0
18146762,이재명의 국민은 윤석열의 청년이라 보면됨,id:onana,2026-02-09 10:54:18,3,3,3,2026-02-09 10:55:34,2026-02-09 10:57:37,1.2666666666666666,2.35,1.0
18146846,"친박,찐박,윤핵관 지라 ㄹ 떨던 거 보는 것 같아요. 이제 쫌 있음 찐명감별사도 나올듯",id:horizon,2026-02-09 12:17:16,3,3,3,2026-02-09 12:18:46,2026-02-09 12:21:12,1.5,2.85,1.0
18147017,애초에 김건희 특검 파견 검사들 행태 보세요 기대가 1도 안됐음,id:solution78,2026-02-09 15:15:24,3,3,3,2026-02-09 15:17:11,2026-02-09 15:19:28,1.7833333333333334,3.35,1.0
18147020,김건희는 결국 무죄로 풀려나겠네요,id:novacane,2026-02-09 15:16:51,3,3,3,2026-02-09 15:17:39,2026-02-09 15:20:21,0.8,2.966666666666667,1.0
18147025,싸줄러들이 괜히 검찰 인사가 중요하다고 외친게 아님,id:FeelingGood,2026-02-09 15:21:54,3,3,3,2026-02-09 15:24:32,2026-02-09 15:26:43,2.6333333333333333,3.966666666666667,1.0
18147144,이제는 검찰개혁은 고사하고 검찰 왕국법 막는게 우선임,id:solution78,2026-02-09 17:49:25,3,3,3,2026-02-09 17:50:27,2026-02-09 17:54:08,1.0333333333333334,1.5166666666666666,1.0
18147198,민주당 정부에서 이런 꼴보는거 처음인 것 같은데,id:jun2312,2026-02-09 18:40:02,3,3,3,2026-02-09 18:40:34,2026-02-09 18:42:37,0.5333333333333333,1.6833333333333333,1.0
18147271,진짜 웃기긴 한게 보통 민주당서 비주류가 주류 들이박으면 조중동이 투사로 만들어주는데,id:ninety5mph,2026-02-09 19:05:28,3,3,3,2026-02-09 19:06:17,2026-02-09 19:07:57,0.8166666666666667,1.0333333333333334,1.0
18147796,pic) 문통 말기에 검수완박 지지부진할때보다 요즘 더 스트레스 받음,id:meaningless,2026-02-10 11:05:05,3,3,3,2026-02-10 11:06:29,2026-02-10 11:08:05,1.4,2.0833333333333335,1.0
18148506,이해가 안되는데 대통령이 합당하라고 했고..,id:qhdtlsdl,2026-02-10 19:34:16,3,3,3,2026-02-10 19:35:55,2026-02-10 19:38:31,1.65,1.8833333333333333,1.0
18148550,진짜 정부 꼬라지 볼때마다 문재인 정부는 얼마나 어른들이었는지...,id:minami89,2026-02-10 19:44:05,3,3,3,2026-02-10 19:45:26,2026-02-10 19:48:25,1.35,3.716666666666667,1.0
18148571,"pic) 이즘에서 돌아보는, 정말 감탄만 나오는 사람의 예언",id:ninety5mph,2026-02-10 19:51:25,3,3,3,2026-02-10 19:51:52,2026-02-10 19:56:00,0.45,3.816666666666667,1.0
18149654,이동형 추종자들 인성머리는 조국 첫 의원 진출 할 때 보였죠,id:hodoeel,2026-02-11 11:39:18,3,3,3,2026-02-11 11:39:50,2026-02-11 11:42:40,0.5333333333333333,2.1,1.0
18149859,이재명이 단두리 칠 타이밍인데...,id:FeelingGood,2026-02-11 13:46:45,3,3,3,2026-02-11 13:48:32,2026-02-11 13:50:50,1.7833333333333334,1.9666666666666666,1.0
18149891,뽐뿌도 완전 친민주 커뮤인데,id:sc1984,2026-02-11 14:14:09,3,3,3,2026-02-11 14:15:09,2026-02-11 14:18:29,1.0,2.5833333333333335,1.0
18150094,문통 악마화가 좀 빡치는데 당내 의원들도 동조하기 시작했음,id:ifleet,2026-02-11 16:56:49,3,3,3,2026-02-11 16:58:13,2026-02-11 17:00:50,1.4,3.6666666666666665,1.0
18150888,합당은 안해도 선거때 공조는 필요한데 과연 어떨지 모르겄네요.,id:rukk7812,2026-02-12 13:34:26,3,3,3,2026-02-12 13:35:13,2026-02-12 13:38:25,0.7833333333333333,1.5,1.0
18153746,보니까 송영길이 이재명 지역구 내줬다고 찐명이라 생각하는듯?,id:bulbol,2026-02-16 18:10:35,3,3,3,2026-02-16 18:12:13,2026-02-16 18:13:44,1.6333333333333333,2.25,1.0
18153983,잇박이들은 문통이 성역입니까? 비판도 못해요? 이러는데,id:kokomong,2026-02-16 21:06:58,3,3,3,2026-02-16 21:08:25,2026-02-16 21:09:29,1.45,2.1166666666666667,1.0
18154240,최동석이 임명될때 철회 할수도 있다고 생각한게,id:bulbol,2026-02-17 09:50:40,3,3,3,2026-02-17 09:51:51,2026-02-17 09:53:41,1.1833333333333333,1.7833333333333334,1.0
18154351,이재명 정권 사법 개혁 쉴드를 곰곰히 생각해 본다면..,id:Volvo,2026-02-17 11:46:07,3,2,3,2026-02-17 11:47:59,2026-02-17 11:51:02,1.8666666666666667,3.4166666666666665,1.0
18154444,친명계파가 민주당을 먹고 공천도 노나묵겠다 이말임.,id:say1673,2026-02-17 13:53:37,3,3,3,2026-02-17 13:54:30,2026-02-17 13:57:45,0.8833333333333333,1.0166666666666666,1.0
18156433,검사만 항소 할 경우 1심 형량 이상으로 안나오는거죠?,id:yoon4859,2026-02-19 16:18:26,3,3,3,2026-02-19 16:19:57,2026-02-19 16:21:32,1.5166666666666666,2.65,1.0
18157182,봉지욱 '이재명 대통령 팔고 있는 현역의원들중에 대부분은 대통령과 연락안된다',id:naco16,2026-02-20 15:20:56,3,3,3,2026-02-20 15:21:39,2026-02-20 15:24:27,0.7166666666666667,1.8166666666666667,1.0
18158619,제미나이한테 물어보니 민주당안으로 가는거라는데,id:whoshot,2026-02-22 18:44:04,3,3,3,2026-02-22 18:45:20,2026-02-22 18:47:02,1.2666666666666666,2.2666666666666666,1.0
18158674,진짜 어지간하면 대통령 욕은 안하려했는데,id:radioshot1,2026-02-22 19:48:43,3,3,3,2026-02-22 19:49:16,2026-02-22 19:51:58,0.55,1.2166666666666666,1.0
18159292,"인사청탁 현지 누나, 훈식 형은 당대변인",id:bulbol,2026-02-23 11:01:38,3,3,3,2026-02-23 11:02:26,2026-02-23 11:05:14,0.8,1.85,1.0
18159318,김남국은 능력도 없고 이지미가 맛탱이 갔는데 대변인 시키는게 말이 되나요? ㅋㅋㅋ,id:BlackEyes23,2026-02-23 11:18:24,3,3,3,2026-02-23 11:18:49,2026-02-23 11:20:01,0.4166666666666667,1.2333333333333334,1.0
18159338,이번주중에 매불쇼에 이언주 무조건 나올거란 예상은 했습니다,id:hannavi814,2026-02-23 11:33:16,3,3,3,2026-02-23 11:34:03,2026-02-23 11:35:10,0.7833333333333333,1.5833333333333333,1.0
18160001,사실 이재명 말고는 민주당 중심 잡아줄사람도 없었던게 맞죠,id:typoonj2,2026-02-23 21:53:24,3,2,3,2026-02-23 21:54:00,2026-02-23 21:56:16,0.6,2.316666666666667,1.0
18160021,22년 대선 때는 '그래서 국민의힘 찍을거야?' 시전했다고 봄,id:ejirall,2026-02-23 22:09:15,3,3,3,2026-02-23 22:10:11,2026-02-23 22:12:45,0.9333333333333333,1.5166666666666666,1.0
18160075,이재명 때문에 울화가 치미네,id:Volvo,2026-02-23 23:26:57,3,3,3,2026-02-23 23:29:31,2026-02-23 23:30:31,2.566666666666667,3.566666666666667,1.0
18160091,와 근데 10년간 통수를 몇 번 맞는건가요?,id:6830,2026-02-23 23:42:07,3,2,3,2026-02-23 23:43:24,2026-02-23 23:45:55,1.2833333333333334,2.466666666666667,1.0
18161652,한달전만해도 정청래 잡아먹으려고 개난리 피우더니,id:modern21,2026-02-25 17:57:34,3,3,3,2026-02-25 17:57:54,2026-02-25 17:59:56,0.3333333333333333,1.3833333333333333,1.0
18166255,(gisa) 이병태가 왜 작년도 올해도 계속 등장하는지 궁금하신 분들 계실까봐 알려드립니다,id:stynerkn,2026-03-02 15:55:28,3,3,3,2026-03-02 15:56:19,2026-03-02 15:57:48,0.85,1.0833333333333333,1.0
18166347,근데 왜 이재명씨는 통합통합거리는거죠??,id:tjfghksss,2026-03-02 16:23:45,3,3,3,2026-03-02 16:24:09,2026-03-02 16:25:27,0.4,1.1166666666666667,1.0
18166401,두창이는 지금쯤 노상원 리스트에 왜 이재명을 올렸을까,id:lfcthismeans,2026-03-02 16:49:36,3,3,3,2026-03-02 16:50:29,2026-03-02 16:53:08,0.8833333333333333,2.55,1.0
18166680,이재명이 왜 지명 했는지 답이 조금은 보이네요,id:novacane,2026-03-02 19:50:12,3,3,3,2026-03-02 19:50:44,2026-03-02 19:53:08,0.5333333333333333,1.4166666666666667,1.0
18167437,최욱 이병태 인사 비판 쿠션주고 넘기네,id:hopes,2026-03-03 14:29:55,3,3,3,2026-03-03 14:32:28,2026-03-03 14:33:03,2.55,2.9166666666666665,1.0
18168396,"박용진, '통합형 발탁' 평가에 ""전 비명 아냐…이재명의 사람""",id:bulbol,2026-03-04 12:15:17,3,3,3,2026-03-04 12:15:49,2026-03-04 12:16:21,0.5333333333333333,0.75,1.0
18168573,주식에 대해 잼통 최근 발언 1월 기사 내용,id:khy80,2026-03-04 14:01:35,3,3,3,2026-03-04 14:04:53,2026-03-04 14:05:20,3.3,3.5,1.0
18169918,정청래도 괘씸하고 빡치는 것이 당원들이 왜 친명 대표인 박찬대 말고 정청래를 밀어줬겠음?,id:zero080,2026-03-05 15:31:01,3,3,3,2026-03-05 15:33:02,2026-03-05 15:34:29,2.0166666666666666,3.0,1.0
18170065,김남국 대변인 됐을때. 진보쪽 패널이 정청래가 수그린거 같다고 하던데.,id:Necovv,2026-03-05 16:50:25,3,3,3,2026-03-05 16:51:05,2026-03-05 16:51:50,0.6666666666666666,1.1,1.0
18170182,정청래도 이재명한테 들이박지는 못하고 끌려가는군요,id:summernight,2026-03-05 17:46:07,3,3,3,2026-03-05 17:46:35,2026-03-05 17:48:03,0.4666666666666667,1.6166666666666667,1.0
18170715,손가혁들아.. 느그 교주 내란 상황에서도 득표율 고작 2% 올랐어요..,id:hyeok497,2026-03-05 22:44:16,3,3,3,2026-03-05 22:45:02,2026-03-05 22:45:47,0.7666666666666667,1.4,1.0
18170801,고작 이병태라니 ㅋㅋㅋㅋㅋㅋ,id:bundes1,2026-03-05 23:26:01,3,3,3,2026-03-05 23:26:43,2026-03-05 23:30:28,0.7,1.6833333333333333,1.0
18171412,이재명 대통령은 이미 정부안으로 입장을 표명한겁니다,id:bulbol,2026-03-06 15:07:46,3,3,3,2026-03-06 15:08:13,2026-03-06 15:09:56,0.45,1.8166666666666667,1.0
18171687,(pic) 경찰 수사결과.. 이재명이 경찰을 싫어하는 이유?,id:deportivo7,2026-03-06 19:53:53,3,3,3,2026-03-06 19:56:09,2026-03-06 19:58:43,2.2666666666666666,2.3833333333333333,1.0
18172064,"민주당 출신 대통령이 임기 1년차에 이명박, 윤석열과 비교되면서",id:summernight,2026-03-07 10:21:31,3,3,3,2026-03-07 10:22:27,2026-03-07 10:24:44,0.9333333333333333,1.2333333333333334,1.0
18172252,이재명류 세력들이 대단히 착각하는게 싸운다고 성과 못내는게 아님,id:rukk7812,2026-03-07 13:35:28,3,2,3,2026-03-07 13:37:23,2026-03-07 13:38:43,1.9166666666666667,3.1333333333333333,1.0
18172304,문재인이 지지도가 매우 높았지만 임기 연장 같은 이야기는 아무도 안했는데,id:blue123,2026-03-07 14:27:06,3,3,3,2026-03-07 14:28:38,2026-03-07 14:30:13,1.5333333333333334,2.4,1.0
18172961,정부안 통과되면 거시적으로 검찰놈들 민주당으로 입당할까요? 내란의당으로 입당할까요?,id:cydia14,2026-03-07 23:02:25,3,3,3,2026-03-07 23:02:44,2026-03-07 23:03:48,0.31666666666666665,0.55,1.0
18172971,유시민 말대로 검찰 개혁이 돈이 드는 것도 아니고 법안 바로 통과시키면 끝나는 일임,id:zero080,2026-03-07 23:05:53,3,3,3,2026-03-07 23:06:20,2026-03-07 23:08:26,0.45,0.5,1.0
18173113,윤석열은 이 시간에 술쳐먹느라 바빴는데,id:hulk,2026-03-08 00:10:04,3,2,3,2026-03-08 00:10:38,2026-03-08 00:13:19,0.5666666666666667,1.5,1.0
18173282,"이재명이 정청래한테 ""반명이세요""한것도 직설적인 압박이었죠",id:asha7270,2026-03-08 08:54:03,3,3,3,2026-03-08 08:54:29,2026-03-08 08:58:23,0.43333333333333335,2.05,1.0
18173484,"정청래, 지방선거, 대통령 지지율이 제일 중요",id:blue123,2026-03-08 12:31:15,3,3,3,2026-03-08 12:34:04,2026-03-08 12:35:25,2.816666666666667,3.433333333333333,1.0
18174101,형편없는 대통령 옆에서 사진찍느라 얼마나 역겨웠을까?,id:bulbol,2026-03-08 21:55:11,3,3,3,2026-03-08 21:56:11,2026-03-08 21:59:40,1.0,4.016666666666667,1.0
18174103,생각해보니 당대표때 노근본 개잡종들 자꾸 받더니,id:Grassland,2026-03-08 21:57:12,3,3,3,2026-03-08 21:57:56,2026-03-08 21:58:48,0.7333333333333333,1.25,1.0
18174118,이언주 발언 보니 공취모놈들 민주당 주류라 생각하는뜻?,id:cydia14,2026-03-08 22:09:23,3,3,3,2026-03-08 22:09:58,2026-03-08 22:13:06,0.5833333333333334,2.7,1.0
18174122,이와중에 국힘은 지방선거 아예 던졌네요ㅋㅋ,id:6830,2026-03-08 22:13:32,3,3,3,2026-03-08 22:14:00,2026-03-08 22:18:04,0.4666666666666667,3.5166666666666666,1.0
18174364,전쟁난것도 문재인 떄문 아님?,id:impactx84,2026-03-09 08:11:12,3,3,3,2026-03-09 08:12:31,2026-03-09 08:15:42,1.3166666666666667,3.9,1.0
18174455,지선 앞둔 입장에서 작금의 사태가 몹시 씁쓸합니다...,id:hanlobby,2026-03-09 09:38:31,3,3,3,2026-03-09 09:40:12,2026-03-09 09:41:35,1.6833333333333333,2.85,1.0
18174563,"이재명을 도구로 생각하니깐 비판, 비난하는겁니다.",id:85yang,2026-03-09 10:52:29,3,3,3,2026-03-09 10:53:53,2026-03-09 10:55:59,1.4,1.65,1.0
18174939,박진영 말이 줫나 웃긴게,id:Tenhag,2026-03-09 15:46:41,3,3,3,2026-03-09 15:47:57,2026-03-09 15:50:28,1.2666666666666666,1.2666666666666666,1.0
18175078,몇년째 눈팅한 결과가 사커가 친명이면 말다함 ㅋㅋ,id:hohohal1717,2026-03-09 18:14:55,3,2,3,2026-03-09 18:15:50,2026-03-09 18:17:04,0.9166666666666666,1.85,1.0
18175398,이병태는 한일무역분쟁때도 쌉소리 했었군요,id:hulk,2026-03-09 23:10:06,3,3,3,2026-03-09 23:11:38,2026-03-09 23:13:45,1.5333333333333334,2.8,1.0
18176073,검찰 왕국법 추진은 대통령이 본원이라 뒤집기 어려움,id:solution78,2026-03-10 13:59:16,3,3,3,2026-03-10 14:01:12,2026-03-10 14:02:20,1.9333333333333333,2.183333333333333,1.0
18176942,양부남 얘기 들어보니까 진짜 가이드라인 떨어진 느낌이네요..,id:qhdtlsdl,2026-03-11 08:34:47,3,3,3,2026-03-11 08:38:01,2026-03-11 08:38:57,3.2333333333333334,3.2333333333333334,1.0
18176968,저놈들 말에 따르면 정부안으로는 정권이 유지된다는 건데,id:shkj22,2026-03-11 09:05:47,3,3,3,2026-03-11 09:07:34,2026-03-11 09:09:32,1.7833333333333334,2.816666666666667,1.0
18177432,이런 상황에서 정부안 밀어붙일수 있나요?,id:luminai,2026-03-11 15:48:34,3,3,3,2026-03-11 15:49:24,2026-03-11 15:50:46,0.8333333333333334,1.35,1.0
18177976,정부와 민주당이 민주시민과 당원들을 프레임 쒸워서 찍어누르네요,id:asha7270,2026-03-11 22:39:32,3,3,3,2026-03-11 22:40:10,2026-03-11 22:44:29,0.6333333333333333,4.9,1.0
18178991,이동형 저러고도 뉴재명들한테 인기없는게 웃김,id:6667sh,2026-03-12 20:30:51,3,3,3,2026-03-12 20:32:06,2026-03-12 20:33:21,1.25,1.7,1.0
18179472,민주당의 가장큰 착각이 뭐냐면 지들이 김어준의 영향력을 줄일 수 있다 생각하는거임,id:kokomong,2026-03-13 11:39:04,3,3,3,2026-03-13 11:40:06,2026-03-13 11:42:47,1.0333333333333334,2.1,1.0
18179508,친명 행세하는 의원들 이해 가요,id:nox911,2026-03-13 12:04:20,3,3,3,2026-03-13 12:04:56,2026-03-13 12:08:08,0.6,1.8833333333333333,1.0
18179639,주가조작은 패가망신이라면서,id:FeelingGood,2026-03-13 13:53:47,3,3,3,2026-03-13 13:54:32,2026-03-13 13:56:50,0.75,2.783333333333333,1.0
18180458,진짜 취임하고 바로 태세전환이 이렇게 될이유를 모르겠네요,id:din1091,2026-03-14 09:54:19,3,3,3,2026-03-14 09:56:34,2026-03-14 09:57:45,2.25,3.3833333333333333,1.0
18182654,이제 이재명은 절대 생각을 안바꿀거라 봄,id:solution78,2026-03-16 00:37:42,3,3,3,2026-03-16 00:38:53,2026-03-16 00:39:17,1.1833333333333333,1.45,1.0
18183460,다급해지니 손대지말아야할부분만 가이드라인준거아닌가? 싶은?,id:kiriman,2026-03-16 16:28:34,3,3,3,2026-03-16 16:29:34,2026-03-16 16:33:07,1.0,1.3833333333333333,1.0
18183540,노무현 대통령 취임 했을 때부터 24년동안 검찰개혁 세력을 지지했네요,id:wind1123,2026-03-16 17:20:04,3,3,3,2026-03-16 17:21:02,2026-03-16 17:21:41,0.9666666666666667,1.45,1.0
18183547,인사가 개판임. 인재풀이 좁아서 그러는게 아니라 그냥 그런것들을 갖다 씀,id:armwear,2026-03-16 17:24:55,3,3,3,2026-03-16 17:25:31,2026-03-16 17:28:08,0.6,1.7666666666666666,1.0
18183795,뭐여 검찰개악 날치기 통과 노리는 게 실화인가,id:xxvxx,2026-03-16 21:18:13,3,3,3,2026-03-16 21:18:51,2026-03-16 21:22:33,0.6333333333333333,1.5666666666666667,1.0
18184447,후..일단 박은정의원 조국대표 추장군 sns보면 최악은 면한거죠?,id:tjfghksss,2026-03-17 13:22:17,3,3,3,2026-03-17 13:23:52,2026-03-17 13:26:09,1.5833333333333333,2.6333333333333333,1.0
18184531,파란청래형 리스펙,id:rhcp11,2026-03-17 14:45:00,3,3,3,2026-03-17 14:46:44,2026-03-17 14:48:17,1.7333333333333334,3.2,1.0
18184592,저도 좀 지켜보려구요,id:kiriman,2026-03-17 15:19:46,3,3,3,2026-03-17 15:20:11,2026-03-17 15:20:54,0.4166666666666667,1.1166666666666667,1.0
18185516,솔직히 이재명이 다 했다는 아니지 않나?,id:Rojiblanco,2026-03-18 09:33:32,3,3,3,2026-03-18 09:35:15,2026-03-18 09:37:36,1.7166666666666666,1.8666666666666667,1.0
18185534,더쿠 이재명 악개들 연령대보니까,id:ejirall,2026-03-18 09:45:59,3,3,3,2026-03-18 09:47:03,2026-03-18 09:47:42,1.0666666666666667,1.4,1.0
18185658,"민주당은 지독한 빨갱이, 문재인 치매, 세월호 추모는 천박함의 상징",id:bundes1,2026-03-18 11:07:40,3,3,3,2026-03-18 11:08:07,2026-03-18 11:09:54,0.45,0.95,1.0
18185830,???: 동지의 언어 어쩌고 저쩌고 -> 문재인은 실패한 정부,id:donka,2026-03-18 12:57:18,3,3,3,2026-03-18 12:57:58,2026-03-18 12:59:20,0.6666666666666666,1.3666666666666667,1.0
18187052,김동연 뉴스공장에서 말하는거 듣고있는데 김어준씨가 계속 기회를 줌,id:modern21,2026-03-19 08:50:27,3,3,3,2026-03-19 08:51:03,2026-03-19 08:52:35,0.6,2.1333333333333333,1.0
18187127,한준호는 난가병이 얼마나 무서운지를...,id:fantak,2026-03-19 09:21:44,3,3,3,2026-03-19 09:22:39,2026-03-19 09:23:46,0.9166666666666666,1.8333333333333333,1.0
18187334,오늘 경향에서도 중진 초선 이름 안밝히고 김어준,id:impactx84,2026-03-19 11:41:37,3,3,3,2026-03-19 11:42:28,2026-03-19 11:44:40,0.85,1.5833333333333333,1.0
18189578,이재명 sns만봐도 다 알고 서명한건데 ㅋㅋ,id:FeelingGood,2026-03-21 09:26:40,3,3,3,2026-03-21 09:27:24,2026-03-21 09:28:54,0.7333333333333333,1.6333333333333333,1.0
18193548,조국 대표 인스타,id:cytokine1234,2026-03-25 18:32:17,3,3,3,2026-03-25 18:33:21,2026-03-25 18:34:49,1.0666666666666667,1.9166666666666667,1.0
18194150,비하가 아니라 경상도 사람 투표 할 때 사고방식.txt,id:BlackEyes23,2026-03-26 12:06:27,3,3,3,2026-03-26 12:08:32,2026-03-26 12:10:19,2.0833333333333335,2.2333333333333334,1.0
18209593,진짜 신기한게 기존 민주당 지지자들 보다,id:Zeit0809,2026-04-12 22:52:16,3,3,3,2026-04-12 22:53:07,2026-04-12 22:54:55,0.85,1.7666666666666666,1.0
18209987,"[속보] 당정, 자동차 보험료율 인하안 다음주 발표...""5·2부제로 운행거리 감소""",id:leoperiseus,2026-04-13 10:43:10,3,3,3,2026-04-13 10:44:14,2026-04-13 10:45:51,1.0666666666666667,1.85,1.0
18211269,조국 보궐 예상,id:bulbol,2026-04-14 19:42:29,3,3,3,2026-04-14 19:43:36,2026-04-14 19:45:20,1.1166666666666667,2.283333333333333,1.0
18213608,"강준욱-최동석-이혜훈-이병태-홍준표, 정상적인 민주진영 지지자라면 빡치는게 당연한 라인업",id:horizon,2026-04-17 11:44:19,3,3,3,2026-04-17 11:45:45,2026-04-17 11:49:18,1.4333333333333333,3.3333333333333335,1.0
18216859,pic) 민주당 지선 악재 떴네요.....,id:lj0608,2026-04-20 17:52:27,3,3,3,2026-04-20 17:54:09,2026-04-20 17:55:20,1.7,2.566666666666667,1.0
18218153,이재명 인사하는 거 보면 기조가 느껴지는 부분이 한가지 있음,id:ejirall,2026-04-22 13:56:27,3,3,3,2026-04-22 13:58:29,2026-04-22 14:00:11,2.033333333333333,2.25,1.0
18219231,지금 김남국 검색하면 코인의 ㅋ도 안나옴요 ㅋㅋㅋ,id:horizon,2026-04-23 19:59:10,3,3,3,2026-04-23 20:00:03,2026-04-23 20:03:24,0.8833333333333333,2.4833333333333334,1.0
18222271,커뮤를 싸줄만해서 그런가 이번 공천 정치인들 / 정치세력이 가장 피해야할 이미지,id:modern21,2026-04-27 18:59:32,3,3,3,2026-04-27 19:00:47,2026-04-27 19:02:58,1.25,1.8166666666666667,1.0
18224656,전기 BTL 방식이 민자도로 등에서 행하던 민영화 시발점이죠.,id:cytokine1234,2026-04-30 17:27:33,3,3,3,2026-04-30 17:29:12,2026-04-30 17:31:32,1.65,1.6833333333333333,1.0
18227667,"조국은 동지, 김용남은 동업자",id:ifleet,2026-05-04 12:43:13,3,3,3,2026-05-04 12:43:43,2026-05-04 12:47:25,0.5,2.783333333333333,1.0
18228019,한동훈 당선되면 문제가,id:bulbol,2026-05-04 20:28:51,3,3,3,2026-05-04 20:29:43,2026-05-04 20:32:02,0.8666666666666667,1.3833333333333333,1.0
18108056,"“구속 만기 돼도 집에 안 갈 테니”…윤석열, 최후진술서 1시간 읍소",id:joohakmoo,2025-12-26 22:34:42,4,4,3,2025-12-26 22:35:14,2025-12-26 23:09:56,0.5333333333333333,1.2333333333333334,0.75
18111437,문재인때 새누리 출신 장관 있었죠?,id:kimdel77,2025-12-30 12:30:00,4,4,3,2025-12-30 12:30:57,2025-12-30 14:28:37,0.95,2.533333333333333,0.75
18118327,"이재명 대통령, 상하이 임시정부 청사 방문",id:Ronaldo34,2026-01-07 18:26:26,4,4,3,2026-01-07 18:27:32,2026-01-07 18:39:43,1.1,2.7249999999999996,0.75
18122173,마지막까지 희망을 버리지 않으렵니다....정부 검찰 개혁안에서 딱 두가지만 수정하면 됩니다,id:keias1024,2026-01-12 14:07:20,4,4,3,2026-01-12 14:09:11,2026-01-12 14:15:01,1.85,2.5083333333333333,0.75
18122263,오늘 뉴스공장은 못봤는데 김어준씨 입장은 어떨지 궁금함,id:modern21,2026-01-12 15:22:53,4,4,3,2026-01-12 15:23:33,2026-01-12 15:28:16,0.6666666666666666,1.75,0.75
18122459,도지사 시절 허구한날 청와대 들이박던 사람이 대통령 되자마자 여당을 사당화 시키네 ㅋㅋㅋ,id:xxvxx,2026-01-12 17:56:42,4,4,3,2026-01-12 17:57:33,2026-01-12 18:10:24,0.85,1.6666666666666667,0.75
18123232,이재명 -문재인 -정청래 따로 보면 안되는데 자꾸 이러니까 안타깝네요,id:impactx84,2026-01-13 11:11:16,4,4,3,2026-01-13 11:12:18,2026-01-13 11:19:24,1.0333333333333334,3.25,0.75
18123349,"한병도, 공소청·중수청 정부 입법예고에 ""당정이견 없어"" 재차 강조",id:bvbreus11,2026-01-13 12:25:27,4,4,3,2026-01-13 12:26:30,2026-01-13 12:35:11,1.05,1.7166666666666668,0.75
18123645,근데 이재명 대통령 욕하는데 정원오가 왜 들어옴??,id:alfatini,2026-01-13 16:42:18,4,4,3,2026-01-13 16:43:01,2026-01-13 16:47:59,0.7166666666666667,1.9333333333333336,0.75
18123966,결국 요번 개혁안 사태는 또 지지자들이 해낸거네,id:FeelingGood,2026-01-13 21:16:39,4,3,3,2026-01-13 21:18:08,2026-01-13 21:23:50,1.4833333333333334,3.4416666666666664,0.75
18124129,김규현 변호사가 말한건데 지귀연이 윤석열에 대해 치트키 쓸수 있음,id:FeelingGood,2026-01-13 22:13:24,4,4,3,2026-01-13 22:15:03,2026-01-14 06:07:05,1.65,2.9916666666666667,0.75
18130883,"(12월 뉴스) 박성재 '내란 가담·김건희 수사 청탁' 사건, 이진관 재판부 배당",id:bvbreus11,2026-01-21 16:01:43,4,4,3,2026-01-21 16:02:26,2026-01-21 16:21:01,0.7166666666666667,2.825,0.75
18131917,갑자기 왜 오창석 문재인 대통령. 라인이에요??,id:cytokine1234,2026-01-22 17:08:06,4,4,3,2026-01-22 17:10:05,2026-01-22 18:43:39,1.9833333333333334,2.025,0.75
18135286,오늘 점심에 겪은 환율과 연기금 어쩌고 얘기하던 후배,id:skfkssutjr,2026-01-26 19:29:37,4,4,3,2026-01-26 19:31:03,2026-01-26 19:43:51,1.4333333333333333,2.675,0.75
18141190,이재명이 검찰을 포기하지 못하는 이유가 대체 뭘까요?,id:novacane,2026-02-02 20:42:47,4,4,3,2026-02-02 20:43:50,2026-02-02 20:49:24,1.05,3.675,0.75
18141197,억지 X 억지 1000 로 생각해보면 이대통령이 검찰개혁 저러는 이유가,id:modern21,2026-02-02 20:45:35,4,4,3,2026-02-02 20:46:56,2026-02-02 20:58:52,1.35,2.7333333333333334,0.75
18141230,저는 밀약 텔레그램 진짜 이상함,id:bulbol,2026-02-02 21:06:55,4,3,3,2026-02-02 21:08:30,2026-02-02 21:16:26,1.5833333333333333,2.6333333333333333,0.75
18145721,토지공개념이 민주당 강령에 박혀 있는데 민주당 지도부가 사회주의정책이라고 한다,id:bulbol,2026-02-08 11:42:03,4,4,3,2026-02-08 11:43:51,2026-02-08 11:53:34,1.8,3.2,0.75
18146000,합당이야기 하면서 자꾸 2030 중도층 꺼내는데,id:impactx84,2026-02-08 16:16:38,4,4,3,2026-02-08 16:17:25,2026-02-08 16:54:46,0.7833333333333333,3.0166666666666666,0.75
18146778,pic) '민주당과 조국혁신당의 합당에 대해 어떻게 생각하십니까?',id:fantak,2026-02-09 11:04:23,4,4,3,2026-02-09 11:05:48,2026-02-09 11:09:55,1.4166666666666667,2.975,0.75
18146898,김민석 페북인데,id:oasiticjoo19,2026-02-09 13:11:12,4,4,3,2026-02-09 13:13:34,2026-02-09 13:22:45,2.3666666666666667,3.825,0.75
18147416,그래서 국힘 뽑을거야??? 딱 이거죠 뭐,id:hypeboy,2026-02-09 20:42:12,4,4,3,2026-02-09 20:43:31,2026-02-09 20:57:28,1.3166666666666667,3.9416666666666664,0.75
18147480,아니 대체 뭐가 어렵다고요. 뺐었다가 부작용이 심하면 주면 되지,id:bulbol,2026-02-09 21:53:02,4,4,3,2026-02-09 21:54:02,2026-02-09 22:42:03,1.0,2.9916666666666663,0.75
18147799,민주당은 이재명 사당이 된 건가요?,id:malwool,2026-02-10 11:07:13,4,4,3,2026-02-10 11:07:42,2026-02-10 11:19:53,0.48333333333333334,0.8583333333333334,0.75
18147965,이재명은 검찰의 단맛을 지금 진하게 봄,id:armwear,2026-02-10 13:05:59,4,4,3,2026-02-10 13:06:59,2026-02-10 13:13:55,1.0,2.9916666666666667,0.75
18148366,검찰개혁하겠다고 거짓말한 2인,id:dlawls,2026-02-10 18:15:00,4,4,3,2026-02-10 18:16:39,2026-02-10 18:26:24,1.65,4.275,0.75
18148833,잇박견들 의견 나왔네요..,id:qhdtlsdl,2026-02-10 20:51:46,4,4,3,2026-02-10 20:52:39,2026-02-10 21:21:39,0.8833333333333333,1.675,0.75
18149100,이동형 말 웃기네요ㅋㅋ 정부가 선거캠프인가ㅋㅋㅋ,id:hyeok497,2026-02-10 22:15:38,4,4,3,2026-02-10 22:16:09,2026-02-10 22:20:48,0.5166666666666667,2.6416666666666666,0.75
18149221,홍익표 다들 피했다는거 보니 대통령 뜻도 거스른거임,id:yally1010,2026-02-10 23:28:17,4,4,3,2026-02-10 23:29:53,2026-02-10 23:53:49,1.6,2.15,0.75
18149252,다소 장문)메시아론의 위험성,id:tmclaah5531,2026-02-10 23:52:34,4,4,3,2026-02-10 23:53:25,2026-02-11 00:07:39,0.85,2.708333333333333,0.75
18149632,그니까 이재명은 허수아비고 김민석이 실세인거죠?,id:BlackEyes23,2026-02-11 11:27:26,4,4,3,2026-02-11 11:28:15,2026-02-11 11:39:13,0.8166666666666667,1.5666666666666667,0.75
18149708,[조국 당대표 모두발언] 긴급 최고위원회의,id:bvbreus11,2026-02-11 12:13:58,4,4,3,2026-02-11 12:16:19,2026-02-11 12:25:39,2.35,3.3333333333333335,0.75
18150821,민주당 의원들 착각들이 심함.,id:HONG43,2026-02-12 12:24:09,4,4,3,2026-02-12 12:26:54,2026-02-12 12:29:37,2.75,4.008333333333333,0.75
18151183,왜이리 김어준 유시민 공격못해서 안달인가 ㅋㅋ,id:radioshot1,2026-02-12 17:19:28,4,4,3,2026-02-12 17:20:00,2026-02-12 17:25:39,0.5333333333333333,2.541666666666667,0.75
18151449,김민석은 당원들한테도 선택 못 받는데 대선 후보 나가면 이길거라고 생각하나?,id:donka,2026-02-12 23:56:25,4,4,3,2026-02-12 23:57:14,2026-02-13 00:25:17,0.8166666666666667,3.3333333333333335,0.75
18151949,"[속보] 국민의힘 윤리위, ‘친한계’ 배현진 의원 ‘당원권 정지 1년’",id:typhoonjun,2026-02-13 16:00:31,4,4,3,2026-02-13 16:04:05,2026-02-13 16:06:18,3.566666666666667,4.416666666666667,0.75
18153625,이언주: 뉴이재명 이탈을 막아야 선거에서 승리한다,id:rukk7812,2026-02-16 15:21:09,4,4,3,2026-02-16 15:22:57,2026-02-16 15:46:19,1.8,3.25,0.75
18153876,이재명 대통령 당선때 스피커들이 이랬죠.,id:HONG43,2026-02-16 19:55:11,4,4,3,2026-02-16 19:56:03,2026-02-16 20:08:52,0.8666666666666667,2.65,0.75
18154492,이재명을 보는건 그를 내치는것도 흐린눈도 아님,id:impactx84,2026-02-17 14:50:55,4,4,3,2026-02-17 14:54:07,2026-02-17 14:56:49,3.2,3.55,0.75
18155131,뉴이재명이란 양반들은 전략도 너무 구림,id:kokomong,2026-02-18 09:42:23,4,4,3,2026-02-18 09:43:04,2026-02-18 09:58:53,0.6833333333333333,2.7583333333333333,0.75
18156805,저쪽당 차기 대선 후보,id:scary910,2026-02-19 23:48:15,4,4,3,2026-02-19 23:49:21,2026-02-19 23:56:36,1.1,1.9083333333333332,0.75
18156954,김민석의 광인 행보는 계속됩니다,id:kanoutsider,2026-02-20 10:18:02,4,4,3,2026-02-20 10:18:39,2026-02-20 11:21:34,0.6166666666666667,3.916666666666667,0.75
18157324,뭐랄까 친명의원 들이 이재명 대통령을 멱살 잡고 끌어 내리는 역할을 하는듯...,id:hokuki,2026-02-20 18:21:41,4,4,3,2026-02-20 18:22:23,2026-02-20 18:33:32,0.7,2.225,0.75
18158700,조선일보가 바로 단독 썼는데 가져 올게 이거 밖에 없어서,id:bulbol,2026-02-22 20:11:38,4,4,3,2026-02-22 20:12:52,2026-02-22 20:18:50,1.2333333333333334,2.6333333333333333,0.75
18159370,며칠전에 갑자기 등장해서 문재인 욕하고 뉴이재명 현상 칭송한게 우연이 아니구나,id:bulbol,2026-02-23 11:50:08,4,4,3,2026-02-23 11:50:34,2026-02-23 11:58:42,0.43333333333333335,1.9166666666666667,0.75
18159391,李와 대립각…이학재 인천공항 사장 사의,id:tkrhdgus1,2026-02-23 12:07:39,4,4,3,2026-02-23 12:08:33,2026-02-23 12:32:54,0.9,4.725,0.75
18159520,이언주 논란은 당원들에게서만 논란이 되고 당내에서는 아무런 문제제기가 없다,id:bulbol,2026-02-23 13:39:55,4,4,3,2026-02-23 13:40:33,2026-02-23 13:53:22,0.6333333333333333,2.1833333333333336,0.75
18161013,이재명만큼 국정운영 쉽게하는 민주당 대통령이 있었나,id:say1673,2026-02-25 00:34:17,4,4,3,2026-02-25 00:36:27,2026-02-25 00:41:44,2.1666666666666665,2.4333333333333336,0.75
18161416,문재인 대통령님 근황,id:cytokine1234,2026-02-25 13:51:15,4,4,3,2026-02-25 13:52:40,2026-02-25 14:01:45,1.4166666666666667,2.8916666666666666,0.75
18162988,오창석이 정치평론가라면 합당 관련해서 어떤 의미인지부터 파악했어야 함,id:maelsy99,2026-02-27 10:27:25,4,4,3,2026-02-27 10:28:58,2026-02-27 10:32:48,1.55,2.0583333333333336,0.75
18166768,그냥 이재명의 인사 스텐스는 계엄찬성이냐 반대냐 그것만 따지는듯,id:typoonj2,2026-03-02 21:11:12,4,4,3,2026-03-02 21:11:39,2026-03-02 21:18:17,0.45,2.091666666666667,0.75
18169909,???: 싸줄은 이재명 싫어하시나요?,id:minami89,2026-03-05 15:25:26,4,4,3,2026-03-05 15:25:54,2026-03-05 15:32:37,0.4666666666666667,0.8833333333333333,0.75
18170092,많은 분들이 청와대 민주당이 검언에 털릴거라고 보시지만,id:todfndl12,2026-03-05 17:00:38,4,4,3,2026-03-05 17:01:06,2026-03-05 17:07:54,0.4666666666666667,2.2916666666666665,0.75
18170468,이제는 이재명한테 두창 소리까지 나오네요,id:6830,2026-03-05 21:25:24,4,4,3,2026-03-05 21:26:34,2026-03-05 21:33:57,1.1666666666666667,3.5,0.75
18170811,아래 놈 보면서 느끼는건 이재명씨가 문통 칠 확률은 꽤나 높겠네요,id:tjfghksss,2026-03-05 23:30:22,4,4,3,2026-03-05 23:33:36,2026-03-06 00:12:40,3.2333333333333334,4.008333333333333,0.75
18171411,아니 씌바꺼 내가 찍은 대통령 욕좀하겠다는데,id:postechno1,2026-03-06 15:07:29,4,4,3,2026-03-06 15:10:10,2026-03-06 15:12:43,2.683333333333333,3.0583333333333336,0.75
18172113,정청래가 연임 욕심이 있다면 저는 조건이 있다고 생각합니다..,id:gum0510,2026-03-07 11:23:20,4,4,3,2026-03-07 11:25:04,2026-03-07 11:28:53,1.7333333333333334,3.1,0.75
18172279,이병태에 대해서 아직도 반응없는게 실화?,id:whoshot,2026-03-07 14:09:04,4,4,3,2026-03-07 14:10:09,2026-03-07 14:18:29,1.0833333333333333,2.658333333333333,0.75
18172834,이명박근혜 이재명이 사면 요구한거 아님?,id:onana,2026-03-07 22:13:05,4,3,3,2026-03-07 22:13:48,2026-03-07 22:18:40,0.7166666666666667,1.2666666666666666,0.75
18172840,이재명이 저 sns 올린거보니 검찰개혁은 나가리군요,id:typoonj2,2026-03-07 22:14:57,4,4,3,2026-03-07 22:15:25,2026-03-07 22:20:25,0.4666666666666667,2.191666666666667,0.75
18172996,김어준도 확실히 A/S하고 이재명에게 강하게 말해야죠....,id:zero080,2026-03-07 23:12:10,4,4,3,2026-03-07 23:13:06,2026-03-07 23:20:40,0.9333333333333333,1.3916666666666666,0.75
18173033,딴지 웃기네요,id:summernight,2026-03-07 23:26:20,4,4,3,2026-03-07 23:26:47,2026-03-07 23:32:17,0.45,1.5416666666666667,0.75
18173453,이재명이 끼면 족같아 지는게,id:hulk,2026-03-08 11:59:12,4,4,3,2026-03-08 11:59:56,2026-03-08 12:06:16,0.7333333333333333,0.9916666666666667,0.75
18174717,이재명 x 글이 어명임?,id:whoshot,2026-03-09 12:36:58,4,4,3,2026-03-09 12:38:07,2026-03-09 12:43:25,1.15,3.216666666666667,0.75
18175386,여대생 끌고 가서 바지 벗엇다는 게 무슨 소리에요?,id:malwool,2026-03-09 22:59:25,4,3,3,2026-03-09 23:00:34,2026-03-09 23:05:10,1.15,1.725,0.75
18175879,잘 몰라서 그러는데 이재명 정말 퇴임 후가 걱정되서 저러는거면..,id:BlackEyes23,2026-03-10 11:52:56,4,4,3,2026-03-10 11:53:56,2026-03-10 12:04:24,1.0,2.658333333333333,0.75
18175895,‘퇴직금 50억’ 곽상도 아들 무죄…4년 묶였던 계좌 풀렸다,id:bulbol,2026-03-10 12:04:59,4,4,3,2026-03-10 12:05:34,2026-03-10 12:25:59,0.5833333333333334,2.8,0.75
18176114,장인수 기자 폭로 레거시 미디어 아무도 안물잖아요 ㅋㅋㅋ,id:solution78,2026-03-10 14:33:46,4,4,3,2026-03-10 14:34:13,2026-03-10 14:52:35,0.45,0.8333333333333333,0.75
18177903,문통은 어떤 사안에 대해서 국민들 상대로 직접 설명해서 좋았는데,id:yo821281,2026-03-11 21:26:34,4,4,3,2026-03-11 21:27:25,2026-03-11 21:33:20,0.85,4.616666666666667,0.75
18179129,조선일보가 tv조선 물갈이 하면서까지 이재명에게 수그릴 준비하고 있다는 말이 이유가있네요,id:impactx84,2026-03-12 22:31:51,4,4,3,2026-03-12 22:32:20,2026-03-12 22:41:49,0.48333333333333334,2.775,0.75
18179511,뉴스공장 평균 150만뷰 민주당 권리당원 165만,id:alfatini,2026-03-13 12:05:13,4,4,3,2026-03-13 12:05:48,2026-03-13 12:13:34,0.5833333333333334,3.083333333333333,0.75
18179670,"어제 의원총회에서 정청래 발언을 보니 완전 청와대에 대가리 숙이고 무릎까지 꿇었네요""",id:zero080,2026-03-13 14:23:33,4,4,3,2026-03-13 14:24:17,2026-03-13 14:37:37,0.7333333333333333,4.158333333333333,0.75
18180293,정청래 당신은 한마디 해줘야 하는거 아닌가요?,id:junice98,2026-03-13 23:24:39,4,4,3,2026-03-13 23:25:13,2026-03-13 23:36:06,0.5666666666666667,2.2416666666666667,0.75
18180994,정치 저관여층이고 투표도 안하기로 했는데도 빡치네 ㅋㅋ,id:zkdltmffks,2026-03-14 18:55:01,4,4,3,2026-03-14 18:56:08,2026-03-14 19:40:39,1.1166666666666667,1.5666666666666669,0.75
18181214,도통령 되기전에 그렇게 염려를 했는데,id:hulk,2026-03-14 22:22:28,4,4,3,2026-03-14 22:23:47,2026-03-14 22:32:37,1.3166666666666667,2.4916666666666667,0.75
18182613,짬통이 단순히 목줄 잡혀 이럴 것이다라고 생각할 순 없는 게,id:xxvxx,2026-03-16 00:19:23,4,4,3,2026-03-16 00:20:23,2026-03-16 00:44:29,1.0,2.6833333333333336,0.75
18183103,"대통령이 본체인데 정성호, 김민석, 조상호 하바리들 까봐야 뭔 소용",id:bulbol,2026-03-16 11:10:05,4,4,3,2026-03-16 11:10:17,2026-03-16 11:34:57,0.2,0.7,0.75
18183423,대통령의 말 믿어봅시다,id:impactx84,2026-03-16 16:10:57,4,4,3,2026-03-16 16:12:14,2026-03-16 16:20:27,1.2833333333333334,2.3833333333333333,0.75
18184056,짬통 꼼수인게 애초에 몇 개 물릴생각으로 정부안 만든거,id:summernight,2026-03-17 08:38:06,4,4,3,2026-03-17 08:38:54,2026-03-17 08:44:05,0.8,1.7583333333333333,0.75
18184227,딴거 없음. 시작도 끝도 이재명임,id:hypeboy,2026-03-17 10:27:05,4,4,3,2026-03-17 10:27:58,2026-03-17 10:34:38,0.8833333333333333,2.65,0.75
18185043,차기 전대가 엄청 중요한데 정청래 아니면 어려울겁니다,id:whddlqlgodrl,2026-03-17 21:05:13,4,4,3,2026-03-17 21:05:55,2026-03-17 21:14:07,0.7,3.408333333333333,0.75
18185550,그러고보니 민주당 애들 뉴공 출연 안하자고 했는데 당대표가 그 뒤로 제일 먼저 나와버림,id:artemismoon,2026-03-18 09:57:00,4,4,3,2026-03-18 09:57:43,2026-03-18 10:08:14,0.7166666666666667,3.1166666666666667,0.75
18185620,검찰개혁안 보면서 이재명에 대한 생각이 살짝 바뀌긴 했는데,id:dadoocom,2026-03-18 10:50:24,4,4,3,2026-03-18 10:51:33,2026-03-18 10:58:45,1.15,1.9500000000000002,0.75
18185793,이재명도 당원들이 그난리 안쳤으면 뭉개고 갔을거라는게 정설아닌가?,id:kokomong,2026-03-18 12:35:19,4,4,3,2026-03-18 12:36:21,2026-03-18 12:41:20,1.0333333333333334,1.375,0.75
18185808,검찰개혁보다 민생이 중요한데 정부가 왜 개혁안 가져간거임?,id:boba1983,2026-03-18 12:45:45,4,4,3,2026-03-18 12:46:33,2026-03-18 13:01:11,0.8,1.9083333333333332,0.75
18185820,이재명 악개들은 문재인 얘기를 꺼내지 않으면 죽는 병에 걸린건가,id:ejirall,2026-03-18 12:53:45,4,4,3,2026-03-18 12:54:35,2026-03-18 13:05:25,0.8333333333333334,2.3333333333333335,0.75
18186142,한준호가 인정한 이재명 최대 업적이 계곡정비..,id:deportivo7,2026-03-18 16:19:46,4,4,3,2026-03-18 16:21:14,2026-03-18 16:24:51,1.4666666666666666,2.283333333333333,0.75
18188158,낮에도 적었는데 뉴이재명류 방송이 많아도 너무 많습니다.,id:Necovv,2026-03-20 00:08:28,4,4,3,2026-03-20 00:10:07,2026-03-20 00:37:22,1.65,3.258333333333333,0.75
18189224,서울시 기초의회는 그래도 민주당 찍어주십쇼,id:impactx84,2026-03-20 21:25:17,4,4,3,2026-03-20 21:27:04,2026-03-20 21:45:46,1.7833333333333334,3.4499999999999997,0.75
18189360,이재명 vs 트럼프. 누가 더 스트레스임?,id:6830,2026-03-20 23:18:21,4,4,3,2026-03-20 23:19:50,2026-03-20 23:24:48,1.4833333333333334,2.325,0.75
18195483,시사패널들 돈 진짜 많이 버네요.,id:Necovv,2026-03-27 23:52:34,4,4,3,2026-03-27 23:53:59,2026-03-28 00:06:13,1.4166666666666667,1.7583333333333333,0.75
18205178,주위에 민주당 당원들에게 김동연은 통수이미지가 겁나 쌔더군요,id:FeelingGood,2026-04-07 18:36:47,4,4,3,2026-04-07 18:38:16,2026-04-07 18:46:50,1.4833333333333334,1.8833333333333333,0.75
18205191,더쿠 여기가 딱 말하는게 뉴재명인듯,id:impactx84,2026-04-07 18:48:06,4,4,3,2026-04-07 18:48:55,2026-04-07 18:55:47,0.8166666666666667,2.416666666666667,0.75
18205475,한준호 심각하네요 지금까지 민주당에서 저런 정치인 있었나,id:whddlqlgodrl,2026-04-07 23:45:22,4,4,3,2026-04-07 23:46:34,2026-04-08 00:27:24,1.2,1.325,0.75
18207991,대통령의 그릇이란게 만들어지는것 같지는 않네요..,id:childpicture,2026-04-11 11:17:27,4,4,3,2026-04-11 11:18:51,2026-04-11 11:25:25,1.4,2.7916666666666665,0.75
18208334,이재명 알고보니 개허접이었음. 할말 하고 싶으면 대통령의 언어로 해야지,id:Volvo,2026-04-11 15:48:10,4,3,3,2026-04-11 15:50:27,2026-04-11 16:04:34,2.283333333333333,3.825,0.75
18208475,대통령이 sns하는거 나쁘다고 생각안합니다.,id:tjdgh09123,2026-04-11 17:21:51,4,4,3,2026-04-11 17:23:45,2026-04-11 17:27:15,1.9,3.9833333333333334,0.75
18208488,시대의 흐름이 이재명을 원했던듯,id:childpicture,2026-04-11 17:34:02,4,4,3,2026-04-11 17:34:26,2026-04-11 17:40:50,0.4,3.1,0.75
18208494,이재명은 주가 높았을때도 외교가 약점이었죠.,id:HONG43,2026-04-11 17:39:43,4,4,3,2026-04-11 17:41:30,2026-04-11 17:45:44,1.7833333333333334,3.216666666666667,0.75
18209568,이재명 x에 쓴글의 문제가 뭔지 모름??,id:kokomong,2026-04-12 22:35:40,4,4,3,2026-04-12 22:36:50,2026-04-12 22:50:37,1.1666666666666667,3.7583333333333333,0.75
18211899,엌ㅋㅋㅋ 안산시장후보로 김철민 되게생겼네요 ㅋㅋㅋㅋ,id:radioshot1,2026-04-15 14:02:35,4,3,3,2026-04-15 14:03:05,2026-04-15 14:11:08,0.5,2.15,0.75
18213566,"美민주당 주도 '對이란 공격 중단' 결의안, 하원서도 부결",id:cho1250,2026-04-17 10:52:20,4,4,3,2026-04-17 10:53:42,2026-04-17 11:01:53,1.3666666666666667,3.283333333333333,0.75
18213976,어그로가 쓴 글에 추천수 30개 실화인가 ㅋㅋ,id:bugfix,2026-04-17 18:19:32,4,4,3,2026-04-17 18:22:46,2026-04-17 19:19:11,3.2333333333333334,4.291666666666666,0.75
18222946,"[속보] 서울고법, 김건희 항소심 징역 4년·벌금 5000만 원 선고",id:bvbreus11,2026-04-28 16:33:28,4,4,3,2026-04-28 16:35:34,2026-04-28 16:44:41,2.1,3.908333333333333,0.75
18223243,싸줄이 민주당 텃밭?,id:sunnyten,2026-04-28 21:27:51,4,4,3,2026-04-28 21:29:33,2026-04-28 21:50:39,1.7,1.875,0.75
18224359,오늘자 클로드가 정리한 사커라인 상황(4/30),id:opopgogo,2026-04-30 09:20:11,4,4,3,2026-04-30 09:23:53,2026-04-30 09:49:05,3.7,4.483333333333333,0.75
18224440,애초에 김용남과 허은아는 민주당에 오면 안되는 놈들이죠.,id:rukk7812,2026-04-30 11:33:50,4,4,3,2026-04-30 11:35:15,2026-04-30 11:39:46,1.4166666666666667,2.775,0.75
18228021,한동훈은 솔직히 모르겠네요,id:LJM1389,2026-05-04 20:29:56,4,4,3,2026-05-04 20:32:50,2026-05-04 20:35:35,2.9,3.958333333333333,0.75
18101328,다음중 더불어 민주당의 확실한 뿌리라고 보는 정당은?,id:kopluke,2025-12-17 15:38:49,5,5,3,2025-12-17 15:39:12,2025-12-17 16:01:02,0.38333333333333336,3.966666666666667,0.6
18105152,아래 타일러 관련 글을 보다 생각난 미국 첩보에 관한 이야기,id:boba1983,2025-12-22 23:19:43,5,3,3,2025-12-22 23:21:13,2025-12-22 23:37:24,1.5,3.1666666666666665,0.6
18109492,이혜훈 저렇게 빨리 제명하는거 보니,id:Bluewings21,2025-12-28 17:57:33,5,5,3,2025-12-28 17:58:16,2025-12-28 18:08:04,0.7166666666666667,2.0833333333333335,0.6
18110005,정말 정권만 바뀌면 정치로 스트레스 안받고 살줄...,id:hypeboy,2025-12-29 00:57:48,5,5,3,2025-12-29 00:58:35,2025-12-29 01:16:05,0.7833333333333333,2.85,0.6
18111273,"김병기, 200일만의 불명예 퇴진…후임 선출 전까지 문진석 대행체제",id:naco16,2025-12-30 10:53:02,5,5,3,2025-12-30 10:54:57,2025-12-30 12:33:18,1.9166666666666667,3.6,0.6
18111406,그냥 악의적인 비난은 보기 싫음.그냥 매번 그럴때마다 그상횡을 핑계로 스트레스 푸는것 같음,id:Webhead,2025-12-30 12:05:37,5,5,3,2025-12-30 12:08:09,2025-12-30 12:47:09,2.533333333333333,4.666666666666667,0.6
18122555,"박지원 ""보완수사권 꿈도 꾸지 마시라""",id:flamans1,2026-01-12 19:23:11,5,5,3,2026-01-12 19:26:12,2026-01-12 20:30:04,3.0166666666666666,4.483333333333333,0.6
18123386,이러다 지선 호남에서 혁신당한테 털리면 그건 다 정청래 책임이라 그러겠지 ㅎㅎㅎ,id:horizon,2026-01-13 12:45:10,5,5,3,2026-01-13 12:46:48,2026-01-13 13:02:32,1.6333333333333333,5.0,0.6
18124718,김상욱 의원 울산시장 도전한다니 생각나는게,id:Bluewings21,2026-01-14 16:37:58,5,5,3,2026-01-14 16:39:37,2026-01-14 16:59:00,1.65,4.066666666666666,0.6
18128374,정치인들 단식사례,id:bulbol,2026-01-18 21:55:41,5,5,3,2026-01-18 21:57:41,2026-01-18 22:40:07,2.0,3.05,0.6
18129123,민주당은 최구식을 받았네요...이야..,id:bundes1,2026-01-19 21:31:17,5,5,3,2026-01-19 21:34:39,2026-01-19 21:51:07,3.3666666666666667,4.6,0.6
18129147,"pic)조갑제 ""윤석열의 씨를 말려야 한다""",id:vincent85,2026-01-19 22:03:32,5,5,3,2026-01-19 22:04:21,2026-01-20 01:22:15,0.8166666666666667,4.933333333333334,0.6
18130945,"""MB측, 이만희에게 당원 요청""…이해관계 맞은 신천지",id:pucrinyesir,2026-01-21 17:12:16,5,5,3,2026-01-21 17:13:50,2026-01-21 17:38:25,1.5666666666666667,4.366666666666666,0.6
18132199,"[시방새 단독] 내란수괴, 이만희 독대",id:pearson19,2026-01-22 22:51:39,5,5,3,2026-01-22 22:52:44,2026-01-22 23:31:37,1.0833333333333333,4.166666666666667,0.6
18133482,16년 문재인은 왜 총선 안나온건가요?,id:hypeboy,2026-01-24 17:32:38,5,5,3,2026-01-24 17:34:11,2026-01-24 17:52:03,1.55,3.566666666666667,0.6
18136243,매불쇼도 보면 민주당 당원들 지지자들 여론 파악 잘못하고 있다는게 느껴지던데,id:FeelingGood,2026-01-27 23:40:59,5,5,3,2026-01-27 23:42:09,2026-01-28 00:25:37,1.1666666666666667,4.35,0.6
18140269,"[단독] 신천지, 민주당 대선 경선 때 ‘반명 후보’ 접근 정황",id:snap23,2026-02-01 21:39:44,5,5,3,2026-02-01 21:40:10,2026-02-01 21:54:51,0.43333333333333335,3.1333333333333333,0.6
18141188,슈카 “코스피 5000 조롱한 적 없어…백 번 칭찬해도 모자라”,id:Ibisevic,2026-02-02 20:42:14,5,5,3,2026-02-02 20:43:20,2026-02-02 20:55:24,1.1,3.65,0.6
18142109,뭔가 쿠팡 얘기가 점점 없어지는데.로비가...,id:Necovv,2026-02-03 19:24:52,5,5,3,2026-02-03 19:25:28,2026-02-03 19:34:48,0.6,3.1,0.6
18143747,"정청래, 합당 반대 초선의원들 설득…“쉬운 선거 없다”",id:naco16,2026-02-05 20:15:11,5,5,3,2026-02-05 20:15:48,2026-02-05 20:39:14,0.6166666666666667,2.783333333333333,0.6
18145703,Pic) 시민옹 이 발언은 10년이 지나도 적용되네요ㅋㅋㅋ,id:hyeok497,2026-02-08 11:14:42,5,5,3,2026-02-08 11:15:16,2026-02-08 15:55:03,0.5666666666666667,3.8333333333333335,0.6
18145964,이재명 대통령은 알까?,id:cytokine1234,2026-02-08 15:24:39,5,4,3,2026-02-08 15:25:35,2026-02-08 16:18:20,0.9333333333333333,2.6166666666666667,0.6
18146017,이재명의 민주당이라니... 와...,id:bulbol,2026-02-08 16:42:16,5,5,3,2026-02-08 16:43:21,2026-02-08 17:05:49,1.0833333333333333,2.4,0.6
18146969,"[속보] ‘김건희 집사’ 김예성, 횡령 1심 공소기각…“특검 수사대상 아냐”",id:bvbreus11,2026-02-09 14:23:04,5,5,3,2026-02-09 14:23:39,2026-02-09 14:44:04,0.5833333333333334,4.7,0.6
18147052,청와대 관계자 웃기는게 전준철 후보 추천이 역린을 건드린거다?라고 했죠,id:solution78,2026-02-09 15:54:32,5,5,3,2026-02-09 15:56:52,2026-02-09 16:00:52,2.3333333333333335,3.183333333333333,0.6
18148014,김남국 요즘 다시 정치 시작하려는것같던데.,id:radioshot1,2026-02-10 13:34:16,5,5,3,2026-02-10 13:35:03,2026-02-10 13:53:19,0.7833333333333333,4.033333333333333,0.6
18149975,pic) 이재명 - 정청래 화해하는 사진. jpg,id:gum0510,2026-02-11 15:03:10,5,5,3,2026-02-11 15:03:37,2026-02-11 15:21:08,0.45,2.7333333333333334,0.6
18149996,싸줄 먹혔네 하는 막타충들 보시오.,id:cytokine1234,2026-02-11 15:18:51,5,5,3,2026-02-11 15:20:09,2026-02-11 15:29:47,1.3,2.316666666666667,0.6
18150023,국힘이 답 없어서. 민주당에 들어가서 민주당을 오염시키자라는 전략이 통하는 것 같네요.,id:Necovv,2026-02-11 15:43:14,5,5,3,2026-02-11 15:45:00,2026-02-11 15:53:00,1.7666666666666666,3.966666666666667,0.6
18150106,사실 유시민이 먹으려는 건 민주당 정도가 아닙니다,id:life13579,2026-02-11 17:07:29,5,5,3,2026-02-11 17:08:33,2026-02-11 17:38:05,1.0666666666666667,1.75,0.6
18150221,최강욱은 이번에 지지자들에게도 많이 실망한거 같더군요.,id:say1673,2026-02-11 19:10:09,5,5,3,2026-02-11 19:11:08,2026-02-11 19:24:19,0.9833333333333333,4.116666666666666,0.6
18150836,"정봉주가 ""김민석 후보는 왜 표가 안나와요?"" 이거 기점으로 맛탱이 갔던 거죠?",id:Tenhag,2026-02-12 12:37:08,5,5,3,2026-02-12 12:38:38,2026-02-12 14:28:17,1.5,4.016666666666667,0.6
18150954,"[재업] 총선 때도 그렇고, 조국은 정치가 천직이었던 듯.",id:sounited13,2026-02-12 13:57:23,5,4,3,2026-02-12 13:57:53,2026-02-12 14:04:41,0.5,2.35,0.6
18154685,진짜 말 그대로 검찰개혁 민주당안으로 딸깍 하면 되는데,id:KINGBATI,2026-02-17 18:27:18,5,5,3,2026-02-17 18:27:37,2026-02-17 18:42:23,0.31666666666666665,2.05,0.6
18157113,"[속보] ‘무기징역’ 윤석열 “계엄, 오직 국민 위한 것…진정성·목적 변함 없어”",id:radioshot1,2026-02-20 13:47:10,5,5,3,2026-02-20 13:47:45,2026-02-20 14:35:38,0.5833333333333334,4.4,0.6
18157234,남천동도 웃긴게 분열은 망하기때문에 내부이야기 안한다인데,id:alfatini,2026-02-20 16:18:16,5,5,3,2026-02-20 16:20:08,2026-02-20 16:34:59,1.8666666666666667,4.133333333333334,0.6
18158694,정부 “공소청 수장 호칭 ‘검찰총장’ 유지”… 與 당론 수용 않기로,id:grit,2026-02-22 20:07:11,5,4,3,2026-02-22 20:08:52,2026-02-23 01:09:02,1.6833333333333333,2.6666666666666665,0.6
18159382,이쯤되면 홍준표도 방송에서 '문방궁' 해주면 총리 될 것 도 같은데?,id:horizon,2026-02-23 12:01:31,5,5,3,2026-02-23 12:02:53,2026-02-23 12:15:41,1.3666666666666667,1.8833333333333333,0.6
18160620,"[단독]헌재, 국민의힘이 낸 ""내란전담재판부는 위헌"" 헌법소원 각하",id:snap23,2026-02-24 17:03:19,5,5,3,2026-02-24 17:04:16,2026-02-24 17:19:48,0.95,2.716666666666667,0.6
18160794,공취모가 뭐가 문제인지 전혀 모르는듯,id:bulbol,2026-02-24 20:34:20,5,5,3,2026-02-24 20:34:57,2026-02-24 21:10:50,0.6166666666666667,2.8666666666666667,0.6
18160844,"이건태 ""지도부가 국정조사 무관심…그래서 '공취모' 나온 것""",id:bulbol,2026-02-24 21:34:11,5,4,3,2026-02-24 21:34:34,2026-02-24 22:02:08,0.38333333333333336,3.7666666666666666,0.6
18160939,민주당 분당 되면 우리가 쫓겨날까요? 민새를 쫓아 낼 수 있을까요?,id:malwool,2026-02-24 23:22:35,5,5,3,2026-02-24 23:23:07,2026-02-25 02:26:20,0.5333333333333333,2.85,0.6
18161462,전한길 아직도 콘서트 못 버렸네요 ㅋㅋㅋ,id:ehdtks9286,2026-02-25 14:37:15,5,5,3,2026-02-25 14:38:08,2026-02-25 15:01:41,0.8833333333333333,1.95,0.6
18162695,저의 평일기준 유투브 시청 패턴...(채널추천요망),id:noel608,2026-02-26 21:36:18,5,5,3,2026-02-26 21:39:15,2026-02-26 23:43:37,2.95,4.266666666666667,0.6
18163105,아니 문재인 감자 검색하니까 타 커뮤 싸줄러의 글이ㅋㅋㅋ,id:hyeok497,2026-02-27 12:25:51,5,5,3,2026-02-27 12:27:56,2026-02-27 12:40:04,2.0833333333333335,4.066666666666666,0.6
18168348,증시 꼴아박는거 지지율에 타격 클 거 같은데 문제는…,id:rhcp11,2026-03-04 11:37:51,5,5,3,2026-03-04 11:38:51,2026-03-04 11:49:45,1.0,2.6166666666666667,0.6
18168560,이번을 계기로 정부나 민주당이 주식 관련 발언은 신중했으면,id:bulbol,2026-03-04 13:53:34,5,5,3,2026-03-04 13:54:59,2026-03-04 13:59:29,1.4166666666666667,4.166666666666667,0.6
18169191,이재명 진짜 역겨운 것이 검찰 개혁 법안 양보 거의 안 함 ㅋㅋㅋㅋㅋ,id:zero080,2026-03-04 23:24:36,5,5,3,2026-03-04 23:25:49,2026-03-05 00:24:24,1.2166666666666666,3.566666666666667,0.6
18169232,"창스톤 ""이재명 사람 좋아서 지지하는 거 아닙니다 ㅎㅎ""",id:horizon,2026-03-05 00:11:33,5,5,3,2026-03-05 00:13:18,2026-03-05 00:22:08,1.75,2.6666666666666665,0.6
18171167,되돌아보면 이낙연이 너무 오랜기간 지지율 1위를 했었음,id:xxvxx,2026-03-06 10:57:02,5,5,3,2026-03-06 10:58:29,2026-03-06 11:48:38,1.45,3.966666666666667,0.6
18171195,정청래가 굽힌 이유가 있을거임. 합당이라도 했음 좋갰음,id:armwear,2026-03-06 11:21:22,5,5,3,2026-03-06 11:22:39,2026-03-06 12:16:09,1.2833333333333334,3.716666666666667,0.6
18172375,내부의 배신자들로부터 버림받았을때 목에 칼을 맞았을때 그 모든걸 이겨내고 사람이 변했죠,id:vnweq956,2026-03-07 15:42:48,5,5,3,2026-03-07 15:44:04,2026-03-07 15:51:10,1.2666666666666666,2.566666666666667,0.6
18174828,매불쇼 검찰개혁안 스탠스는 참 좋은듯,id:alfatini,2026-03-09 13:59:45,5,5,3,2026-03-09 14:01:22,2026-03-09 14:11:32,1.6166666666666667,4.55,0.6
18174908,이재명은 자기 지킬려고 광장에 모인 시민들은 보이지도 않나봄,id:FeelingGood,2026-03-09 15:14:35,5,5,3,2026-03-09 15:15:01,2026-03-09 15:25:51,0.43333333333333335,3.7666666666666666,0.6
18175209,이언주 저 개가튼 저거 문통 언급한거 당은 사과 안합니까?,id:Volvo,2026-03-09 19:58:03,5,4,3,2026-03-09 19:58:50,2026-03-09 20:07:58,0.7833333333333333,2.216666666666667,0.6
18176156,김규현인가 뭔가 하는놈은 민주당에서 출마하려고 딸랑이짓 오지게 하는듯,id:rukk7812,2026-03-10 15:04:11,5,5,3,2026-03-10 15:06:36,2026-03-10 15:18:11,2.4166666666666665,3.1333333333333333,0.6
18176236,가족끼리 정치 성향 다른거 흔하지 않나요??,id:dadoocom,2026-03-10 16:35:27,5,5,3,2026-03-10 16:37:22,2026-03-10 16:51:41,1.9166666666666667,3.6666666666666665,0.6
18177480,"총선예상, ""조국당 찍어서 국민의힘 당선시킬꺼야?""",id:ManU01,2026-03-11 16:37:11,5,5,3,2026-03-11 16:38:50,2026-03-11 16:52:15,1.65,4.933333333333334,0.6
18177909,김어준은 저격하면서 이동형은 저격하는이가 한명도없네 ㅋㅋㅋㅋㅋ,id:radioshot1,2026-03-11 21:30:19,5,5,3,2026-03-11 21:30:32,2026-03-11 21:53:25,0.21666666666666667,1.3,0.6
18178056,(Pic) 매번 자기 무덤 스스로 파는 이재명,id:luna7742,2026-03-12 00:01:54,5,5,3,2026-03-12 00:03:00,2026-03-12 23:23:08,1.1,3.033333333333333,0.6
18178393,이재명의 가장 큰 문제는....,id:hypeboy,2026-03-12 10:38:04,5,5,3,2026-03-12 10:39:30,2026-03-12 10:49:30,1.4333333333333333,4.383333333333334,0.6
18179504,의리없는 뉴이재명 일당들 나중에 두고 봅시다,id:wind1123,2026-03-13 11:59:00,5,5,3,2026-03-13 12:00:10,2026-03-13 12:49:10,1.1666666666666667,1.4,0.6
18179572,정원오는 자기는 이재명의 사람이라고 대놓고 말하네요,id:blue123,2026-03-13 12:51:53,5,5,3,2026-03-13 12:52:58,2026-03-13 13:24:16,1.0833333333333333,2.5833333333333335,0.6
18179627,insta) 허지웅 인스타(feat.김건희 주가조작),id:qhdtlsdl,2026-03-13 13:42:05,5,5,3,2026-03-13 13:43:32,2026-03-13 13:57:37,1.45,4.1,0.6
18179959,설마 하겠나 하던걸 윤석열은 다 했고,id:jeffkent,2026-03-13 18:25:49,5,5,3,2026-03-13 18:26:35,2026-03-13 18:37:15,0.7666666666666667,1.6833333333333333,0.6
18180074,대통령 실물은 딱 두명 봤읍니다,id:rhcp11,2026-03-13 20:12:32,5,5,3,2026-03-13 20:13:00,2026-03-13 20:26:51,0.4666666666666667,3.65,0.6
18180171,걍 저는 입장정리 깔끔하게 함,id:gerrard88,2026-03-13 21:46:28,5,4,3,2026-03-13 21:49:20,2026-03-13 21:59:07,2.8666666666666667,4.333333333333333,0.6
18180409,대대로 민주당정부때 복지쪽 강회되어서 이번에도 그럴지 알았죠,id:rltjddyd16,2026-03-14 09:00:09,5,5,3,2026-03-14 09:01:11,2026-03-14 09:10:14,1.0333333333333334,4.016666666666667,0.6
18180504,이재명은 비호감도 높았어요,id:yo821281,2026-03-14 10:37:23,5,5,3,2026-03-14 10:38:29,2026-03-14 10:51:18,1.1,2.5833333333333335,0.6
18181281,Pic) 민주당 패는 황명필,id:Ibisevic,2026-03-14 23:34:30,5,5,3,2026-03-14 23:36:26,2026-03-15 02:05:00,1.9333333333333333,4.266666666666667,0.6
18182704,[단독] 김부겸 대구시장 출마할 듯…대구시장 선거 요동치나,id:radioshot1,2026-03-16 01:18:06,5,5,3,2026-03-16 01:19:10,2026-03-16 06:47:02,1.0666666666666667,2.6666666666666665,0.6
18184008,검찰개혁 정부안. 합의안으로 대폭 수정된 내용,id:citable,2026-03-17 07:59:07,5,5,3,2026-03-17 08:01:09,2026-03-18 05:41:11,2.033333333333333,3.55,0.6
18185541,"회사 여직원이, 돌판 애들 민주진영에 진입한 거 위험하다 그랬어요",id:reiun,2026-03-18 09:51:02,5,5,3,2026-03-18 09:52:19,2026-03-18 10:03:15,1.2833333333333334,3.25,0.6
18186239,이재명이 이번건을 어찌 생각하느냐가 중요할듯,id:whddlqlgodrl,2026-03-18 17:30:02,5,5,3,2026-03-18 17:32:37,2026-03-18 20:46:52,2.5833333333333335,4.55,0.6
18186275,최근에 가장 본 어이 없는 소리가 이재명은 대통령 되고도 비주류야 이거였음,id:impactx84,2026-03-18 17:59:29,5,5,3,2026-03-18 17:59:53,2026-03-18 18:23:23,0.4,4.066666666666666,0.6
18187032,김동연 ㅋㅋㅋ양심도없네 ㅋㅋㅋㅋㅋㅋ,id:radioshot1,2026-03-19 08:33:32,5,5,3,2026-03-19 08:34:29,2026-03-19 08:44:15,0.95,4.333333333333333,0.6
18187872,오윤혜는 뉴이재명이 뭔지나 아나요?,id:whddlqlgodrl,2026-03-19 20:00:53,5,5,3,2026-03-19 20:01:36,2026-03-19 20:19:32,0.7166666666666667,3.8833333333333333,0.6
18188652,이재명 대통령 X활동을 보면 고민되는 점이,id:impactx84,2026-03-20 12:06:08,5,5,3,2026-03-20 12:07:24,2026-03-20 12:16:35,1.2666666666666666,2.3666666666666667,0.6
18189562,장윤선 기자 말이 사실이라는 조건이 성립될라면 두가지가 성립해야함,id:kokomong,2026-03-21 09:10:10,5,5,3,2026-03-21 09:11:09,2026-03-21 09:19:56,0.9833333333333333,3.9833333333333334,0.6
18190686,"EU 자유주의 진영, 한국 일본 캐나다와 무역협정 필요",id:pearson19,2026-03-22 11:11:05,5,4,3,2026-03-22 11:11:58,2026-03-22 11:47:02,0.8833333333333333,4.316666666666666,0.6
18195565,이재명한테 가장 실망한 시점이 빨간색 파란색 운운한거,id:rukk7812,2026-03-28 08:35:59,5,5,3,2026-03-28 08:37:42,2026-03-28 09:08:45,1.7166666666666666,4.983333333333333,0.6
18200184,지인중에 맨날 이재명 정부가 국밈연금 꼴아박아서 주가 올린다는 사람 있음,id:Grassland,2026-04-01 15:11:07,5,5,3,2026-04-01 15:13:01,2026-04-01 15:27:06,1.9,3.716666666666667,0.6
18201964,??? 문재인과 민주당 때문에 내가 취업도 결혼도 아파트도 못사고 다 망한거야,id:rukk7812,2026-04-03 14:27:31,5,5,3,2026-04-03 14:28:01,2026-04-03 15:59:38,0.5,2.9,0.6
18204110,방금 리얼미터에서 여론조사 전화가 와서 응답했읍니다,id:kaoruchan,2026-04-06 14:07:08,5,5,3,2026-04-06 14:07:38,2026-04-06 14:46:26,0.5,1.0833333333333333,0.6
18205120,근데 왜 이재명은 연임 안한다에 의견을 안내는거에요?,id:FeelingGood,2026-04-07 17:40:47,5,5,3,2026-04-07 17:41:30,2026-04-07 18:00:57,0.7166666666666667,3.283333333333333,0.6
18206716,저는 86년생이며 제가 어렸던 2000년대에는 빠른 효율성 추구하는 분위기였음,id:adkse,2026-04-09 13:18:56,5,5,3,2026-04-09 13:20:19,2026-04-09 15:01:18,1.3833333333333333,3.5833333333333335,0.6
18207928,이재명은 SNS에 이스라엘 발언 하지 말았어야,id:soccerlineid,2026-04-11 10:01:14,5,5,3,2026-04-11 10:03:21,2026-04-11 10:45:07,2.1166666666666667,4.866666666666666,0.6
18208269,이재명의 X 문구보고 어이 없었던 점,id:bookae1,2026-04-11 15:03:53,5,5,3,2026-04-11 15:04:35,2026-04-11 15:13:59,0.7,3.2333333333333334,0.6
18208493,이혜훈때가 개인적으론 정말 충격이었음 이재명이 훈계한 말도,id:rukk7812,2026-04-11 17:39:36,5,4,3,2026-04-11 17:41:07,2026-04-11 17:56:45,1.5166666666666666,4.366666666666666,0.6
18209659,이재명 대통령 분당집 말인데요,id:bulbol,2026-04-12 23:39:03,5,5,3,2026-04-12 23:40:43,2026-04-12 23:55:34,1.6666666666666667,3.2666666666666666,0.6
18213810,하남갑에 송영길 전략공천 한다는 이야기가 있네요,id:yo821281,2026-04-17 15:00:29,5,5,3,2026-04-17 15:00:55,2026-04-17 15:09:30,0.43333333333333335,3.6666666666666665,0.6
18220656,jpg) 민주당 의원50명의 지지에 화답하는 김용 ㅋ,id:bugfix,2026-04-25 18:13:33,5,5,3,2026-04-25 18:14:15,2026-04-25 18:33:47,0.7,1.55,0.6
18224031,짬통 대선때는 진짜 그간의 시련을 겪고 대인 군자로 진화한줄 알았음..,id:hyeok497,2026-04-29 18:55:47,5,5,3,2026-04-29 18:56:36,2026-04-29 19:12:48,0.8166666666666667,4.05,0.6
18101345,쿠팡 청문회인데···‘김병기 청탁 의혹’으로 여야 고성 오가,id:naco16,2025-12-17 15:57:17,6,6,3,2025-12-17 15:58:06,2025-12-17 16:13:04,0.8166666666666667,5.033333333333333,0.5
18107097,"원내지도부) 허영 “내란전담재판부 법안, 이대로는 안 된다”",id:naco16,2025-12-25 15:30:41,6,6,3,2025-12-25 15:31:33,2025-12-25 15:43:06,0.8666666666666667,4.975,0.5
18117370,"민주 ""이혜훈 의혹? 전부 국힘 시절에 발생""",id:pucrinyesir,2026-01-06 15:25:59,6,6,3,2026-01-06 15:26:59,2026-01-06 16:09:47,1.0,7.241666666666666,0.5
18123086,"[단독] 서부지법 폭동 가담자, 박탈감에 분노한 ‘三·無·男(30대 이하, 무직, 남)",id:fantak,2026-01-13 09:49:55,6,6,3,2026-01-13 09:51:01,2026-01-13 10:07:40,1.1,4.25,0.5
18123764,"pic) 김병기 ""망부석처럼 민주당 곁 지키며 이재명 정부 성공 기원""",id:fantak,2026-01-13 18:09:22,6,6,3,2026-01-13 18:10:06,2026-01-13 19:29:41,0.7333333333333333,6.283333333333333,0.5
18124199,(윤석열 사형 기념) 치킨 골라주세요,id:yesyes5467,2026-01-13 22:45:13,6,6,3,2026-01-13 22:45:52,2026-01-13 23:09:25,0.65,5.416666666666667,0.5
18125053,pic) 한동훈 뚜껑 근황,id:pearson19,2026-01-14 22:51:15,6,6,3,2026-01-14 22:52:02,2026-01-14 23:09:41,0.7833333333333333,8.4,0.5
18131574,"[단독] 신천지, ""나라 뒤집어진다"" 경고에도 '당원 가입' 강행",id:ehdtks9286,2026-01-22 11:05:09,6,6,3,2026-01-22 11:06:14,2026-01-22 11:20:14,1.0833333333333333,5.441666666666666,0.5
18134890,근데 합당이야기는 싸줄러들 스탠스 돌아선게 웃기네요 ㅋㅋㅋ,id:kenochanTR,2026-01-26 11:26:19,6,6,3,2026-01-26 11:27:26,2026-01-26 11:54:25,1.1166666666666667,6.925,0.5
18135139,이재명 대통령이 정청래 대표 신임한다고 말 하는거 어렵나,id:Rojiblanco,2026-01-26 15:35:20,6,6,3,2026-01-26 15:35:59,2026-01-26 16:27:49,0.65,4.541666666666667,0.5
18137852,"[속보] 트럼프, 부정선거를 이유로 선관위 압수수색",id:pucrinyesir,2026-01-29 14:54:13,6,6,3,2026-01-29 14:55:25,2026-01-29 16:05:50,1.2,6.533333333333333,0.5
18144781,제가 썼던 글 재탕하는게 민망하긴 한데 재탕 좀 할게요.,id:lfcthismeans,2026-02-07 01:59:52,6,6,3,2026-02-07 02:01:33,2026-02-07 08:47:59,1.6833333333333333,18.541666666666668,0.5
18145317,근데 좀 이상한게요,id:bulbol,2026-02-07 22:14:14,6,6,3,2026-02-07 22:16:06,2026-02-07 22:26:06,1.8666666666666667,3.9749999999999996,0.5
18146004,(개인적인 의견) 이재명-정청래 관계에 이상이 있다고 보진 않음,id:rainshowerkk,2026-02-08 16:20:33,6,6,3,2026-02-08 16:21:58,2026-02-08 16:37:50,1.4166666666666667,4.741666666666666,0.5
18146265,"Pic) 유시민 “이재명 대통령, 이제는 한번 점검을 해볼때”",id:hyeok497,2026-02-08 20:54:49,6,6,3,2026-02-08 20:57:45,2026-02-09 01:15:44,2.933333333333333,7.825,0.5
18147034,이재명은 검찰 개혁 부분에서 완전히 배신 했습니다,id:solution78,2026-02-09 15:31:18,6,6,3,2026-02-09 15:34:05,2026-02-09 15:38:44,2.783333333333333,5.300000000000001,0.5
18147168,pic)문통 비하하는 색기들은 사람 색기가 아님,id:bundes1,2026-02-09 18:10:26,6,6,3,2026-02-09 18:12:48,2026-02-09 18:24:53,2.3666666666666667,5.3500000000000005,0.5
18149542,"[속보] 법원, 19일 '내란 우두머리' 윤석열 1심 선고 중계방송 허가.gisa",id:jun2312,2026-02-11 10:24:06,6,6,3,2026-02-11 10:25:19,2026-02-11 12:47:21,1.2166666666666666,8.083333333333332,0.5
18150601,총수가 친문 대장이란게 진짜 가장 웃김. ㅈ같은 년놈들 진짜 ㅋㅋ,id:lfcthismeans,2026-02-12 08:49:35,6,6,3,2026-02-12 08:52:08,2026-02-12 10:34:38,2.55,6.9,0.5
18152487,"Pic) 이언주, 합당 일단락 뒤 “이젠 유튜브가 좌우하지 않아” “뉴 이재명“",id:hyeok497,2026-02-14 12:19:13,6,6,3,2026-02-14 12:21:01,2026-02-14 12:30:10,1.8,4.558333333333334,0.5
18154876,코로나로 3년을 보낸 정권한테 바라는것도 존나게 많네,id:tkzjfkdlsd,2026-02-17 21:28:34,6,6,3,2026-02-17 21:32:02,2026-02-17 22:07:52,3.466666666666667,6.725,0.5
18158589,"김지호, 유시민 '공취모 미친 짓' 발언에 정면 반박… ""내란 세력이 좋아할 말""",id:bulbol,2026-02-22 18:07:50,6,6,3,2026-02-22 18:09:00,2026-02-22 19:00:21,1.1666666666666667,6.116666666666667,0.5
18158703,공소청 '보완수사요구권'만 준다?…'전건 송치' 논의도 재부상,id:bulbol,2026-02-22 20:16:47,6,5,3,2026-02-22 20:17:31,2026-02-22 21:41:17,0.7333333333333333,9.475,0.5
18160913,이재명이 최대 업적이라고 내세울려는게 아파트 가격 잡는건데,id:blue123,2026-02-24 22:49:12,6,5,3,2026-02-24 22:50:24,2026-02-24 23:19:54,1.2,6.408333333333333,0.5
18161533,"오늘 겸공에서 봉지욱 기자가 민주당내 현역의원들도 엮여있다하던데, 이제 그놈들 찾아야죠.",id:naco16,2026-02-25 15:42:11,6,6,3,2026-02-25 15:42:52,2026-02-25 16:12:17,0.6833333333333333,3.933333333333333,0.5
18161579,"중앙일보) '이낙연 꼬리표' 오영훈 ""하위 20% 통보""…與 '비청횡사' 시작됐나",id:naco16,2026-02-25 16:42:22,6,6,3,2026-02-25 16:43:21,2026-02-25 17:53:32,0.9833333333333333,5.866666666666667,0.5
18166687,"우상호 피셜 ""이재명은 괴물 경찰 탄생이 걱정이 되어서 그러는 것이다 ㅋㅋㅋㅋ""",id:zero080,2026-03-02 19:57:30,6,6,3,2026-03-02 19:59:26,2026-03-02 20:04:50,1.9333333333333333,5.0166666666666675,0.5
18170269,시발 맨날 문통 욕하면서 이재명은 개혁 해낼거라고 하던 새끼들,id:rhcp11,2026-03-05 18:53:23,6,6,3,2026-03-05 18:53:32,2026-03-05 19:09:47,0.15,6.591666666666667,0.5
18171981,이병태 비판하는게 며칠을 고민할 이야기가 되었다는게,id:bulbol,2026-03-07 07:50:41,6,6,3,2026-03-07 07:52:34,2026-03-07 10:02:44,1.8833333333333333,6.783333333333333,0.5
18173097,지선까진 이길겁니다 국민들의 분노가 국힘에게 가잇기때문에,id:rrlatls18,2026-03-07 23:59:57,6,6,3,2026-03-08 00:00:37,2026-03-08 00:20:36,0.6666666666666666,5.316666666666666,0.5
18173568,"추미애 ""검찰개혁, 법사위에 맡겨라""‥한준호 ""대통령에 각 세우면 안 돼""",id:naco16,2026-03-08 14:02:59,6,6,3,2026-03-08 14:03:56,2026-03-08 14:40:03,0.95,4.391666666666667,0.5
18173925,하씨...내 취향 배우 공유하고 비슷한 배우 ㅊㅊ받고 싶은데,id:tjfghksss,2026-03-08 19:03:19,6,6,3,2026-03-08 19:04:13,2026-03-09 18:21:47,0.9,5.191666666666666,0.5
18178579,뉴이재명들 한동안 조용하다가 장인수 기자건으로 김어준 공격에 풀발기 중이네요,id:impactx84,2026-03-12 14:03:13,6,6,3,2026-03-12 14:03:54,2026-03-12 15:10:57,0.6833333333333333,6.433333333333334,0.5
18178950,김의겸 새만금청장 사직서 수리…군산·김제·부안갑 재선거 출마할 듯,id:yo821281,2026-03-12 19:49:26,6,6,3,2026-03-12 19:50:33,2026-03-12 21:11:50,1.1166666666666667,15.908333333333333,0.5
18180517,근데 이재명 취임하고 주식 말고 또 뭐 했나요??,id:BlackEyes23,2026-03-14 10:49:53,6,6,3,2026-03-14 10:50:29,2026-03-14 11:02:17,0.6,4.766666666666667,0.5
18180523,"""수긍해라"" 김어준에 따졌다…與양부남, 檢개혁 할말 다 한 이유",id:radioshot1,2026-03-14 10:53:59,6,6,3,2026-03-14 10:54:25,2026-03-14 11:17:03,0.43333333333333335,4.033333333333333,0.5
18181151,제가 백신 얘기한 이유가 친명 초강경 사이트인 이합갤에서,id:adkse,2026-03-14 21:28:05,6,6,3,2026-03-14 21:29:11,2026-03-14 21:39:06,1.1,3.4833333333333334,0.5
18183193,다음 총선 공천 심판은 못할것 같다는 생각이 듬,id:dress7,2026-03-16 12:36:02,6,6,3,2026-03-16 12:37:43,2026-03-16 13:17:12,1.6833333333333333,5.358333333333333,0.5
18184549,민주당 의원들 알고보니까 살짝 역겹긴 하네요 ㅎㅎ,id:qhdtlsdl,2026-03-17 14:55:06,6,6,3,2026-03-17 14:56:40,2026-03-17 16:59:01,1.5666666666666667,4.033333333333333,0.5
18185580,박찬대 겸공타령하는거는 이재명 입장이라고 봐야겠죠?,id:whddlqlgodrl,2026-03-18 10:17:55,6,6,3,2026-03-18 10:20:15,2026-03-18 10:30:03,2.3333333333333335,5.191666666666666,0.5
18185870,pic) 김부겸 나오는데 설마 이진숙을 찍겠냐에 대한 답,id:dadoocom,2026-03-18 13:26:33,6,6,3,2026-03-18 13:27:36,2026-03-18 14:07:18,1.05,6.141666666666667,0.5
18188099,진석사도 문통이 한 자리 줬으면 지금까지 빨았을걸요ㅋㅋ,id:hobro,2026-03-19 23:14:36,6,6,3,2026-03-19 23:15:09,2026-03-20 00:00:11,0.55,4.066666666666666,0.5
18193695,김남국 멘트에서 가장 어이없는 부분,id:xxvxx,2026-03-25 21:00:01,6,6,3,2026-03-25 21:00:26,2026-03-25 21:12:08,0.4166666666666667,5.975,0.5
18197190,지금 언론보면 문통이 얼마나 억까 당했는지 ㅠㅠㅠ,id:gerrard88,2026-03-29 13:59:21,6,6,3,2026-03-29 14:00:29,2026-03-29 14:27:28,1.1333333333333333,5.883333333333334,0.5
18200754,아직 4년이나 남아서 차기 대선후보 말하기는 이르지만 저는 추미애,id:rukk7812,2026-04-02 08:30:37,6,6,3,2026-04-02 08:31:32,2026-04-02 09:51:52,0.9166666666666666,6.2,0.5
18204738,이회창이 윤석열보다 능력이 있는 사람이라고 생각함,id:adkse,2026-04-07 10:53:17,6,6,3,2026-04-07 10:56:57,2026-04-07 11:15:53,3.6666666666666665,9.5,0.5
18205231,b준호는 의원 끝나고 뭐하려나?,id:sounited13,2026-04-07 19:24:01,6,6,3,2026-04-07 19:24:56,2026-04-07 19:51:27,0.9166666666666666,8.866666666666667,0.5
18206549,한준호가 이재명 이름팔아서 선거했는데 추미애가 경선 이겨서 그런거임,id:FeelingGood,2026-04-09 10:06:03,6,6,3,2026-04-09 10:07:10,2026-04-09 10:25:32,1.1166666666666667,4.666666666666667,0.5
18207309,기어코 정청래 사과 또 한번 받아내는데 성공한 짬통ㅋ,id:horizon,2026-04-10 10:56:53,6,6,3,2026-04-10 10:59:58,2026-04-10 12:52:30,3.0833333333333335,9.625,0.5
18213824,하정우 ai수석은 부산북갑 나가야겠네요...,id:DKisKing,2026-04-17 15:11:04,6,6,3,2026-04-17 15:12:47,2026-04-17 15:30:21,1.7166666666666666,5.5,0.5
18216820,"한걸레) 조국,한동훈 계산기 끝판왕들의 재등판",id:worldwill,2026-04-20 16:43:27,6,6,3,2026-04-20 16:45:31,2026-04-20 17:18:21,2.066666666666667,5.816666666666666,0.5
18222386,민주당 나중에 대선후보가 설마..,id:spoops,2026-04-27 21:05:23,6,6,3,2026-04-27 21:06:16,2026-04-27 21:25:11,0.8833333333333333,4.341666666666667,0.5
18222697,부동산 관련해서는 복사하는 놈도 빼라던 이재명 ㅋㅋㅋ,id:bugfix,2026-04-28 11:59:08,6,6,3,2026-04-28 11:59:35,2026-04-28 12:56:01,0.45,7.816666666666666,0.5
18225353,펨버러지들 문재인 욕 많이 하던데,id:ajh30130,2026-05-01 19:18:55,6,6,3,2026-05-01 19:19:21,2026-05-01 19:30:17,0.43333333333333335,3.925,0.5
18226596,김용남 허은아 이런애들은요 절대 원내로 진입하면 안되는 인사임,id:kokomong,2026-05-03 13:31:39,6,6,3,2026-05-03 13:33:30,2026-05-03 13:46:10,1.85,6.508333333333333,0.5
18228086,"""정우 오빠라고 해봐"" 발언 논란에…정청래 ""아이·부모님께 송구""",id:summernight,2026-05-04 21:34:40,6,6,3,2026-05-04 21:36:12,2026-05-04 22:23:07,1.5333333333333334,5.375,0.5
18117489,"pic) 1일치 이혜훈 단독 보도, 언론사",id:bulbol,2026-01-06 17:45:06,7,7,3,2026-01-06 17:46:17,2026-01-06 18:20:31,1.1833333333333333,6.733333333333333,0.42857142857142855
18122109,민주당 권리당원 탈퇴 마렵네요,id:cobain68,2026-01-12 12:56:46,7,7,3,2026-01-12 12:57:52,2026-01-12 13:20:50,1.1,6.316666666666666,0.42857142857142855
18124663,자문의원 사퇴선언 생중계 중인데,id:dosa0705,2026-01-14 15:26:49,7,7,3,2026-01-14 15:28:39,2026-01-14 16:33:17,1.8333333333333333,18.6,0.42857142857142855
18125280,김병기보면 진짜 국정원끗발이 대단한듯,id:twija100,2026-01-15 10:19:48,7,7,3,2026-01-15 10:20:46,2026-01-15 11:29:45,0.9666666666666667,6.9,0.42857142857142855
18129420,"pic) 합수본 “신천지, 윤석열 은혜 갚기 위해 국힘 가입” 진술 확보",id:fantak,2026-01-20 11:33:16,7,7,3,2026-01-20 11:34:21,2026-01-20 12:40:45,1.0833333333333333,6.833333333333333,0.42857142857142855
18130222,"李대통령, 오늘 신년 기자회견…집권 2년차 ‘대도약’ 구상 밝힌다",id:naco16,2026-01-21 08:48:22,7,7,3,2026-01-21 08:49:54,2026-01-21 09:21:28,1.5333333333333334,7.716666666666667,0.42857142857142855
18130919,이재명이 검찰개혁 가져간 이후 사법개혁은 쏙 들어감.,id:cytokine1234,2026-01-21 16:40:43,7,7,3,2026-01-21 16:41:36,2026-01-22 00:19:54,0.8833333333333333,7.366666666666666,0.42857142857142855
18132493,저는 싸줄에서 계속 이야기 했지만 이언주 최고위원 뽑은 사람들도 반성해야함.,id:BlackEyes23,2026-01-23 12:34:17,7,7,3,2026-01-23 12:34:58,2026-01-23 12:56:51,0.6833333333333333,5.183333333333334,0.42857142857142855
18132537,"초등 5학년 “멸공, 일거에 척결” 손편지…윤석열 “각별히 감사”",id:pucrinyesir,2026-01-23 13:31:20,7,7,3,2026-01-23 13:32:59,2026-01-23 14:02:26,1.65,11.6,0.42857142857142855
18133493,與 '1인 1표제' 도입 당원 85.3% '찬성'…37만명 투표 참여,id:grit,2026-01-24 17:46:30,7,7,3,2026-01-24 17:47:41,2026-01-24 18:01:09,1.1833333333333333,6.1,0.42857142857142855
18136904,오늘 이 사태도 이재명 정권 검찰개혁 인사 참사의 한부분입니다,id:solution78,2026-01-28 15:24:48,7,7,3,2026-01-28 15:26:02,2026-01-28 17:49:33,1.2333333333333334,5.216666666666667,0.42857142857142855
18138734,정권재창출 책임론은 결국 싸우자는 결론으로 귀결됨,id:bulbol,2026-01-30 17:31:24,7,7,3,2026-01-30 17:33:12,2026-01-30 17:47:14,1.8,6.533333333333333,0.42857142857142855
18143113,민주당 커뮤사이에서도 의견이 달라지는건가요?..,id:kanginmom,2026-02-04 22:38:40,7,7,3,2026-02-04 22:40:48,2026-02-04 23:32:20,2.1333333333333333,9.366666666666667,0.42857142857142855
18144346,요새 이재명 악개들이 뜬금뜬금 애기하는 것이 대통령 연임임,id:juventus82,2026-02-06 15:34:22,7,7,3,2026-02-06 15:35:49,2026-02-06 15:54:37,1.45,5.883333333333334,0.42857142857142855
18147568,이쯤되면 당대표가 연임하지 않으면 민주시민의 패배로 귀결되는 모양새네요,id:horizon,2026-02-09 23:35:28,7,7,3,2026-02-09 23:36:03,2026-02-10 00:26:52,0.5833333333333334,6.633333333333334,0.42857142857142855
18147766,합당실패하면 조혁당도 서울에 후보냈으면 좋겠습니다,id:FeelingGood,2026-02-10 10:46:01,7,7,3,2026-02-10 10:46:46,2026-02-10 10:54:34,0.75,5.1,0.42857142857142855
18147822,양쪽다 흐린눈으로 보려 합니다.,id:sonhh,2026-02-10 11:35:52,7,6,3,2026-02-10 11:38:37,2026-02-10 11:51:24,2.75,6.816666666666666,0.42857142857142855
18148248,이재명도 아가리 정치는 열심히 했음 진짜는 의지와 실행력이지,id:juventus82,2026-02-10 16:18:46,7,7,3,2026-02-10 16:20:23,2026-02-10 16:28:35,1.6166666666666667,5.483333333333333,0.42857142857142855
18149914,청와대가 이정도로 하면 난 그래도 앞으로 이재명 믿어주겠음,id:keias1024,2026-02-11 14:21:58,7,7,3,2026-02-11 14:22:44,2026-02-11 15:07:52,0.7666666666666667,5.183333333333334,0.42857142857142855
18155143,뉴이재명 얘들 특징.txt,id:ninety5mph,2026-02-18 09:58:40,7,7,3,2026-02-18 09:59:46,2026-02-18 10:38:06,1.1,5.516666666666667,0.42857142857142855
18160525,(pic) 지지율 왤케 높지? 하시는 분들 간혹 계신데 사실 유별나게 높은 수치는 아닙니다,id:stynerkn,2026-02-24 15:17:53,7,7,3,2026-02-24 15:18:58,2026-02-24 19:09:02,1.0833333333333333,7.0,0.42857142857142855
18161741,요새 민주당 갤러리 보면 좀 혼란스럽네요.,id:6830,2026-02-25 19:49:40,7,7,3,2026-02-25 19:51:12,2026-02-25 21:22:03,1.5333333333333334,8.666666666666666,0.42857142857142855
18161990,pic) 25일 대구에 간 한동훈,id:pearson19,2026-02-26 07:40:59,7,7,3,2026-02-26 07:42:56,2026-02-26 09:13:57,1.95,12.583333333333334,0.42857142857142855
18162112,삼전 덕에 부모님 노후 걱정 덜었네요..,id:zavawork01,2026-02-26 10:47:33,7,7,3,2026-02-26 10:48:01,2026-02-26 11:31:46,0.4666666666666667,6.033333333333333,0.42857142857142855
18162226,"민주당은 당내 흐름이 주류, 비주류 왔다갔다하는게 진짜 신기하죠",id:yoon4859,2026-02-26 12:36:37,7,7,3,2026-02-26 12:38:14,2026-02-26 12:58:44,1.6166666666666667,8.5,0.42857142857142855
18162285,정원오는 사람이 정치적 야심이 커보이지는 않고,id:blue123,2026-02-26 13:37:57,7,7,3,2026-02-26 13:38:42,2026-02-26 14:24:08,0.75,15.4,0.42857142857142855
18162991,뉴이재명이라는 완장차고 폭력적인 언사를 내뱉던건 진짜 충격이였음,id:Necovv,2026-02-27 10:29:17,7,7,3,2026-02-27 10:31:32,2026-02-27 10:48:23,2.25,7.35,0.42857142857142855
18163339,"[현장] 환호와 고성 뒤섞인 서문시장...한동훈, 거듭 ""잘하겠다""",id:snap23,2026-02-27 17:11:46,7,7,3,2026-02-27 17:12:54,2026-02-27 19:24:39,1.1333333333333333,11.733333333333333,0.42857142857142855
18165245,"이동형 패거리, 추종자들이 문재인 조국 김어준까지 건드리는건 참다가",id:bulbol,2026-03-01 17:46:31,7,7,3,2026-03-01 17:48:24,2026-03-01 19:00:07,1.8833333333333333,6.633333333333334,0.42857142857142855
18165384,창스톤의 페이스북을 읽고 느낀 점,id:roe2k,2026-03-01 19:46:52,7,7,3,2026-03-01 19:48:20,2026-03-01 19:57:38,1.4666666666666666,5.35,0.42857142857142855
18169180,이재명 정부가 국무회의 의결을 거쳐 공소청법안 및 중수청법안을 국회에 제출했네요,id:zero080,2026-03-04 23:09:08,7,6,3,2026-03-04 23:11:44,2026-03-04 23:55:11,2.6,7.5,0.42857142857142855
18171011,개인적으로 검찰개혁 미진하다고 지선 망할거 같진 않음,id:bulbol,2026-03-06 08:20:54,7,7,3,2026-03-06 08:24:05,2026-03-06 08:51:19,3.183333333333333,5.433333333333334,0.42857142857142855
18171134,개인적으론 재명박이니 잼두창이니 이런건 자제했으면 함,id:typoonj2,2026-03-06 10:36:53,7,7,3,2026-03-06 10:39:07,2026-03-06 10:47:21,2.2333333333333334,6.633333333333334,0.42857142857142855
18171445,개인적으로 조국대표는 부산 나가야 한다고 봅니다,id:sbw1249,2026-03-06 15:25:45,7,6,3,2026-03-06 15:27:05,2026-03-06 16:00:57,1.3333333333333333,5.033333333333333,0.42857142857142855
18171632,"전환) 국힘, 지선 경선 ‘복면가왕’ 방식 도입…현역 제외 예선 후 결선",id:pearson19,2026-03-06 18:42:43,7,7,3,2026-03-06 18:43:45,2026-03-06 19:13:36,1.0333333333333334,8.716666666666667,0.42857142857142855
18172078,전 오히려 맹박이나 두창이를 뛰어넘는 괴물이라고 봐야된다고 생각함,id:todfndl12,2026-03-07 10:38:35,7,7,3,2026-03-07 10:41:58,2026-03-07 18:21:08,3.3833333333333333,15.083333333333334,0.42857142857142855
18173069,이제보니 그것도 웃기네...정청래가 검찰개혁 무조건 하겠다고 할때,id:tjfghksss,2026-03-07 23:44:53,7,7,3,2026-03-07 23:45:33,2026-03-07 23:52:19,0.6666666666666666,5.2,0.42857142857142855
18173536,"정청래 ""검찰개혁, 李정부·민주당 상징…국민·당원 실망시키지 않겠다""",id:naco16,2026-03-08 13:29:01,7,7,3,2026-03-08 13:30:34,2026-03-08 14:41:35,1.55,5.45,0.42857142857142855
18174170,클로드 오퍼스 4.6의 글 이해도 예시,id:bluepillz,2026-03-08 23:12:52,7,7,3,2026-03-08 23:13:13,2026-03-08 23:52:45,0.35,5.4,0.42857142857142855
18184187,딴지는 지금까지 이런 개판인 상황을 보고도 역시 잼통이야라고 빨고 물고 ㅋㅋㅋㅋㅋ,id:zero080,2026-03-17 09:52:59,7,6,3,2026-03-17 09:53:46,2026-03-17 10:29:12,0.7833333333333333,12.883333333333333,0.42857142857142855
18187573,이재명 법안에 대해 아무도 책임 안 지죠?,id:cytokine1234,2026-03-19 14:47:52,7,7,3,2026-03-19 14:48:43,2026-03-19 15:29:22,0.85,5.916666666666667,0.42857142857142855
18188661,근데 정도를 걸으면서 올라가는걸 왜 못하는건지 아니면 안하는건지 모르겠네요,id:maelsy99,2026-03-20 12:10:34,7,7,3,2026-03-20 12:12:02,2026-03-20 12:40:14,1.4666666666666666,7.233333333333333,0.42857142857142855
18189334,저는 계속 밝히지만 이재명에 대해서 과하게 말하는거 반대임,id:impactx84,2026-03-20 23:00:48,7,7,3,2026-03-20 23:02:54,2026-03-21 08:46:16,2.1,8.766666666666667,0.42857142857142855
18205131,문재인 정부당시 개헌 연임,id:whddlqlgodrl,2026-04-07 17:46:35,7,7,3,2026-04-07 17:47:08,2026-04-07 17:58:01,0.55,6.65,0.42857142857142855
18208433,이재명은 더 욕 쳐먹고 조롱당해야 하는데 지금 신기할정도로 아무일 없는거임,id:luna7742,2026-04-11 16:44:34,7,7,3,2026-04-11 16:45:11,2026-04-11 17:05:05,0.6166666666666667,9.616666666666667,0.42857142857142855
18222141,김용민 의원 김용 관련해서 한마디 했다가 뉴재명한테 폭격 맞는중,id:horizon,2026-04-27 15:51:30,7,7,3,2026-04-27 15:55:01,2026-04-27 16:10:52,3.5166666666666666,6.316666666666666,0.42857142857142855
18223875,오늘 윤석열 담당 판사는 합리적인데요 ㅋㅋㅋ,id:radioshot1,2026-04-29 15:24:28,7,7,3,2026-04-29 15:26:08,2026-04-29 20:17:26,1.6666666666666667,5.75,0.42857142857142855
18229008,"송영길, 文 사저 사진 올리며 ""다시는 지못미 외치지 않게 되길""",id:summernight,2026-05-05 21:12:53,7,7,3,2026-05-05 21:13:28,2026-05-05 21:26:45,0.5833333333333334,9.133333333333333,0.42857142857142855
18104563,"[단독] 민주당 캠프 인사, 인천공항 자회사 사장 내정…또 반복된 낙하산",id:FeelingGood,2025-12-22 11:27:17,8,8,3,2025-12-22 11:27:50,2025-12-22 12:05:36,0.55,12.483333333333334,0.375
18112419,pic)이재명대통령 연하장 받은 부정선거 무새 민경욱,id:Ronaldo34,2025-12-31 08:54:57,8,8,3,2025-12-31 08:56:04,2025-12-31 09:49:04,1.1166666666666667,16.516666666666666,0.375
18130951,pic) 당원의 생각이 민주당이 된다(2).jpg,id:naco16,2026-01-21 17:20:25,8,8,3,2026-01-21 17:22:49,2026-01-21 17:54:32,2.4,5.083333333333333,0.375
18132102,오창석이 정 떼버린 개같은 발언들.txt,id:Tenhag,2026-01-22 21:16:13,8,8,3,2026-01-22 21:17:58,2026-01-23 03:13:26,1.75,5.441666666666666,0.375
18142515,"與한준호 ""나한테 '명심'? 부정않아, 합당보단 당내 통합할 때... 정청래 결자해지해야""",id:naco16,2026-02-04 11:20:25,8,8,3,2026-02-04 11:21:14,2026-02-04 12:03:24,0.8166666666666667,12.908333333333333,0.375
18142832,"pic)장동혁""파괴와 추락의 8개월""...지방선거 목전 '이재명 때리기'",id:vincent85,2026-02-04 17:44:18,8,8,3,2026-02-04 17:46:08,2026-02-04 18:02:30,1.8333333333333333,5.941666666666666,0.375
18149948,"이성윤 의원이 강경대응 한 직후에 ""사실은 격노 아니지롱"" 해명 나옴",id:horizon,2026-02-11 14:39:06,8,8,3,2026-02-11 14:40:24,2026-02-11 14:47:54,1.3,5.491666666666667,0.375
18150269,새터민들 정치성향이나 말 하는거 들어보면 어질어질 하더군요,id:joohakmoo,2026-02-11 19:59:01,8,8,3,2026-02-11 20:01:01,2026-02-11 21:29:07,2.0,11.95,0.375
18151105,뉴이재명 세대 대변인ㅋㅋㅋㅋㅋ,id:hobro,2026-02-12 15:45:56,8,8,3,2026-02-12 15:46:30,2026-02-13 11:10:33,0.5666666666666667,17.033333333333335,0.375
18151700,pic) 노무현의 친구 문재인,id:pearson19,2026-02-13 10:53:35,8,8,3,2026-02-13 10:53:56,2026-02-13 11:26:31,0.35,6.325,0.375
18153987,[pic] 민주당 차기 당대표 여론조사…,id:hanlobby,2026-02-16 21:11:05,8,8,3,2026-02-16 21:12:58,2026-02-16 22:20:50,1.8833333333333333,6.841666666666667,0.375
18162889,박주민도 이번 서울 시장 건으로 좀 배웠으면 싶음,id:impactx84,2026-02-27 08:56:19,8,8,3,2026-02-27 08:57:45,2026-03-01 18:12:41,1.4333333333333333,6.083333333333333,0.375
18162931,남천동은 사과도 사과인데 문제 파악이 안된듯,id:alfatini,2026-02-27 09:40:22,8,8,3,2026-02-27 09:40:36,2026-02-27 10:27:07,0.23333333333333334,5.291666666666666,0.375
18170895,그래도 선거에는 민주당찍어서 국힘 막아야한다 생각했는데,id:hypeboy,2026-03-06 01:09:38,8,7,3,2026-03-06 01:12:14,2026-03-06 08:57:20,2.6,10.541666666666666,0.375
18174858,근데 박주민도 이재명 픽 아닌가요?,id:malwool,2026-03-09 14:23:37,8,8,3,2026-03-09 14:24:42,2026-03-09 14:59:24,1.0833333333333333,7.991666666666667,0.375
18176197,싸줄 먹혔다는 애들은 대가리가 없는 애들임,id:juventus82,2026-03-10 15:44:30,8,8,3,2026-03-10 15:47:18,2026-03-10 16:20:26,2.8,7.4,0.375
18177340,이재명 싫어했던 사소한 이유,id:renanlodi12,2026-03-11 13:44:12,8,8,3,2026-03-11 13:46:58,2026-03-11 14:22:06,2.7666666666666666,21.541666666666664,0.375
18179365,김어준 검찰개혁 이 악물고 싸우네요.,id:mirissoul2,2026-03-13 09:46:38,8,8,3,2026-03-13 09:48:23,2026-03-13 17:51:06,1.75,12.333333333333332,0.375
18195310,더불어시민당 열린민주당 둘 다 폐급 확정이네요ㅋㅋㅋ,id:hyeok497,2026-03-27 19:25:52,8,8,3,2026-03-27 19:29:33,2026-03-27 19:48:28,3.683333333333333,6.425,0.375
18199163,근데 진짜 이번 정부는 뭔가 근본없이 일 처리 하는 것 같음.,id:BlackEyes23,2026-03-31 18:51:55,8,8,3,2026-03-31 18:52:26,2026-03-31 21:53:35,0.5166666666666667,5.958333333333333,0.375
18204140,곽상언 근황,id:ehdtks9286,2026-04-06 14:51:33,8,8,3,2026-04-06 14:52:07,2026-04-06 15:22:06,0.5666666666666667,5.583333333333334,0.375
18212982,아무리 봐도 짬통은 유시민보다 정규재를 더 좋아하는 것 같은데??,id:horizon,2026-04-16 16:15:51,8,8,3,2026-04-16 16:17:53,2026-04-16 17:08:21,2.033333333333333,6.85,0.375
18228084,청와대 수석 1년짜리 하정우가 부산 북구갑 당선 낙관하는 게 웃기죠,id:bundes1,2026-05-04 21:32:46,8,8,3,2026-05-04 21:34:29,2026-05-04 22:21:15,1.7166666666666666,5.958333333333334,0.375
18101590,pic) 한동훈 과감한 뚜껑 근황,id:pearson19,2025-12-17 21:30:16,9,9,3,2025-12-17 21:31:34,2025-12-18 04:45:24,1.3,8.116666666666667,0.3333333333333333
18104452,"[단독] 민주당, 내란재판부법에 추천위 없애고 판사회의에 전권주기로",id:byh3718,2025-12-22 09:15:18,9,9,3,2025-12-22 09:16:04,2025-12-22 09:50:46,0.7666666666666667,10.866666666666667,0.3333333333333333
18144652,gif) 오늘 민주당 3선 간담회 전후 표정,id:epist,2026-02-06 21:21:47,9,9,3,2026-02-06 21:23:51,2026-02-06 23:01:18,2.066666666666667,15.25,0.3333333333333333
18145219,이번 특검 인사는 민주당이 잘못한겁니다.,id:ashluna,2026-02-07 21:17:39,9,9,3,2026-02-07 21:20:32,2026-02-08 03:23:58,2.8833333333333333,5.383333333333334,0.3333333333333333
18148017,"""의리가 있어야 합니다"" 저 발언이 민주당 정치인들 본성을 제대로 간파한 말이었음.",id:sounited13,2026-02-10 13:35:14,9,9,3,2026-02-10 13:37:00,2026-02-10 14:16:10,1.7666666666666666,7.2,0.3333333333333333
18150123,"김어준·유시민 말이‥', 여론 지각변동 ""안 쏠리네""",id:tkrhdgus1,2026-02-11 17:31:32,9,9,3,2026-02-11 17:33:21,2026-02-11 17:45:53,1.8166666666666667,6.733333333333333,0.3333333333333333
18151878,PIC) 민주당 지도부 용산역 설 귀성객 인사 사진 ( fear 언년이~ ),id:wind1123,2026-02-13 14:14:35,9,9,3,2026-02-13 14:16:02,2026-02-13 14:27:11,1.45,6.466666666666667,0.3333333333333333
18155936,"""지귀연, 공소기각·무죄 선고 가능성 높다""…서정욱 ""깜짝 놀랄 만한 판결 나올 것""",id:FeelingGood,2026-02-19 11:55:55,9,9,3,2026-02-19 11:59:39,2026-02-19 12:38:49,3.7333333333333334,6.433333333333334,0.3333333333333333
18160060,박시영 대표 엄청 화났네요,id:hopes,2026-02-23 22:58:56,9,9,3,2026-02-23 23:00:47,2026-02-24 00:41:25,1.85,8.833333333333334,0.3333333333333333
18160681,"정청래 ""보완수사권 대신 보완수사 요구권만 부여... 형사소송법 개정은 시차를 두고 처리""",id:zero080,2026-02-24 18:21:22,9,9,3,2026-02-24 18:23:30,2026-02-24 18:50:27,2.1333333333333333,6.116666666666666,0.3333333333333333
18208693,"싸줄은 첫 대통령 선거 노통, 명바기 이 나이대가 가장 많겠죠???",id:gum0510,2026-04-11 20:28:44,9,9,3,2026-04-11 20:29:41,2026-04-11 21:26:10,0.95,6.883333333333334,0.3333333333333333
18210851,저는 한국외교가 늘 박쥐가 되어야 한다고 생각함,id:impactx84,2026-04-14 11:14:16,9,9,3,2026-04-14 11:15:03,2026-04-14 11:47:20,0.7833333333333333,5.516666666666667,0.3333333333333333
18211192,"오세훈 ""한강버스 줄서서 탄다…민주당, 대박 날 조짐에 공격""",id:rukk7812,2026-04-14 18:02:34,9,9,3,2026-04-14 18:04:05,2026-04-14 18:44:25,1.5166666666666666,10.833333333333334,0.3333333333333333
18123775,"[단독] 특검, 윤석열 ‘허위사실 공표’ 불기소",id:fantak,2026-01-13 18:17:43,10,10,3,2026-01-13 18:18:32,2026-01-13 19:16:03,0.8166666666666667,16.808333333333334,0.3
18129499,국힘..청와대나 민주당 아무나 단식장에 좀 와라 너무하네 호소,id:jj1211,2026-01-20 13:33:08,10,10,3,2026-01-20 13:34:44,2026-01-20 14:06:22,1.6,12.475000000000001,0.3
18158019,pic)이재명 정부의 검찰은 다르다,id:bulbol,2026-02-21 18:21:31,10,10,3,2026-02-21 18:22:36,2026-02-22 01:56:35,1.0833333333333333,10.05,0.3
18164475,민주당 정치인 보면서 제일 뒷목 잡았던 순간 중 하나가 송영길이었는데,id:hyeok497,2026-02-28 21:43:26,10,10,3,2026-02-28 21:45:15,2026-02-28 22:13:06,1.8166666666666667,13.516666666666667,0.3
18168267,"이 대통령, 김성태 기사 공유…“검찰 증거조작, 살인보다 나빠”",id:bulbol,2026-03-04 10:11:38,10,10,3,2026-03-04 10:13:01,2026-03-04 10:38:48,1.3833333333333333,11.85,0.3
18183921,“더 이상 실망할 것도 없다”…국민의힘 이탈하는 대구 민심,id:6830,2026-03-16 23:13:11,10,10,3,2026-03-16 23:13:25,2026-03-17 02:00:37,0.23333333333333334,9.783333333333333,0.3
18185618,그 싸줄러들이 며칠 자주 언급하는 몰입이라고 하는 사람이 저를 보고,id:impactx84,2026-03-18 10:49:39,10,10,3,2026-03-18 10:52:16,2026-03-18 11:12:06,2.6166666666666667,6.216666666666667,0.3
18203662,[다소 주식] MAGA는 태양광을 사랑한다.,id:flypcs20,2026-04-05 18:32:34,10,9,3,2026-04-05 18:32:55,2026-04-07 15:34:01,0.35,23.358333333333334,0.3
18228120,"pic) 김용남 ""조국 측 사람 질리게 만들어"" ㅋㅋㅋ",id:pjh1421,2026-05-04 22:24:31,10,10,3,2026-05-04 22:28:14,2026-05-05 05:57:37,3.716666666666667,11.341666666666667,0.3
18228570,이재명 정부의 검찰은 다르다! 근황,id:horizon,2026-05-05 15:14:26,10,10,3,2026-05-05 15:15:26,2026-05-05 16:29:17,1.0,14.35,0.3
18106143,"pic) 아… 이재명 대통령,,",id:snap23,2025-12-24 10:22:20,11,11,3,2025-12-24 10:23:16,2025-12-24 17:29:42,0.9333333333333333,22.5,0.2727272727272727
18114383,"李대통령 ""폭풍 같은 1년…국민통합 시급, 공존의 길 찾아야""",id:summernight,2026-01-02 18:01:04,11,11,3,2026-01-02 18:01:55,2026-01-02 18:45:21,0.85,12.766666666666667,0.2727272727272727
18130597,"단식 7일째 장동혁 ""여기에 묻힐 것"".txt",id:niwoong1,2026-01-21 14:04:32,11,11,3,2026-01-21 14:06:13,2026-01-21 14:38:10,1.6833333333333333,8.316666666666666,0.2727272727272727
18150874,"[속보] “국정원, 李대통령 테러범에 극우 유튜버 고성국 영향 확인”",id:fantak,2026-02-12 13:17:07,11,11,3,2026-02-12 13:17:40,2026-02-13 09:21:33,0.55,9.166666666666666,0.2727272727272727
18202277,너무 부정회로인지는 모르겠는데 대구시장선거 뭐 민주당지지율이 다 따라잡았다,id:modern21,2026-04-03 20:59:07,11,11,3,2026-04-03 20:59:51,2026-04-03 22:11:41,0.7333333333333333,9.033333333333333,0.2727272727272727
18116862,"pic) 20대 41%, ""지난 총선 대선에 중국이 개입했다""",id:6830,2026-01-05 20:55:03,12,12,3,2026-01-05 20:56:26,2026-01-06 00:53:20,1.3833333333333333,12.133333333333333,0.25
18119049,Pic) 매불쇼 '친중의 힘' 요약ㅋㅋㅋ,id:hwangheenim,2026-01-08 18:51:00,12,12,3,2026-01-08 18:52:44,2026-01-09 00:01:58,1.7333333333333334,17.275,0.25
18132381,(pic) 팩트는 이준석 대선공약도 코스피 5000이란 거지,id:rukk7812,2026-01-23 10:18:00,12,12,3,2026-01-23 10:22:07,2026-01-23 11:08:20,4.116666666666666,7.158333333333333,0.25
18133365,"이혜훈 청문회 종료…野 ""즉각 사퇴"" 與 ""판단은 국민 몫""",id:bulbol,2026-01-24 14:01:24,12,12,3,2026-01-24 14:02:24,2026-01-24 15:34:06,1.0,13.3,0.25
18202626,인터뷰) 대구 민심이 민주당에 비판적인 이유,id:6830,2026-04-04 14:48:18,12,12,3,2026-04-04 14:49:02,2026-04-04 15:21:27,0.7333333333333333,6.766666666666667,0.25
18203290,Pic 금일 피크닉 가는 길의 동묘,id:impactx84,2026-04-05 11:02:17,12,12,3,2026-04-05 11:04:04,2026-04-10 07:37:42,1.7833333333333334,14.891666666666666,0.25
18108730,가장 쿠팡 옹호세력이 많은데가 엠팍이더군요,id:blue123,2025-12-27 23:04:24,13,13,3,2025-12-27 23:05:24,2025-12-28 02:18:35,1.0,9.766666666666667,0.23076923076923078
18116193,pic) 전재수 43.4% vs 박형준 32.3%… 오차범위 밖 격차 <부산일보 신년여조>,id:fantak,2026-01-05 08:55:37,13,13,3,2026-01-05 08:57:26,2026-01-05 09:48:38,1.8166666666666667,13.5,0.23076923076923078
18141861,이재명은 상상 이상으로 무서운 인물입니다.,id:hudson8866,2026-02-03 15:12:23,13,13,3,2026-02-03 15:14:20,2026-02-03 23:15:55,1.95,14.216666666666667,0.23076923076923078
18158820,황희두가 찾아낸 뉴이재명 운영자 옛 포스팅,id:zestgo,2026-02-22 22:44:46,13,13,3,2026-02-22 22:47:03,2026-02-23 04:50:48,2.283333333333333,6.65,0.23076923076923078
18183301,송영길은 망한거 같네요,id:whddlqlgodrl,2026-03-16 14:15:14,13,13,3,2026-03-16 14:16:59,2026-03-16 20:46:42,1.75,35.233333333333334,0.23076923076923078
18157528,이동형 뉴이재명은 현상일 뿐 싸울 이유가 전혀 없다“,id:bulbol,2026-02-21 01:10:08,14,14,3,2026-02-21 01:11:32,2026-02-21 07:39:16,1.4,19.016666666666666,0.21428571428571427
18228657,"[속보]종합특검, 한동훈 출국금지",id:thuyu,2026-05-05 16:56:29,14,14,3,2026-05-05 16:57:29,2026-05-06 01:17:35,1.0,125.11666666666667,0.21428571428571427
18175197,국민동의 청원) 검찰개혁 관련 청원,id:naco16,2026-03-09 19:46:11,15,15,3,2026-03-09 19:48:31,2026-03-09 20:43:33,2.3333333333333335,13.85,0.2
18152994,[pic] 뉴이재명 지지층 ㅇㅈㄹㅋㅋㅋㅋㅋㅋ,id:hanlobby,2026-02-15 10:10:53,16,16,3,2026-02-15 10:11:34,2026-02-15 18:01:18,0.6833333333333333,13.775,0.1875
18118368,"이재명대통령 ""시주석에게 안중근의사 유해발굴요청""",id:Ronaldo34,2026-01-07 19:35:46,17,16,3,2026-01-07 19:36:14,2026-01-08 00:29:31,0.4666666666666667,17.766666666666666,0.17647058823529413
18145073,이동형 이사람 뭐에 씌였나요? 선을 넘어도 한참을 넘었는데,id:rkdtks87,2026-02-07 16:06:41,17,17,3,2026-02-07 16:09:55,2026-02-07 22:03:10,3.2333333333333334,22.183333333333334,0.17647058823529413
18153614,"국힘 지지층 79%, ""12.3 계엄은 내란이 아니다.""",id:6830,2026-02-16 14:49:47,17,17,3,2026-02-16 14:51:47,2026-02-16 22:39:08,2.0,39.7,0.17647058823529413
18154378,(단호)전 이재명 지지함,id:mhp3rd,2026-02-17 12:20:12,18,18,3,2026-02-17 12:23:19,2026-02-17 19:33:00,3.1166666666666667,54.81666666666667,0.16666666666666666
18130972,이재명은 본인의 개인 능력과 인기 때문에 대통령 당선되었다고 생각하는 듯,id:xxvxx,2026-01-21 17:43:44,20,20,3,2026-01-21 17:44:28,2026-01-22 13:45:22,0.7333333333333333,338.225,0.15
18206381,pic)요즘 이런 사람들이 한트럭,id:bulbol,2026-04-09 00:28:29,23,22,3,2026-04-09 00:29:58,2026-04-09 12:20:32,1.4833333333333334,27.783333333333335,0.13043478260869565
18195549,pic) 박주민은 그래도 정면 돌파하네요,id:qhdtlsdl,2026-03-28 08:01:37,28,27,3,2026-03-28 08:04:26,2026-03-30 01:12:05,2.816666666666667,40.78333333333333,0.10714285714285714
18211499,일반 시민인 내가 정치인을 왜 지킵니까?,id:unknownuser,2026-04-15 00:26:00,28,26,3,2026-04-15 00:29:46,2026-04-16 10:20:15,3.7666666666666666,44.49166666666667,0.10714285714285714
18222675,"李대통령, 檢에 ""포상 많이 하시라…원죄·업보 있지만 풀어야""",id:htht709,2026-04-28 11:16:50,36,35,3,2026-04-28 11:18:03,2026-04-30 04:21:23,1.2166666666666666,43.50833333333333,0.08333333333333333
18104455,"[단독] '대선 D-5' 통일교, 후원금·해저터널 제안서 들고 국힘 찾았다",id:rukk7812,2025-12-22 09:21:26,2,2,2,2025-12-22 09:22:06,2025-12-22 09:26:00,0.6666666666666666,2.6166666666666667,1.0
18105413,"김병기, '대한항공에서 고급 숙박권 수령' 의혹",id:naco16,2025-12-23 11:56:52,2,2,2,2025-12-23 11:58:14,2025-12-23 12:00:56,1.3666666666666667,2.716666666666667,1.0
18109419,KDI 팔아서 정치하는 애들이 2000년도 중반부터 등장했는데..,id:impactx84,2025-12-28 16:54:31,2,1,2,2025-12-28 16:56:11,2025-12-28 16:57:52,1.6666666666666667,2.5083333333333333,1.0
18109458,다른것보다 국짐 반응이 넘 재밌기는 함 ㅎㅎ,id:hkwo031,2025-12-28 17:30:36,2,2,2,2025-12-28 17:32:03,2025-12-28 17:33:24,1.45,2.125,1.0
18109572,앞으로 어찌될지 모르지만 이혜훈은 본인이 장관직을 맡겠다고 하니,id:blue123,2025-12-28 19:03:12,2,2,2,2025-12-28 19:06:57,2025-12-28 19:07:23,3.75,3.966666666666667,1.0
18109997,옹호한답시고 분명 송미령 장관 끌고와서,id:hobro,2025-12-29 00:45:03,2,2,2,2025-12-29 00:46:58,2025-12-29 00:50:01,1.9166666666666667,3.441666666666667,1.0
18110001,개혁이 안되고 있는건 아님,id:bulbol,2025-12-29 00:49:31,2,2,2,2025-12-29 00:51:38,2025-12-29 00:51:46,2.1166666666666667,2.1833333333333336,1.0
18110722,저번 지선과 대선은 민주당 지지층이 한번만 붕괴되면 필패함을 증명한 선거인데..,id:hyeok497,2025-12-29 18:14:08,2,1,2,2025-12-29 18:15:16,2025-12-29 18:17:37,1.1333333333333333,2.3083333333333336,1.0
18110948,국회에 와서 국정원식 공작질이나 일삼고 있네 ㅋㅋ,id:shkj22,2025-12-29 22:08:35,2,2,2,2025-12-29 22:10:45,2025-12-29 22:11:05,2.1666666666666665,2.333333333333333,1.0
18111289,이재명 대통령이 자신은 민주당만을 위한 대통령이 아니라고 밝혔죠,id:impactx84,2025-12-30 11:00:21,2,2,2,2025-12-30 11:02:22,2025-12-30 11:02:47,2.0166666666666666,2.2249999999999996,1.0
18111434,정무적으로 실용적으로 따졌을땐 나쁜 선택은 아니겠죠,id:typoonj2,2025-12-30 12:26:30,2,2,2,2025-12-30 12:27:55,2025-12-30 12:29:04,1.4166666666666667,1.9916666666666667,1.0
18111439,지금 이재명 대통령을 축구에 비교하자면 명장병걸린 펩과르디올라 상태아닌가요?,id:Dkapqkzjfcu,2025-12-30 12:30:42,2,2,2,2025-12-30 12:32:29,2025-12-30 12:32:35,1.7833333333333334,1.8333333333333335,1.0
18112656,sns(온라인)와 2025년 해외선거,id:pearson19,2025-12-31 13:24:23,2,2,2,2025-12-31 13:26:42,2025-12-31 13:28:59,2.316666666666667,3.458333333333333,1.0
18113237,이혜훈은 녹취가 사실이면 알아서 사퇴해라,id:juventus82,2025-12-31 23:55:37,2,2,2,2025-12-31 23:59:09,2025-12-31 23:59:19,3.533333333333333,3.6166666666666667,1.0
18114444,문재인 대통령님 근황,id:cytokine1234,2026-01-02 19:19:11,2,2,2,2026-01-02 19:20:29,2026-01-02 19:21:27,1.3,1.7833333333333332,1.0
18117303,이재명 정부동안 코스피 얼마까지 갈까요?,id:Yeste,2026-01-06 14:15:50,2,2,2,2026-01-06 14:17:24,2026-01-06 14:19:25,1.5666666666666667,2.575,1.0
18122036,민주당 탓을 왜 하죠?,id:dlawls,2026-01-12 11:55:11,2,2,2,2026-01-12 11:56:01,2026-01-12 11:57:23,0.8333333333333334,1.5166666666666668,1.0
18122181,검찰이 제2의조국 사냥 제2의 이재명 사냥을 시작하면,id:radioshot1,2026-01-12 14:15:43,2,2,2,2026-01-12 14:17:46,2026-01-12 14:18:57,2.05,2.6416666666666666,1.0
18122209,이게 이재명식 실용인가??,id:piter1976,2026-01-12 14:44:33,2,2,2,2026-01-12 14:45:41,2026-01-12 14:46:09,1.1333333333333333,1.3666666666666667,1.0
18122342,"대통령은 윤석열 재판 1심, 3대 특검 마무리 보고 검찰개혁 속도내려는 것 아닐까?",id:toninho07,2026-01-12 16:19:58,2,2,2,2026-01-12 16:21:31,2026-01-12 16:21:59,1.55,1.7833333333333332,1.0
18122440,이재명은 퇴임 후 지지자보단 검찰을 선택한거같습니다.,id:ddongmat,2026-01-12 17:43:42,2,2,2,2026-01-12 17:44:34,2026-01-12 17:48:33,0.8666666666666667,2.8583333333333334,1.0
18122590,이재명 대통령이 뭐한건가요 요약 좀 해주세요,id:DiogoJota,2026-01-12 20:00:34,2,2,2,2026-01-12 20:02:02,2026-01-12 20:02:03,1.4666666666666666,1.475,1.0
18122658,솔직히 저는 검찰 수사권 분리에 막 찬성하지 않습니다.,id:makaloni,2026-01-12 21:01:38,2,2,2,2026-01-12 21:04:40,2026-01-12 21:05:04,3.033333333333333,3.2333333333333334,1.0
18123068,저는 그냥 정성호의 말이 곧 대통령의 의중이라고 받아들였음,id:ejirall,2026-01-13 09:32:42,2,2,2,2026-01-13 09:35:32,2026-01-13 09:36:25,2.8333333333333335,3.2750000000000004,1.0
18123280,이재명이 이건에 대해서 반성하는 의미를 가지려면 봉욱 쳐내야됨,id:typoonj2,2026-01-13 11:47:01,2,2,2,2026-01-13 11:50:24,2026-01-13 11:51:05,3.3833333333333333,3.7249999999999996,1.0
18123372,저는 이재명에 대한 기대가 남아있는게,id:whylee,2026-01-13 12:38:21,2,2,2,2026-01-13 12:39:23,2026-01-13 12:39:26,1.0333333333333334,1.0583333333333333,1.0
18123896,"JTBC) '제명' 억울하다지만…""20년에 돈 달라고"" 또 나온 녹취",id:naco16,2026-01-13 20:18:45,2,2,2,2026-01-13 20:22:14,2026-01-13 20:22:47,3.4833333333333334,3.7583333333333333,1.0
18124086,제미나이가 말하는 윤석열 선고 경우의수,id:hypeboy,2026-01-13 21:56:55,2,2,2,2026-01-13 21:57:35,2026-01-13 21:58:23,0.6666666666666666,1.0666666666666667,1.0
18124529,되는 놈은 뭘 해도 된다고 지금 민주당은 야당 복도 있긴 하네,id:juventus82,2026-01-14 11:56:58,2,2,2,2026-01-14 11:58:29,2026-01-14 11:59:14,1.5166666666666666,1.8916666666666666,1.0
18125345,최강욱이 어제 봉욱 줘패면서 했던 이야기가,id:alfatini,2026-01-15 11:51:40,2,2,2,2026-01-15 11:52:57,2026-01-15 11:53:10,1.2833333333333334,1.3916666666666666,1.0
18127073,"""부산에 BTS 온다""…'1박 120만원' 숙박비 폭등에 칼 빼들었다",id:blue123,2026-01-17 15:29:06,2,2,2,2026-01-17 15:31:05,2026-01-17 15:31:29,1.9833333333333334,2.1833333333333336,1.0
18129062,내가 기억하는 윤석열 처먹는거 미담.txt,id:kim2pac,2026-01-19 20:26:21,2,2,2,2026-01-19 20:27:08,2026-01-19 20:30:46,0.7833333333333333,2.6,1.0
18130531,99개 잘해도 1개 못하면 까인다??,id:wheotjd1,2026-01-21 13:23:44,2,2,2,2026-01-21 13:24:35,2026-01-21 13:26:33,0.85,1.8333333333333335,1.0
18130629,"이재명 말대로 검찰개혁 여파로 국민 권익, 인권 침해가 걱정이라면",id:summernight,2026-01-21 14:27:16,2,2,2,2026-01-21 14:28:21,2026-01-21 14:31:17,1.0833333333333333,2.55,1.0
18130807,"내란이 불러온 사법 불신, 그 발자크식 해법 [아침햇발]",id:grit,2026-01-21 15:22:38,2,2,2,2026-01-21 15:24:03,2026-01-21 15:26:17,1.4166666666666667,2.533333333333333,1.0
18131629,저는 혁신당이랑 합치는 거 원론적으로는 찬성합니다.,id:ninety5mph,2026-01-22 11:52:09,2,2,2,2026-01-22 11:54:28,2026-01-22 11:54:51,2.316666666666667,2.5083333333333337,1.0
18131809,매불쇼는 합당 얘기에 왜 신인규를 부르는건지...,id:lj0608,2026-01-22 15:06:42,2,2,2,2026-01-22 15:08:01,2026-01-22 15:08:15,1.3166666666666667,1.4333333333333333,1.0
18134077,차라리 해수부장관 조경태 임명이였다면 내부 분열이 심하지 않았겠죠,id:xxvxx,2026-01-25 15:49:28,2,2,2,2026-01-25 15:52:13,2026-01-25 15:52:15,2.75,2.7666666666666666,1.0
18134794,윤석열이 트럼프 때 계엄 안 때린게 다행이라고 해야할까요,id:hodoeel,2026-01-26 09:40:02,2,2,2,2026-01-26 09:40:27,2026-01-26 09:42:55,0.4166666666666667,1.65,1.0
18135165,"pic) 이혜훈, 합당으로 시끄러울 때 개혁신당 근황",id:eiskzm,2026-01-26 16:24:08,2,2,2,2026-01-26 16:27:42,2026-01-26 16:28:50,3.566666666666667,4.133333333333334,1.0
18135337,"박성재 재판, 윤석열 이상민 증인채택",id:pearson19,2026-01-26 20:32:03,2,2,2,2026-01-26 20:32:36,2026-01-26 20:32:57,0.55,0.7250000000000001,1.0
18135395,尹 체포방해' 국힘 의원 45인 무혐의‥'법 기술' 용인?,id:tkrhdgus1,2026-01-26 21:35:23,2,2,2,2026-01-26 21:37:36,2026-01-26 21:39:37,2.216666666666667,3.225,1.0
18135945,pic) 민주당 지지자 64% 주식 상승 / 국힘 지지자 42% 주식 하락 예측 (갤럽),id:ehdtks9286,2026-01-27 17:13:57,2,2,2,2026-01-27 17:15:51,2026-01-27 17:18:25,1.9,3.1833333333333336,1.0
18136252,리버스 뮨파들은 억압해야함,id:acerbong,2026-01-27 23:48:14,2,2,2,2026-01-27 23:51:19,2026-01-27 23:53:00,3.0833333333333335,3.925,1.0
18136676,판사색기들도 100프로 주가조작 관여되어있습니다,id:FeelingGood,2026-01-28 14:33:56,2,2,2,2026-01-28 14:34:47,2026-01-28 14:35:28,0.85,1.1916666666666667,1.0
18136761,김건희 리스크의 파장을 최소화 하는 판결이네요,id:makaloni,2026-01-28 14:50:10,2,2,2,2026-01-28 14:51:27,2026-01-28 14:52:42,1.2833333333333334,1.9083333333333332,1.0
18136811,아니 진짜 윤석열 바보됐네요,id:kenochanTR,2026-01-28 14:55:53,2,2,2,2026-01-28 14:57:51,2026-01-28 14:58:07,1.9666666666666666,2.1,1.0
18136817,이정도면 특검이 개 상 쓰x기들 인거 아닌가,id:wltlswhd,2026-01-28 14:56:44,2,2,2,2026-01-28 14:57:29,2026-01-28 14:58:45,0.75,1.3833333333333333,1.0
18137094,정성호는 반응없나요?,id:yally1010,2026-01-28 18:01:12,2,2,2,2026-01-28 18:04:44,2026-01-28 18:05:19,3.533333333333333,3.8249999999999997,1.0
18137503,"""영부인의 처신"" 질타했지만…김건희 판결 곳곳에 논란",id:bvbreus11,2026-01-29 07:26:51,2,2,2,2026-01-29 07:27:11,2026-01-29 07:29:15,0.3333333333333333,1.3666666666666667,1.0
18138456,"pic)[단독] 감사원, ‘짜깁기 카톡’ 증거로 ‘문재인 정부 통계조작’ 감사 강행",id:bundes1,2026-01-30 10:54:11,2,2,2,2026-01-30 10:55:04,2026-01-30 10:56:24,0.8833333333333333,1.55,1.0
18138671,주식으로 대박의 기준은 어느정도일까요?,id:iskoke,2026-01-30 16:36:34,2,2,2,2026-01-30 16:37:53,2026-01-30 16:39:38,1.3166666666666667,2.191666666666667,1.0
18138737,그럼 만에 하나 이재명 정부도 정권 재창출 실패하면 실패한 정부에요???,id:ehdtks9286,2026-01-30 17:36:44,2,2,2,2026-01-30 17:37:31,2026-01-30 17:38:37,0.7833333333333333,1.3333333333333333,1.0
18139148,트럼프가 오바마 체포??,id:BlackEyes23,2026-01-31 11:28:07,2,2,2,2026-01-31 11:29:08,2026-01-31 11:29:53,1.0166666666666666,1.3916666666666666,1.0
18139159,[고견] 슈카는 오염수 방류때부터 본색을 많이 드러냈죠.,id:donka,2026-01-31 11:42:06,2,2,2,2026-01-31 11:42:38,2026-01-31 11:43:59,0.5333333333333333,1.2083333333333333,1.0
18140613,아무리 생각해봐도 합당을 근본적으로 싫어하는이유가,id:modern21,2026-02-02 10:13:34,2,2,2,2026-02-02 10:14:54,2026-02-02 10:16:23,1.3333333333333333,2.075,1.0
18140619,이런거보면 제왕적 대통령제라는게 꼭 제도만의 문제인가,id:modern21,2026-02-02 10:19:08,2,2,2,2026-02-02 10:21:57,2026-02-02 10:22:08,2.816666666666667,2.908333333333333,1.0
18141160,이재명의 검찰은 다르다는 워딩도 개짜증남,id:ejirall,2026-02-02 20:21:30,2,2,2,2026-02-02 20:23:28,2026-02-02 20:24:23,1.9666666666666666,2.425,1.0
18141222,검찰 개혁 마지노선 한달도 안남음,id:solution78,2026-02-02 21:01:24,2,2,2,2026-02-02 21:03:37,2026-02-02 21:04:59,2.216666666666667,2.9000000000000004,1.0
18141259,이재명은 검찰한테 한번 더 당해야 겠네요,id:salrara123,2026-02-02 21:28:39,2,2,2,2026-02-02 21:30:25,2026-02-02 21:30:46,1.7666666666666666,1.9416666666666667,1.0
18141291,이제 이재명 관련해서는 검찰주권정부라고 불러야 함,id:zero080,2026-02-02 21:56:31,2,2,2,2026-02-02 21:56:51,2026-02-02 22:00:52,0.3333333333333333,2.3416666666666663,1.0
18141309,전 오늘 대통령 글봐도 기분 전혀 안나쁜데요?,id:zkdltmffks,2026-02-02 22:14:39,2,1,2,2026-02-02 22:17:52,2026-02-02 22:19:17,3.216666666666667,3.9250000000000003,1.0
18142063,시민옹의 말이 맞는게 당원주권민주정당의 흐름은 막을수가 없고,id:modern21,2026-02-03 18:37:24,2,2,2,2026-02-03 18:38:34,2026-02-03 18:39:23,1.1666666666666667,1.5750000000000002,1.0
18142087,"정청래, 5일 초선 모임 '더민초' 회동…생중계는 안 할 듯",id:naco16,2026-02-03 18:57:31,2,2,2,2026-02-03 18:59:01,2026-02-03 18:59:11,1.5,1.5833333333333335,1.0
18143003,우상호 이야기처럼 합당안하다가 3후보에 득표율 분산돼서,id:modern21,2026-02-04 21:04:49,2,2,2,2026-02-04 21:06:21,2026-02-04 21:09:05,1.5333333333333334,2.9,1.0
18143273,제 기억이 왜곡 된건지 모르겠는데 문대통령 당선되고 정권초기에,id:modern21,2026-02-05 09:20:44,2,2,2,2026-02-05 09:24:55,2026-02-05 09:25:27,4.183333333333334,4.45,1.0
18143753,당직이든 공천이든 당연히 자기 몫이라고 생각하면 사람이 이상해지는 거 같음,id:rhcp11,2026-02-05 20:28:29,2,2,2,2026-02-05 20:30:10,2026-02-05 20:30:16,1.6833333333333333,1.7333333333333334,1.0
18144129,민주당 ‘합당 대외비 문건’ 유출 논란…정청래 “엄정 조사·책임 물을 것”,id:naco16,2026-02-06 11:30:15,2,2,2,2026-02-06 11:31:25,2026-02-06 11:32:07,1.1666666666666667,1.5166666666666666,1.0
18145227,저 mbc 단독보도를 보고 바로 딱 느껴지는건,id:modern21,2026-02-07 21:28:02,2,2,2,2026-02-07 21:28:31,2026-02-07 21:29:24,0.48333333333333334,0.925,1.0
18145747,합당제안은 진짜 타이밍이 좋았다고 봅니다,id:tjdgh09123,2026-02-08 12:13:28,2,2,2,2026-02-08 12:16:03,2026-02-08 12:16:39,2.5833333333333335,2.8833333333333333,1.0
18145819,이게 지금 당장은 정청래를 강제로 찍어누를 수야 있겠죠.,id:ninety5mph,2026-02-08 13:16:50,2,2,2,2026-02-08 13:18:10,2026-02-08 13:21:08,1.3333333333333333,2.8166666666666664,1.0
18145857,흐린눈 거두고 객관적으로 보면 일련의 사태가 다 연결이 되는거죠,id:todfndl12,2026-02-08 13:44:48,2,2,2,2026-02-08 13:45:52,2026-02-08 13:46:49,1.0666666666666667,1.5416666666666665,1.0
18145891,제가 한 10년 전부터 이재명이 포퓰리스트라고 했는데,id:cytokine1234,2026-02-08 14:02:54,2,2,2,2026-02-08 14:03:09,2026-02-08 14:06:08,0.25,1.7416666666666667,1.0
18145970,"대통령은 친윤검찰 등용하고, 내란견 지명 해놓고",id:solution78,2026-02-08 15:46:05,2,2,2,2026-02-08 15:48:05,2026-02-08 15:50:18,2.0,3.1083333333333334,1.0
18146126,오늘 청까지 입장표명할정도면 이미 이재명도 알고 있는 사안이었음,id:FeelingGood,2026-02-08 18:28:50,2,2,2,2026-02-08 18:29:31,2026-02-08 18:30:30,0.6833333333333333,1.175,1.0
18146127,개인적으로 이재명은 좌우 대통합 대통령이라는 직함을 원하는듯,id:Zeit0809,2026-02-08 18:29:15,2,2,2,2026-02-08 18:29:55,2026-02-08 18:30:28,0.6666666666666666,0.9416666666666667,1.0
18146144,문제는 지금 청와대 및 당내 과두정파가 정청래 두들기는데는 자신감과 근거가 있다는거,id:stynerkn,2026-02-08 18:49:51,2,2,2,2026-02-08 18:53:15,2026-02-08 18:54:29,3.4,4.016666666666667,1.0
18146372,한동훈 콘서트 보니까 진짜 다 장년 노년 여성들밖에 없네..,id:rukk7812,2026-02-08 22:50:13,2,2,2,2026-02-08 22:52:26,2026-02-08 22:53:05,2.216666666666667,2.541666666666667,1.0
18146858,이번설은 대통령 덕분에 가정은 평화로울듯,id:ManU01,2026-02-09 12:31:42,2,2,2,2026-02-09 12:33:38,2026-02-09 12:36:16,1.9333333333333333,3.25,1.0
18146876,다시 복습하는 이건태 출마선언(의원 명단 검색 자료 수정),id:cytokine1234,2026-02-09 12:45:21,2,2,2,2026-02-09 12:46:13,2026-02-09 12:47:03,0.8666666666666667,1.2833333333333332,1.0
18147012,이재명이 '사이다' 라고 하던 손가락들은 요즘 뭐라고 해요?,id:solution78,2026-02-09 15:07:37,2,2,2,2026-02-09 15:08:00,2026-02-09 15:08:12,0.38333333333333336,0.4833333333333334,1.0
18147133,오늘 이재명 관련 뭔 일 있었나요?,id:simbae1,2026-02-09 17:35:28,2,2,2,2026-02-09 17:36:30,2026-02-09 17:37:44,1.0333333333333334,1.65,1.0
18147151,정청래 라는 사람이 진짜 큰 사람이네요. 제가 당대표 였으면..,id:BlackEyes23,2026-02-09 17:55:00,2,2,2,2026-02-09 17:55:49,2026-02-09 17:57:50,0.8166666666666667,1.8250000000000002,1.0
18147241,더민주 대통령이 당무개입 하는데 언론이 대통령을 안깐다? 이거 최초 아닌가요?,id:deportivo7,2026-02-09 18:53:27,2,2,2,2026-02-09 18:55:23,2026-02-09 18:56:15,1.9333333333333333,2.3666666666666667,1.0
18147250,이재명 악개들이 2찍들과 구조적으로 닮았다고 생각하는 이유,id:xxvxx,2026-02-09 18:55:27,2,2,2,2026-02-09 18:56:43,2026-02-09 18:56:44,1.2666666666666666,1.275,1.0
18147312,"굿모닝충청 ""자칭 '친명'은 '친명팔이'일 뿐이다""",id:oasiticjoo19,2026-02-09 19:26:03,2,2,2,2026-02-09 19:29:15,2026-02-09 19:31:03,3.2,4.1,1.0
18147317,지금도 이런데 중수청 생긴다고 생각들 해보세요,id:novacane,2026-02-09 19:28:03,2,2,2,2026-02-09 19:29:02,2026-02-09 19:30:02,0.9833333333333333,1.4833333333333334,1.0
18147404,이재명의 검찰에 대한 시각은 항상 일관적이지 않았나요,id:nojester,2026-02-09 20:35:32,2,2,2,2026-02-09 20:36:23,2026-02-09 20:37:56,0.85,1.625,1.0
18147472,이재명의 진심.gisa,id:messiya2022,2026-02-09 21:41:05,2,2,2,2026-02-09 21:42:41,2026-02-09 21:45:30,1.6,3.0083333333333337,1.0
18147476,직접 소통 좋아하면서 최근 사안엔 아무 말 없는게 더 화가 나네요.,id:erec,2026-02-09 21:49:04,2,2,2,2026-02-09 21:49:42,2026-02-09 21:51:49,0.6333333333333333,1.6916666666666667,1.0
18147516,합당 얘기는 정청래 혼자 생각해서 운 띄운건가요?,id:hypeboy,2026-02-09 22:32:30,2,2,2,2026-02-09 22:36:14,2026-02-09 22:37:28,3.7333333333333334,4.35,1.0
18147564,국민의힘은 극우가 민주당은 잇싸가 장악하면,id:geni0,2026-02-09 23:30:04,2,2,2,2026-02-09 23:31:19,2026-02-09 23:31:45,1.25,1.4666666666666668,1.0
18147693,문재인 까면 가산점 있는건가 싶을 정도인데,id:bulbol,2026-02-10 09:33:27,2,2,2,2026-02-10 09:34:43,2026-02-10 09:35:12,1.2666666666666666,1.5083333333333333,1.0
18147721,특검 후보 가지고 충성경쟁 하는 의원들이 꼴사나운게,id:bulbol,2026-02-10 10:03:22,2,2,2,2026-02-10 10:05:10,2026-02-10 10:06:57,1.8,2.691666666666667,1.0
18147844,왜 이재명이 국회에다가 저렇게 말하는게 좆같은거냐면,id:typoonj2,2026-02-10 11:49:15,2,2,2,2026-02-10 11:50:39,2026-02-10 11:51:41,1.4,1.9166666666666665,1.0
18147847,이재명 대통령 특유의 권력 지향과 성과 만능주의가 어떤 결과로 이어질지...,id:horsedongh,2026-02-10 11:51:19,2,2,2,2026-02-10 11:54:09,2026-02-10 11:56:09,2.8333333333333335,3.833333333333333,1.0
18147873,"국무회의] 다주택자 중과세, 강남3구+용산 계약후 4개월 // 기타지역 계약후 6개월",id:Mkisduchang,2026-02-10 12:08:15,2,2,2,2026-02-10 12:12:33,2026-02-10 12:13:04,4.3,4.558333333333334,1.0
18147954,"與의총 ""합당, 현 상황서 추진 어려워"" 공감대…최고위서 결론",id:zavawork01,2026-02-10 13:02:19,2,2,2,2026-02-10 13:03:10,2026-02-10 13:06:16,0.85,2.4,1.0
18147971,의총에서 대부분 의원들이 합당 반대하면 최고위에서 합당 당원투표 올리기도 힘들겠네요,id:zero080,2026-02-10 13:08:34,2,2,2,2026-02-10 13:10:00,2026-02-10 13:11:10,1.4333333333333333,2.0166666666666666,1.0
18148197,이재명지지하면서 아닌척,id:Dawin0107,2026-02-10 15:37:12,2,2,2,2026-02-10 15:37:43,2026-02-10 15:38:14,0.5166666666666667,0.7750000000000001,1.0
18148210,"이혜훈에 대한 책임, 검찰개혁 자문단 집단 사퇴 책임은 누구가 지냐?",id:juventus82,2026-02-10 15:46:17,2,2,2,2026-02-10 15:48:15,2026-02-10 15:48:40,1.9666666666666666,2.175,1.0
18148227,문재인 대통령때 장관임명 이혜훈건처럼 철회했으면 난리났을걸요?,id:typoonj2,2026-02-10 16:00:01,2,2,2,2026-02-10 16:01:20,2026-02-10 16:01:26,1.3166666666666667,1.3666666666666667,1.0
18148280,배신감이란게 딴게 아님 대통령도 당대표 시절 당원주권 잘 알았죠..,id:gum0510,2026-02-10 16:58:36,2,2,2,2026-02-10 17:01:16,2026-02-10 17:03:19,2.6666666666666665,3.6916666666666664,1.0
18148388,왜 이렇게까지 욕먹는지 모르겠다고? 그럼 정청래도 이렇게 까지 린치당해야 할 이유 없음,id:horizon,2026-02-10 18:46:00,2,2,2,2026-02-10 18:46:32,2026-02-10 18:50:48,0.5333333333333333,2.6666666666666665,1.0
18148645,윤석열때 나오던 b급 밑에는 b급 이상의 인재가 없다,id:onana,2026-02-10 20:11:53,2,2,2,2026-02-10 20:13:00,2026-02-10 20:13:08,1.1166666666666667,1.1833333333333333,1.0
18148711,민주당원이지만 조혁당 대우 보면 어이가 없었음,id:gerrard88,2026-02-10 20:25:30,2,2,2,2026-02-10 20:26:20,2026-02-10 20:29:28,0.8333333333333334,2.4,1.0
18148809,여기서 반성하면 그나마 사람이고 어금니 꽉 깨물면 악귀가 되는건데,id:horizon,2026-02-10 20:44:53,2,2,2,2026-02-10 20:47:02,2026-02-10 20:48:03,2.15,2.658333333333333,1.0
18148812,싸줄러 옛날 이재명 평이 맞은듯,id:onana,2026-02-10 20:45:13,2,2,2,2026-02-10 20:48:01,2026-02-10 20:49:16,2.8,3.425,1.0
18148830,이재명 도지사됐을때 첨에 했던게 조중동 광고비 올려줬었나 그랬던거 같음,id:typoonj2,2026-02-10 20:51:26,2,2,2,2026-02-10 20:52:51,2026-02-10 20:54:00,1.4166666666666667,1.9916666666666667,1.0
18148840,손가혁류 니네들들 때문에 이재명정부가 실패한 정부가 되겠다,id:juventus82,2026-02-10 20:53:34,2,2,2,2026-02-10 20:54:36,2026-02-10 20:54:43,1.0333333333333334,1.0916666666666668,1.0
18148886,"오창석 ""대통령이 일을 열심히 하는 게 눈에 보여요"" 이 염병하고 있네 ㅋㅋㅋ",id:horizon,2026-02-10 21:06:09,2,2,2,2026-02-10 21:07:43,2026-02-10 21:10:24,1.5666666666666667,2.908333333333333,1.0
18149024,지금부터 이재명이 해야할 일,id:YoLaTengo,2026-02-10 21:43:57,2,2,2,2026-02-10 21:44:45,2026-02-10 21:45:03,0.8,0.9500000000000001,1.0
18149073,이번 부동산정책 아쉬운점 이라면,id:hjs3191,2026-02-10 22:02:56,2,2,2,2026-02-10 22:03:56,2026-02-10 22:05:11,1.0,1.625,1.0
18149076,개동형이 니말대로 민주당이 돌아갔으면,id:v1004ses,2026-02-10 22:05:04,2,2,2,2026-02-10 22:06:42,2026-02-10 22:06:57,1.6333333333333333,1.7583333333333333,1.0
18149109,윤후덕 의원 김민석 질의 보면,id:hobro,2026-02-10 22:18:54,2,2,2,2026-02-10 22:19:53,2026-02-10 22:21:17,0.9833333333333333,1.6833333333333333,1.0
18149584,최근 이재명 대통령의 선택적 일침과 침묵을 현상황과 분리해서 생각 할 수 없음,id:Volvo,2026-02-11 10:54:42,2,2,2,2026-02-11 10:55:50,2026-02-11 10:57:37,1.1333333333333333,2.025,1.0
18149876,이성윤 의원도 진짜 수모 많이 겪네요,id:hobro,2026-02-11 13:57:47,2,2,2,2026-02-11 14:00:12,2026-02-11 14:01:50,2.4166666666666665,3.2333333333333334,1.0
18150905,지금 작업직은 민주당에서 민주당내 친노 친문 쳐내기라고 봐야죠,id:alfatini,2026-02-12 13:41:46,2,2,2,2026-02-12 13:43:01,2026-02-12 13:44:51,1.25,2.166666666666667,1.0
18150936,정말 다음 대선에 잇싸들이 내세운 후보가 나온다??,id:alfatini,2026-02-12 13:52:25,2,2,2,2026-02-12 13:53:29,2026-02-12 13:55:12,1.0666666666666667,1.9249999999999998,1.0
18151089,신인규는 키워주는 세력이 있는 듯,id:malwool,2026-02-12 15:31:50,2,2,2,2026-02-12 15:33:56,2026-02-12 15:35:34,2.1,2.916666666666667,1.0
18151113,이재명의 사법리스크라는 워딩만큼 더러운 워딩이,id:modern21,2026-02-12 15:57:29,2,2,2,2026-02-12 15:59:56,2026-02-12 16:00:21,2.45,2.658333333333333,1.0
18151117,정치인들을 친문 친명 친청으로 나누더니 이제는 지지자들을 갈라놓고,id:modern21,2026-02-12 16:01:24,2,2,2,2026-02-12 16:03:08,2026-02-12 16:06:05,1.7333333333333334,3.2083333333333335,1.0
18151149,문통이 기르고 윤석열이 x알하던 풍산개 두마리,id:FeelingGood,2026-02-12 16:35:46,2,2,2,2026-02-12 16:36:57,2026-02-12 16:40:43,1.1833333333333333,3.066666666666667,1.0
18152501,뉴 이재명들 안에서도 난리거 같던데,id:alfatini,2026-02-14 12:31:39,2,2,2,2026-02-14 12:34:05,2026-02-14 12:35:09,2.433333333333333,2.966666666666667,1.0
18154073,손가혁이 부활하다니,id:FeelingGood,2026-02-16 22:19:43,2,2,2,2026-02-16 22:22:55,2026-02-16 22:24:08,3.2,3.8083333333333336,1.0
18154143,전 겁나 웃긴 게 윤석열 지지하던 게 민주지지자들이었음,id:reiun,2026-02-17 00:28:50,2,2,2,2026-02-17 00:31:55,2026-02-17 00:33:34,3.0833333333333335,3.908333333333333,1.0
18154432,남국이는 국회에서 코인이나 ㅈ나게 하던 주제에,id:blue123,2026-02-17 13:42:42,2,2,2,2026-02-17 13:43:28,2026-02-17 13:47:13,0.7666666666666667,2.6416666666666666,1.0
18154443,문모닝 한번 해줘야되는게 저쪽 등용문인가봄???,id:FeelingGood,2026-02-17 13:52:40,2,2,2,2026-02-17 13:53:58,2026-02-17 13:54:53,1.3,1.7583333333333333,1.0
18154471,보통 사람들에게 안좋은 인식으로 박힌 친문이라는 말은,id:bulbol,2026-02-17 14:23:15,2,2,2,2026-02-17 14:24:18,2026-02-17 14:24:57,1.05,1.375,1.0
18154599,황현필 영상 봤는데 그래도 이언주 과거행적 환기시킨건 마음에 드네요.,id:Necovv,2026-02-17 16:53:30,2,2,2,2026-02-17 16:55:15,2026-02-17 16:57:19,1.75,2.783333333333333,1.0
18154743,"뉴이재명이란 게 2, 4찍 떨거지들 긁어모은 거네요 ㅋㅋㅋ",id:ejirall,2026-02-17 19:25:24,2,2,2,2026-02-17 19:26:58,2026-02-17 19:27:11,1.5666666666666667,1.675,1.0
18154891,이재명이 부동산 못잡을까봐 문통 스노볼때문에 못잡았다,id:FeelingGood,2026-02-17 21:44:26,2,2,2,2026-02-17 21:44:45,2026-02-17 21:48:18,0.31666666666666665,2.091666666666667,1.0
18156246,제미나이에게 물어본 오늘 내란 판결,id:pqowie,2026-02-19 15:48:39,2,2,2,2026-02-19 15:50:15,2026-02-19 15:50:50,1.6,1.8916666666666666,1.0
18156783,오늘은 무기징역은 그냥 곁다리고 세탁재판이 핵심이군요.,id:Volvo,2026-02-19 23:13:32,2,2,2,2026-02-19 23:13:57,2026-02-19 23:17:58,0.4166666666666667,2.4250000000000003,1.0
18157188,잇싸 가봤더니 윤석렬 다음으로 문재인 털어야 한다는 놈도 있네요,id:geni0,2026-02-20 15:23:50,2,2,2,2026-02-20 15:24:23,2026-02-20 15:25:01,0.55,0.8666666666666667,1.0
18157202,제가 요즘 사장남천동 이쪽은 안봐서그런데 요즘 헬마우스는 어떤가요?,id:typoonj2,2026-02-20 15:34:25,2,2,2,2026-02-20 15:34:53,2026-02-20 15:37:08,0.4666666666666667,1.5916666666666668,1.0
18158671,민주당 김용민이나 이런애들 정부안에 대해 조용하게 된지 오래됨,id:FeelingGood,2026-02-22 19:45:57,2,2,2,2026-02-22 19:49:12,2026-02-22 19:49:53,3.25,3.591666666666667,1.0
18158678,진짜 이대로 흘러가면 이재명은 사기꾼 배신자고,id:todfndl12,2026-02-22 19:53:17,2,2,2,2026-02-22 19:55:45,2026-02-22 19:55:46,2.466666666666667,2.475,1.0
18158862,공취모 보고 이재명이 노했다는 건 그냥 찌라시였나보네요,id:kim2pac,2026-02-22 23:30:36,2,2,2,2026-02-22 23:31:07,2026-02-22 23:31:20,0.5166666666666667,0.625,1.0
18159245,문재인 까고 이재명 한테 딸랑 대면 좋은 자리 가구나,id:bulbol,2026-02-23 10:30:29,2,2,2,2026-02-23 10:31:01,2026-02-23 10:33:37,0.5333333333333333,1.8333333333333333,1.0
18159249,이게 다 우연이겠죠? 김남국도 그렇고.,id:lfcthismeans,2026-02-23 10:33:37,2,2,2,2026-02-23 10:34:24,2026-02-23 10:38:14,0.7833333333333333,2.6999999999999997,1.0
18159340,친문이나 친명이나.. 소리가 나올 수밖에 없는,id:hyeok497,2026-02-23 11:35:02,2,2,2,2026-02-23 11:35:55,2026-02-23 11:37:54,0.8833333333333333,1.875,1.0
18159375,뉴이재명 새끼들 나도 예전에 저쪽에 낚여본적이 있는 사람으로써,id:typoonj2,2026-02-23 11:54:35,2,2,2,2026-02-23 11:55:57,2026-02-23 11:56:32,1.3666666666666667,1.6583333333333332,1.0
18159405,민주당이 걱정이네요,id:malwool,2026-02-23 12:17:31,2,2,2,2026-02-23 12:20:10,2026-02-23 12:21:04,2.65,3.0999999999999996,1.0
18159814,pic) 뉴 이재명,id:FeelingGood,2026-02-23 17:47:57,2,2,2,2026-02-23 17:48:29,2026-02-23 17:52:41,0.5333333333333333,2.6333333333333333,1.0
18159849,공취소 모임 이재명 대통령 하나 믿고 막나갈것 같은 스멜인데요,id:cydia14,2026-02-23 18:48:12,2,2,2,2026-02-23 18:50:36,2026-02-23 18:51:48,2.4,3.0,1.0
18160008,유튜브 보다가 나라를 위해 진짜 일하는 사람이 있는가에 대한 댓글 봤는데,id:Mb8282,2026-02-23 21:57:00,2,2,2,2026-02-23 21:59:33,2026-02-23 22:00:03,2.55,2.8,1.0
18160034,22 대선때 싸줄에서 본 댓글 “그래 송영길 너 이렇게라도 표 얻어올 수 있으면 해라”,id:hyeok497,2026-02-23 22:25:19,2,2,2,2026-02-23 22:26:28,2026-02-23 22:26:57,1.15,1.3916666666666666,1.0
18160707,이동형류들의 악랄함,id:solution78,2026-02-24 18:50:12,2,2,2,2026-02-24 18:51:57,2026-02-24 18:54:35,1.75,3.066666666666667,1.0
18160729,수거명단에 털보만 있는건 솔직히 이건 윤석열 통찰력인듯,id:rainshowerkk,2026-02-24 19:14:06,2,2,2,2026-02-24 19:14:29,2026-02-24 19:17:20,0.38333333333333336,1.8083333333333333,1.0
18160816,설마 이재명 대통령이 말입니다,id:kaoruchan,2026-02-24 20:59:50,2,2,2,2026-02-24 21:02:00,2026-02-24 21:04:34,2.1666666666666665,3.45,1.0
18160908,연임은 그냥 주위 아첨꾼들의 찬양질로 보면 됩니다 ㅎㅎ 불가능한 이유와 정황이 있음,id:stynerkn,2026-02-24 22:41:15,2,2,2,2026-02-24 22:42:20,2026-02-24 22:45:21,1.0833333333333333,2.5916666666666663,1.0
18160954,전통적 공화당 지지자와 MAGA의 관계를 보는듯한..,id:hyeok497,2026-02-24 23:38:16,2,2,2,2026-02-24 23:40:18,2026-02-24 23:40:47,2.033333333333333,2.275,1.0
18160964,이재명 대통령 한두번은 우연이라 애써 생각했는데 이건 맥이는거네,id:Volvo,2026-02-24 23:46:05,2,2,2,2026-02-24 23:47:00,2026-02-24 23:49:46,0.9166666666666666,2.3,1.0
18160998,올해 8월 전당대회는 역대급 한타,id:juventus82,2026-02-25 00:14:28,2,2,2,2026-02-25 00:16:25,2026-02-25 00:16:33,1.95,2.0166666666666666,1.0
18161309,작세 타령 타이밍이 있긴 함.,id:lfcthismeans,2026-02-25 12:07:18,2,2,2,2026-02-25 12:08:17,2026-02-25 12:09:45,0.9833333333333333,1.7166666666666668,1.0
18161611,잇싸에서는 이언주가 민주당에서 간첩질한 증거가 있냐고 하던데?,id:geni0,2026-02-25 17:14:29,2,2,2,2026-02-25 17:15:40,2026-02-25 17:18:56,1.1833333333333333,2.816666666666667,1.0
18164879,잼통은 왜 이렇게 검찰을 감싸고 도는가 미스테리,id:mirissoul2,2026-03-01 13:33:10,2,2,2,2026-03-01 13:34:50,2026-03-01 13:36:54,1.6666666666666667,2.7,1.0
18166136,어제가 삼일절이였다 ㅋㅋ 씨발 이병태는 뭐냐,id:juventus82,2026-03-02 14:59:02,2,2,2,2026-03-02 14:59:41,2026-03-02 15:00:40,0.65,1.1416666666666666,1.0
18166272,"뉴라이트, 뉴이재명 통하는게 있는건가...",id:hulk,2026-03-02 15:59:46,2,2,2,2026-03-02 16:00:05,2026-03-02 16:01:04,0.31666666666666665,0.8083333333333333,1.0
18166368,이준석이 왜 전한길과 실익도 없는 토론을 한다 그러나 했는데..,id:bluepillz,2026-03-02 16:33:29,2,2,2,2026-03-02 16:34:19,2026-03-02 16:37:59,0.8333333333333334,2.6666666666666665,1.0
18166376,뇌리속에 스쳐지나가는 필명 한 5개 정도 됨 ㅋㅋ,id:wheotjd1,2026-03-02 16:37:13,2,2,2,2026-03-02 16:37:51,2026-03-02 16:39:39,0.6333333333333333,1.5333333333333332,1.0
18166432,지금까지 행보를 보면 임기끝나면 아무런 존경도 못받는 최초의 민주당출신 대통령될듯,id:kokomong,2026-03-02 17:00:34,2,2,2,2026-03-02 17:01:04,2026-03-02 17:03:54,0.5,1.9166666666666667,1.0
18166441,대통령에 대한 판단은 제쳐두고 측근그룹의 반명 정서는 공통적인듯,id:bulbol,2026-03-02 17:05:55,2,2,2,2026-03-02 17:06:32,2026-03-02 17:06:50,0.6166666666666667,0.7666666666666666,1.0
18166488,근데 왜 반문재인정서를 끌고 나오는것도 너무 웃기지 않음??,id:kokomong,2026-03-02 17:30:06,2,2,2,2026-03-02 17:32:08,2026-03-02 17:33:09,2.033333333333333,2.5416666666666665,1.0
18166658,pic) 몇몇 커뮤는 정신차렸지만 여긴 끝까지 흐린 눈 ㅡㅡ,id:sc1984,2026-03-02 19:37:29,2,2,2,2026-03-02 19:40:23,2026-03-02 19:41:00,2.9,3.208333333333333,1.0
18167669,Pic) 문창극 조롱하던 이재명,id:hyeok497,2026-03-03 18:22:06,2,2,2,2026-03-03 18:23:40,2026-03-03 18:23:59,1.5666666666666667,1.725,1.0
18169195,이재명이 개누리애들급으로 역겨운게,id:onana,2026-03-04 23:31:30,2,2,2,2026-03-04 23:32:22,2026-03-04 23:32:56,0.8666666666666667,1.15,1.0
18169261,예전 손가혁이 만들어낸 이재명 이미지,id:ejirall,2026-03-05 00:40:56,2,2,2,2026-03-05 00:42:25,2026-03-05 00:42:40,1.4833333333333334,1.6083333333333334,1.0
18169607,흐린 눈도 적당히 해야지.,id:hoffenheim,2026-03-05 11:20:06,2,2,2,2026-03-05 11:22:26,2026-03-05 11:23:55,2.3333333333333335,3.075,1.0
18169788,예전 그 한나라당 포지션을 먹고 싶은 사람들이 존재하는 듯,id:ejirall,2026-03-05 14:14:15,2,2,2,2026-03-05 14:15:14,2026-03-05 14:17:16,0.9833333333333333,2.0,1.0
18169924,천궁이 이란의 공격을 상대로 96프로 명중율 기록,id:blue123,2026-03-05 15:34:36,2,2,2,2026-03-05 15:36:21,2026-03-05 15:37:14,1.75,2.1916666666666664,1.0
18169926,이재명은 한참 과거에 우려하던 모습이,id:Cvc77777,2026-03-05 15:35:39,2,2,2,2026-03-05 15:36:26,2026-03-05 15:39:46,0.7833333333333333,2.4499999999999997,1.0
18170040,원래 정청래 대표가 작년 추석전에 검찰개혁 본회의 통과 시키려고 그랬죠,id:zero080,2026-03-05 16:36:12,2,2,2,2026-03-05 16:39:14,2026-03-05 16:39:53,3.033333333333333,3.3583333333333334,1.0
18170061,전 주식안하지만 주식시장도 불만이 있네요,id:tjfghksss,2026-03-05 16:48:44,2,2,2,2026-03-05 16:48:59,2026-03-05 16:49:33,0.25,0.5333333333333333,1.0
18170142,출장 갔다왔는데 이재명 또 문제일으켰나요?,id:koaie123,2026-03-05 17:20:41,2,2,2,2026-03-05 17:21:33,2026-03-05 17:22:00,0.8666666666666667,1.0916666666666668,1.0
18170544,검찰개혁이 아니라 택갈이 하고 강화 시킴,id:whoshot,2026-03-05 22:01:17,2,2,2,2026-03-05 22:02:30,2026-03-05 22:04:15,1.2166666666666666,2.091666666666667,1.0
18170557,내란당과 민주당의 차이점,id:upandgogo,2026-03-05 22:04:39,2,2,2,2026-03-05 22:05:01,2026-03-05 22:06:16,0.36666666666666664,0.9916666666666667,1.0
18170812,2017년 이재명 민주당 대선 경선 후보의 공약,id:sdh90,2026-03-05 23:31:25,2,2,2,2026-03-05 23:32:00,2026-03-05 23:33:19,0.5833333333333334,1.2416666666666667,1.0
18171099,결국 검찰권력을 이용해서 뭔가 하겠다는거네요?,id:no14henry,2026-03-06 10:09:09,2,2,2,2026-03-06 10:11:13,2026-03-06 10:13:25,2.066666666666667,3.166666666666667,1.0
18171149,윤석열 검찰개혁한다고 속여서 검찰총장됨,id:FeelingGood,2026-03-06 10:49:28,2,2,2,2026-03-06 10:50:05,2026-03-06 10:51:14,0.6166666666666667,1.1916666666666667,1.0
18171472,"국민의힘, 원외 정의당보다도 후원금 못받았다···지지율은 장동혁 대표 취임 후 최저치",id:ehdtks9286,2026-03-06 15:55:34,2,2,2,2026-03-06 15:57:30,2026-03-06 15:57:56,1.9333333333333333,2.15,1.0
18171553,바른 소리 함 했다고.. 또 순진하게 바로 믿어?? 이렇게...,id:againstwin80,2026-03-06 17:26:27,2,2,2,2026-03-06 17:28:31,2026-03-06 17:28:37,2.066666666666667,2.1166666666666667,1.0
18171588,퇴임후 이재명 선거법 유죄나오면 민주당도 망하는데,id:FeelingGood,2026-03-06 18:01:22,2,2,2,2026-03-06 18:02:23,2026-03-06 18:04:56,1.0166666666666666,2.291666666666667,1.0
18171610,전 이재명 정부의 성과에 대해서 지금 왈가왈부하고 싶진 않음.,id:rukk7812,2026-03-06 18:27:34,2,2,2,2026-03-06 18:28:27,2026-03-06 18:28:53,0.8833333333333333,1.1,1.0
18171650,왜 이재명 비토만 불편할까,id:onana,2026-03-06 19:18:50,2,2,2,2026-03-06 19:20:27,2026-03-06 19:22:37,1.6166666666666667,2.7,1.0
18171673,전 이재명 지지 접어야겠다 결심한 순간이 단순히,id:Grassland,2026-03-06 19:41:24,2,2,2,2026-03-06 19:42:43,2026-03-06 19:46:15,1.3166666666666667,3.083333333333333,1.0
18172730,네팔 총선 중도개혁주의 1당,id:pearson19,2026-03-07 21:02:45,2,2,2,2026-03-07 21:03:42,2026-03-07 21:05:16,0.95,1.7333333333333334,1.0
18172757,(pic) 민주당에서 얘 이후로 이렇게 빡치게 하는게 대통령이라니,id:deportivo7,2026-03-07 21:21:45,2,2,2,2026-03-07 21:23:06,2026-03-07 21:25:58,1.35,2.783333333333333,1.0
18172790,결국 이 모든게 이낙연과 윤석열 때문임.,id:hulk,2026-03-07 21:49:06,2,2,2,2026-03-07 21:50:07,2026-03-07 21:51:59,1.0166666666666666,1.95,1.0
18172848,이재명한테 직접 비난이 쏟아져야 그나마 추미애 같은 의원이 움직일 공간이 나옴,id:horizon,2026-03-07 22:18:59,2,2,2,2026-03-07 22:21:07,2026-03-07 22:23:03,2.1333333333333333,3.0999999999999996,1.0
18173028,이재명 ‘저 대신 맞느라 고생 많죠?’,id:fantak,2026-03-07 23:24:37,2,2,2,2026-03-07 23:25:36,2026-03-07 23:26:59,0.9833333333333333,1.675,1.0
18173037,Pic) 이재명의 두루뭉실하고 이상한 SNS 글에 대한 해석은 유작가님이 해주네요,id:zero080,2026-03-07 23:29:24,2,2,2,2026-03-07 23:30:22,2026-03-07 23:30:33,0.9666666666666667,1.0583333333333333,1.0
18173296,결국 이래나 저래나 추미애밖에 없음,id:eclass2,2026-03-08 09:20:26,2,2,2,2026-03-08 09:20:55,2026-03-08 09:25:00,0.48333333333333334,2.525,1.0
18173352,Pic) 이재명은 민주진영의 박근혜 포지션이었다는 글..,id:hyeok497,2026-03-08 10:39:10,2,2,2,2026-03-08 10:39:41,2026-03-08 10:41:52,0.5166666666666667,1.6083333333333334,1.0
18173420,진지하게 이재명 폭주 브레이크 걸려면 지선 대승을 하면 안된다고 봄,id:zero080,2026-03-08 11:40:00,2,2,2,2026-03-08 11:40:32,2026-03-08 11:40:50,0.5333333333333333,0.6833333333333333,1.0
18173530,지금와서 확실해져가는건 민주당 지지자들의 국짐화가 완성직전이다란거,id:todfndl12,2026-03-08 13:23:19,2,2,2,2026-03-08 13:24:33,2026-03-08 13:28:00,1.2333333333333334,2.9583333333333335,1.0
18173866,정부안을 크게 수정할 확률은 솔직히 낮다고봅니다.,id:heo1935,2026-03-08 18:08:27,2,2,2,2026-03-08 18:11:49,2026-03-08 18:11:50,3.3666666666666667,3.375,1.0
18174028,한동훈 “한 줌도 안 되는 당권파가 민심 가스라이팅”,id:pearson19,2026-03-08 20:35:29,2,2,2,2026-03-08 20:36:29,2026-03-08 20:38:06,1.0,1.8083333333333333,1.0
18174189,민주당에 당분간 투표 안하려 했는데 잘못 생각했네요.,id:junice98,2026-03-08 23:42:19,2,2,2,2026-03-08 23:45:31,2026-03-08 23:46:35,3.2,3.7333333333333334,1.0
18174369,"이재명 ""검찰개혁 시간표?…수술일자 굳이 미리 알 필요가 있나""",id:bulbol,2026-03-09 08:18:06,2,2,2,2026-03-09 08:18:31,2026-03-09 08:19:48,0.4166666666666667,1.0583333333333333,1.0
18174611,결국 지방선거 이재명 망해야 반전이 생김,id:solution78,2026-03-09 11:13:20,2,2,2,2026-03-09 11:14:23,2026-03-09 11:14:56,1.05,1.3250000000000002,1.0
18174818,김우영이란 애가 뉴탐사 나와서 문통이 유투브 시작한 걸 어이없어 하던데.,id:malwool,2026-03-09 13:54:20,2,2,2,2026-03-09 13:54:54,2026-03-09 13:57:48,0.5666666666666667,2.0166666666666666,1.0
18174976,이재명 행정이 연상되는 거.,id:cytokine1234,2026-03-09 16:32:13,2,2,2,2026-03-09 16:33:55,2026-03-09 16:35:35,1.7,2.533333333333333,1.0
18175443,잇박견들 이재명이 추미애 밀어내고 그 자리에 나경원 앉혀도 하하호호할 새끼들인거,id:lovedavich,2026-03-10 00:10:47,2,2,2,2026-03-10 00:12:10,2026-03-10 00:13:13,1.3833333333333333,1.9083333333333332,1.0
18175504,나는 보수인데 이재명이 대통령되면 나라 망할줄알았는데 막상 하는거 보니 잘하네~,id:modern21,2026-03-10 07:39:07,2,2,2,2026-03-10 07:40:36,2026-03-10 07:42:31,1.4833333333333334,2.4416666666666664,1.0
18175602,우리 가카 현 상황 요약.,id:cytokine1234,2026-03-10 08:57:39,2,2,2,2026-03-10 08:58:35,2026-03-10 09:01:49,0.9333333333333333,2.5500000000000003,1.0
18175700,문재인 정권 그립감이랑 완전히 다르네 시발,id:simbae1,2026-03-10 09:36:48,2,2,2,2026-03-10 09:37:54,2026-03-10 09:39:55,1.1,2.1083333333333334,1.0
18175954,장인수 폭로건 기사 0건,id:bulbol,2026-03-10 12:51:36,2,2,2,2026-03-10 12:52:37,2026-03-10 12:53:01,1.0166666666666666,1.2166666666666668,1.0
18176059,문재인도 못한 검찰개혁 이재명이 해냈네요 역시 이재명이다 문재인과는 달라,id:impactx84,2026-03-10 13:46:50,2,2,2,2026-03-10 13:47:23,2026-03-10 13:49:44,0.55,1.725,1.0
18176362,국힘은 망했고 새로운 보수 기득권의 숙주는 나다,id:burningred,2026-03-10 18:42:32,2,2,2,2026-03-10 18:44:14,2026-03-10 18:45:53,1.7,2.525,1.0
18176566,재명이형,id:flypcs20,2026-03-10 21:24:13,2,2,2,2026-03-10 21:26:44,2026-03-10 21:28:24,2.5166666666666666,3.35,1.0
18176897,무엇보다도 대통령 너무 유치해요,id:rhcp11,2026-03-11 07:52:57,2,2,2,2026-03-11 07:54:07,2026-03-11 07:55:23,1.1666666666666667,1.7999999999999998,1.0
18177071,국힘 김민수 “윤어게인은 상식적 다수...절연 멈추고 한마음 뭉쳐야”,id:pucrinyesir,2026-03-11 10:11:24,2,2,2,2026-03-11 10:14:04,2026-03-11 10:15:26,2.6666666666666665,3.3499999999999996,1.0
18177369,공소취소 청탁은 대강 기자들 입에서 나오는 소문을 보면,id:luminai,2026-03-11 14:30:14,2,2,2,2026-03-11 14:33:00,2026-03-11 14:33:54,2.7666666666666666,3.216666666666667,1.0
18177489,막말로 이재명이 무슨 책임일 진다는 건지도 모르겠음 ㅋㅋ,id:juventus82,2026-03-11 16:45:04,2,2,2,2026-03-11 16:47:44,2026-03-11 16:49:11,2.6666666666666665,3.3916666666666666,1.0
18177697,이재명이 민주정권의 매국노 등용 선례를 만들어 놔서,id:Volvo,2026-03-11 19:19:29,2,2,2,2026-03-11 19:20:08,2026-03-11 19:22:43,0.65,1.9416666666666667,1.0
18177743,제가 생각하는 이재명의 심리,id:bookae1,2026-03-11 19:46:08,2,2,2,2026-03-11 19:49:40,2026-03-11 19:50:11,3.533333333333333,3.7916666666666665,1.0
18177983,검찰련들 분명히 눈속임 위해 이재명칼?로 국짐 먼저 공격 할겁니다,id:gum0510,2026-03-11 22:44:12,2,2,2,2026-03-11 22:45:21,2026-03-11 22:48:54,1.15,2.925,1.0
18178617,윤석열이 진짜 대단하긴 하네요,id:TRkenochan,2026-03-12 14:42:53,2,2,2,2026-03-12 14:45:42,2026-03-12 14:47:16,2.816666666666667,3.6000000000000005,1.0
18178664,다소소설) 뉴이재명=잼마을=손가혁=정의를위하여,id:placebo,2026-03-12 15:25:55,2,2,2,2026-03-12 15:27:01,2026-03-12 15:29:04,1.1,2.125,1.0
18178847,싸줄 정치 성향은 쉽게 말해서,id:HONG43,2026-03-12 18:04:28,2,2,2,2026-03-12 18:05:37,2026-03-12 18:08:59,1.15,2.833333333333333,1.0
18179132,정부와 여당 차원에서 검찰개혁을 방해하고 김어준 죽이기에 몰두하고...,id:sexline,2026-03-12 22:37:16,2,2,2,2026-03-12 22:38:15,2026-03-12 22:39:05,0.9833333333333333,1.4,1.0
18179480,우리가 털보한테 뇌 의탁한 걸로 아는 모지리들,id:malwool,2026-03-13 11:46:21,2,2,2,2026-03-13 11:47:20,2026-03-13 11:48:23,0.9833333333333333,1.5083333333333333,1.0
18179737,캬 싸줄러들이 결혼못한것도,id:radioshot1,2026-03-13 15:06:50,2,2,2,2026-03-13 15:07:34,2026-03-13 15:08:00,0.7333333333333333,0.95,1.0
18179808,민주당 의원 후원금도 이제 기업에서 주는거 아님,id:alfatini,2026-03-13 16:06:55,2,2,2,2026-03-13 16:07:29,2026-03-13 16:08:28,0.5666666666666667,1.0583333333333333,1.0
18179901,홍익표 저것도 친일파나 빨던 새 ㄲ ㅣ 아니랄까봐 참 의리 없네요 ㅋ,id:horizon,2026-03-13 17:50:25,2,2,2,2026-03-13 17:51:04,2026-03-13 17:52:54,0.65,1.5666666666666667,1.0
18180159,촛불행동 오늘 집회 영상인데,id:oasiticjoo19,2026-03-13 21:37:45,2,2,2,2026-03-13 21:38:24,2026-03-13 21:39:04,0.65,0.9833333333333334,1.0
18180169,청와대 말끝마다 바쁘다고 하는 건 웃기네요ㅋㅋ,id:megacoffee25,2026-03-13 21:45:24,2,2,2,2026-03-13 21:45:53,2026-03-13 21:48:18,0.48333333333333334,1.6916666666666667,1.0
18180202,그럼 다음 총선 이재명이 공천 주고,id:dlawls,2026-03-13 22:06:49,2,2,2,2026-03-13 22:07:56,2026-03-13 22:11:05,1.1166666666666667,2.6916666666666664,1.0
18180229,작세 의심되면 그 싸재들 22년 글 보고 오면 됩니다,id:hyeok497,2026-03-13 22:26:10,2,2,2,2026-03-13 22:27:20,2026-03-13 22:29:07,1.1666666666666667,2.0583333333333336,1.0
18180407,김어준 때리기 할 시간에 전월세 문제나 신경 써 줬으면,id:makijeon,2026-03-14 08:52:48,2,2,2,2026-03-14 08:54:57,2026-03-14 08:55:26,2.15,2.3916666666666666,1.0
18180514,"낙지빠돌이들도, 지금 뉴재명충들도 표면상으론 민주당 지지자임.",id:sounited13,2026-03-14 10:44:12,2,2,2,2026-03-14 10:45:36,2026-03-14 10:48:54,1.4,3.05,1.0
18180521,여기 유저 대부분은 김어준 스탠스를 이해함,id:solution78,2026-03-14 10:52:21,2,2,2,2026-03-14 10:53:38,2026-03-14 10:56:45,1.2833333333333334,2.841666666666667,1.0
18180648,인생 대선 4전 2승에서 1승으로 강등,id:deportivo7,2026-03-14 13:24:12,2,2,2,2026-03-14 13:25:01,2026-03-14 13:28:01,0.8166666666666667,2.316666666666667,1.0
18181283,이재명은 검찰개혁 정부안으로 간다면,id:cydia14,2026-03-14 23:36:43,2,2,2,2026-03-14 23:38:04,2026-03-14 23:39:43,1.35,2.175,1.0
18182405,베르세르크 드립도 조만간 퍼질거같음,id:jj1211,2026-03-15 23:05:13,2,2,2,2026-03-15 23:05:35,2026-03-15 23:06:01,0.36666666666666664,0.5833333333333334,1.0
18182553,옛날 초선들은 권위에 들이받는 돌격대였는데,id:flamans1,2026-03-15 23:56:27,2,2,2,2026-03-15 23:58:06,2026-03-15 23:59:36,1.65,2.4,1.0
18183526,검찰권을 틀어쥐어야 왕이 된다고 믿는 듯,id:makaloni,2026-03-16 17:10:32,2,2,2,2026-03-16 17:10:58,2026-03-16 17:12:04,0.43333333333333335,0.9833333333333334,1.0
18183546,검찰 내부에서 자신한다던 1년내 이재명정권 무너진다,id:hulk,2026-03-16 17:24:39,2,2,2,2026-03-16 17:25:55,2026-03-16 17:26:17,1.2666666666666666,1.45,1.0
18183720,아 근데 이재명 까는 댓글 자꾸 쓰다보니..,id:hypeboy,2026-03-16 19:48:03,2,2,2,2026-03-16 19:49:28,2026-03-16 19:49:31,1.4166666666666667,1.4416666666666667,1.0
18184298,싸줄 프로 눈팅러인데,id:cobain68,2026-03-17 11:11:20,2,2,2,2026-03-17 11:13:10,2026-03-17 11:14:07,1.8333333333333333,2.308333333333333,1.0
18184454,금일 당대포 검찰개혁안 발표 관련해 대통령의 국무회의 발언,id:impactx84,2026-03-17 13:26:53,2,2,2,2026-03-17 13:28:03,2026-03-17 13:28:44,1.1666666666666667,1.5083333333333333,1.0
18185231,제가 여행다녀오느라 제대로 못보긴 했는데 역시 청래형 믿고있어도 되는거 맞죠?,id:Scv001,2026-03-17 23:29:59,2,2,2,2026-03-17 23:31:25,2026-03-17 23:33:03,1.4333333333333333,2.25,1.0
18185362,모르고 있었다면 국정 농단 아닌가요?,id:cytokine1234,2026-03-18 07:41:05,2,2,2,2026-03-18 07:41:41,2026-03-18 07:42:31,0.6,1.0166666666666666,1.0
18185394,청래.어준.시민.강욱.미애.은정 등의 역할,id:jeffkent,2026-03-18 08:02:53,2,2,2,2026-03-18 08:03:49,2026-03-18 08:05:31,0.9333333333333333,1.7833333333333332,1.0
18185414,댓글보면서 곰곰히 생각해봤는데,id:htht709,2026-03-18 08:14:33,2,2,2,2026-03-18 08:16:12,2026-03-18 08:16:16,1.65,1.6833333333333331,1.0
18185442,한번 갈라치기를 해놓으니 뭘 해도 봉합이 안됨,id:jj1211,2026-03-18 08:35:49,2,2,2,2026-03-18 08:36:51,2026-03-18 08:38:16,1.0333333333333334,1.7416666666666667,1.0
18185614,이재명이 윤두창 MB는 아니잖아요.,id:cytokine1234,2026-03-18 10:47:39,2,2,2,2026-03-18 10:48:58,2026-03-18 10:50:53,1.3166666666666667,2.275,1.0
18185769,명팔이들 중에서도 머리좀돌아간다 싶은놈이 있다면 이제 깨달았을듯,id:kiriman,2026-03-18 12:11:42,2,2,2,2026-03-18 12:12:53,2026-03-18 12:14:30,1.1833333333333333,1.9916666666666667,1.0
18185838,우리나라정도 체급의 나라면 개개인이 중요한게,id:iskoke,2026-03-18 13:00:46,2,2,2,2026-03-18 13:04:29,2026-03-18 13:05:12,3.716666666666667,4.075,1.0
18187084,B준호는 출마 결심 중 하나가,id:hulk,2026-03-19 09:02:38,2,2,2,2026-03-19 09:03:42,2026-03-19 09:03:43,1.0666666666666667,1.075,1.0
18187158,“가면 직접 교전 가능성 100%”···여당 의원이 ‘호르무즈 파병 반대 행동’ 나선 이유,id:bulbol,2026-03-19 09:36:09,2,2,2,2026-03-19 09:37:15,2026-03-19 09:38:27,1.1,1.7,1.0
18188095,비선실세,id:modern21,2026-03-19 23:10:59,2,2,2,2026-03-19 23:11:23,2026-03-19 23:11:40,0.4,0.5416666666666667,1.0
18188101,친문 부활 노리는거라는데 그 친문이 누구라는거임?,id:bulbol,2026-03-19 23:15:54,2,2,2,2026-03-19 23:17:34,2026-03-19 23:18:31,1.6666666666666667,2.1416666666666666,1.0
18188651,쓰벌 내고향 안산이 천정배 이후로 계속 민주당 짬통동네인게 너무 싫음,id:kokomong,2026-03-20 12:05:38,2,2,2,2026-03-20 12:06:31,2026-03-20 12:07:25,0.8833333333333333,1.3333333333333335,1.0
18188653,제가 정말 저열하다고 느낀 포인트,id:kiriman,2026-03-20 12:06:31,2,2,2,2026-03-20 12:07:25,2026-03-20 12:09:30,0.9,1.9416666666666667,1.0
18189572,아니 뉴재명들은 생각이없나; 아니 조용히 넘어갈려고 해도 지들이 커버치다가 일만 키움,id:kokomong,2026-03-21 09:20:09,2,2,2,2026-03-21 09:21:25,2026-03-21 09:22:54,1.2666666666666666,2.0083333333333333,1.0
18189601,검찰개혁은 계속 시끄럽게 해야겠다,id:djsi,2026-03-21 09:46:04,2,2,2,2026-03-21 09:46:40,2026-03-21 09:50:40,0.6,2.5999999999999996,1.0
18189819,뉴B들의 가장 큰 문제점은 이재명 퇴로 차단을 한다는 것,id:oldslave,2026-03-21 14:01:26,2,2,2,2026-03-21 14:03:46,2026-03-21 14:05:00,2.3333333333333335,2.95,1.0
18193197,어제 겸공 이재석입니다에 이진숙 수행팀장 말 진짜 답답하게하던데,id:pearson19,2026-03-25 11:35:06,2,2,2,2026-03-25 11:37:49,2026-03-25 11:40:01,2.716666666666667,3.816666666666667,1.0
18193591,문재인대통령이 당대표시절 시스템공천을 도입했고,id:vamman,2026-03-25 19:16:55,2,2,2,2026-03-25 19:18:34,2026-03-25 19:19:01,1.65,1.875,1.0
18193727,김남국은 진짜 정치하면 안됨 최강욱건만 봐도,id:hobro,2026-03-25 21:29:39,2,2,2,2026-03-25 21:30:35,2026-03-25 21:32:02,0.9333333333333333,1.6583333333333332,1.0
18194121,예로부터 절대로 믿으면 앙대능 말이 다섯가지가 있읍니다,id:kaoruchan,2026-03-26 11:35:34,2,2,2,2026-03-26 11:36:48,2026-03-26 11:38:28,1.2333333333333334,2.0666666666666664,1.0
18194607,대구 동구청창 예비후보(민주당) 유세중 폭행 당해,id:cydia14,2026-03-26 21:48:43,2,2,2,2026-03-26 21:49:52,2026-03-26 21:50:30,1.15,1.4666666666666668,1.0
18194937,"이재명 일하는거 차, 포인줄 알았는데 졸인 느낌",id:luna7742,2026-03-27 11:06:08,2,2,2,2026-03-27 11:07:39,2026-03-27 11:10:37,1.5166666666666666,3.0,1.0
18197600,"서울시 ""민주당, 유람선 사고에 '한강 우려먹기'…의도적 조작""",id:pearson19,2026-03-29 21:34:10,2,2,2,2026-03-29 21:37:22,2026-03-29 21:38:46,3.2,3.9,1.0
18199105,"[속보] 법원, 김영환 충북지사 국민의힘 공천 컷오프 효력정지",id:bulbol,2026-03-31 17:57:40,2,2,2,2026-03-31 18:00:51,2026-03-31 18:01:32,3.183333333333333,3.525,1.0
18199193,더쿠도 공무원 계열은 이재명 싫어하더라구요,id:maybee,2026-03-31 19:23:48,2,2,2,2026-03-31 19:25:34,2026-03-31 19:26:04,1.7666666666666666,2.0166666666666666,1.0
18200888,"자, 이재명 sns 다음차례야",id:placebo,2026-04-02 10:37:18,2,2,2,2026-04-02 10:37:36,2026-04-02 10:38:15,0.3,0.625,1.0
18201532,마크롱이 방한했는데 사람들이 노관심,id:blue123,2026-04-02 22:19:17,2,2,2,2026-04-02 22:23:15,2026-04-02 22:23:53,3.966666666666667,4.283333333333333,1.0
18202121,pic)이재명 정부의 검찰은 다르다!!,id:bundes1,2026-04-03 17:42:40,2,2,2,2026-04-03 17:44:12,2026-04-03 17:45:25,1.5333333333333334,2.1416666666666666,1.0
18205056,순복음교회에서 환영하는 이재명,id:kp5189jp,2026-04-07 16:40:53,2,2,2,2026-04-07 16:41:31,2026-04-07 16:42:40,0.6333333333333333,1.2083333333333335,1.0
18208025,이재명 커터칼의 문제. 중앙정치에서 구른것도 너무 짧았음,id:armwear,2026-04-11 11:43:21,2,2,2,2026-04-11 11:44:38,2026-04-11 11:47:03,1.2833333333333334,2.4916666666666667,1.0
18208262,"그냥 중국에 셰셰 대만에 셰셰, 그 자세로 가면 되요",id:blue123,2026-04-11 14:59:50,2,2,2,2026-04-11 15:01:52,2026-04-11 15:01:52,2.033333333333333,2.033333333333333,1.0
18208510,이동형이 이재명 사적으로 연락한다 했는데 청와대는 부인했나요?,id:FeelingGood,2026-04-11 17:55:00,2,2,2,2026-04-11 17:55:35,2026-04-11 17:56:36,0.5833333333333334,1.0916666666666668,1.0
18208567,지금 보면 제일 얼척없는 단어가 '동지의 언어' 입니다..,id:gum0510,2026-04-11 18:37:48,2,2,2,2026-04-11 18:40:13,2026-04-11 18:41:45,2.4166666666666665,3.1833333333333336,1.0
18209619,이재명은 발전도상인이라는 유시민 말을 믿었었는데..,id:rukk7812,2026-04-12 23:19:32,2,2,2,2026-04-12 23:22:14,2026-04-12 23:22:26,2.7,2.8,1.0
18209863,궁예 팬클럽도 아니고 관심법으로,id:Volvo,2026-04-13 08:00:39,2,2,2,2026-04-13 08:01:28,2026-04-13 08:02:45,0.8166666666666667,1.4583333333333335,1.0
18211308,문재인 때문에 정권 바뀌었다는 논리 다 깨졌는데,id:bulbol,2026-04-14 20:13:25,2,2,2,2026-04-14 20:14:54,2026-04-14 20:15:25,1.4833333333333334,1.7416666666666667,1.0
18216711,방미 논란 예상했지만 이재명 정권 외교 참사 때문에 미국 간 것,id:bulbol,2026-04-20 14:00:19,2,2,2,2026-04-20 14:02:45,2026-04-20 14:03:28,2.433333333333333,2.7916666666666665,1.0
18218523,진짜 이번에도 호남 먹버 당하면 평생 민주당 표 줄일 없음 ㅋ,id:gum0510,2026-04-22 21:05:40,2,2,2,2026-04-22 21:06:36,2026-04-22 21:07:02,0.9333333333333333,1.15,1.0
18218526,이재명 대통령 많이들 불편하시죠??,id:Tenhag,2026-04-22 21:08:01,2,2,2,2026-04-22 21:08:54,2026-04-22 21:09:29,0.8833333333333333,1.1749999999999998,1.0
18218930,평택을에 네임드가 오면 사실 인력 낭비임,id:ifleet,2026-04-23 12:45:24,2,2,2,2026-04-23 12:47:42,2026-04-23 12:48:51,2.3,2.875,1.0
18222155,재명이네쑥대밭은 누가 만든건가요,id:spoops,2026-04-27 16:12:43,2,2,2,2026-04-27 16:13:30,2026-04-27 16:15:32,0.7833333333333333,1.8,1.0
18222895,이건 뭐 다음 대선쯤에는 국짐 완전히 부활하겠네요,id:KINGBATI,2026-04-28 16:00:14,2,2,2,2026-04-28 16:01:20,2026-04-28 16:04:09,1.1,2.5083333333333333,1.0
18222912,옛날 어른들이 그놈이 그놈이라며 정치 혐오하시던 거,id:bald80,2026-04-28 16:15:50,2,2,2,2026-04-28 16:20:10,2026-04-28 16:20:31,4.333333333333333,4.508333333333333,1.0
18223025,그리고 노통 놀리듯 이재명을 놀린다고?ㅋㅋ 딱봐도 경상도 사람도 아닌것 같은데 노 타령,id:sta0505,2026-04-28 17:23:54,2,2,2,2026-04-28 17:25:31,2026-04-28 17:27:13,1.6166666666666667,2.466666666666667,1.0
18223887,이진관 판사 이후로 제대로된 판사 나오신듯,id:moonplay,2026-04-29 15:51:28,2,2,2,2026-04-29 15:53:31,2026-04-29 15:53:54,2.05,2.2416666666666663,1.0
18226569,언론이 민주당에 스윗해지니 준스기 찰스 극한으로 줮밥 됬네요.,id:Volvo,2026-05-03 12:15:38,2,2,2,2026-05-03 12:18:06,2026-05-03 12:18:31,2.466666666666667,2.675,1.0
18226988,아직도 조선노동당 타령중인 국힘,id:blue123,2026-05-03 19:57:00,2,2,2,2026-05-03 20:00:44,2026-05-03 20:01:16,3.7333333333333334,4.0,1.0
18227770,Pic)민주당은 일본극우,id:dleoduq1234,2026-05-04 14:48:27,2,2,2,2026-05-04 14:49:35,2026-05-04 14:52:02,1.1333333333333333,2.3583333333333334,1.0
18228156,"李대통령, '조작 기소 특검법' 의견 수렴 주문에…與, 속도조절 나서나",id:osodos,2026-05-04 23:09:43,2,2,2,2026-05-04 23:13:01,2026-05-04 23:14:29,3.3,4.033333333333333,1.0
18228357,뉴재명들 문재인 정부 부동산은 왤케 까댔나 몰라요,id:ulsan0101,2026-05-05 10:07:55,2,2,2,2026-05-05 10:09:12,2026-05-05 10:10:21,1.2833333333333334,1.8583333333333334,1.0
18228859,지금 민주당은 다음 총선 때 이병태 공천 줘도 안 놀라울 거 같음 ㅋㅋ,id:bundes1,2026-05-05 20:22:33,2,2,2,2026-05-05 20:23:51,2026-05-05 20:24:58,1.3,1.8583333333333334,1.0
18101294,경향 한동훈 인터뷰) MDMK란?,id:ehdtks9286,2025-12-17 14:59:54,3,3,2,2025-12-17 15:03:19,2025-12-17 15:18:27,3.4166666666666665,4.883333333333334,0.6666666666666666
18101353,"통일교 특검 추천권 달라'는 개혁신당…거부한 국민의힘 ""변협에 맡기자""",id:naco16,2025-12-17 16:02:13,3,3,2,2025-12-17 16:04:10,2025-12-17 16:08:28,1.95,2.033333333333333,0.6666666666666666
18101623,역사학계 윤석열로 검색을 해봤습니다.,id:Clocks,2025-12-17 22:08:44,3,3,2,2025-12-17 22:12:22,2025-12-17 22:16:34,3.6333333333333333,4.333333333333333,0.6666666666666666
18103940,"pic) [단독]'김건희 봐주기' 이창수, 특검 소환 불응…""일정상 어려워""",id:snap23,2025-12-21 13:56:39,3,3,2,2025-12-21 13:57:55,2025-12-21 14:07:46,1.2666666666666666,3.3333333333333335,0.6666666666666666
18104458,민주당이 통일교 특검법 받겠다고 하는데....,id:chun1149,2025-12-22 09:25:42,3,3,2,2025-12-22 09:27:40,2025-12-22 10:01:31,1.9666666666666666,2.9166666666666665,0.6666666666666666
18104629,삼중이: 통일교 특검 민주당도 많이 걸릴거다 내란당 위축되지 말고 자신감 가져라,id:rukk7812,2025-12-22 12:47:11,3,3,2,2025-12-22 12:47:55,2025-12-22 13:22:09,0.7333333333333333,4.883333333333334,0.6666666666666666
18104636,pic) 국민의힘-통일교 리스트.jpg,id:fantak,2025-12-22 12:58:09,3,3,2,2025-12-22 12:59:59,2025-12-22 13:20:33,1.8333333333333333,2.4,0.6666666666666666
18104845,[단독] “문재인 정부 청와대서 ‘부동산원 예산 없앤다’는 말 못 들었다”,id:ehdtks9286,2025-12-22 17:03:32,3,3,2,2025-12-22 17:04:52,2025-12-22 17:09:51,1.3333333333333333,4.3,0.6666666666666666
18104967,얼마전 만난 30대 중반 2찍 친구 이야기,id:dolbegae,2025-12-22 19:10:55,3,3,2,2025-12-22 19:12:25,2025-12-22 19:39:22,1.5,2.8,0.6666666666666666
18105407,"김병기 “통일교 특검, 속도가 곧 정의…시간 끌면 진실 흐려져”",id:naco16,2025-12-23 11:51:28,3,3,2,2025-12-23 11:52:51,2025-12-23 11:56:57,1.3833333333333333,1.4666666666666666,0.6666666666666666
18106413,기사) 내란수괴의 야구 사랑,id:ehdtks9286,2025-12-24 15:21:30,3,3,2,2025-12-24 15:22:19,2025-12-24 15:38:42,0.8166666666666667,2.95,0.6666666666666666
18106780,"pic) 미국 대선을 다시 한다면 트럼프 49%, 해리스 48%",id:6830,2025-12-24 22:47:27,3,3,2,2025-12-24 22:50:52,2025-12-25 00:15:37,3.4166666666666665,3.5166666666666666,0.6666666666666666
18107726,뉴스타파) “사모가 썼다”…'김병기 배우자 업추비 유용' 자백 녹취 공개,id:naco16,2025-12-26 15:44:59,3,3,2,2025-12-26 15:47:48,2025-12-26 16:02:25,2.816666666666667,3.683333333333333,0.6666666666666666
18109179,그래도 한국은 정치인물 세대교체가 어느정도 잘 되는편인듯,id:FeelingGood,2025-12-28 13:41:02,3,3,2,2025-12-28 13:42:28,2025-12-28 13:47:35,1.4333333333333333,2.15,0.6666666666666666
18109356,통합과 실용주의 같은 소리하고 있네 ㅋㅋ 뭘지켜봅니까?ㅋㅋ,id:qnflsdl,2025-12-28 16:09:22,3,3,2,2025-12-28 16:10:28,2025-12-28 16:15:15,1.1,2.5,0.6666666666666666
18109409,어떤 그림인지는 알겠는데 좀 그렇네요,id:killy,2025-12-28 16:42:45,3,3,2,2025-12-28 16:44:59,2025-12-28 16:56:53,2.2333333333333334,3.65,0.6666666666666666
18109515,사실 이혜훈은 가지고 올 것도 없는 인사라서 더 문제긴 해요.,id:ninety5mph,2025-12-28 18:19:36,3,3,2,2025-12-28 18:20:45,2025-12-28 18:33:10,1.15,2.8666666666666667,0.6666666666666666
18110358,권오을 같은 경우는 대선때 열심히 뛰기라도 했죠,id:hyeok497,2025-12-29 12:40:37,3,3,2,2025-12-29 12:42:08,2025-12-29 12:46:53,1.5166666666666666,3.2666666666666666,0.6666666666666666
18110943,최종변기는 민주당 역대급 쓰레기인데,id:fngosrkdl1,2025-12-29 22:01:12,3,3,2,2025-12-29 22:02:23,2025-12-29 22:27:47,1.1833333333333333,4.033333333333333,0.6666666666666666
18110984,좀 뭐랄까 현타가 씨게왔다랄까 그냥 조혁당에 힘을 주는게 맞는거 같음,id:kokomong,2025-12-29 22:51:40,3,3,2,2025-12-29 22:52:47,2025-12-29 22:57:02,1.1166666666666667,4.15,0.6666666666666666
18111032,똥변기 내일 기자회견에서 버틴다 할까봐 진짜 무섭네..,id:rainshowerkk,2025-12-29 23:37:45,3,3,2,2025-12-29 23:41:21,2025-12-29 23:46:12,3.6,4.65,0.6666666666666666
18111041,"다들 걱정하는 포인트는, 이재명 민주당이 성공하길 바래서임",id:garkas86,2025-12-29 23:53:08,3,3,2,2025-12-29 23:54:56,2025-12-30 00:12:35,1.8,3.3,0.6666666666666666
18111232,물은 엎질러졌고 ..,id:dleoduq10004,2025-12-30 10:07:38,3,3,2,2025-12-30 10:09:36,2025-12-30 10:21:15,1.9666666666666666,3.8666666666666667,0.6666666666666666
18111253,이혜훈 발언 민주당 지지자들 농락하는 말에 가까운데ㅋ,id:cytokine1234,2025-12-30 10:28:15,3,3,2,2025-12-30 10:29:31,2025-12-30 10:44:16,1.2666666666666666,3.7333333333333334,0.6666666666666666
18111321,"김상욱 ""이혜훈 윤어게인 외친 반보수적 극우 인사""",id:pearson19,2025-12-30 11:15:33,3,3,2,2025-12-30 11:16:24,2025-12-30 14:23:45,0.85,1.7666666666666666,0.6666666666666666
18111696,"속보]국힘 ""당원게시판 문제 계정, 한동훈 가족 명의와 동일""",id:pearson19,2025-12-30 15:29:11,3,3,2,2025-12-30 15:31:41,2025-12-30 15:41:39,2.5,2.55,0.6666666666666666
18111788,한동훈이 젤 웃겼던 순간,id:LJM1389,2025-12-30 16:55:37,3,3,2,2025-12-30 16:56:35,2025-12-31 00:09:45,0.9666666666666667,4.833333333333333,0.6666666666666666
18113194,청렴함으로 검증된 정치인은 일단 이대통령 문대통령,id:WEZARD777,2025-12-31 23:21:14,3,2,2,2025-12-31 23:24:57,2025-12-31 23:31:47,3.716666666666667,4.716666666666667,0.6666666666666666
18113220,김병기 강선우 녹취록 사건에서 민주당 의원들이 주목한 건,id:megacoffee25,2025-12-31 23:37:37,3,3,2,2025-12-31 23:38:34,2025-12-31 23:42:38,0.95,1.8166666666666667,0.6666666666666666
18114421,문재인 대통령님을 찾아 봰 조국혁신당.,id:cytokine1234,2026-01-02 18:46:43,3,3,2,2026-01-02 18:48:24,2026-01-02 19:20:03,1.6833333333333333,3.9833333333333334,0.6666666666666666
18118963,국회 넘어올 정부 검찰개혁안에…여권 의원 32명 “검찰 입장 반영해선 안 돼” 공개 반발,id:ehdtks9286,2026-01-08 16:58:02,3,3,2,2026-01-08 17:00:27,2026-01-08 17:30:37,2.4166666666666665,2.433333333333333,0.6666666666666666
18119010,개혁의 칼질로 지금 보다 강력하고 좋을 타이밍이 있나? 싶은데요...,id:gum0510,2026-01-08 17:53:42,3,3,2,2026-01-08 17:55:49,2026-01-08 18:22:25,2.1166666666666667,4.133333333333334,0.6666666666666666
18121938,현재까지 나온 쟁점을 정리해보면,id:bulbol,2026-01-12 10:57:11,3,3,2,2026-01-12 11:00:48,2026-01-12 11:08:56,3.6166666666666667,3.7333333333333334,0.6666666666666666
18121995,한마디로 이재명 검찰개혁은 사기에요,id:solution78,2026-01-12 11:34:31,3,3,2,2026-01-12 11:35:07,2026-01-12 11:47:18,0.6,0.7833333333333333,0.6666666666666666
18122151,이재명은 차기 정부를 위한 불쏘시개가 되려하나?,id:ffk12349,2026-01-12 13:47:49,3,3,2,2026-01-12 13:48:48,2026-01-12 14:17:19,0.9833333333333333,2.933333333333333,0.6666666666666666
18122220,매불쇼 보니깐 이게 시간끌기용 가능성이 높은듯,id:alfatini,2026-01-12 14:53:32,3,3,2,2026-01-12 14:55:39,2026-01-12 15:06:40,2.1166666666666667,4.916666666666667,0.6666666666666666
18122227,이재명을 겪어본 시민사회 쪽 사람들 이야기로는,id:horsedongh,2026-01-12 14:56:16,3,3,2,2026-01-12 14:57:36,2026-01-12 15:24:30,1.3333333333333333,4.216666666666667,0.6666666666666666
18122251,이건 지지자 통수만 아니라 노통 능욕입니다,id:novacane,2026-01-12 15:13:47,3,3,2,2026-01-12 15:17:00,2026-01-12 15:24:03,3.216666666666667,3.6333333333333333,0.6666666666666666
18122365,오늘 부터 이재명 지지 철회 합니다.,id:BlackEyes23,2026-01-12 16:52:19,3,3,2,2026-01-12 16:54:40,2026-01-12 16:59:26,2.35,4.233333333333333,0.6666666666666666
18122701,우리집 개는 안물어요,id:thuyu,2026-01-12 21:39:29,3,3,2,2026-01-12 21:42:32,2026-01-12 21:53:25,3.05,3.75,0.6666666666666666
18123342,이럴때일수록 당대표 격려해야 하는것 아닌가요.,id:dlawls,2026-01-13 12:18:19,3,3,2,2026-01-13 12:19:56,2026-01-13 12:23:53,1.6166666666666667,4.133333333333334,0.6666666666666666
18123348,"李대통령, 檢개혁·보완수사 의견수렴 지시…""당에서 충분한 논의""",id:BlackEyes23,2026-01-13 12:25:08,3,3,2,2026-01-13 12:26:00,2026-01-13 12:30:47,0.8666666666666667,1.3166666666666667,0.6666666666666666
18124432,pic) 가발 후니가 제명된이유,id:radioshot1,2026-01-14 09:40:39,3,3,2,2026-01-14 09:41:43,2026-01-14 10:05:27,1.0666666666666667,4.016666666666667,0.6666666666666666
18124861,딴 사람도 아니고 털보가 워딩 쎄면 중립 벗으라는 의미라고 생각함요,id:gum0510,2026-01-14 19:33:51,3,3,2,2026-01-14 19:34:45,2026-01-14 20:05:52,0.9,2.966666666666667,0.6666666666666666
18125311,"[속보]법원, 16일 윤석열 '체포방해 혐의' 선고 생중계 허가",id:chun1149,2026-01-15 11:08:59,3,3,2,2026-01-15 11:10:47,2026-01-15 11:28:44,1.8,3.7666666666666666,0.6666666666666666
18126198,신인규 같은 애는 평론이나 하면 그만이지 지가 뭐라고 민주당에 경고니 어쩌니 ㅋㅋㅋ,id:rukk7812,2026-01-16 13:15:08,3,2,2,2026-01-16 13:16:44,2026-01-16 13:23:41,1.6,3.9833333333333334,0.6666666666666666
18126507,민주당에 강득구가 2명인가요?,id:bulbol,2026-01-16 18:07:30,3,3,2,2026-01-16 18:09:26,2026-01-16 18:19:52,1.9333333333333333,4.9,0.6666666666666666
18131515,합당 제안은 사전 교감이 있었는지를 봐야죠,id:bulbol,2026-01-22 10:11:37,3,3,2,2026-01-22 10:12:20,2026-01-22 10:18:22,0.7166666666666667,1.5166666666666666,0.6666666666666666
18132616,지금 나대는 의원들 다 당원 철퇴 맞을겁니다.,id:say1673,2026-01-23 15:17:30,3,3,2,2026-01-23 15:18:54,2026-01-23 16:29:07,1.4,3.8666666666666667,0.6666666666666666
18132664,이쯤되면 민주당대권후보는 당대표시절에 내부총질 당하는게 통과의례인건지 뭔지,id:modern21,2026-01-23 16:08:39,3,3,2,2026-01-23 16:09:42,2026-01-23 16:38:20,1.05,2.283333333333333,0.6666666666666666
18132875,"다소충격) ""사도신경 자주 외우면 응답 이뤄져"" 이혜훈, 주변 목사 '예언·환상' 기댔나",id:lj0608,2026-01-23 20:29:13,3,3,2,2026-01-23 20:32:17,2026-01-23 21:05:16,3.066666666666667,3.65,0.6666666666666666
18134026,"(혐) 이번주 김건희 1심 선고, 권성동 윤영호도 운명의 날",id:leoperiseus,2026-01-25 15:00:21,3,3,2,2026-01-25 15:02:00,2026-01-25 15:07:08,1.65,3.683333333333333,0.6666666666666666
18134064,무지성 지지도 좋지 않지만 무지성 비난도 바람직하지 않습니다,id:kaoruchan,2026-01-25 15:37:30,3,3,2,2026-01-25 15:39:17,2026-01-25 15:45:45,1.7833333333333334,3.816666666666667,0.6666666666666666
18134424,욕하는거 보기 싫은 그 쪽 만큼 저도 보기 싫은게,id:wheotjd1,2026-01-25 23:11:47,3,3,2,2026-01-25 23:13:37,2026-01-25 23:20:14,1.8333333333333333,2.033333333333333,0.6666666666666666
18139002,검찰 개혁은 이대로 묻히고 정부안 그대로 또는 살짝 변경해서 가는 흐름,id:zero080,2026-01-30 23:47:14,3,3,2,2026-01-30 23:49:29,2026-01-31 00:13:47,2.25,3.9166666666666665,0.6666666666666666
18139007,Avi) 정치한잔의 한동훈 지키기,id:heherald,2026-01-31 00:04:12,3,3,2,2026-01-31 00:06:42,2026-01-31 06:14:18,2.5,2.75,0.6666666666666666
18140082,친문패거리들에게 핍박당하고 탈당한 이언주로 아는 애들 많음,id:bulbol,2026-02-01 16:57:23,3,3,2,2026-02-01 16:58:50,2026-02-01 17:27:59,1.45,1.9166666666666667,0.6666666666666666
18141100,개인적으로 이재명이라는 사람을 의심했던 점을...,id:tjfghksss,2026-02-02 19:45:48,3,3,2,2026-02-02 19:47:33,2026-02-02 19:51:35,1.75,3.316666666666667,0.6666666666666666
18141232,대통령이 검찰 개혁에 대해서 생각이 이상하면 총리/장관이라도 브레이크 걸어줘야 하는데,id:zero080,2026-02-02 21:09:26,3,3,2,2026-02-02 21:10:03,2026-02-02 21:16:33,0.6166666666666667,0.6166666666666667,0.6666666666666666
18141302,이재명 정부가 잘하고 있는가?,id:cafetango,2026-02-02 22:04:26,3,3,2,2026-02-02 22:05:47,2026-02-02 22:19:16,1.35,3.0166666666666666,0.6666666666666666
18141827,pic) 주식 한 바구니에 안 담은 사람 (제 주식),id:ehdtks9286,2026-02-03 14:20:04,3,3,2,2026-02-03 14:22:42,2026-02-03 14:55:14,2.6333333333333333,4.616666666666666,0.6666666666666666
18142843,사실 정청래는 최구식 받아준걸로 욕먹어야 하는데,id:bulbol,2026-02-04 18:03:45,3,3,2,2026-02-04 18:06:09,2026-02-04 18:15:36,2.4,2.466666666666667,0.6666666666666666
18143853,민주당 162명중 법조인은 35명,id:oasiticjoo19,2026-02-05 22:19:28,3,2,2,2026-02-05 22:21:01,2026-02-06 00:04:49,1.55,4.55,0.6666666666666666
18144202,모든것은 지방선거가 꽃놀이패라는 인식에서 시작되는듯,id:modern21,2026-02-06 12:54:04,3,3,2,2026-02-06 12:56:23,2026-02-06 13:09:55,2.316666666666667,4.9,0.6666666666666666
18144374,지귀연이 다른 법원으로 발령난거같은데 윤석열 선고는 누가하죠,id:jun2312,2026-02-06 16:13:09,3,3,2,2026-02-06 16:14:20,2026-02-06 16:24:13,1.1833333333333333,3.15,0.6666666666666666
18145236,진짜 웃기지도 않네,id:ashluna,2026-02-07 21:33:29,3,3,2,2026-02-07 21:35:40,2026-02-07 21:39:41,2.183333333333333,2.933333333333333,0.6666666666666666
18145827,루리웹은 댓글부대 총력전이네요.,id:darkchoco,2026-02-08 13:24:05,3,3,2,2026-02-08 13:25:42,2026-02-08 13:43:54,1.6166666666666667,4.633333333333334,0.6666666666666666
18146188,뭔가 신천지랑 저짝 작업부대들도 들러붙은 듯,id:sc1984,2026-02-08 19:32:15,3,3,2,2026-02-08 19:34:24,2026-02-08 20:35:47,2.15,4.733333333333333,0.6666666666666666
18146993,2차 특검도 별볼일 없어요,id:solution78,2026-02-09 14:57:31,3,3,2,2026-02-09 14:58:26,2026-02-09 15:13:02,0.9166666666666666,1.1833333333333333,0.6666666666666666
18147036,매불쇼 한동훈 행사 잡입 취재썰 품,id:hopes,2026-02-09 15:35:41,3,3,2,2026-02-09 15:37:39,2026-02-09 15:49:32,1.9666666666666666,3.3666666666666667,0.6666666666666666
18147122,이재명이 프로축구연맹 상벌위에 출석했을 때 썰.,id:orange14,2026-02-09 17:20:12,3,3,2,2026-02-09 17:24:02,2026-02-09 17:27:34,3.8333333333333335,4.083333333333333,0.6666666666666666
18147842,제가 볼땐 싸줄은 오래 참은거,id:hobro,2026-02-10 11:48:25,3,3,2,2026-02-10 11:49:20,2026-02-10 11:55:19,0.9166666666666666,2.25,0.6666666666666666
18147864,대통령이 퇴임했는데 친문이라는 이름을 쓰는게 맞는가,id:bulbol,2026-02-10 12:01:24,3,3,2,2026-02-10 12:02:12,2026-02-10 12:07:12,0.8,4.05,0.6666666666666666
18147899,근데 국회에 대해서는 대통령으로써 할 수 있는 말이죠,id:alfatini,2026-02-10 12:34:10,3,3,2,2026-02-10 12:36:56,2026-02-10 12:41:50,2.7666666666666666,4.233333333333333,0.6666666666666666
18147935,대통령의 의중이 개헌일까요?,id:rnjswd,2026-02-10 12:52:18,3,3,2,2026-02-10 12:53:16,2026-02-10 12:57:55,0.9666666666666667,2.8666666666666667,0.6666666666666666
18148099,당장에 민주당 지지층에서 합당 찬성 비율이 높은데,id:FeelingGood,2026-02-10 14:43:38,3,3,2,2026-02-10 14:44:30,2026-02-10 14:54:18,0.8666666666666667,1.5833333333333333,0.6666666666666666
18148354,김민석 매불쇼에서는 완전 등신이더만 다른데서는 똑똑한척 쩌네요 ㅋㅋ,id:horizon,2026-02-10 18:06:14,3,3,2,2026-02-10 18:09:40,2026-02-10 18:12:25,3.433333333333333,3.65,0.6666666666666666
18148658,허은아 : 이재명 정부는 너무 잘해서 이상태로 가면 망할 수 없다 ㅋㅋㅋㅋ,id:horizon,2026-02-10 20:13:56,3,3,2,2026-02-10 20:14:21,2026-02-10 20:24:58,0.4166666666666667,0.9666666666666667,0.6666666666666666
18148988,어쨌든 외로워한다는 말이 나오는 이유는 알게됐네요 ㅋㅋㅋ,id:kiriman,2026-02-10 21:32:20,3,3,2,2026-02-10 21:33:18,2026-02-10 21:41:04,0.9666666666666667,4.5,0.6666666666666666
18149493,이재명이 본인 주도적으로 뭘 하려는거 같긴 한데 그 방식이 온갖 쩌리들 데려다가,id:rukk7812,2026-02-11 09:36:20,3,3,2,2026-02-11 09:38:25,2026-02-11 09:42:47,2.0833333333333335,3.7,0.6666666666666666
18149521,하얀 마음 득구 작은 민새 득구,id:pearson19,2026-02-11 10:06:00,3,3,2,2026-02-11 10:07:06,2026-02-11 10:12:20,1.1,1.3,0.6666666666666666
18149628,"고발뉴스, 대안뉴스 구취완",id:jinydesign,2026-02-11 11:26:09,3,3,2,2026-02-11 11:27:58,2026-02-11 11:32:59,1.8166666666666667,4.883333333333334,0.6666666666666666
18150083,할말 못할말 다 하는 지경까지 온게 문재인 악마화 때문,id:hobro,2026-02-11 16:42:13,3,3,2,2026-02-11 16:43:37,2026-02-11 16:49:11,1.4,3.1333333333333333,0.6666666666666666
18150625,ytb) 민주당 초대형 게이트(2분 뉴스발),id:psj1905,2026-02-12 09:22:51,3,3,2,2026-02-12 09:26:23,2026-02-12 09:40:50,3.533333333333333,3.95,0.6666666666666666
18150710,청와대의 자정작용이 있는지 의문인 사례,id:bulbol,2026-02-12 10:47:55,3,3,2,2026-02-12 10:50:22,2026-02-12 10:54:39,2.45,3.933333333333333,0.6666666666666666
18150956,조국의 저런 단어가 검찰개혁 에도 좋지 않겠어요???,id:gum0510,2026-02-12 13:58:16,3,3,2,2026-02-12 13:59:25,2026-02-12 14:12:51,1.15,3.1166666666666667,0.6666666666666666
18151303,대선 끝나고 한달 정도 6만원에 삼전 구매 가능했었네요,id:hypeboy,2026-02-12 20:05:48,3,3,2,2026-02-12 20:06:28,2026-02-12 20:15:57,0.6666666666666666,4.4,0.6666666666666666
18151335,2월 6일 갤럽조사에서 정청래 잘하고있다가 64% (민주당 지지층),id:maelsy99,2026-02-12 20:52:55,3,3,2,2026-02-12 20:54:37,2026-02-12 21:37:21,1.7,4.2,0.6666666666666666
18151720,저쪽당 근황,id:ehdtks9286,2026-02-13 11:18:31,3,3,2,2026-02-13 11:21:43,2026-02-13 11:37:49,3.2,3.3833333333333333,0.6666666666666666
18151735,예전에는 민주당은 그냥 차악이고 인물만 보고 지지해야지 이렇게 생각했는데,id:say1673,2026-02-13 11:30:43,3,3,2,2026-02-13 11:31:52,2026-02-13 11:43:50,1.15,1.4333333333333333,0.6666666666666666
18152144,김상욱이 말하던 언더찐윤 그런게 민주당에도 있겠죠??,id:jeffkent,2026-02-13 20:20:30,3,3,2,2026-02-13 20:21:37,2026-02-13 20:40:40,1.1166666666666667,1.15,0.6666666666666666
18153712,윤석열 정권 탄생은 윤석열 찍은 병신새끼들 때문이지 뭔 문통탓,id:hyeok497,2026-02-16 17:40:15,3,3,2,2026-02-16 17:42:17,2026-02-16 19:49:47,2.033333333333333,2.8,0.6666666666666666
18153745,문재인 인정안하는 거 뭐 이하늘같은 애들도,id:impactx84,2026-02-16 18:10:33,3,3,2,2026-02-16 18:11:05,2026-02-16 18:17:59,0.5333333333333333,2.25,0.6666666666666666
18154038,뉴 이재명 모으는 이유는 뻔하죠.,id:donka,2026-02-16 21:53:51,3,3,2,2026-02-16 21:55:54,2026-02-16 22:10:39,2.05,3.033333333333333,0.6666666666666666
18154259,사리사욕을 추구하기 위해 이재명 밑에서 반문으로 뭉치는 듯,id:summernight,2026-02-17 10:15:57,3,3,2,2026-02-17 10:17:21,2026-02-17 10:24:03,1.4,1.7666666666666666,0.6666666666666666
18154272,어제부터 뉴이재명 손꾸락들은 지들 주인 닮아서 그런가 할말없으면 쌍욕박네,id:onana,2026-02-17 10:36:48,3,2,2,2026-02-17 10:38:58,2026-02-17 10:46:56,2.1666666666666665,3.0,0.6666666666666666
18154401,"고성국, 이재명 테러 직후 ""문재인 종북 주사파 때문"" 궤변",id:bulbol,2026-02-17 13:05:22,3,3,2,2026-02-17 13:06:57,2026-02-17 13:33:30,1.5833333333333333,3.6166666666666667,0.6666666666666666
18154435,혁신회의를 주도적으로 만든 김우영이 한말,id:bulbol,2026-02-17 13:45:37,3,3,2,2026-02-17 13:49:01,2026-02-17 13:50:42,3.4,3.433333333333333,0.6666666666666666
18154482,정동영이 지금 통일부 장관이잖아요? 민주당국회의원과 텔레그램 주고받은 국무위원이,id:masok01,2026-02-17 14:34:32,3,3,2,2026-02-17 14:36:41,2026-02-17 15:19:36,2.15,3.7333333333333334,0.6666666666666666
18154533,황현필 말의 가장 큰 모순은 진보진영끼리 싸우는게 싫다면서,id:rukk7812,2026-02-17 15:37:20,3,3,2,2026-02-17 15:39:25,2026-02-17 16:37:28,2.0833333333333335,3.283333333333333,0.6666666666666666
18154539,이재명과 청와대가 검찰 개혁 시간 끄는 이유는 지선 끝나고 전당대회+법사위 인원 교체 때문,id:zero080,2026-02-17 15:45:40,3,3,2,2026-02-17 15:48:28,2026-02-17 16:00:14,2.8,2.933333333333333,0.6666666666666666
18154641,투베 이재명 열등감 글에 막타 치는놈들 보소요 ㅋㅋㅋ,id:KINGBATI,2026-02-17 17:44:40,3,3,2,2026-02-17 17:46:19,2026-02-17 17:51:59,1.65,2.466666666666667,0.6666666666666666
18154872,매일같이 문재인 찾는게 ㅂㅅ같네,id:impactx84,2026-02-17 21:24:58,3,3,2,2026-02-17 21:26:03,2026-02-17 21:52:57,1.0833333333333333,2.45,0.6666666666666666
18154921,뉴명충 버러지들의 뻔한 레파토리,id:xxvxx,2026-02-17 22:08:04,3,3,2,2026-02-17 22:08:55,2026-02-17 22:13:54,0.85,2.6333333333333333,0.6666666666666666
18159164,"(pic) 문재인과 문파, 이재명과 뉴가혁으로 보는 그릇의 차이",id:deportivo7,2026-02-23 07:57:51,3,3,2,2026-02-23 08:00:20,2026-02-23 08:14:41,2.4833333333333334,4.183333333333334,0.6666666666666666
18159215,코스피 진짜 미친거 아닌가,id:htht709,2026-02-23 09:56:30,3,3,2,2026-02-23 09:58:44,2026-02-23 10:03:22,2.2333333333333334,3.6,0.6666666666666666
18159322,도덕성이 무너진 민주당은 당으로서 죽은거나 다름 없음,id:Volvo,2026-02-23 11:19:47,3,3,2,2026-02-23 11:20:09,2026-02-23 11:29:13,0.36666666666666664,3.5833333333333335,0.6666666666666666
18159378,노무현 전 대통령도 그냥 이용해먹는거에요,id:hodoeel,2026-02-23 11:57:12,3,3,2,2026-02-23 11:57:42,2026-02-23 12:04:11,0.5,1.8333333333333333,0.6666666666666666
18159459,문재인은 성역이냐?? 솔직히 실패한 대통령 맞잖아,id:dadoocom,2026-02-23 12:51:02,3,3,2,2026-02-23 12:51:21,2026-02-23 13:19:06,0.31666666666666665,4.6,0.6666666666666666
18159694,이언주는 윤리위에서 당원자격 재심사해야할듯.,id:roe2k,2026-02-23 15:24:11,3,3,2,2026-02-23 15:26:06,2026-02-23 15:33:57,1.9166666666666667,2.966666666666667,0.6666666666666666
18159708,"전한길 ""김어준 콘서트는 서로 나가려 했을 것""… 잇단 출연 거부에 딴소리",id:ehdtks9286,2026-02-23 15:34:12,3,3,2,2026-02-23 15:36:07,2026-02-23 16:03:24,1.9166666666666667,3.466666666666667,0.6666666666666666
18159984,저는 이 정권이 모든 개혁 의지를 내려놓음으로써 비호 받고 있다고 생각,id:ejirall,2026-02-23 21:30:11,3,3,2,2026-02-23 21:30:26,2026-02-23 21:57:53,0.25,0.8666666666666667,0.6666666666666666
18160032,이재명이 목줄 잡혔다고는 생각안함,id:sc1984,2026-02-23 22:21:01,3,3,2,2026-02-23 22:22:28,2026-02-23 22:48:55,1.45,4.566666666666666,0.6666666666666666
18160048,그냥 이재명이 검찰개혁 했으면 해결될 분쟁임,id:6830,2026-02-23 22:41:30,3,3,2,2026-02-23 22:42:07,2026-02-23 22:51:54,0.6166666666666667,4.6,0.6666666666666666
18160067,이언주 리박스쿨반박 관련 영상글 댓글에 손꾸락출신 리박 뉴재명이 옴,id:onana,2026-02-23 23:09:40,3,3,2,2026-02-23 23:11:33,2026-02-23 23:18:23,1.8833333333333333,2.1,0.6666666666666666
18160299,싸줄도 첨부터 이재명대통령 안믿은것도 아님,id:typoonj2,2026-02-24 10:45:37,3,3,2,2026-02-24 10:48:47,2026-02-24 11:00:07,3.1666666666666665,4.416666666666667,0.6666666666666666
18160846,문재인을 좋아하면 이재명을 지지할수 없는게,id:Milner7,2026-02-24 21:34:24,3,3,2,2026-02-24 21:34:52,2026-02-24 21:39:43,0.4666666666666667,4.8,0.6666666666666666
18160878,"연임은 헌법상 안되고, 내각제 개헌은 시도할수 있는 카드고",id:blue123,2026-02-24 22:09:04,3,3,2,2026-02-24 22:10:55,2026-02-24 22:28:54,1.85,2.0166666666666666,0.6666666666666666
18160972,지금 나오는 얘기들이 말이 안 되면서 가능한 시나리오에요.,id:kuo13,2026-02-24 23:52:54,3,3,2,2026-02-24 23:53:51,2026-02-25 00:14:30,0.95,1.05,0.6666666666666666
18161441,아마 민주당 의원들 내부여조 땜시 저럴껄요?,id:yally1010,2026-02-25 14:19:12,3,3,2,2026-02-25 14:20:59,2026-02-25 14:38:20,1.7833333333333334,4.616666666666666,0.6666666666666666
18162700,모처럼 게임하다가 협박당함,id:potatochip1,2026-02-26 21:44:20,3,3,2,2026-02-26 21:44:54,2026-02-26 21:55:24,0.5666666666666667,2.0,0.6666666666666666
18163862,사람이 완벽할순 없죠. 이재명대통령도 마찬가지고,id:mirissoul2,2026-02-28 11:58:51,3,3,2,2026-02-28 12:00:41,2026-02-28 12:44:18,1.8333333333333333,4.233333333333333,0.6666666666666666
18163868,대통령이 자기 집을 판건 심리적 효과가 크다고 생각합니다,id:blue123,2026-02-28 12:07:04,3,3,2,2026-02-28 12:07:34,2026-02-28 12:37:39,0.5,1.9,0.6666666666666666
18166215,청와대에서 지금 있는 민주당 의원 출신들 민주당 탈퇴하길,id:cydia14,2026-03-02 15:32:59,3,3,2,2026-03-02 15:33:49,2026-03-02 15:41:53,0.8333333333333334,2.816666666666667,0.6666666666666666
18166380,pic) 이재명 3.1절 기념사 통해 친일잔재청산 다짐,id:xxvxx,2026-03-02 16:38:36,3,3,2,2026-03-02 16:39:18,2026-03-02 16:44:59,0.7,3.816666666666667,0.6666666666666666
18166545,[예언적중] 공재광 이놈 예상 적중했네요 ㅋㅋㅋ,id:donka,2026-03-02 18:11:59,3,3,2,2026-03-02 18:12:47,2026-03-02 18:34:09,0.8,1.8333333333333333,0.6666666666666666
18166564,이재명과 법제처장이 연임 관련 속마음을 진작에 드러냈었죠,id:summernight,2026-03-02 18:27:47,3,3,2,2026-03-02 18:29:20,2026-03-02 18:37:05,1.55,2.6333333333333333,0.6666666666666666
18166566,연임이든 뭐든 하고 싶으면 간보는 타이밍이 분명 있을 거임,id:ejirall,2026-03-02 18:29:28,3,3,2,2026-03-02 18:31:32,2026-03-02 18:35:06,2.066666666666667,4.8,0.6666666666666666
18166691,이재명씨 임기동안은 개혁 기대하면 안되겟네요,id:tjfghksss,2026-03-02 19:58:19,3,3,2,2026-03-02 20:00:19,2026-03-02 20:09:41,2.0,2.9,0.6666666666666666
18166980,친윤 뉴라이트 친일 환생경제 내란옹호 인사 여당대표압박 당무개입 미온적 검찰개혁,id:wheotjd1,2026-03-02 23:53:58,3,3,2,2026-03-02 23:54:37,2026-03-03 07:45:42,0.65,1.8833333333333333,0.6666666666666666
18167129,이재명박은 사고치고 해외로 튀는거 쪽팔리지도 않나,id:xxvxx,2026-03-03 09:38:07,3,3,2,2026-03-03 09:38:59,2026-03-03 09:44:23,0.8666666666666667,2.1333333333333333,0.6666666666666666
18167915,이재명에게 흐린눈 하는 사람들은 모든 원흉이 김민석임 ㅋㅋ,id:sc1984,2026-03-03 22:20:37,3,3,2,2026-03-03 22:21:37,2026-03-03 22:35:31,1.0,2.1,0.6666666666666666
18167917,역사를 가장 역사답게 그 인간 아직도 싸물고 있나 싶어서,id:lfcthismeans,2026-03-03 22:22:30,3,3,2,2026-03-03 22:23:16,2026-03-03 22:37:59,0.7666666666666667,1.2666666666666666,0.6666666666666666
18168850,황 모 씨 아직도 입 꾹닫이네요?,id:cytokine1234,2026-03-04 18:37:13,3,3,2,2026-03-04 18:39:21,2026-03-04 18:46:49,2.1333333333333333,3.55,0.6666666666666666
18169882,문통이 검찰개혁 실패했다고 부르짖던 분들에게 묻고싶어지네요.,id:heo1935,2026-03-05 15:12:46,3,3,2,2026-03-05 15:15:25,2026-03-05 15:18:33,2.65,4.633333333333334,0.6666666666666666
18169890,입장바꿔 생각하면 흐린 눈까지는 이해하는데 현실부정은 잇박이죠,id:dadoocom,2026-03-05 15:17:14,3,3,2,2026-03-05 15:18:30,2026-03-05 15:24:06,1.2666666666666666,2.183333333333333,0.6666666666666666
18169934,조국혁신당으로 힘을 모아야죠.,id:hodoeel,2026-03-05 15:38:13,3,3,2,2026-03-05 15:39:46,2026-03-05 15:46:35,1.55,1.5833333333333333,0.6666666666666666
18169941,윤석열 재임 시절엔 더 한 욕들도 많이 봤던 거 같은데,id:ejirall,2026-03-05 15:44:06,3,3,2,2026-03-05 15:45:21,2026-03-05 16:00:39,1.25,1.8166666666666667,0.6666666666666666
18170055,검찰이 따로 고마워 할꺼 같지도 않음 ㅋ,id:hkwo031,2026-03-05 16:45:37,3,3,2,2026-03-05 16:46:20,2026-03-05 16:50:56,0.7166666666666667,2.3833333333333333,0.6666666666666666
18170270,부동산은..공급대책이라는 것도 허상에 불과한 것 아닌지,id:megacoffee25,2026-03-05 18:55:59,3,3,2,2026-03-05 18:58:06,2026-03-05 19:17:32,2.1166666666666667,3.2666666666666666,0.6666666666666666
18170851,통과시키면 이재명 탈당시켜야죠,id:ManU01,2026-03-05 23:56:12,3,3,2,2026-03-05 23:57:41,2026-03-06 01:44:06,1.4833333333333334,2.683333333333333,0.6666666666666666
18170888,이재명 예전부터 원칙이나 소신도 없고 걍 쇼맨십 원툴인 권력욕 강한 사람이죠,id:jeep126,2026-03-06 00:56:27,3,3,2,2026-03-06 00:59:33,2026-03-06 01:35:02,3.1,4.816666666666666,0.6666666666666666
18170894,예전에 쓴 이재명 돌려까는 글들 찾아 보는데..새롭네요,id:dress7,2026-03-06 01:05:59,3,3,2,2026-03-06 01:08:09,2026-03-06 01:14:35,2.1666666666666665,3.1,0.6666666666666666
18171176,22년 대선 진 건 집토끼 안나와서 진 거 아님?,id:malwool,2026-03-06 11:02:33,3,3,2,2026-03-06 11:03:22,2026-03-06 11:11:56,0.8166666666666667,1.7166666666666666,0.6666666666666666
18171274,문통 퇴임과 해찬옹 서거가 민주당 역사적 분기점인듯,id:hyeok497,2026-03-06 12:40:34,3,3,2,2026-03-06 12:42:25,2026-03-06 12:57:26,1.85,3.466666666666667,0.6666666666666666
18171508,"저는 이재명 , 김민석이 민주당을 보수쪽으로 끌고가고 있다고봅니다.",id:radioshot1,2026-03-06 16:36:44,3,3,2,2026-03-06 16:37:15,2026-03-06 16:48:58,0.5166666666666667,3.6333333333333333,0.6666666666666666
18171516,"정원오 지지하려고 했는데, 박주민 생각 좀 해봐야 겠네요",id:wind1123,2026-03-06 16:43:46,3,3,2,2026-03-06 16:44:57,2026-03-06 17:14:31,1.1833333333333333,2.9,0.6666666666666666
18171598,다음 대통령 후보낼때는 아무리 과거라도 인품에 근본없어보이는 후보는 안내는 게 맞음.,id:Necovv,2026-03-06 18:12:44,3,3,2,2026-03-06 18:13:20,2026-03-06 18:27:24,0.6,1.0333333333333334,0.6666666666666666
18171677,(pic) 이재명이 리트윗을 즐겨한 트위터 친구를 알아보자,id:deportivo7,2026-03-06 19:47:43,3,3,2,2026-03-06 19:50:20,2026-03-06 20:21:42,2.6166666666666667,2.783333333333333,0.6666666666666666
18172092,민주당 의원들이 선거때만 되면 말실수로 꼬투리 잘 잡히죠,id:bulbol,2026-03-07 10:55:24,3,3,2,2026-03-07 10:56:24,2026-03-07 11:02:10,1.0,4.583333333333333,0.6666666666666666
18172230,김경 녹취엔 민주당 전·현직 국회의원들의 이름이 거론된 것으로 알려졌다,id:jj1211,2026-03-07 13:18:40,3,3,2,2026-03-07 13:20:27,2026-03-07 13:25:38,1.7833333333333334,4.266666666666667,0.6666666666666666
18172755,12일에 양문석 뱃지 날아갈 확률이 높거든요,id:bulbol,2026-03-07 21:20:28,3,3,2,2026-03-07 21:21:09,2026-03-07 21:31:41,0.6833333333333333,1.8,0.6666666666666666
18172766,이재명이 진짜 대단한게,id:cafetango,2026-03-07 21:29:16,3,3,2,2026-03-07 21:30:27,2026-03-07 21:35:28,1.1833333333333333,2.4166666666666665,0.6666666666666666
18172847,그럼 이제 무조건 조국이 대통령이 되어야겠네요,id:YoLaTengo,2026-03-07 22:18:20,3,3,2,2026-03-07 22:20:05,2026-03-07 22:30:03,1.75,3.683333333333333,0.6666666666666666
18172927,오늘 이재명 SNS 글만 봐도 그렇고 내일 정청래 기자회견 기대하지 마세요,id:zero080,2026-03-07 22:49:05,3,3,2,2026-03-07 22:49:47,2026-03-07 22:57:16,0.7,2.3,0.6666666666666666
18172954,정부안 통과되면 민주당 의원들 검찰한테 기소 당하고 억울하다 소리 하면 안됨,id:cydia14,2026-03-07 22:59:06,3,3,2,2026-03-07 22:59:34,2026-03-07 23:08:12,0.4666666666666667,0.9833333333333333,0.6666666666666666
18173017,"이제 검찰개혁에 대한 분노보다 문재인 대통령, 조국 대표가 걱정됨",id:summernight,2026-03-07 23:18:26,3,3,2,2026-03-07 23:19:12,2026-03-07 23:26:27,0.7666666666666667,1.6333333333333333,0.6666666666666666
18173143,Pic) 이재명 지가 태종이라더니ㅋㅋㅋ,id:hyeok497,2026-03-08 00:41:21,3,3,2,2026-03-08 00:41:43,2026-03-08 00:50:53,0.36666666666666664,2.6166666666666667,0.6666666666666666
18173388,"정청래 ""국민 열망 받들겠다.검찰개혁은 이재명 정부와 민주당의 깃발.국민 눈높이 맞추겠다""",id:zero080,2026-03-08 11:20:17,3,3,2,2026-03-08 11:21:26,2026-03-08 11:34:57,1.15,1.9,0.6666666666666666
18173410,기자질문: 뉴이재명 어떻게 생각하냐,id:rhcp11,2026-03-08 11:35:53,3,3,2,2026-03-08 11:37:39,2026-03-08 11:44:11,1.7666666666666666,2.183333333333333,0.6666666666666666
18173461,정청래한테 오히려 고마워해야 되는거 아닌가요?,id:hohohal1717,2026-03-08 12:04:51,3,3,2,2026-03-08 12:06:49,2026-03-08 12:22:49,1.9666666666666666,3.5166666666666666,0.6666666666666666
18173602,무슨 총리가 진짜에요 ㅋㅋㅋㅋ,id:rukk7812,2026-03-08 14:43:37,3,3,2,2026-03-08 14:44:16,2026-03-08 15:01:47,0.65,1.2833333333333334,0.6666666666666666
18174094,저 썅년 순식간에 문통을 503이랑 씹돼지와 등치시킨거.,id:lfcthismeans,2026-03-08 21:52:04,3,3,2,2026-03-08 21:55:01,2026-03-08 22:27:25,2.95,4.6,0.6666666666666666
18174145,최강욱도 이재명은 열외시키네요,id:bulbol,2026-03-08 22:34:30,3,3,2,2026-03-08 22:36:20,2026-03-08 22:42:35,1.8333333333333333,3.1166666666666667,0.6666666666666666
18174630,문재인 대통령님 근황,id:cytokine1234,2026-03-09 11:19:17,3,3,2,2026-03-09 11:20:36,2026-03-09 11:59:20,1.3166666666666667,4.083333333333333,0.6666666666666666
18174798,차라리 조혁당이 민주당 먹었으면 좋겠다,id:joohakmoo,2026-03-09 13:40:17,3,3,2,2026-03-09 13:41:41,2026-03-09 13:47:52,1.4,2.216666666666667,0.6666666666666666
18175281,얼마나 더 봐줘야 하나요...,id:tjfghksss,2026-03-09 21:19:18,3,3,2,2026-03-09 21:21:41,2026-03-09 21:25:21,2.3833333333333333,4.933333333333334,0.6666666666666666
18175717,민주당 대통령 최초 깜빵행 타이틀을 피하기 위해 문통을 때릴 가능성은?,id:sounited13,2026-03-10 09:45:31,3,3,2,2026-03-10 09:47:58,2026-03-10 09:53:02,2.45,4.033333333333333,0.6666666666666666
18175883,현 정부는 민주당이 정권 잡은 정부가 아닌 느낌임,id:cydia14,2026-03-10 11:55:54,3,3,2,2026-03-10 11:57:46,2026-03-10 12:02:52,1.8666666666666667,2.566666666666667,0.6666666666666666
18175885,지금 상황 겁나 웃픈게 보통 민주당정권에 이런거 터지면 ㅋㅋㅋ,id:kiriman,2026-03-10 11:57:16,3,3,2,2026-03-10 11:58:08,2026-03-10 12:04:55,0.8666666666666667,1.5833333333333333,0.6666666666666666
18176186,검사들의 목표는 민주당을 타락시키는 것이군요,id:roe2k,2026-03-10 15:35:42,3,3,2,2026-03-10 15:36:49,2026-03-10 15:42:09,1.1166666666666667,4.066666666666666,0.6666666666666666
18176284,"검찰이 무서우면 확실히 피하거나, 강력한 수단으로 확실히 조지거나 둘 중 하나 아닌가요",id:fungus,2026-03-10 17:27:19,3,3,2,2026-03-10 17:30:07,2026-03-10 17:37:20,2.8,2.966666666666667,0.6666666666666666
18176757,이재명은 통합을 말했는데 정작 민주당은 분열된것 같습니다.,id:jdspitz,2026-03-10 23:57:48,3,3,2,2026-03-10 23:58:38,2026-03-11 00:12:57,0.8333333333333334,1.4,0.6666666666666666
18177081,"이재명 생각보다 많이 쫄보인데 당원, 국민들이 후드려 패면 쫄아서 검찰개혁 할까요?",id:horsedongh,2026-03-11 10:19:52,3,3,2,2026-03-11 10:21:39,2026-03-11 10:27:15,1.7833333333333334,3.45,0.6666666666666666
18177184,누가봐도 이상한데 눈감은거죠,id:bulbol,2026-03-11 11:43:13,3,2,2,2026-03-11 11:44:42,2026-03-11 11:48:55,1.4833333333333334,2.35,0.6666666666666666
18177209,요즘 민주당 보면 내각제 간접체험 같네요.,id:bulbol,2026-03-11 12:00:28,3,3,2,2026-03-11 12:01:02,2026-03-11 12:07:47,0.5666666666666667,2.9,0.6666666666666666
18177329,문재인 대통령님 근황.,id:cytokine1234,2026-03-11 13:30:22,3,3,2,2026-03-11 13:34:01,2026-03-11 15:40:48,3.65,4.366666666666666,0.6666666666666666
18177521,따지고 보면 이재명 만큼 논란 많은인물도 민주당 대선후보중에 없었음,id:simbae1,2026-03-11 16:59:48,3,3,2,2026-03-11 17:01:20,2026-03-11 17:37:55,1.5333333333333334,1.5666666666666667,0.6666666666666666
18177555,정원오도 무급으로 버티는 tbs 토론회나 안나가고.. 박주민 응원함,id:jeep126,2026-03-11 17:24:48,3,3,2,2026-03-11 17:25:40,2026-03-11 17:45:14,0.8666666666666667,1.1,0.6666666666666666
18178035,이재명 체포동의안 표결 후달리던 시절 초선들 만나서 “저는 0.5선 선배님들 잘 모시겠다”,id:zero080,2026-03-11 23:33:52,3,3,2,2026-03-11 23:35:34,2026-03-11 23:42:22,1.7,2.3833333333333333,0.6666666666666666
18178052,이재명에 대한 배신감이 가장 분노하는 포인트 같음.,id:mmq0626,2026-03-12 00:00:17,3,3,2,2026-03-12 00:01:34,2026-03-12 00:06:47,1.2833333333333334,3.3333333333333335,0.6666666666666666
18179067,민주당에 망조가 들었네요,id:bulbol,2026-03-12 21:39:29,3,3,2,2026-03-12 21:40:18,2026-03-12 23:33:25,0.8166666666666667,1.6833333333333333,0.6666666666666666
18179394,"저쪽당은 오세훈 개아리틀면서, 혁신 타령중 ㅋㅋ",id:fantak,2026-03-13 10:20:09,3,3,2,2026-03-13 10:23:01,2026-03-13 10:30:49,2.8666666666666667,3.816666666666667,0.6666666666666666
18179525,이재명 때문에 업무에 몰입이 안되네요,id:ManU01,2026-03-13 12:18:24,3,3,2,2026-03-13 12:19:39,2026-03-13 13:45:01,1.25,4.166666666666667,0.6666666666666666
18180189,“이재명 언제 자?”,id:hyeok497,2026-03-13 21:59:29,3,3,2,2026-03-13 22:00:29,2026-03-13 22:11:46,1.0,2.7666666666666666,0.6666666666666666
18180430,토사구팽이 이런거다 제대로 보여주네요,id:hulk,2026-03-14 09:26:40,3,3,2,2026-03-14 09:27:41,2026-03-14 09:53:04,1.0166666666666666,3.966666666666667,0.6666666666666666
18181349,gif) 문재인(feat.이재용),id:hypeboy,2026-03-15 01:53:43,3,3,2,2026-03-15 01:54:29,2026-03-15 01:59:29,0.7666666666666667,2.55,0.6666666666666666
18181918,PIC) 김영배 의원 [뉴이재명 논하다] 토론회,id:cydia14,2026-03-15 18:50:16,3,3,2,2026-03-15 18:50:41,2026-03-15 19:03:39,0.4166666666666667,2.9166666666666665,0.6666666666666666
18182059,뉴이재명? 저거 보고 이거 생각났음,id:tkzjfkdlsd,2026-03-15 20:20:06,3,3,2,2026-03-15 20:20:47,2026-03-15 20:37:45,0.6833333333333333,3.816666666666667,0.6666666666666666
18182334,축게 지금 사라진 양반이 저하고 좀 자주 싸웠었는데,id:rukk7812,2026-03-15 22:42:39,3,3,2,2026-03-15 22:43:48,2026-03-15 22:48:31,1.15,1.4333333333333333,0.6666666666666666
18182379,"[단독]이재명 대통령 ""수사권 박탈했는데 뭐가 문제...정부안 통과시켜달라""",id:bvbreus11,2026-03-15 22:59:03,3,3,2,2026-03-15 22:59:08,2026-03-15 23:05:07,0.08333333333333333,1.7166666666666666,0.6666666666666666
18182545,투표권 생기고 나서 처음으로 민주당을 안찍는 선거가 될듯,id:vamman,2026-03-15 23:52:57,3,3,2,2026-03-15 23:54:01,2026-03-15 23:58:16,1.0666666666666667,1.2166666666666666,0.6666666666666666
18182629,일단 대형 스피커들 이재명 검찰 개혁 성향 몰랐던거 아닙니다,id:solution78,2026-03-16 00:28:37,3,3,2,2026-03-16 00:30:08,2026-03-16 06:13:07,1.5166666666666666,2.8333333333333335,0.6666666666666666
18184036,이재명이 저러는 이유는,id:hjsa2004,2026-03-17 08:23:28,3,3,2,2026-03-17 08:26:41,2026-03-17 08:29:34,3.216666666666667,4.866666666666666,0.6666666666666666
18184177,그냥 오늘까지 일어난건 다 이재명이 유도한 결과라고 봅니다,id:typoonj2,2026-03-17 09:46:23,3,3,2,2026-03-17 09:47:00,2026-03-17 09:53:22,0.6166666666666667,3.3833333333333333,0.6666666666666666
18184558,조국 대표가 진짜 큰 인물인거 다시 알아야 되는데..,id:qhdtlsdl,2026-03-17 15:03:02,3,3,2,2026-03-17 15:04:03,2026-03-17 15:32:10,1.0166666666666666,3.1,0.6666666666666666
18185451,이제 이재명에 물어야 할 사안,id:dress7,2026-03-18 08:41:13,3,3,2,2026-03-18 08:41:50,2026-03-18 09:17:15,0.6166666666666667,3.3833333333333333,0.6666666666666666
18185672,사실 어제 이후로 비판글 확 줄었는디 ㅋㅋㅋ,id:Tenhag,2026-03-18 11:16:00,3,3,2,2026-03-18 11:16:23,2026-03-18 11:23:41,0.38333333333333336,2.8333333333333335,0.6666666666666666
18185732,"추경이 아니라 대기업한테 더 땡겨올 생각을 해야지, 아님 둘다 하든가",id:toninho07,2026-03-18 11:42:14,3,3,2,2026-03-18 11:45:11,2026-03-18 12:03:04,2.95,4.016666666666667,0.6666666666666666
18187389,조국 대표님이 너무나 상식적 이야기를 하셨더라고요,id:cytokine1234,2026-03-19 12:23:13,3,3,2,2026-03-19 12:23:47,2026-03-19 14:14:55,0.5666666666666667,0.9166666666666666,0.6666666666666666
18187936,걱정되는건 앞으로 4년내내 이딴 갈라치기가;;;;,id:Tenhag,2026-03-19 21:10:44,3,3,2,2026-03-19 21:14:27,2026-03-19 21:21:34,3.716666666666667,4.333333333333333,0.6666666666666666
18187938,섹백좌가 저걸로 구라칠 이유는 없고 사적으로,id:hobro,2026-03-19 21:13:16,3,3,2,2026-03-19 21:14:44,2026-03-19 21:20:04,1.4666666666666666,3.8,0.6666666666666666
18187998,뉴스하이킥 이동형보면 답이나옴,id:radioshot1,2026-03-19 22:07:10,3,3,2,2026-03-19 22:08:30,2026-03-19 22:20:48,1.3333333333333333,2.2,0.6666666666666666
18191088,검찰 조작기소 국정조사 7개 사건,id:bulbol,2026-03-22 19:02:29,3,3,2,2026-03-22 19:03:45,2026-03-22 19:09:25,1.2666666666666666,1.9,0.6666666666666666
18193493,차기대권 애기하기엔 너무 먼애기임,id:6667sh,2026-03-25 17:11:09,3,3,2,2026-03-25 17:11:47,2026-03-25 17:27:13,0.6333333333333333,3.3833333333333333,0.6666666666666666
18193972,아 그리고 김남국 현지누나 문자 발각된게 지난 12월이죠,id:zxcvbnm00765,2026-03-26 08:44:55,3,3,2,2026-03-26 08:47:28,2026-03-26 09:03:47,2.55,2.85,0.6666666666666666
18194094,뉴이재명들이 추미애 싫어하는게 웃김,id:impactx84,2026-03-26 11:06:49,3,3,2,2026-03-26 11:07:39,2026-03-26 11:18:58,0.8333333333333334,1.2833333333333334,0.6666666666666666
18195341,정승기 작가 유튜브 보니까 부동산 왜 안잡히는지 알겠음,id:kimdel77,2026-03-27 20:27:45,3,3,2,2026-03-27 20:29:12,2026-03-27 20:33:54,1.45,2.6,0.6666666666666666
18198084,"뉴스) 李대통령 ""에너지, 잠 안 올 정도로 심각…재생에너지로 신속 전환""",id:kaizennf,2026-03-30 16:13:36,3,3,2,2026-03-30 16:14:14,2026-03-30 16:32:14,0.6333333333333333,2.816666666666667,0.6666666666666666
18198357,김부겸이 대구시장 당선되면 대선후보로 띄울텐데,id:bulbol,2026-03-30 21:01:37,3,3,2,2026-03-30 21:02:17,2026-03-30 21:14:17,0.6666666666666666,1.2833333333333334,0.6666666666666666
18200271,지금 미국정치판이 개막장상황인게...,id:mirissoul2,2026-04-01 16:26:04,3,3,2,2026-04-01 16:26:33,2026-04-01 16:34:22,0.48333333333333334,3.2,0.6666666666666666
18203818,유럽 사람들이 한국 여론조사 보고 흥미로워하는 부분,id:pearson19,2026-04-05 23:40:43,3,3,2,2026-04-05 23:41:25,2026-04-05 23:57:34,0.7,1.3833333333333333,0.6666666666666666
18206553,지 ㅈ같은 격노로 당대표 린치 당할때도 이렇게 빨리 좀 반응해 보지 ㅋㅋㅋ,id:horizon,2026-04-09 10:08:32,3,3,2,2026-04-09 10:09:26,2026-04-09 10:15:43,0.9,1.4,0.6666666666666666
18206673,나솔 이번기수 옥순은 섹ㅅ톤 대변인 했었나보네요,id:eufc,2026-04-09 12:35:29,3,3,2,2026-04-09 12:36:25,2026-04-09 12:43:16,0.9333333333333333,1.5333333333333334,0.6666666666666666
18207914,이재명에게도 조언하는 듯한 유시민의 얼마전 발언,id:rukk7812,2026-04-11 09:40:38,3,3,2,2026-04-11 09:43:57,2026-04-11 09:57:10,3.316666666666667,4.833333333333333,0.6666666666666666
18207961,쿠팡건만 봐도 언론이 신기한게,id:bulbol,2026-04-11 10:47:15,3,3,2,2026-04-11 10:48:18,2026-04-11 10:56:01,1.05,4.416666666666667,0.6666666666666666
18208675,다른 민주 커뮤들 좀 돌아보니 정말로 싸줄이 가장 강경하긴 함.,id:rukk7812,2026-04-11 20:15:42,3,3,2,2026-04-11 20:18:39,2026-04-11 20:21:08,2.95,3.7666666666666666,0.6666666666666666
18209123,뭔 개짓을 해도 이해하니까 재명이 행동으로 보여라.,id:HONG43,2026-04-12 13:12:56,3,3,2,2026-04-12 13:16:12,2026-04-12 13:20:00,3.2666666666666666,4.166666666666667,0.6666666666666666
18209449,하정우 출마 요청한다고 정청래가 욕먹던데,id:bulbol,2026-04-12 19:47:59,3,3,2,2026-04-12 19:52:08,2026-04-12 19:54:36,4.15,4.283333333333333,0.6666666666666666
18210813,대통령 SNS 이제야 봤는데 저게 뭔소린지,id:modern21,2026-04-14 10:40:54,3,3,2,2026-04-14 10:41:38,2026-04-14 10:50:04,0.7333333333333333,2.85,0.6666666666666666
18211078,pic) 도지사 이재명이 대통령 이재명에게 보내는 편지,id:ejirall,2026-04-14 15:50:07,3,3,2,2026-04-14 15:52:22,2026-04-14 15:57:12,2.25,4.6,0.6666666666666666
18211088,친명하라고 할거면 이재명이 잘하고 있는거 기사라도 가져와서 보여줘요,id:htht709,2026-04-14 15:57:21,3,3,2,2026-04-14 15:59:22,2026-04-14 16:05:20,2.0166666666666666,4.75,0.6666666666666666
18211312,지금 꼬라지가 웃긴게 국짐을 까는게 아니라 조국을 까고있음,id:Groin,2026-04-14 20:15:20,3,3,2,2026-04-14 20:17:34,2026-04-14 21:20:54,2.2333333333333334,4.316666666666666,0.6666666666666666
18211454,애초에 갈라치기를 먼저한게 기존의 민주진영 지지자가 아니죠,id:rukk7812,2026-04-14 23:19:23,3,3,2,2026-04-14 23:21:21,2026-04-14 23:24:35,1.9666666666666666,2.2,0.6666666666666666
18213836,역시 소문대로 되었네요. 대구시장 선거 후보,id:gildo33,2026-04-17 15:27:44,3,3,2,2026-04-17 15:29:21,2026-04-17 15:54:43,1.6166666666666667,3.966666666666667,0.6666666666666666
18218457,쇼츠) 이재명 팔이 하던 유투버 반명 선언 (feat 유시민),id:bugfix,2026-04-22 19:55:23,3,3,2,2026-04-22 19:56:33,2026-04-22 20:00:31,1.1666666666666667,2.5833333333333335,0.6666666666666666
18219132,이광재 의리 있네요 ㄷㄷㄷ,id:yo821281,2026-04-23 18:03:57,3,3,2,2026-04-23 18:05:06,2026-04-23 18:09:27,1.15,1.8,0.6666666666666666
18219843,[클리] 최저임금 찾으니까 클리앙은 아직도 흐린눈,id:donka,2026-04-24 17:59:07,3,3,2,2026-04-24 17:59:56,2026-04-24 18:20:17,0.8166666666666667,3.0833333333333335,0.6666666666666666
18220671,조국에 대해 말하는 이언주,id:htht709,2026-04-25 18:31:58,3,3,2,2026-04-25 18:33:18,2026-04-25 19:22:56,1.3333333333333333,1.9666666666666666,0.6666666666666666
18222142,문재인 전 대통령께서 국회 방문 하셨네요,id:bvbreus11,2026-04-27 15:55:06,3,3,2,2026-04-27 15:56:11,2026-04-27 16:37:43,1.0833333333333333,2.05,0.6666666666666666
18222275,솔까 그래도 민주당 의원이 되는게 국짐놈 되는것 보단 낫지하는데 김남국은,id:bugfix,2026-04-27 19:02:41,3,3,2,2026-04-27 19:03:34,2026-04-27 19:07:50,0.8833333333333333,1.85,0.6666666666666666
18222336,민주당 과연 고쳐 쓸 수 있을지 걱정입니다,id:dlawls,2026-04-27 20:11:30,3,3,2,2026-04-27 20:12:32,2026-04-27 20:17:03,1.0333333333333334,1.6166666666666667,0.6666666666666666
18222389,"[단독] 부대원에 ""너 이재명 찍었지""…방첩사 간부의 육성 폭로",id:kimpo,2026-04-27 21:09:37,3,2,2,2026-04-27 21:13:38,2026-04-27 21:16:27,4.016666666666667,4.533333333333333,0.6666666666666666
18222948,이재명이 개혁의지가 없어보이니까 판결도 개판나는 거죠,id:summernight,2026-04-28 16:33:59,3,3,2,2026-04-28 16:34:50,2026-04-28 16:51:31,0.85,1.3666666666666667,0.6666666666666666
18223081,pic 오세훈이 초록 점퍼를 입는 이유,id:impactx84,2026-04-28 17:58:22,3,3,2,2026-04-28 17:59:04,2026-04-28 18:11:48,0.7,4.9,0.6666666666666666
18228020,싸줄에도 조국글만 악플다는 사람들있던데,id:dleoduq1234,2026-05-04 20:28:57,3,3,2,2026-05-04 20:30:13,2026-05-04 20:37:51,1.2666666666666666,4.166666666666667,0.6666666666666666
18228026,조중동 씹새끼들이 윤석열도 대통령 만들고,id:LJM1389,2026-05-04 20:38:58,3,3,2,2026-05-04 20:40:13,2026-05-04 20:56:49,1.25,2.45,0.6666666666666666
18228473,용남이 실베 인터뷰 보니까 사람 안변하네요.,id:lfcthismeans,2026-05-05 12:56:31,3,3,2,2026-05-05 12:58:18,2026-05-05 13:31:16,1.7833333333333334,3.783333333333333,0.6666666666666666
18228482,진짜 어처구니 없는 사람들,id:dleoduq1234,2026-05-05 13:05:38,3,3,2,2026-05-05 13:08:20,2026-05-05 13:26:47,2.7,2.95,0.6666666666666666
18228680,출금 보니까 한동훈이 되겠네요,id:bulbol,2026-05-05 17:33:14,3,3,2,2026-05-05 17:36:19,2026-05-05 18:25:57,3.0833333333333335,4.383333333333334,0.6666666666666666
18104418,이준석이랑 한동훈은 사이 어떤가요?,id:jordineducas,2025-12-22 07:29:36,4,4,2,2025-12-22 07:31:41,2025-12-22 11:38:38,2.0833333333333335,33.425000000000004,0.5
18104543,20대애들은 청년정책들이 문통때문에 나온거 알기나 알까요?,id:FeelingGood,2025-12-22 11:07:21,4,4,2,2025-12-22 11:08:36,2025-12-22 11:30:37,1.25,5.933333333333334,0.5
18104738,진보 진영이 롤대남을 놓친 이유,id:ok2id,2025-12-22 15:03:14,4,4,2,2025-12-22 15:05:16,2025-12-22 15:15:05,2.033333333333333,5.683333333333334,0.5
18107756,"[속보] 검찰, '민주당 돈봉투' 허종식·윤관석·임종성 2심 무죄에 상고",id:bvbreus11,2025-12-26 16:17:03,4,4,2,2025-12-26 16:19:04,2025-12-26 17:10:41,2.0166666666666666,4.575,0.5
18109938,조국혁신당 대표적 자강론자 인사들의 이혜훈 지명 평가,id:grit,2025-12-28 23:29:53,4,4,2,2025-12-28 23:32:47,2025-12-29 00:05:45,2.9,13.5,0.5
18110591,뭔가 보상을 원하고 민주당을 지지한게 아님,id:dleoduq10004,2025-12-29 16:06:32,4,4,2,2025-12-29 16:07:59,2025-12-29 16:20:34,1.45,4.791666666666667,0.5
18111035,아니 당장 그 스마트하던 강유정이,id:zxcvbnm00765,2025-12-29 23:44:29,4,4,2,2025-12-29 23:48:11,2025-12-29 23:52:40,3.7,5.516666666666667,0.5
18114255,짝수견들 개소리하는건 알겠는데 지가 한말이 틀리면 좀 사과를 해야하는데,id:sanapati,2026-01-02 14:46:15,4,4,2,2026-01-02 14:48:22,2026-01-02 14:54:56,2.1166666666666667,5.15,0.5
18116287,이 대통령 부친 ‘야반도주’ 주장한 매일신문 객원논설위원 검찰 송치,id:ehdtks9286,2026-01-05 10:50:11,4,4,2,2026-01-05 10:53:05,2026-01-05 11:06:20,2.9,8.116666666666667,0.5
18119713,해수부와 반도체 산단의 다른 점,id:makaloni,2026-01-09 12:03:09,4,4,2,2026-01-09 12:04:31,2026-01-09 12:13:27,1.3666666666666667,4.658333333333333,0.5
18122115,"정청래·한병도, 투톱 첫날…1인1표제·2차특검 한목소리",id:naco16,2026-01-12 13:02:28,4,4,2,2026-01-12 13:03:36,2026-01-12 13:33:05,1.1333333333333333,3.283333333333333,0.5
18122355,문통 끝까지 지지한게 당원 및 강성지지자뿐이라니,id:rhcp11,2026-01-12 16:40:19,4,4,2,2026-01-12 16:43:25,2026-01-12 16:58:47,3.1,8.225,0.5
18122565,정성호와 이재명이 검찰에 대한 생각은 같아요,id:FeelingGood,2026-01-12 19:29:21,4,4,2,2026-01-12 19:29:48,2026-01-12 19:51:13,0.45,5.558333333333334,0.5
18123273,"개인적으로 현재 대통령, 총리에게 찝찝한 느낌이 드는 이유",id:xxvxx,2026-01-13 11:42:00,4,4,2,2026-01-13 11:43:58,2026-01-13 11:59:50,1.9666666666666666,5.5,0.5
18126925,캐나다 국민에게 미국이 침공하면 어떤 대응해야하나 정당별 세부조사,id:pearson19,2026-01-17 11:38:59,4,4,2,2026-01-17 11:40:05,2026-01-17 12:21:00,1.1,21.341666666666665,0.5
18128208,문재인 정부 검찰 개혁이 개악이다!,id:impactx84,2026-01-18 18:43:15,4,4,2,2026-01-18 18:44:34,2026-01-18 18:52:03,1.3166666666666667,4.175,0.5
18129471,[속보] '2차 종합특검법' 국무회의 통과…최장 170일 수사,id:fantak,2026-01-20 13:02:40,4,4,2,2026-01-20 13:03:30,2026-01-20 13:25:38,0.8333333333333334,7.716666666666667,0.5
18131319,저 같은 경우 검찰개혁안 보고 터졌습니다.,id:cytokine1234,2026-01-22 00:35:49,4,4,2,2026-01-22 00:38:04,2026-01-22 01:04:54,2.25,12.675,0.5
18132060,(흑역사) 코스피 5000 간다더니… '이재명 랠리' 벌써 끝나나,id:joohakmoo,2026-01-22 20:33:33,4,4,2,2026-01-22 20:34:25,2026-01-22 20:43:59,0.8666666666666667,5.275,0.5
18132678,"청와대 정무수석실서 일한 우상호, 김병욱이 계속 대통령 의중은 원래 합치는거라 말함.",id:ninety5mph,2026-01-23 16:21:10,4,4,2,2026-01-23 16:23:21,2026-01-23 16:31:29,2.183333333333333,6.416666666666666,0.5
18132881,"정성호 ""검찰개혁 소극적이지 않아""…""검사들에게 휘둘린다?"" 묻자",id:bulbol,2026-01-23 20:36:26,4,4,2,2026-01-23 20:37:35,2026-01-23 20:44:56,1.15,4.091666666666667,0.5
18134728,pic) 무인기 사태에 정보사 '김건희 라인' 개입.jpg [단독],id:fantak,2026-01-26 07:33:26,4,4,2,2026-01-26 07:35:18,2026-01-26 07:48:30,1.8666666666666667,5.283333333333333,0.5
18134774,나도 꽃이름좀 바꾸자고 주장하는쪽인데,id:yally1010,2026-01-26 09:02:33,4,4,2,2026-01-26 09:03:38,2026-01-26 09:17:09,1.0833333333333333,3.8,0.5
18136918,윤석열은 검사이력으로 감옥 안 가고 끈 없는 김건희만 20년 넘게 받을 줄 알았는데,id:joohakmoo,2026-01-28 15:33:52,4,4,2,2026-01-28 15:35:16,2026-01-28 15:40:29,1.4,4.558333333333334,0.5
18136937,아 어쩌면 굥의 쿠데타는 마누라한테서 권력을 뺏기 위한 것이 아니었을까....,id:keias1024,2026-01-28 15:44:06,4,4,2,2026-01-28 15:45:22,2026-01-28 16:01:17,1.2666666666666666,9.55,0.5
18139108,슈카가 코스피 5000을 비웃지 않은건 맞습니다,id:joohakmoo,2026-01-31 10:14:05,4,4,2,2026-01-31 10:15:13,2026-01-31 10:41:50,1.1333333333333333,12.383333333333333,0.5
18140836,20대 남성 여론조사를 보면 좀 황당한게,id:impactx84,2026-02-02 14:24:52,4,4,2,2026-02-02 14:27:23,2026-02-02 14:36:44,2.5166666666666666,6.675,0.5
18141144,"유시민 ""검찰개혁이라는 것은 몇십년간 축적된 민주당의 정신 그 자체다""",id:ninety5mph,2026-02-02 20:09:13,4,4,2,2026-02-02 20:12:26,2026-02-02 20:22:14,3.216666666666667,5.85,0.5
18141195,검찰개혁 밀어붙일 다음 주자 나오면,id:dlawls,2026-02-02 20:44:48,4,4,2,2026-02-02 20:45:08,2026-02-02 21:16:46,0.3333333333333333,3.6833333333333336,0.5
18141318,이언주가 저런 발언 하는건 결국 이재명 하나 믿고 아가리 터는거 아입니까,id:cydia14,2026-02-02 22:22:44,4,4,2,2026-02-02 22:23:56,2026-02-02 22:45:03,1.2,4.816666666666666,0.5
18141359,대법관 증원도 이재명이 막았죠.... 저것도 타이밍 놓치니 묻히고 망함,id:zero080,2026-02-02 22:58:11,4,4,2,2026-02-02 23:00:36,2026-02-02 23:12:25,2.4166666666666665,6.1,0.5
18143325,뇌피셜) 검찰 개혁에 대한 이재명 대통령과 당정청의 포지션,id:eiskzm,2026-02-05 10:41:54,4,4,2,2026-02-05 10:43:58,2026-02-05 11:10:27,2.066666666666667,8.025,0.5
18144878,이동형 인증 찐명,id:bulbol,2026-02-07 09:49:06,4,4,2,2026-02-07 09:52:51,2026-02-07 10:31:54,3.75,4.783333333333333,0.5
18145817,이재명 대통령 관련 오창석이 인정해 준 거 있음,id:alfatini,2026-02-08 13:13:37,4,4,2,2026-02-08 13:15:57,2026-02-08 13:19:42,2.3333333333333335,4.475,0.5
18146143,지금 이재명이 하는 짓이 정무개입 아닌가요?,id:BlackEyes23,2026-02-08 18:46:52,4,4,2,2026-02-08 18:48:27,2026-02-08 18:52:55,1.5833333333333333,4.466666666666667,0.5
18146250,보완수사권 가지고 청와대가 쳐지껄인건 선을 진짜 아득히 넘네요?,id:ninety5mph,2026-02-08 20:40:59,4,4,2,2026-02-08 20:42:45,2026-02-08 20:48:52,1.7666666666666666,4.725,0.5
18146337,청와대 단속이랑 당 단속은 구분해야 할 듯,id:mnyj,2026-02-08 22:15:10,4,4,2,2026-02-08 22:17:36,2026-02-08 22:24:05,2.433333333333333,5.358333333333333,0.5
18146867,이건태가 누구냐 하면요,id:bulbol,2026-02-09 12:39:36,4,4,2,2026-02-09 12:41:38,2026-02-09 13:29:45,2.033333333333333,14.708333333333334,0.5
18147111,다소 소신) 국장 관련해서 제가 불편한점 하나,id:hjsa2004,2026-02-09 17:06:10,4,4,2,2026-02-09 17:09:51,2026-02-09 17:45:32,3.683333333333333,6.891666666666667,0.5
18147461,싸줄 보는데 하루종일 스트레스인듯 ㅜㅜ,id:no14henry,2026-02-09 21:24:46,4,4,2,2026-02-09 21:25:47,2026-02-09 21:51:39,1.0166666666666666,12.883333333333333,0.5
18147646,국민주권정부라더니.. ㅋㅋ,id:malwool,2026-02-10 07:54:10,4,4,2,2026-02-10 07:55:00,2026-02-10 08:30:59,0.8333333333333334,5.425,0.5
18148016,조국이 싫다는게 아니라 말도 안했는데 갑자기 이런식으로,id:klay5587,2026-02-10 13:34:58,4,4,2,2026-02-10 13:37:18,2026-02-10 14:25:13,2.3333333333333335,8.483333333333333,0.5
18149704,이재명 성격상 청와대 컨트롤 못할리는 없고,id:rukk7812,2026-02-11 12:12:33,4,4,2,2026-02-11 12:14:01,2026-02-11 13:45:45,1.4666666666666666,5.9,0.5
18150101,이거 근데 분탕치는거 결국 세력이 있지 않나요??,id:bakjang,2026-02-11 17:01:37,4,4,2,2026-02-11 17:04:28,2026-02-11 17:16:24,2.85,4.808333333333334,0.5
18150289,개드립 정사게가 딱 지금 문재인 욕하고 김어준 욕하는 정서를 보여주네요,id:impactx84,2026-02-11 20:20:13,4,4,2,2026-02-11 20:22:46,2026-02-11 20:50:03,2.55,4.908333333333333,0.5
18152241,낙지 시즌2 인가요?,id:sobad,2026-02-13 23:07:48,4,4,2,2026-02-13 23:08:49,2026-02-13 23:14:17,1.0166666666666666,5.033333333333333,0.5
18153817,문재인을 까는건 여러 이유가 있죠,id:impactx84,2026-02-16 19:09:05,4,4,2,2026-02-16 19:12:35,2026-02-16 19:45:00,3.5,18.85,0.5
18154040,pic)'뉴이재명 그자체' 송영길,id:bulbol,2026-02-16 21:57:50,4,4,2,2026-02-16 21:58:53,2026-02-16 22:09:17,1.05,5.35,0.5
18154117,윤상현이는 진짜로 웃기는 놈이네요 ㅋㅋ,id:blue123,2026-02-16 23:14:15,4,4,2,2026-02-16 23:17:22,2026-02-17 00:34:52,3.1166666666666667,9.133333333333333,0.5
18154421,New 손가혁들은 대통령 고립되면 바로 등에 칼 꽂을듯,id:joohakmoo,2026-02-17 13:30:59,4,4,2,2026-02-17 13:32:40,2026-02-17 13:54:47,1.6833333333333333,5.625,0.5
18154884,문통때 집값 오른게 문통만의 잘못이다?,id:soccerlineid,2026-02-17 21:38:28,4,4,2,2026-02-17 21:40:16,2026-02-17 22:14:04,1.8,9.066666666666666,0.5
18155455,공수처 하니까 생각나는게 24년에 민주당이 검사 인력 확충해주려다 걸린 사건 있었죠,id:bulbol,2026-02-18 17:36:26,4,4,2,2026-02-18 17:38:45,2026-02-18 17:53:48,2.316666666666667,5.658333333333333,0.5
18157434,뉴이재명 애들이 확실히 나이대 어린 여자애들인거 티가 많이 남,id:rukk7812,2026-02-20 21:11:34,4,4,2,2026-02-20 21:13:10,2026-02-20 21:47:25,1.6,4.833333333333333,0.5
18157532,pic) 뉴이재명 ㅋㅋㅋㅋ (수정함),id:maelsy99,2026-02-21 01:25:54,4,4,2,2026-02-21 01:29:57,2026-02-21 09:04:37,4.05,16.875,0.5
18158416,김어준도 안통한다고 호들갑 떠는거 좀 많이 웃김 ㅋㅋㅋㅋ,id:impactx84,2026-02-22 12:56:17,4,4,2,2026-02-22 12:58:47,2026-02-22 13:27:22,2.5,10.491666666666667,0.5
18159527,"""전당원투표는 중우정치"" / ""'당내'는 문제삼지 않는데 '당원'만 난리다"" ㅋㅋㅋ",id:stynerkn,2026-02-23 13:46:38,4,4,2,2026-02-23 13:47:37,2026-02-23 14:09:24,0.9833333333333333,7.591666666666667,0.5
18159659,역사관하니까 최근에 이재명 대통령 환단고기 언급이 기억이 나는군요,id:typoonj2,2026-02-23 14:49:33,4,4,2,2026-02-23 14:50:22,2026-02-23 14:58:26,0.8166666666666667,3.4916666666666663,0.5
18160093,주가 하락추세 타면 정부 지지율 국정농단전 박근혜급은 가능하려나?,id:xxvxx,2026-02-23 23:43:59,4,4,2,2026-02-23 23:45:07,2026-02-24 00:10:54,1.1333333333333333,13.716666666666667,0.5
18160519,설날때 부모님이랑 정치 이야기 하다가 대판 싸울뻔함,id:sbw1249,2026-02-24 15:10:41,4,4,2,2026-02-24 15:14:04,2026-02-24 16:04:58,3.3833333333333333,12.366666666666667,0.5
18160786,"민주당 하는꼴 보면 조국당 찍고싶은데,, 청래옹 생각하면,,,",id:flat,2026-02-24 20:22:32,4,4,2,2026-02-24 20:23:57,2026-02-24 20:44:22,1.4166666666666667,8.35,0.5
18160838,총리 나대고 특정 의원들 나대는 거 대통령 문제죠.,id:press21cc,2026-02-24 21:25:40,4,4,2,2026-02-24 21:28:13,2026-02-24 21:32:35,2.55,5.316666666666666,0.5
18160921,뉴재명이들 투트랙 전략쓰나 이재명이 뭔 정청래편이야,id:onana,2026-02-24 22:56:36,4,4,2,2026-02-24 22:57:01,2026-02-25 02:32:26,0.4166666666666667,7.383333333333333,0.5
18162101,이재명의 정책이 반은 성공한거 같은데,id:blue123,2026-02-26 10:39:04,4,4,2,2026-02-26 10:40:27,2026-02-26 12:39:37,1.3833333333333333,6.133333333333334,0.5
18162162,오마이랑 경향이 뉴이재명 펌프질 제일 열심히 했는데 ㅋ,id:horizon,2026-02-26 11:33:14,4,4,2,2026-02-26 11:34:13,2026-02-26 11:42:04,0.9833333333333333,4.216666666666667,0.5
18163292,"문통 인스타는 선플이 많은데, 페북은 댓글 보실까봐 마음이 조려짐.",id:qhdtlsdl,2026-02-27 16:00:46,4,4,2,2026-02-27 16:01:24,2026-02-27 16:19:01,0.6333333333333333,5.141666666666667,0.5
18163427,[단독] 이재명 대통령 분당 아파트 벌써 팔렸다 news,id:soccerfw16,2026-02-27 18:36:27,4,4,2,2026-02-27 18:39:02,2026-02-27 21:50:14,2.5833333333333335,5.375,0.5
18163741,정청래 직무수행 평가...,id:sonhh,2026-02-28 08:11:48,4,4,2,2026-02-28 08:13:48,2026-02-28 08:36:16,2.0,8.375,0.5
18164016,장동혁 진지하게 민주당 지지자 같음....,id:hypeboy,2026-02-28 14:56:25,4,4,2,2026-02-28 14:59:12,2026-02-28 22:07:04,2.783333333333333,11.266666666666667,0.5
18165386,오창석이는 비겁한 인간,id:solution78,2026-03-01 19:47:46,4,4,2,2026-03-01 19:48:35,2026-03-01 20:19:33,0.8166666666666667,4.2749999999999995,0.5
18166632,김대중 노무현 문재인 보다는 이명박에 가깝다는건 이제 설득력이 생겼네요.,id:say1673,2026-03-02 19:18:10,4,4,2,2026-03-02 19:19:24,2026-03-02 19:35:48,1.2333333333333334,7.141666666666667,0.5
18168290,대통령이 구체적 사안에 대해서 말 못한다는 건 완전 헛소리네요ㅋ,id:horizon,2026-03-04 10:41:10,4,4,2,2026-03-04 10:43:48,2026-03-04 10:56:01,2.6333333333333333,6.883333333333334,0.5
18170011,민주시민에게 부채의식이 1g이라도 있으면 절대 저렇게 행동 못함,id:horizon,2026-03-05 16:26:08,4,3,2,2026-03-05 16:27:14,2026-03-05 16:32:24,1.1,4.483333333333333,0.5
18170415,뇌피셜) 쥐두창이 문통을 증오하는 이유?,id:xxvxx,2026-03-05 20:44:05,4,4,2,2026-03-05 20:45:11,2026-03-05 20:53:24,1.1,3.8833333333333333,0.5
18170652,지금와서 얘기지만 싸줄이 이재명에게 유해진게 좀 놀랍긴 했음,id:jun2312,2026-03-05 22:30:05,4,4,2,2026-03-05 22:30:47,2026-03-05 22:46:13,0.7,5.0,0.5
18170879,김어준 총수도 정부 검찰 개혁안에 대해 제대로 비판 해야됨,id:solution78,2026-03-06 00:38:45,4,4,2,2026-03-06 00:42:18,2026-03-06 00:49:03,3.55,5.516666666666667,0.5
18171064,이재명 팬돌이들은 진심으로 민주진영 = 이재명이라고 생각하는 것 같음 ㅋ,id:horizon,2026-03-06 09:34:38,4,4,2,2026-03-06 09:36:15,2026-03-06 09:43:44,1.6166666666666667,4.324999999999999,0.5
18171144,이재명은 지금 악의 씨를 뿌리고 있는 중임,id:geni0,2026-03-06 10:44:38,4,4,2,2026-03-06 10:45:53,2026-03-06 10:51:27,1.25,5.141666666666667,0.5
18171399,매불쇼 박은정 의원 설명듣는데 처참하네 씨발,id:juventus82,2026-03-06 14:55:41,4,4,2,2026-03-06 14:57:26,2026-03-06 16:51:30,1.75,4.5,0.5
18171414,이재명이 김민석보다 강훈식을 더 신임하는거 같슴,id:blue123,2026-03-06 15:09:12,4,4,2,2026-03-06 15:10:02,2026-03-06 15:51:20,0.8333333333333334,5.708333333333334,0.5
18171519,그래도 정청래 밖에 없습니다,id:solution78,2026-03-06 16:47:28,4,4,2,2026-03-06 16:49:44,2026-03-06 17:33:34,2.2666666666666666,21.916666666666664,0.5
18171637,정권 바뀌면 문재인 탓 좀 그만하려나 했더니,id:novacane,2026-03-06 18:55:24,4,4,2,2026-03-06 18:56:11,2026-03-06 19:17:50,0.7833333333333333,6.550000000000001,0.5
18171841,"이재명 정권 123대 국정과제 ""수사•기소의 완전한 분리""",id:solution78,2026-03-06 22:45:05,4,4,2,2026-03-06 22:45:30,2026-03-06 23:13:51,0.4166666666666667,14.558333333333334,0.5
18172854,생각해보면 이재명이 사이다였던 적이 계곡 말고 뭐 있었나요?,id:hulk,2026-03-07 22:20:26,4,4,2,2026-03-07 22:22:18,2026-03-07 22:29:47,1.8666666666666667,6.166666666666667,0.5
18172885,"이재명 대통령의 의중이 간접적으로 확인된 이상, 정청래 당대표에게..",id:bluepillz,2026-03-07 22:31:22,4,4,2,2026-03-07 22:32:58,2026-03-07 22:42:03,1.6,6.041666666666667,0.5
18173459,코스피 6000돌파 민주당 현수막을 뗐으면 좋겠다고 글 썼는데,id:blue123,2026-03-08 12:04:02,4,4,2,2026-03-08 12:04:57,2026-03-08 12:12:50,0.9166666666666666,5.916666666666666,0.5
18174111,이재명식 용인술이 이런게 있어요,id:blue123,2026-03-08 22:02:01,4,4,2,2026-03-08 22:03:59,2026-03-09 01:52:02,1.9666666666666666,3.825,0.5
18175177,혹시 갓재명의 큰 그림은 아니겠죠??,id:hypeboy,2026-03-09 19:33:22,4,4,2,2026-03-09 19:35:40,2026-03-09 19:54:21,2.3,6.091666666666667,0.5
18175722,최강욱은 징계먹고 이언주는 최고위 ㅋㅋ 이게 민주당 현주소,id:say1673,2026-03-10 09:47:30,4,4,2,2026-03-10 09:48:20,2026-03-10 10:17:59,0.8333333333333334,4.991666666666667,0.5
18176951,겸공 박은정 표정 안쓰넙네요.,id:kohs98,2026-03-11 08:45:05,4,4,2,2026-03-11 08:46:24,2026-03-11 09:25:31,1.3166666666666667,11.558333333333334,0.5
18177334,뉴가혁들 검찰개혁에 문통 머리채 잡는 거 어이없네요 진짜,id:masterplan5,2026-03-11 13:35:06,4,4,2,2026-03-11 13:35:33,2026-03-11 14:20:08,0.45,24.066666666666666,0.5
18177744,갑자기 생각났는데 김건희 라는 인물이 완전히 묻힘..,id:jseric,2026-03-11 19:46:37,4,4,2,2026-03-11 19:47:00,2026-03-11 19:53:45,0.38333333333333336,3.9,0.5
18178022,검찰은 진짜 건수 제대로 잡았네요,id:bookae1,2026-03-11 23:19:50,4,4,2,2026-03-11 23:22:16,2026-03-11 23:42:49,2.433333333333333,6.5,0.5
18178703,이재명 대통령이나 현 민주당 의원들이 지지자들에 대해서 착각하는 지점이 하나 있음,id:impactx84,2026-03-12 15:54:05,4,4,2,2026-03-12 15:55:41,2026-03-12 16:01:10,1.6,4.458333333333333,0.5
18178743,maniwoo와 heyman은 그렇다 치는데,id:boba1983,2026-03-12 16:26:30,4,4,2,2026-03-12 16:28:29,2026-03-12 16:37:03,1.9833333333333334,5.716666666666667,0.5
18178805,반도체 소부장 국산화가 문통 큰 공임,id:Clocks,2026-03-12 17:29:38,4,4,2,2026-03-12 17:31:35,2026-03-12 20:16:48,1.95,5.933333333333334,0.5
18178986,이재명이 이동형에게 실제로 조언 받는 게 있는지 궁금함 ㅋㅋㅋ,id:ejirall,2026-03-12 20:28:28,4,4,2,2026-03-12 20:31:26,2026-03-12 20:44:22,2.966666666666667,8.841666666666667,0.5
18179655,문통 시절이었으면 신문+종편+포털 365일 24시간 환율+부동산으로 난리쳤음,id:zero080,2026-03-13 14:09:43,4,4,2,2026-03-13 14:12:56,2026-03-13 14:50:40,3.216666666666667,7.116666666666667,0.5
18179899,이재명&민주당의 김어준 공격에 대한 2가지 추론,id:jeffkent,2026-03-13 17:48:56,4,4,2,2026-03-13 17:50:39,2026-03-13 17:55:42,1.7166666666666666,5.041666666666667,0.5
18180183,민주당이 겸공 안나오면 무조건 민주당 손해임 ㅋㅋㅋ,id:solution78,2026-03-13 21:56:35,4,3,2,2026-03-13 21:58:22,2026-03-13 22:33:01,1.7833333333333334,6.875,0.5
18180440,아마 이재명 퇴임후 안전을 고려한 픽도 생각하고 있을것 같네요,id:luna7742,2026-03-14 09:40:09,4,4,2,2026-03-14 09:41:04,2026-03-14 09:48:12,0.9166666666666666,4.45,0.5
18180489,이재명과 친명계가 왜저러고 전략이 뭔가? 이것만 보면 됨,id:solution78,2026-03-14 10:22:59,4,4,2,2026-03-14 10:25:55,2026-03-14 10:32:48,2.933333333333333,4.574999999999999,0.5
18181015,문재인을 까면 이재명이 좋아한다는거를 다들 알았네,id:blue123,2026-03-14 19:18:22,4,4,2,2026-03-14 19:19:51,2026-03-14 19:36:52,1.4833333333333334,9.3,0.5
18181248,그래도 다행히 지선에 혁신당 후보 많이 나온다 함,id:luna7742,2026-03-14 22:54:55,4,4,2,2026-03-14 22:57:14,2026-03-14 23:04:34,2.316666666666667,4.916666666666667,0.5
18182086,문통 이전엔 거의 축게에서만 살았어서,id:rukk7812,2026-03-15 20:38:39,4,4,2,2026-03-15 20:39:15,2026-03-15 20:57:00,0.6,8.058333333333334,0.5
18182908,최민희 적당히 해라 좀 이재명이 뭘 정확히 봐,id:yally1010,2026-03-16 08:39:01,4,4,2,2026-03-16 08:39:37,2026-03-16 09:11:57,0.6,4.466666666666667,0.5
18183622,"(과거기사) '모더나 일정' 공개한 송영길..""비밀협약 위반 시 공급중단 가능성""",id:jdspitz,2026-03-16 18:18:44,4,3,2,2026-03-16 18:18:59,2026-03-16 18:35:37,0.25,4.291666666666667,0.5
18183717,이재명도 뭐 다아는척 그만해야함,id:radioshot1,2026-03-16 19:45:49,4,4,2,2026-03-16 19:50:16,2026-03-16 20:01:15,4.45,7.216666666666667,0.5
18183836,이재명 무적의 논리 나왔음,id:solution78,2026-03-16 22:01:56,4,4,2,2026-03-16 22:02:39,2026-03-16 22:23:52,0.7166666666666667,4.483333333333333,0.5
18184615,이재명이 잘하면 싸줄러들 이재명 칭찬해 줌..,id:qhdtlsdl,2026-03-17 15:37:34,4,4,2,2026-03-17 15:37:58,2026-03-17 16:24:22,0.4,19.65,0.5
18184746,조국당이 사이즈가 작을뿐 정신은 뉴재명보다 훨씬 민주당쪽인데,id:rukk7812,2026-03-17 17:21:41,4,4,2,2026-03-17 17:23:44,2026-03-17 17:48:32,2.05,4.933333333333334,0.5
18184775,앞으로 이재명 손발 묶으려면 어케 해야되나요?,id:hohohal1717,2026-03-17 18:01:04,4,4,2,2026-03-17 18:05:08,2026-03-17 18:14:14,4.066666666666666,4.666666666666667,0.5
18185438,정청래가 진짜 이번에 나라를 구했읍니다.,id:rukk7812,2026-03-18 08:33:23,4,4,2,2026-03-18 08:34:59,2026-03-18 09:32:16,1.6,6.366666666666667,0.5
18186112,제가 정청래 연임 조건이 있다는 글을 쓴적 있는데 바램대로 됨요..,id:gum0510,2026-03-18 15:55:37,4,4,2,2026-03-18 15:57:23,2026-03-18 16:10:55,1.7666666666666666,6.591666666666667,0.5
18187044,손가혁이 극좌 강경파 느낌이라면 뉴이재명은,id:whddlqlgodrl,2026-03-19 08:41:57,4,4,2,2026-03-19 08:42:44,2026-03-19 10:46:42,0.7833333333333333,4.966666666666667,0.5
18187984,B급 주위에는 c급 이하만 모인다고,id:LJM1389,2026-03-19 21:55:03,4,4,2,2026-03-19 21:56:09,2026-03-19 22:13:11,1.1,4.333333333333333,0.5
18189259,조국이 친문이면 거의 성인급 아닌가,id:bulbol,2026-03-20 21:57:54,4,4,2,2026-03-20 21:59:09,2026-03-20 22:24:08,1.25,3.6333333333333333,0.5
18189269,추미애가 법사위원장 맡은 이유,id:rukk7812,2026-03-20 22:07:58,4,4,2,2026-03-20 22:10:17,2026-03-20 22:33:54,2.316666666666667,5.2749999999999995,0.5
18189314,정원오가 이재명 픽이라는 건 좀 안맞는 포인트같아요.,id:85yang,2026-03-20 22:51:22,4,4,2,2026-03-20 22:54:22,2026-03-20 23:41:06,3.0,5.625,0.5
18189362,솔직히 잇박견들의 문제는 이재명을 띄울라고 남을 깐다는게 문제임,id:kokomong,2026-03-20 23:20:18,4,4,2,2026-03-20 23:21:13,2026-03-20 23:50:32,0.9166666666666666,6.216666666666667,0.5
18191041,이재명이가 정부안 끝까지 밀어붙인 상태 고수했으면?,id:gum0510,2026-03-22 18:14:16,4,4,2,2026-03-22 18:15:56,2026-03-22 18:45:08,1.6666666666666667,9.766666666666667,0.5
18192330,김민석 새정치민주당은 왜 끌고 와서 이야기 했나 했더니 좀 웃기네요 ㅋㅋㅋ,id:impactx84,2026-03-24 10:19:31,4,4,2,2026-03-24 10:21:37,2026-03-24 10:37:43,2.1,9.183333333333334,0.5
18193218,시사건건)친문이었던 송영길이 문재인을 까네,id:erai7007,2026-03-25 12:00:10,4,4,2,2026-03-25 12:00:48,2026-03-25 12:41:45,0.6333333333333333,12.4,0.5
18193456,연임 찬성론자였으나 이제는 연임반대입니다.,id:Groin,2026-03-25 16:18:06,4,4,2,2026-03-25 16:21:35,2026-03-25 16:57:07,3.4833333333333334,19.633333333333333,0.5
18197914,20대 남자들의 이명박에 대한 지지는 펨베 포텐이 정치화된 결과물이라고 봄,id:impactx84,2026-03-30 12:01:54,4,4,2,2026-03-30 12:03:44,2026-03-30 13:48:42,1.8333333333333333,9.166666666666668,0.5
18198375,오늘 김부겸 대구 시장 출마연설 좋네요,id:spiderman91,2026-03-30 21:28:00,4,4,2,2026-03-30 21:29:00,2026-03-30 22:24:32,1.0,6.033333333333333,0.5
18205176,??? : 문재인을 위해 남경필을 찍는다,id:lfcthismeans,2026-04-07 18:35:42,4,4,2,2026-04-07 18:36:34,2026-04-07 18:52:03,0.8666666666666667,8.966666666666667,0.5
18206550,pic) 동물병원들이 길고양이로 돈버는 방법,id:dadoocom,2026-04-09 10:06:19,4,4,2,2026-04-09 10:08:49,2026-04-09 11:56:33,2.5,42.46666666666667,0.5
18207391,또또 지지율로 말장난치는 놈들 나왔었군요 ㅋㅋ 과거 수치들만 봐도 걍 헛소리임,id:stynerkn,2026-04-10 12:59:27,4,3,2,2026-04-10 13:03:19,2026-04-10 13:07:40,3.8666666666666667,5.291666666666666,0.5
18209171,댓베 딴지글은 이제 봤는데 웃기긴하네요 ㅋㅋㅋㅋ,id:impactx84,2026-04-12 14:32:53,4,4,2,2026-04-12 14:35:29,2026-04-12 14:54:22,2.6,11.516666666666666,0.5
18210711,경향신문에서 종합특검발 재밌는 뉴스가 나옴.,id:bulbol,2026-04-14 08:22:26,4,4,2,2026-04-14 08:26:17,2026-04-14 08:50:59,3.85,6.7,0.5
18211010,이재명 대통령은 정말 국민들을 백성으로 보고 계셨군요..,id:childpicture,2026-04-14 14:25:02,4,4,2,2026-04-14 14:27:11,2026-04-14 15:25:49,2.15,3.9333333333333336,0.5
18211306,역시 이재명은 전지전능한 신이군요,id:ejirall,2026-04-14 20:12:23,4,4,2,2026-04-14 20:13:13,2026-04-14 20:55:43,0.8333333333333334,4.9,0.5
18211395,뉴이재명이 지금 계속 싸움 일으키는 이유가,id:6830,2026-04-14 21:59:12,4,4,2,2026-04-14 22:00:32,2026-04-14 22:38:13,1.3333333333333333,13.133333333333333,0.5
18211850,그러니까 이재명 대통령 무한지지한다는 애들은 저런 병태 새끼봐도 아무렇지 않다는거잖아요.,id:dleoduq1234,2026-04-15 12:45:37,4,4,2,2026-04-15 12:47:14,2026-04-15 13:04:30,1.6166666666666667,4.608333333333333,0.5
18213624,문재인 정권때 진영 임명했을때,id:whddlqlgodrl,2026-04-17 11:57:29,4,4,2,2026-04-17 11:58:16,2026-04-17 12:21:35,0.7833333333333333,8.899999999999999,0.5
18216933,pic) #이재명 #이재용 이 조합,id:hypeboy,2026-04-20 19:36:40,4,4,2,2026-04-20 19:38:34,2026-04-20 20:41:10,1.9,13.741666666666667,0.5
18218430,만나면 맨날 문재인 까는 지인이 있었는데,id:bugfix,2026-04-22 19:26:05,4,4,2,2026-04-22 19:29:52,2026-04-22 19:35:06,3.783333333333333,4.866666666666667,0.5
18218514,전남광주통합건 보건데 이재명은 정책의 세밀함 좃도 없음,id:FeelingGood,2026-04-22 20:54:36,4,4,2,2026-04-22 20:56:23,2026-04-22 21:47:35,1.7833333333333334,5.45,0.5
18218972,정민철 저거는 민주당의 이준석이 맞네요,id:solution78,2026-04-23 14:04:49,4,4,2,2026-04-23 14:07:38,2026-04-23 14:23:42,2.816666666666667,6.283333333333333,0.5
18220386,Pic) 한강버스에서 오세훈 민심 체크,id:Ibisevic,2026-04-25 14:01:05,4,4,2,2026-04-25 14:01:36,2026-04-25 14:11:04,0.5166666666666667,5.116666666666667,0.5
18104653,"[속보] 대통령실 ""통일교 특검 환영...여야 구별 없는 수사 원해""",id:bvbreus11,2025-12-22 13:13:34,5,5,2,2025-12-22 13:14:55,2025-12-22 13:38:16,1.35,14.3,0.4
18109560,이재명 대통령을 반대하진 않겠지만,id:life13579,2025-12-28 18:49:44,5,5,2,2025-12-28 18:53:34,2025-12-28 19:02:49,3.8333333333333335,5.1,0.4
18111409,pic) 이재명 대통령님 초심을 잃으셨군요,id:soccerlineid,2025-12-30 12:06:26,5,5,2,2025-12-30 12:08:31,2025-12-30 15:54:41,2.0833333333333335,7.216666666666667,0.4
18112207,친구들한테 정치병자 소리도 들어봤는디,id:1987vintage,2025-12-31 01:16:43,5,5,2,2025-12-31 01:18:23,2025-12-31 02:00:18,1.6666666666666667,6.916666666666667,0.4
18117174,이혜훈은 매일 매일 쏟아지네요,id:bulbol,2026-01-06 11:30:16,5,5,2,2026-01-06 11:30:53,2026-01-06 12:11:32,0.6166666666666667,9.783333333333333,0.4
18118464,결국 주식으로 강남사람들이 돈버는게 코메디인듯,id:hjs3191,2026-01-07 21:34:25,5,4,2,2026-01-07 21:35:30,2026-01-07 23:02:38,1.0833333333333333,6.216666666666667,0.4
18119077,한국공화당' 국민의힘 당명은 이걸로 변경됩니다. 성지예상,id:chakagesalja,2026-01-08 19:32:12,5,5,2,2026-01-08 19:34:54,2026-01-08 20:09:01,2.7,11.15,0.4
18121129,짝수견: 4050 좌파 콘크리트는 30프로라 이재명 실정하면 보수가 다시 집권할거다,id:rukk7812,2026-01-11 11:32:45,5,5,2,2026-01-11 11:35:17,2026-01-11 12:20:41,2.533333333333333,28.05,0.4
18122871,이제 이재명 지지한다고 못하겠음..,id:ManU01,2026-01-12 23:32:16,5,5,2,2026-01-12 23:34:29,2026-01-12 23:41:39,2.216666666666667,8.616666666666667,0.4
18124999,"검찰개혁안 사과한 정청래, ""걱정 잘 안다"" 수정 약속",id:traum0105,2026-01-14 21:57:08,5,5,2,2026-01-14 22:00:05,2026-01-14 22:28:54,2.95,18.0,0.4
18126492,강득구 아주 쓰레기네요,id:solution78,2026-01-16 17:37:16,5,5,2,2026-01-16 17:39:21,2026-01-16 18:04:55,2.0833333333333335,5.016666666666667,0.4
18131934,개인적으론 합당안했으면 좋겠다고 생각합니다만,id:kiriman,2026-01-22 17:39:31,5,5,2,2026-01-22 17:42:17,2026-01-22 18:11:34,2.7666666666666666,5.233333333333333,0.4
18132126,pic) 사람으로 태어나서 어떻게 한나라당,id:shkj22,2026-01-22 21:44:40,5,5,2,2026-01-22 21:45:49,2026-01-22 22:03:44,1.15,5.483333333333333,0.4
18132324,과거 이준석 코스피 5000 공약 건,id:zornik,2026-01-23 08:52:12,5,5,2,2026-01-23 08:54:17,2026-01-23 10:08:00,2.0833333333333335,10.533333333333333,0.4
18132463,pic) 준천지들아 날조하지 마라 (코스피 5000),id:ehdtks9286,2026-01-23 11:56:38,5,5,2,2026-01-23 11:57:40,2026-01-23 13:24:30,1.0333333333333334,6.333333333333333,0.4
18133325,저는 1020극우화를 방치한다 안일하다는 아니라고 보는게,id:hypeboy,2026-01-24 13:11:47,5,5,2,2026-01-24 13:15:11,2026-01-24 13:26:12,3.4,13.016666666666667,0.4
18135763,"[속보] 법원, 내일 김건희 1심 선고 생중계 허가",id:bvbreus11,2026-01-27 13:46:32,5,5,2,2026-01-27 13:49:25,2026-01-27 14:32:21,2.8833333333333333,18.65,0.4
18137838,어떤 무당이 슈퍼챗을 받으려는지 올해 지선에서 민주당이 망한다고,id:adkse,2026-01-29 14:33:34,5,5,2,2026-01-29 14:34:12,2026-01-29 14:42:03,0.6333333333333333,6.733333333333333,0.4
18138314,pic) 이진숙 전 방통위원장 대구시장 출마한다,id:fantak,2026-01-30 07:35:02,5,5,2,2026-01-30 07:36:04,2026-01-30 09:58:49,1.0333333333333334,7.116666666666666,0.4
18138741,분탕질에 너무 열 내지들 마시죠.,id:lfcthismeans,2026-01-30 17:40:15,5,5,2,2026-01-30 17:41:19,2026-01-30 17:53:01,1.0666666666666667,5.266666666666667,0.4
18138752,pic)매니우(spaceload1) 공격성 강한 사이트 그만 좀 와라,id:bundes1,2026-01-30 17:52:33,5,5,2,2026-01-30 17:55:09,2026-01-30 18:24:28,2.6,10.083333333333334,0.4
18139874,"강원도지사 선거, 이광재가 불출마 선언하고 우상호 돕겠다네요…",id:hanlobby,2026-02-01 12:15:18,5,5,2,2026-02-01 12:16:56,2026-02-01 12:20:38,1.6333333333333333,5.15,0.4
18141360,예전에 문재인이 얼빵해서 검찰개혁 실패했다던 x박애들 요새는 뭐라 할런지 ㅋㅋ,id:ninety5mph,2026-02-02 22:59:19,5,5,2,2026-02-02 23:02:24,2026-02-03 00:07:09,3.0833333333333335,8.783333333333333,0.4
18144003,[단독]與 대외비 문건 “조국당에 지명직 최고위원 배분”,id:grit,2026-02-06 09:04:05,5,5,2,2026-02-06 09:07:16,2026-02-06 09:28:13,3.183333333333333,12.483333333333333,0.4
18144662,민주당 지지 악역 배우 누구누구있죠?,id:yhtuos,2026-02-06 21:37:35,5,5,2,2026-02-06 21:39:08,2026-02-06 21:51:52,1.55,6.616666666666666,0.4
18145529,요즘 보면 국짐이 개아사리판이라 정말 다행이라는 생각이 듭니다.,id:horizon,2026-02-08 00:48:39,5,5,2,2026-02-08 00:49:49,2026-02-08 10:24:22,1.1666666666666667,13.0,0.4
18145785,현상황과 관련해 싸줄러들에게 드리고 싶은 말씀이 있네요,id:impactx84,2026-02-08 12:45:16,5,5,2,2026-02-08 12:48:17,2026-02-08 13:49:39,3.0166666666666666,5.466666666666667,0.4
18147096,"근데 민주당 국회의원들 노무현, 문재인 정부 때랑 너무 다르네요.",id:boba1983,2026-02-09 16:49:49,5,5,2,2026-02-09 16:53:13,2026-02-09 17:14:18,3.4,6.0,0.4
18147806,"정청래,유시민,김어준이 이재명을 얼마나 많이 도와줬는데",id:geni0,2026-02-10 11:15:15,5,5,2,2026-02-10 11:16:49,2026-02-10 11:29:39,1.5666666666666667,5.516666666666667,0.4
18149124,유시민옹...진짜 현자시네 현자...,id:chun1149,2026-02-10 22:29:21,5,5,2,2026-02-10 22:31:39,2026-02-10 22:44:26,2.3,6.916666666666667,0.4
18149505,가만보면 우상호는 맨날 욕먹는데,id:lj0608,2026-02-11 09:52:05,5,5,2,2026-02-11 09:53:20,2026-02-11 10:00:27,1.25,6.65,0.4
18150753,"[속보] 국방부, '12·3 비상계엄 연루' 주성운 지작사령관 직무배제",id:fantak,2026-02-12 11:20:53,5,5,2,2026-02-12 11:21:48,2026-02-12 12:57:13,0.9166666666666666,5.966666666666667,0.4
18150922,(pic) 손가혁이 나댈수록 더민주 고관여 지지층은 이재명을 떠납니다.,id:deportivo7,2026-02-12 13:47:02,5,5,2,2026-02-12 13:47:53,2026-02-12 13:54:42,0.85,5.283333333333333,0.4
18151112,뉴이재명은 누구 머리에서 나왔지?,id:malwool,2026-02-12 15:54:46,5,5,2,2026-02-12 15:56:34,2026-02-12 16:01:44,1.8,5.033333333333333,0.4
18153000,뉴이재명 용어도 관종스럽던데 ㅋㅋㅋㅋ,id:rukk7812,2026-02-15 10:19:02,5,5,2,2026-02-15 10:20:43,2026-02-15 10:36:43,1.6833333333333333,6.6,0.4
18153380,"2분뉴스) 뇌피셜 현상황 분석, 부재_이언주를 쳐내기 어려운 이유",id:roe2k,2026-02-15 23:24:39,5,4,2,2026-02-15 23:27:12,2026-02-15 23:40:18,2.55,10.183333333333334,0.4
18153503,뉴 이재명? ㄴㄴ 뉴가혁,id:hyeok497,2026-02-16 11:22:52,5,5,2,2026-02-16 11:24:24,2026-02-16 12:49:11,1.5333333333333334,7.916666666666667,0.4
18153604,옛날에 국민의당 청당할때 어떤 사람들이 했던말이,id:YoLaTengo,2026-02-16 14:23:48,5,4,2,2026-02-16 14:24:37,2026-02-16 15:13:10,0.8166666666666667,13.766666666666667,0.4
18154248,"정준희 교수는 ""뉴이재명""을 위험한 징조이고 개소리라고",id:bulbol,2026-02-17 10:02:29,5,5,2,2026-02-17 10:04:57,2026-02-17 10:51:18,2.466666666666667,23.85,0.4
18154335,pic)정준희가 말하는 뉴이재명,id:bulbol,2026-02-17 11:29:06,5,5,2,2026-02-17 11:29:30,2026-02-17 11:52:22,0.4,9.966666666666667,0.4
18155195,뉴이재명이란 집단이 '문재인탓' 우산 아래 모인 잡탕 집단 같음,id:ejirall,2026-02-18 11:00:35,5,5,2,2026-02-18 11:01:36,2026-02-18 11:12:23,1.0166666666666666,8.85,0.4
18155199,교실로 번진 '윤 어게인'‥위험한 정치 놀이,id:tkrhdgus1,2026-02-18 11:04:54,5,5,2,2026-02-18 11:08:28,2026-02-18 11:12:29,3.566666666666667,5.266666666666667,0.4
18158641,검찰개혁은 결국 이재명대통령 뜻대로 갈것같지 않나요?,id:bookae1,2026-02-22 19:03:31,5,5,2,2026-02-22 19:04:24,2026-02-22 19:56:08,0.8833333333333333,6.816666666666666,0.4
18160568,오창석이나 이동형이나 점점 좆될거 같으니 발빼는 ㅋㅋ,id:juventus82,2026-02-24 15:59:14,5,5,2,2026-02-24 15:59:53,2026-02-24 16:12:34,0.65,5.066666666666666,0.4
18160573,"[속보] '자사주 의무 소각' 3차 상법 개정안, 본회의 상정…국민의힘 필리버스터 돌입",id:bvbreus11,2026-02-24 16:01:31,5,5,2,2026-02-24 16:01:59,2026-02-24 16:29:08,0.4666666666666667,5.25,0.4
18160755,개혁을 원하면 민주당 지지하면 안됩니다,id:makaloni,2026-02-24 19:43:47,5,5,2,2026-02-24 19:46:18,2026-02-24 20:10:25,2.5166666666666666,15.4,0.4
18160872,정규재가 저래 빨아주는데 유시민 같은 게 떠드는게 얼마나 같잖아 보였을까? ㅋㅋ,id:horizon,2026-02-24 22:01:19,5,5,2,2026-02-24 22:01:55,2026-02-24 22:57:52,0.6,9.083333333333334,0.4
18161480,그래도 눈치 보고 런 하는 애들은 선녀라고 봐야죠.,id:lfcthismeans,2026-02-25 14:54:09,5,5,2,2026-02-25 14:58:04,2026-02-25 15:26:05,3.9166666666666665,6.766666666666667,0.4
18170153,법사위원들도 이재명한테는 말 못함,id:bulbol,2026-03-05 17:25:59,5,5,2,2026-03-05 17:27:58,2026-03-05 19:32:18,1.9833333333333334,6.3,0.4
18170272,이재명이 진짜 잘못된 길을 가는군요…,id:Clocks,2026-03-05 18:57:23,5,5,2,2026-03-05 18:58:12,2026-03-05 19:16:59,0.8166666666666667,6.333333333333333,0.4
18171636,검찰개악이 통과된다면 우리는 어떡해야 할까요,id:sdh90,2026-03-06 18:52:10,5,5,2,2026-03-06 18:53:04,2026-03-06 19:23:56,0.9,6.033333333333333,0.4
18172060,소득세 과세표준도 손질한다더니 소식이 없음,id:toninho07,2026-03-07 10:18:17,5,4,2,2026-03-07 10:20:59,2026-03-07 11:16:17,2.7,18.433333333333334,0.4
18173434,2분뉴스의 유튜브 영상,id:mrnohsr,2026-03-08 11:48:24,5,4,2,2026-03-08 11:52:09,2026-03-08 11:59:18,3.75,6.633333333333334,0.4
18175125,Pic) 싸줄에서 이재명 제대로 밀어주기 시작한 시기,id:hyeok497,2026-03-09 18:43:15,5,5,2,2026-03-09 18:44:18,2026-03-09 19:26:44,1.05,5.083333333333333,0.4
18176171,심지어 저 조차 설 연휴 전 까지는 흐린 눈에 가까웠어요.,id:lfcthismeans,2026-03-10 15:15:38,5,5,2,2026-03-10 15:18:29,2026-03-10 15:36:59,2.85,7.116666666666666,0.4
18177624,개인적으로 이재명 정부와 문재인 정부에서 눈에 띄는 점,id:bluepillz,2026-03-11 18:22:11,5,5,2,2026-03-11 18:22:38,2026-03-11 19:07:34,0.45,6.2,0.4
18178286,김용남 공소청 쉴드 하려고 겸공 나왔는데…,id:wind1123,2026-03-12 08:31:24,5,5,2,2026-03-12 08:32:52,2026-03-12 10:04:14,1.4666666666666666,8.433333333333334,0.4
18179367,허은아의 말이 떠오릅니다 ' 이대로만 하면 절대 망할일 없다 ',id:modern21,2026-03-13 09:48:08,5,5,2,2026-03-13 09:49:27,2026-03-13 09:57:41,1.3166666666666667,7.95,0.4
18179443,싸줄이 꽤 강하게 비토해서 그렇지 민주지지층 커뮤,id:impactx84,2026-03-13 11:06:28,5,5,2,2026-03-13 11:07:41,2026-03-13 11:38:29,1.2166666666666666,9.0,0.4
18180435,딴지에서 이동형이 문재인 첫 대선 패배후 인터뷰 파묘했는데,id:bulbol,2026-03-14 09:30:45,5,5,2,2026-03-14 09:33:28,2026-03-14 09:45:58,2.716666666666667,6.2,0.4
18180535,요즘 이재명 욕하니 발끈해서 글쓰는 상당수가 평소에도 자주 보는 사람들인지라,id:rukk7812,2026-03-14 11:05:57,5,5,2,2026-03-14 11:06:56,2026-03-14 11:35:03,0.9833333333333333,6.416666666666667,0.4
18185477,몇일도 못 기다리네,id:dleoduq1234,2026-03-18 08:59:43,5,5,2,2026-03-18 09:01:17,2026-03-18 10:02:22,1.5666666666666667,5.3,0.4
18187848,개인적인 권순표 손절 포인트들,id:hyeok497,2026-03-19 19:34:34,5,5,2,2026-03-19 19:35:34,2026-03-19 19:55:57,1.0,11.066666666666666,0.4
18189238,민주계열 투표 안해본게 이명박 정동영 대선..,id:rukk7812,2026-03-20 21:40:32,5,5,2,2026-03-20 21:41:37,2026-03-20 21:51:46,1.0833333333333333,5.15,0.4
18191155,예전에 왜 민주당은 집권하면 공신들 안챙기냐는 말 많았죠,id:Clocks,2026-03-22 20:09:03,5,5,2,2026-03-22 20:10:47,2026-03-22 20:52:06,1.7333333333333334,11.05,0.4
18193549,조국대표의 정치력이라는건 이미 총선으로 검증된거 아닌가,id:modern21,2026-03-25 18:32:24,5,5,2,2026-03-25 18:33:36,2026-03-25 18:45:24,1.2,5.85,0.4
18198390,김부겸 대구시장 되도 민주당 경선에서 될일은 거의 없을텐데 문제는,id:whddlqlgodrl,2026-03-30 21:47:25,5,5,2,2026-03-30 21:47:56,2026-03-30 22:22:35,0.5166666666666667,10.783333333333333,0.4
18198391,여전한 한동훈 말투,id:pearson19,2026-03-30 21:48:24,5,5,2,2026-03-30 21:51:51,2026-03-30 22:17:05,3.45,15.9,0.4
18199071,솔직히 이재명 대통령이 자영업자 출구 마련 이거만 해도 진짜...,id:toninho07,2026-03-31 17:26:40,5,4,2,2026-03-31 17:29:30,2026-03-31 18:11:50,2.8333333333333335,5.416666666666667,0.4
18202563,"김부겸 지지' 선언 홍준표…""보수·진보 얽매이지 않을 것""",id:bulbol,2026-04-04 13:38:17,5,5,2,2026-04-04 13:41:26,2026-04-04 14:03:10,3.15,5.05,0.4
18206165,추미애의 학습능력을 믿는다는 한준호 말이 왜케 웃기지 ㅋㅋㅋㅋㅋ,id:rukk7812,2026-04-08 19:23:09,5,5,2,2026-04-08 19:25:24,2026-04-08 19:53:13,2.25,5.133333333333334,0.4
18207874,"[속보] 카말라 해리스, 2028년 미국 대선 출마 시사",id:6830,2026-04-11 08:10:30,5,5,2,2026-04-11 08:11:41,2026-04-11 08:45:02,1.1833333333333333,5.2,0.4
18210902,김재연 진보당 이놈들 뻔함 ㅋㅋㅋ 양보하라고 겁나 언플하고 징징거릴라 했는데,id:kokomong,2026-04-14 12:09:51,5,5,2,2026-04-14 12:12:21,2026-04-14 12:18:23,2.5,5.816666666666666,0.4
18211480,(pic) 이제와서 검찰개혁이 낡은 구호라는 얘긴 좀 많이 짜치는데 ㅋㅋㅋ,id:stynerkn,2026-04-14 23:57:47,5,5,2,2026-04-14 23:58:43,2026-04-15 00:59:50,0.9333333333333333,7.616666666666666,0.4
18213625,"짬통: 실권 없는 고문 자리 하나 , 발정:총리확약 ㅎㅎ -결국 파토나는 그림 바라봅니다",id:horizon,2026-04-17 11:57:56,5,5,2,2026-04-17 11:59:47,2026-04-17 12:13:17,1.85,5.166666666666667,0.4
18222227,요즘 이재명은 정이 안 가지만 김혜경 여사는 활기찬게 보기 좋네요.,id:rukk7812,2026-04-27 18:06:10,5,5,2,2026-04-27 18:06:46,2026-04-27 18:22:03,0.6,7.45,0.4
18222325,조국 대표 출마여부에 관계없이 평택에는 공천하면 안되는거에요,id:dlawls,2026-04-27 19:59:24,5,5,2,2026-04-27 20:00:25,2026-04-27 20:14:30,1.0166666666666666,6.466666666666667,0.4
18222725,뿌리를 생각하면 노무현을 언급하는 건 모순 아닌가?,id:sounited13,2026-04-28 12:42:16,5,5,2,2026-04-28 12:43:03,2026-04-28 13:45:00,0.7833333333333333,7.616666666666666,0.4
18223124,[단독]“2018년보다 국정 지지율 낮아 생각보다 빡빡한 선거될 수도”민주당 ‘내부 단속,id:osodos,2026-04-28 18:44:22,5,5,2,2026-04-28 18:46:32,2026-04-28 20:01:40,2.1666666666666665,47.93333333333333,0.4
18228080,한동훈 이번 선거 이기면 꽤 강력해질텐데,id:whddlqlgodrl,2026-05-04 21:25:56,5,5,2,2026-05-04 21:28:29,2026-05-04 22:21:15,2.55,12.0,0.4
18105045,"신원식 ""술자리 얘기라더니 계엄 선포... 윤석열에 크게 실망""",id:pearson19,2025-12-22 20:52:11,6,6,2,2025-12-22 20:52:58,2025-12-22 21:44:41,0.7833333333333333,6.758333333333333,0.3333333333333333
18107007,"박지원, 김병기 겨냥 “보좌진 탓 말고 본인 처신 돌아봐야”",id:naco16,2025-12-25 12:50:29,6,6,2,2025-12-25 12:53:02,2025-12-25 13:08:52,2.55,6.383333333333333,0.3333333333333333
18107789,"[속보] 특검, 尹 대선후보 때 허위발언 혐의도 기소…공직선거법 위반",id:bvbreus11,2025-12-26 16:49:14,6,6,2,2025-12-26 16:49:45,2025-12-26 17:03:06,0.5166666666666667,6.808333333333334,0.3333333333333333
18112164,"#3. 이재명 대통령님, 그들은 당신을 끝까지 지켜주지 않습니다.",id:bluepillz,2025-12-31 00:10:39,6,6,2,2025-12-31 00:13:38,2025-12-31 10:42:25,2.9833333333333334,15.683333333333334,0.3333333333333333
18114187,이재명이나 비서실에서 김병기건에 미온적이었던게 조금 이해가 되긴 함..,id:big4587,2026-01-02 13:00:49,6,5,2,2026-01-02 13:03:41,2026-01-02 19:55:08,2.8666666666666667,100.25,0.3333333333333333
18114394,"[속보]법원, 윤석열 추가 구속영장 발부…""증거인멸 염려""",id:traum0105,2026-01-02 18:14:28,6,6,2,2026-01-02 18:15:56,2026-01-02 19:11:16,1.4666666666666666,23.441666666666666,0.3333333333333333
18116871,"노인층들 돌아가시면 국힘도, 극우도 망할거라 생각했는데",id:PhDinssajul,2026-01-05 21:01:50,6,6,2,2026-01-05 21:02:45,2026-01-06 00:37:22,0.9166666666666666,8.583333333333332,0.3333333333333333
18122300,이재명 패악질부렸던 과거에 대해 싸재들에게 가장 이해할 수 없는 점이,id:addedtime,2026-01-12 15:38:49,6,6,2,2026-01-12 15:42:18,2026-01-12 15:57:05,3.4833333333333334,9.658333333333333,0.3333333333333333
18123814,검찰개혁법 정부안 주동자들 현황,id:xxvxx,2026-01-13 18:54:53,6,6,2,2026-01-13 18:57:23,2026-01-13 19:21:37,2.5,9.733333333333334,0.3333333333333333
18125007,"pic)이재성 민주당 지역위원장, 부산시장되면 다대포 디즈니랜드 유치할 터.",id:vincent85,2026-01-14 22:03:49,6,6,2,2026-01-14 22:05:27,2026-01-15 01:16:30,1.6333333333333333,13.633333333333333,0.3333333333333333
18131562,조국 대표 합당제안에 대한 입장문 전문,id:lh1440,2026-01-22 10:55:13,6,6,2,2026-01-22 10:57:42,2026-01-22 11:15:04,2.4833333333333334,6.925000000000001,0.3333333333333333
18133477,한동훈 같이 정치 감각 없는놈은 또 처음 봅니다.,id:KINGBATI,2026-01-24 17:27:16,6,6,2,2026-01-24 17:28:08,2026-01-24 17:37:30,0.8666666666666667,5.666666666666667,0.3333333333333333
18133499,아래 문조털래 검색해보면 공통점이 있음,id:impactx84,2026-01-24 17:51:54,6,6,2,2026-01-24 17:55:52,2026-01-24 18:01:02,3.966666666666667,6.325,0.3333333333333333
18134348,Pic)이재명 대통령 페북,id:regions,2026-01-25 21:15:38,6,6,2,2026-01-25 21:19:56,2026-01-25 21:49:19,4.3,15.816666666666666,0.3333333333333333
18141746,지금 신호가 심각한게 김민석 우상호보면 계속 정리 해주는데,id:alfatini,2026-02-03 12:46:12,6,6,2,2026-02-03 12:49:50,2026-02-03 13:34:44,3.6333333333333333,15.016666666666666,0.3333333333333333
18142888,민주당(일부) 개같은 샠기들은 조국이 지들 대신,id:Volvo,2026-02-04 19:06:56,6,6,2,2026-02-04 19:09:25,2026-02-04 19:36:54,2.4833333333333334,5.966666666666667,0.3333333333333333
18143513,"[속보]서울고법 내란재판부 '윤성식·민성철·이동현', '이승철·조진구·김민아' 부장판사",id:fantak,2026-02-05 14:40:10,6,6,2,2026-02-05 14:42:16,2026-02-05 16:37:32,2.1,8.291666666666668,0.3333333333333333
18144324,아오 김민석 인터뷰 1배속으로 듣기 너무 힘드네요,id:grit,2026-02-06 15:12:26,6,6,2,2026-02-06 15:14:51,2026-02-06 15:57:17,2.4166666666666665,6.0,0.3333333333333333
18145374,청와대 특검 관련 언론 플레이가 진짜 코메디 인게 이겁니다,id:solution78,2026-02-07 22:57:15,6,5,2,2026-02-07 22:58:51,2026-02-07 23:13:26,1.6,10.658333333333333,0.3333333333333333
18145942,어제도 말했지만 저는 이런 구도를 처음 봄.,id:bulbol,2026-02-08 14:59:16,6,6,2,2026-02-08 15:02:06,2026-02-08 15:18:31,2.8333333333333335,5.816666666666666,0.3333333333333333
18146904,"조국 ""'코스피 5000' 온기 대다수 국민에 닿지 못해‥정치의 실패""",id:tkrhdgus1,2026-02-09 13:15:01,6,6,2,2026-02-09 13:18:05,2026-02-09 16:50:39,3.066666666666667,7.324999999999999,0.3333333333333333
18150296,강득구 페북에 대해 언급한 민주당 의원들 있나요,id:bulbol,2026-02-11 20:27:34,6,6,2,2026-02-11 20:28:28,2026-02-11 21:07:34,0.9,12.024999999999999,0.3333333333333333
18152031,"검찰개혁 문제로 까는건 당연한데 은근슬쩍 부동산,주식 정책도 별로다 이러고있음",id:sanapati,2026-02-13 17:34:10,6,5,2,2026-02-13 17:35:15,2026-02-13 19:07:37,1.0833333333333333,11.274999999999999,0.3333333333333333
18152463,"[속보] 장동혁, 조희대에 ""나라 살리려면 이재명 관련 재판 속개해야""",id:6830,2026-02-14 11:50:07,6,6,2,2026-02-14 11:51:32,2026-02-14 12:50:21,1.4166666666666667,9.383333333333333,0.3333333333333333
18154676,개인적으로 문대통령이 집권중에 까이게 된 큰 이유중에 하나가,id:say1673,2026-02-17 18:18:08,6,6,2,2026-02-17 18:20:37,2026-02-17 19:37:23,2.4833333333333334,9.55,0.3333333333333333
18154901,문재인을 싫어하는 사람들에 대해서 개인적인 생각을 하자면요.,id:hodoeel,2026-02-17 21:54:06,6,6,2,2026-02-17 21:58:13,2026-02-17 22:17:28,4.116666666666666,6.125,0.3333333333333333
18156732,"pic) 내란전담재판부의 윤석열 2심도 안심할 수 없는 이유.jpg (추미애,최강욱)",id:fantak,2026-02-19 21:26:36,6,6,2,2026-02-19 21:29:35,2026-02-19 22:13:45,2.9833333333333334,19.041666666666664,0.3333333333333333
18156840,"도올, 김갑수 이 두 양반들 참... ㅋㅋㅋ",id:lhw8694,2026-02-20 01:18:50,6,6,2,2026-02-20 01:21:24,2026-02-20 08:05:37,2.566666666666667,18.549999999999997,0.3333333333333333
18158908,이대통령 당선확정 당일인가 다음날인가 글썼던거같은데 이번정부는,id:modern21,2026-02-22 23:58:24,6,6,2,2026-02-23 00:01:53,2026-02-23 01:31:00,3.4833333333333334,13.508333333333333,0.3333333333333333
18160572,이러면 차기는 조국일 수 밖에 없음,id:ffk12349,2026-02-24 16:00:35,6,6,2,2026-02-24 16:01:34,2026-02-24 17:52:59,0.9833333333333333,14.783333333333333,0.3333333333333333
18160643,민주당 의원들이 과연 국힘해체 내란극복을 바랄까요?,id:gerrard88,2026-02-24 17:33:09,6,6,2,2026-02-24 17:36:07,2026-02-24 17:46:13,2.966666666666667,6.4,0.3333333333333333
18162341,"Pic) 이재명 대통령, “뉴 이재명” 관련 기사 리트윗",id:hyeok497,2026-02-26 14:51:43,6,6,2,2026-02-26 14:53:47,2026-02-26 15:09:38,2.066666666666667,6.45,0.3333333333333333
18162585,박은정 의원이 기권한 이유.,id:cytokine1234,2026-02-26 19:37:06,6,6,2,2026-02-26 19:39:52,2026-02-26 19:53:28,2.7666666666666666,8.9,0.3333333333333333
18164253,"장동혁 ""李대통령 만나야 하는데 집이 안팔려 걱정…오피스텔 매수자 찾는다""",id:pucrinyesir,2026-02-28 17:57:25,6,6,2,2026-02-28 17:58:47,2026-02-28 19:48:22,1.3666666666666667,30.616666666666667,0.3333333333333333
18169590,"이재명은 매일 넷여론을 살핍니다, 기름 가격에 대해 지시한거 보면",id:blue123,2026-03-05 11:09:43,6,6,2,2026-03-05 11:10:02,2026-03-05 11:31:46,0.31666666666666665,5.975,0.3333333333333333
18170855,이 정부는 주식으로 흥해 주식으로 망할 것입니다.,id:Mkisduchang,2026-03-06 00:02:24,6,6,2,2026-03-06 00:03:25,2026-03-06 00:37:10,1.0166666666666666,5.6083333333333325,0.3333333333333333
18174161,이언주 저 발언 어떻게 반응하는지 보고 마음에 안들면 투표안함,id:zkdltmffks,2026-03-08 22:57:36,6,6,2,2026-03-08 23:00:25,2026-03-08 23:23:43,2.816666666666667,10.366666666666667,0.3333333333333333
18174209,민주당의원들 탈당하고 조국당 이적이 필요합니다,id:rera,2026-03-09 00:49:17,6,6,2,2026-03-09 00:51:03,2026-03-09 01:40:45,1.7666666666666666,6.858333333333333,0.3333333333333333
18175388,당장 저만 해도 한 5일 전만 해도 이재명 거의 안 깠었음,id:rukk7812,2026-03-09 23:00:43,6,6,2,2026-03-09 23:01:30,2026-03-09 23:35:43,0.7833333333333333,8.633333333333333,0.3333333333333333
18176340,지금 기득권 언론은 이례적으로 이재명 편을 들고 있음 의도적으로 '강경파' 운운하며,id:ninety5mph,2026-03-10 18:27:01,6,6,2,2026-03-10 18:28:00,2026-03-10 18:36:01,0.9833333333333333,6.458333333333334,0.3333333333333333
18177579,싸줄러들은 잼통수의 진짜 이유를 어떻게 추정합니까?,id:twinpeaks1,2026-03-11 17:45:08,6,6,2,2026-03-11 17:48:01,2026-03-11 18:12:19,2.8833333333333333,7.491666666666667,0.3333333333333333
18187838,국민의힘 “호르무즈 해협 파병하자”,id:umamusume,2026-03-19 19:30:13,6,6,2,2026-03-19 19:31:22,2026-03-19 19:51:22,1.15,8.741666666666667,0.3333333333333333
18192610,박은정 누님은 지역구 갈만한데가 마땅치 않네요....,id:hypeboy,2026-03-24 16:31:37,6,6,2,2026-03-24 16:34:18,2026-03-24 16:42:49,2.683333333333333,7.808333333333334,0.3333333333333333
18193481,pic)문재인 대통령과 나의 공통점,id:hypeboy,2026-03-25 16:56:29,6,6,2,2026-03-25 16:57:47,2026-03-25 17:10:33,1.3,9.408333333333333,0.3333333333333333
18194246,정청래 발언도 그렇고 당내에서는 보완수사 요구권만 부여하는 방향으로 간다고 했는데,id:zero080,2026-03-26 14:14:46,6,6,2,2026-03-26 14:16:20,2026-03-26 14:47:24,1.5666666666666667,14.058333333333334,0.3333333333333333
18194270,[GIF] 섹백좌가 드디어 공개한 친문부활의 강력한 증거,id:stynerkn,2026-03-26 14:46:44,6,6,2,2026-03-26 14:47:34,2026-03-26 16:30:22,0.8333333333333334,10.241666666666667,0.3333333333333333
18194984,pic) 뉴뮨파로 진화하고 있는 뉴재명,id:qhdtlsdl,2026-03-27 11:56:25,6,6,2,2026-03-27 11:57:54,2026-03-27 12:18:12,1.4833333333333334,6.758333333333333,0.3333333333333333
18205479,부산 대표 소주는 대선이 아니였던건가요,id:PhDinssajul,2026-04-07 23:53:49,6,6,2,2026-04-07 23:56:14,2026-04-08 09:09:32,2.4166666666666665,18.066666666666666,0.3333333333333333
18206781,"오창석, 유시민을 앞에 두고 曰 문재인 정부가 부(부동산)를 죄악시 하는 게 싫었다.",id:Tenhag,2026-04-09 15:21:06,6,6,2,2026-04-09 15:21:44,2026-04-09 15:53:36,0.6333333333333333,13.024999999999999,0.3333333333333333
18209098,(pic) 아랫글 보고 이재명 x가봄,id:htht709,2026-04-12 12:26:56,6,5,2,2026-04-12 12:28:25,2026-04-12 12:52:50,1.4833333333333334,13.416666666666666,0.3333333333333333
18211046,"pic) 尹, 김건희 들어오자 '시선 고정'→미소...8개월 만에 법정서 재회",id:snap23,2026-04-14 15:09:14,6,6,2,2026-04-14 15:11:03,2026-04-14 16:00:06,1.8166666666666667,8.25,0.3333333333333333
18213858,전월세가 진짜 어떻게될지 너무 무섭네요,id:kim2pac,2026-04-17 16:08:40,6,6,2,2026-04-17 16:10:13,2026-04-17 16:32:16,1.55,9.125,0.3333333333333333
18222111,김용남 저 새ㄲ ㅣ 도 뉴재명 세미나 가서 좋다고 박수치고 온 놈이라니까요 ㅋ,id:horizon,2026-04-27 14:51:28,6,6,2,2026-04-27 14:54:24,2026-04-27 15:14:30,2.933333333333333,8.208333333333334,0.3333333333333333
18104655,나경원에 ‘천정궁 갔나’ 또 물어도 “그건 핵심 아냐”,id:bulbol,2025-12-22 13:19:08,7,7,2,2025-12-22 13:20:11,2025-12-22 14:25:54,1.05,9.466666666666667,0.2857142857142857
18110390,"추경호, 대구시장 출마 선언…“특검 정치탄압 심판 아닌 대구시민 심판 받겠다”",id:naco16,2025-12-29 13:10:39,7,7,2,2025-12-29 13:13:06,2025-12-29 13:28:05,2.45,7.066666666666666,0.2857142857142857
18112499,대통령의 이번 인사관련해 욕먹을거 알고 쓰는 글(많이 긍정 희망 회로),id:byh3718,2025-12-31 10:42:11,7,7,2,2025-12-31 10:45:17,2025-12-31 11:59:31,3.1,10.716666666666667,0.2857142857142857
18113316,제가 국민의힘이라면 이혜훈을 이렇게 공격할 겁니다,id:juventus82,2026-01-01 00:19:46,7,7,2,2026-01-01 00:20:47,2026-01-01 07:10:37,1.0166666666666666,32.35,0.2857142857142857
18116212,"pic) 이재명정부 6개월, 국가적 위상변화 여조",id:fantak,2026-01-05 09:22:44,7,7,2,2026-01-05 09:24:46,2026-01-05 09:46:45,2.033333333333333,22.266666666666666,0.2857142857142857
18116589,pic) 이재명 포트폴리오.jpg (펌),id:bald80,2026-01-05 16:19:43,7,7,2,2026-01-05 16:22:29,2026-01-06 00:02:13,2.7666666666666666,13.366666666666667,0.2857142857142857
18133387,제3자 입장에서 조국혁신당 민주당 합당,id:rascol,2026-01-24 14:36:02,7,7,2,2026-01-24 14:38:32,2026-01-24 16:42:12,2.5,10.2,0.2857142857142857
18134764,pic) 오늘자 갈때까지 가버린 데일리안 칼럼.jpg,id:fantak,2026-01-26 08:42:57,7,7,2,2026-01-26 08:45:07,2026-01-26 09:59:20,2.1666666666666665,7.533333333333333,0.2857142857142857
18143338,저는 합당 반대하는 입장입니다,id:klay5587,2026-02-05 11:09:50,7,7,2,2026-02-05 11:12:19,2026-02-05 11:56:45,2.4833333333333334,14.033333333333333,0.2857142857142857
18143801,pic)이언주: 친문패권주의 때문에 민주당 나갔다!!,id:bundes1,2026-02-05 21:18:13,7,6,2,2026-02-05 21:20:16,2026-02-06 00:38:57,2.05,7.216666666666667,0.2857142857142857
18151181,스압) 싸줄에서 김우영의원이 뉴탐사에 나와서 헛소리했다고들 하시길래 찾아보니 어질어질하네요,id:masok01,2026-02-12 17:16:12,7,7,2,2026-02-12 17:17:16,2026-02-12 17:34:06,1.0666666666666667,7.516666666666667,0.2857142857142857
18151199,펨코 가보면 호불호가 희한함,id:blue123,2026-02-12 17:34:05,7,7,2,2026-02-12 17:35:45,2026-02-12 18:02:37,1.6666666666666667,8.333333333333334,0.2857142857142857
18151365,내가 생각하는 이동형 심리,id:jinydesign,2026-02-12 21:39:02,7,7,2,2026-02-12 21:40:25,2026-02-13 08:20:36,1.3833333333333333,5.45,0.2857142857142857
18152867,이언주 설치다가 파묘 당하고 있는데 잇박견들 논리,id:solution78,2026-02-14 22:46:12,7,7,2,2026-02-14 22:48:38,2026-02-14 23:54:11,2.433333333333333,37.38333333333333,0.2857142857142857
18159298,"김병주, 경기지사 출마 철회…""최고위원 사퇴 후 당 상황 보며 반성""",id:FeelingGood,2026-02-23 11:06:02,7,7,2,2026-02-23 11:07:02,2026-02-23 11:20:21,1.0,8.733333333333333,0.2857142857142857
18160090,전한길 콘서트 나가리 됨,id:blue123,2026-02-23 23:41:59,7,7,2,2026-02-23 23:43:31,2026-02-24 00:17:27,1.5333333333333334,10.8,0.2857142857142857
18160978,윤석열이 대놓고 당무개입해서 심각성을 다들 잊은 것 같음,id:Necovv,2026-02-24 23:57:34,7,7,2,2026-02-24 23:58:01,2026-02-25 08:50:40,0.45,8.0,0.2857142857142857
18162131,[오늘자 전국지표조사] 이재명 67 / 민주 45 국힘 17 조국 4 준천지 3,id:fantak,2026-02-26 11:04:25,7,7,2,2026-02-26 11:06:38,2026-02-26 11:19:34,2.216666666666667,6.433333333333334,0.2857142857142857
18162452,한동훈이가 주호영이나 추경호 지역구 출마 예정이라는데 과연 이 인간이?ㅋㅋㅋ,id:hanlobby,2026-02-26 16:29:32,7,7,2,2026-02-26 16:31:49,2026-02-26 18:18:27,2.283333333333333,7.283333333333333,0.2857142857142857
18163038,"[속보] 민주당 최고위, 송영길 전 대표 복당 의결",id:rukk7812,2026-02-27 11:15:20,7,7,2,2026-02-27 11:16:20,2026-02-27 11:46:27,1.0,13.65,0.2857142857142857
18172264,정청래도 지 자리 지키고자 이재명에게 기는거 소름돋네,id:FeelingGood,2026-03-07 13:51:27,7,7,2,2026-03-07 13:52:09,2026-03-07 17:48:16,0.7,8.6,0.2857142857142857
18179234,정말로 이재명은 민생관련만 챙기고,id:dlawls,2026-03-13 00:06:46,7,7,2,2026-03-13 00:08:35,2026-03-13 01:37:34,1.8166666666666667,23.033333333333335,0.2857142857142857
18187919,"박시영tv, ""뉴스공장을 보이콧 해야 한다, 적절한 타이밍을 보고 있었던 거에요""",id:oasiticjoo19,2026-03-19 20:54:38,7,7,2,2026-03-19 20:56:44,2026-03-19 21:07:19,2.1,7.183333333333334,0.2857142857142857
18188217,잘 보면 친명들 생각이 유사 합니다.,id:bulbol,2026-03-20 06:58:18,7,5,2,2026-03-20 07:00:39,2026-03-20 07:29:42,2.35,16.7,0.2857142857142857
18189284,이재명 대통령은 레알로다가 섭정해야 돼요,id:Tenhag,2026-03-20 22:23:22,7,7,2,2026-03-20 22:25:54,2026-03-20 23:09:20,2.533333333333333,5.333333333333333,0.2857142857142857
18189624,이재명이 생각 바꾼 이유는 단 한가지,id:hypeboy,2026-03-21 10:13:13,7,7,2,2026-03-21 10:14:03,2026-03-21 10:38:57,0.8333333333333334,9.416666666666666,0.2857142857142857
18193663,오윤혜만 봐도 지금 '연임설' 이 존나 자연스러워요.,id:lfcthismeans,2026-03-25 20:32:11,7,7,2,2026-03-25 20:33:58,2026-03-25 21:16:07,1.7833333333333334,6.566666666666666,0.2857142857142857
18200313,이명박도 인정한,id:joohakmoo,2026-04-01 17:08:37,7,7,2,2026-04-01 17:10:11,2026-04-01 18:05:19,1.5666666666666667,7.233333333333333,0.2857142857142857
18201486,이재명은 한준호 경기도지사를 엄청 원할 겁니다.,id:rukk7812,2026-04-02 21:07:25,7,7,2,2026-04-02 21:09:28,2026-04-03 03:57:02,2.05,8.583333333333334,0.2857142857142857
18202031,[다소 대선] 군생활 할때 17대 대선을 했는데 그때 mb 뽑은 아이들 많았네요,id:sof8,2026-04-03 16:02:18,7,7,2,2026-04-03 16:04:10,2026-04-03 16:28:55,1.8666666666666667,6.316666666666666,0.2857142857142857
18205485,"(정치)나오라는 포스트 김대중, 노무현, 문재인은 안나오고",id:mhp3rd,2026-04-08 00:05:43,7,7,2,2026-04-08 00:06:32,2026-04-08 01:51:59,0.8166666666666667,24.416666666666668,0.2857142857142857
18207927,(jpg) 날벼락 맞은 외교부,id:chun1149,2026-04-11 10:01:12,7,7,2,2026-04-11 10:04:44,2026-04-11 20:45:31,3.533333333333333,17.983333333333334,0.2857142857142857
18209412,이재명의 낚시질 한번이 월척이라고 하고 있음,id:htht709,2026-04-12 18:50:21,7,7,2,2026-04-12 18:51:54,2026-04-12 19:55:59,1.55,13.466666666666667,0.2857142857142857
18216742,대구 디비질까요? 대구 사람 30명에게 물어봤다,id:ehdtks9286,2026-04-20 14:47:40,7,7,2,2026-04-20 14:51:38,2026-04-20 15:40:16,3.966666666666667,13.75,0.2857142857142857
18217908,jpg) 문재인 대통령 잡으려 36개월간 괴롭힘,id:bugfix,2026-04-22 07:22:33,7,7,2,2026-04-22 07:24:26,2026-04-22 23:35:43,1.8833333333333333,113.75,0.2857142857142857
18217969,두들겨 팬다고 인간이 바뀌지를 않음.,id:childpicture,2026-04-22 09:41:11,7,7,2,2026-04-22 09:42:49,2026-04-22 10:15:23,1.6333333333333333,8.9,0.2857142857142857
18226574,이재명은 일을 참 많이 하긴하는데 근데 대부분,id:koaie123,2026-05-03 12:26:24,7,7,2,2026-05-03 12:27:23,2026-05-03 18:32:22,0.9833333333333333,8.816666666666666,0.2857142857142857
18228008,요즘 느끼는건 조혁당이 오히려 민주당 같고 민주당은 그냥 잡탕밥인 기분,id:kokomong,2026-05-04 20:07:17,7,7,2,2026-05-04 20:08:24,2026-05-04 21:12:27,1.1166666666666667,8.0,0.2857142857142857
18102548,"이철우 경북지사 ""국힘이 지방선거 이겨, 무슨 사과를 하나""",id:ehdtks9286,2025-12-19 12:17:58,8,8,2,2025-12-19 12:19:18,2025-12-19 13:16:02,1.3333333333333333,17.941666666666666,0.25
18123619,"정청래 “검찰개혁 정부안, 국민눈높이 맞게 수정할 것…입법권, 국회에 있다”",id:naco16,2026-01-13 16:15:27,8,8,2,2026-01-13 16:18:37,2026-01-13 18:14:29,3.1666666666666665,18.083333333333332,0.25
18124302,속보] 국민의힘 윤리위 한동훈 제명 결정... 극심한 내홍 불가피,id:radioshot1,2026-01-14 00:58:13,8,8,2,2026-01-14 00:58:42,2026-01-14 05:27:14,0.48333333333333334,20.900000000000002,0.25
18129456,"pic) 국힘 박수영 ""장동혁 상태 악화… 한동훈, '동조 단식' 결기 보여야""",id:snap23,2026-01-20 12:36:21,8,8,2,2026-01-20 12:37:28,2026-01-20 19:07:32,1.1166666666666667,7.208333333333334,0.25
18134028,이혜훈 임명건으로 인해 확실히 드러난 부분,id:xxvxx,2026-01-25 15:03:14,8,8,2,2026-01-25 15:05:48,2026-01-26 10:36:39,2.566666666666667,56.349999999999994,0.25
18134402,이혜훈 지명철회 건에 부쳐...,id:sonhh,2026-01-25 22:39:59,8,8,2,2026-01-25 22:42:23,2026-01-26 06:33:40,2.4,12.483333333333334,0.25
18138336,Pic) 울산시장 더불어민주당 김상욱 1위,id:hyeok497,2026-01-30 08:33:42,8,8,2,2026-01-30 08:36:54,2026-01-30 09:45:52,3.2,10.925,0.25
18139361,다이소 매장서 'YOON AGAIN' 만들고 인증...온라인서 갑론을박,id:byh3718,2026-01-31 17:08:05,8,8,2,2026-01-31 17:09:36,2026-01-31 19:22:09,1.5166666666666666,6.166666666666667,0.25
18142873,민주당 당원 주권 정당으로 혁명적 전환점 jpg,id:solution78,2026-02-04 18:47:19,8,8,2,2026-02-04 18:48:28,2026-02-04 19:08:15,1.15,10.516666666666666,0.25
18146377,사실 이재명보다는 유시민이 대통령에 더 어울리는 인물임,id:ManU01,2026-02-08 22:54:11,8,8,2,2026-02-08 22:55:55,2026-02-08 23:40:17,1.7333333333333334,9.933333333333334,0.25
18150473,"김동연, 경기도지사 여론조사 민주 1위…국힘 유승민",id:osodos,2026-02-12 00:01:13,8,8,2,2026-02-12 00:03:33,2026-02-12 00:57:10,2.3333333333333335,25.78333333333333,0.25
18154386,주변의 정치 저관여층 중에서 이재명 지지하는 사람들,id:blue123,2026-02-17 12:45:50,8,8,2,2026-02-17 12:48:09,2026-02-17 14:02:36,2.316666666666667,10.4,0.25
18154638,실베 황현필씨 해명문(?) 읽어봤는데 딱 들어오는 한 문장,id:modern21,2026-02-17 17:36:22,8,8,2,2026-02-17 17:37:56,2026-02-17 22:24:42,1.5666666666666667,7.091666666666667,0.25
18163198,pic) MBN 피셜 뉴이재명,id:bulbol,2026-02-27 14:15:00,8,8,2,2026-02-27 14:16:11,2026-02-27 14:39:04,1.1833333333333333,11.466666666666667,0.25
18163859,자꾸 검찰개혁 관련해서 '정청래가 할꺼다' 댓글 다는 사람 있는데..,id:BlackEyes23,2026-02-28 11:54:08,8,8,2,2026-02-28 11:56:26,2026-02-28 12:36:24,2.3,9.683333333333334,0.25
18175782,장인수기자 폭로건은 일단 조금 더 지켜보는게 좋을듯 합니다,id:bookae1,2026-03-10 10:35:47,8,8,2,2026-03-10 10:40:20,2026-03-10 11:22:59,4.55,8.358333333333333,0.25
18178312,이재명은 알아야함 임기말에 지금 한짓 고대로 돌려받을거임,id:kokomong,2026-03-12 08:58:32,8,8,2,2026-03-12 08:59:51,2026-03-12 09:22:21,1.3166666666666667,13.116666666666667,0.25
18178531,요즘 박구용 보면 철학자가 너무 지나치다 싶음,id:solution78,2026-03-12 13:01:45,8,7,2,2026-03-12 13:02:37,2026-03-12 15:33:38,0.8666666666666667,8.2,0.25
18180508,진짜 차라리 이재명 구속되었어야 했네요,id:rera,2026-03-14 10:39:24,8,8,2,2026-03-14 10:40:25,2026-03-14 11:35:33,1.0166666666666666,7.991666666666667,0.25
18189207,제가 걱정하던게 겸공 매불쇼 제외하면 그 밑에 급들 다 뉴이재명류인데,id:Necovv,2026-03-20 21:04:01,8,8,2,2026-03-20 21:04:48,2026-03-20 21:33:52,0.7833333333333333,7.783333333333333,0.25
18189989,이재명 김남희 ㄱㅅ,id:bulbol,2026-03-21 16:47:01,8,8,2,2026-03-21 16:47:21,2026-03-21 18:53:25,0.3333333333333333,6.925,0.25
18190544,이동형이 유시민이나 김어준에게 '차라리 이재명을 까라'라는 말을 무심결에 했었는데,id:YoLaTengo,2026-03-22 02:48:41,8,8,2,2026-03-22 02:51:41,2026-03-22 10:40:23,3.0,51.18333333333334,0.25
18190945,검찰개혁 대통령 입장이 이랬을것이다 하며 자꾸 선의의 해석 하시는 분들이 있는데,id:luna7742,2026-03-22 16:14:47,8,8,2,2026-03-22 16:17:56,2026-03-22 21:06:32,3.15,19.825,0.25
18195553,근데 진심 이재명이 잘한거 있음?,id:htht709,2026-03-28 08:09:37,8,8,2,2026-03-28 08:11:37,2026-03-28 09:08:48,2.0,19.516666666666666,0.25
18202599,"pic) 민주당 지지층에서 김동연 36.3, 추미애 33.8",id:6830,2026-04-04 14:21:33,8,8,2,2026-04-04 14:24:23,2026-04-04 15:02:43,2.8333333333333335,9.508333333333333,0.25
18206562,저희 동네 시장 선거는 우려했던 길로 가네요.,id:dialine,2026-04-09 10:20:16,8,8,2,2026-04-09 10:22:10,2026-04-09 11:17:00,1.9,9.375,0.25
18107548,"특검, 윤석열 '체포방해 등' 혐의 총 징역 10년 구형",id:radioshot1,2025-12-26 11:16:16,9,9,2,2025-12-26 11:17:25,2025-12-26 17:25:47,1.15,19.783333333333335,0.2222222222222222
18128353,이혜훈 관련 청와대 입장,id:bulbol,2026-01-18 21:37:44,9,9,2,2026-01-18 21:38:04,2026-01-18 23:30:35,0.3333333333333333,21.516666666666666,0.2222222222222222
18132470,점심 일찍먹으면서 뉴스공장보는데 댓글창 욕이 80%이상은 되는거 같네,id:vnweq956,2026-01-23 12:03:25,9,9,2,2026-01-23 12:05:34,2026-01-23 12:30:29,2.15,7.066666666666666,0.2222222222222222
18147969,부동산)우려했던대로 다주택자 양도세 중과면제 종료는 또 개판이 되었습니다,id:qnflsdl,2026-02-10 13:08:18,9,9,2,2026-02-10 13:10:08,2026-02-10 21:56:47,1.8333333333333333,8.116666666666667,0.2222222222222222
18149545,상황 돌아가는거 보니까 이재명의 의지로 정청래를 찍어누르는 것은 아닌가 보네요~?,id:keias1024,2026-02-11 10:29:42,9,8,2,2026-02-11 10:31:48,2026-02-11 10:55:27,2.1,6.2,0.2222222222222222
18154534,자성이 필요한 시점입니다.,id:ttkwnffj,2026-02-17 15:38:17,9,9,2,2026-02-17 15:40:25,2026-02-18 19:05:39,2.1333333333333333,10.516666666666667,0.2222222222222222
18159903,민주당 의원들이 적반하장으로 나오는건,id:bulbol,2026-02-23 19:48:13,9,9,2,2026-02-23 19:49:36,2026-02-23 20:09:27,1.3833333333333333,9.216666666666667,0.2222222222222222
18172109,(pic) 혜경궁 아이디 이재명 자택서 로그인,id:deportivo7,2026-03-07 11:15:41,9,9,2,2026-03-07 11:16:15,2026-03-07 18:18:56,0.5666666666666667,337.56666666666666,0.2222222222222222
18175441,이재명 대통령의 X메시지는 ‘절절한 읍소’입니다.,id:bluepillz,2026-03-10 00:06:44,9,9,2,2026-03-10 00:08:42,2026-03-10 01:30:11,1.9666666666666666,7.5,0.2222222222222222
18188692,짬통령 이젠 좀 관심끄려 했더니 또 짜치는 행동하네,id:rukk7812,2026-03-20 12:26:33,9,9,2,2026-03-20 12:27:32,2026-03-20 12:58:42,0.9833333333333333,9.416666666666666,0.2222222222222222
18221156,유시민이 이재명 평가할때 늘 하는 말이 과제중심형 대통령이라고,id:rukk7812,2026-04-26 09:25:48,9,8,2,2026-04-26 09:26:57,2026-04-26 10:14:21,1.15,13.083333333333334,0.2222222222222222
18225226,요즘 민주진영 지지자들한테 가장실망하는 부분도 저런거..,id:dleoduq1234,2026-05-01 16:04:30,9,9,2,2026-05-01 16:05:25,2026-05-01 16:48:53,0.9166666666666666,19.683333333333334,0.2222222222222222
18228004,요즘 추세만 보면 한동훈이 당선 될거 같아서 찝찝하네요...,id:hanlobby,2026-05-04 20:05:00,9,9,2,2026-05-04 20:09:25,2026-05-04 20:45:03,4.416666666666667,10.766666666666667,0.2222222222222222
18107092,김병기 의원은 원내대표 내려와야 함,id:makaloni,2025-12-25 15:21:09,10,10,2,2025-12-25 15:23:20,2025-12-25 16:05:43,2.183333333333333,7.083333333333334,0.2
18137692,"속보) 제명당한 한동훈, 무소속 서울시장 출마설 급부상",id:Ronaldo34,2026-01-29 11:20:48,10,10,2,2026-01-29 11:22:59,2026-01-29 11:52:47,2.183333333333333,6.033333333333333,0.2
18141007,김민석 검찰개혁관련 발언 들어봤음 요약하면,id:solution78,2026-02-02 18:29:37,10,8,2,2026-02-02 18:33:06,2026-02-03 00:57:30,3.4833333333333334,15.066666666666666,0.2
18155639,"정준희 “한동훈, 뭔가가 없는 정치인”",id:snap23,2026-02-18 21:42:50,10,10,2,2026-02-18 21:43:38,2026-02-18 22:18:59,0.8,9.883333333333333,0.2
18177371,"펌) 이재명이 말하는, 휴먼에러 관리",id:placebo,2026-03-11 14:32:56,10,10,2,2026-03-11 14:34:32,2026-03-11 15:22:13,1.6,10.983333333333334,0.2
18179548,(pic) 재명이형 열등감 폭발 시점 예상,id:deportivo7,2026-03-13 12:30:07,10,10,2,2026-03-13 12:31:20,2026-03-14 08:34:30,1.2166666666666666,296.79166666666663,0.2
18180484,치졸한것 같아서 이런 말 안하려고 했는데,id:edh2och,2026-03-14 10:17:56,10,10,2,2026-03-14 10:20:18,2026-03-14 12:19:12,2.3666666666666667,13.275,0.2
18183792,"[단독] 與, '수사개시 통보'·'특사경 檢 지휘' 등 상하관계 독소조항 삭제한다",id:kiriman,2026-03-16 21:15:01,10,10,2,2026-03-16 21:16:32,2026-03-16 22:17:11,1.5166666666666666,20.183333333333334,0.2
18190653,어떻게든 갈등 봉합은 좀 나와줘야 할 것 같네요,id:kanginmom,2026-03-22 10:21:32,10,9,2,2026-03-22 10:23:32,2026-03-22 11:13:13,2.0,9.675,0.2
18191562,[pic] 이동형은 대통령을 무지성으로 까줬으면 하는 게 본심 맞네요 ㅋㅋ,id:yoon4859,2026-03-23 10:52:36,10,10,2,2026-03-23 10:53:42,2026-03-23 13:19:08,1.1,13.375,0.2
18208310,이재명 최근 글에 대한 추미애 입장: 적극지지,id:kp5189jp,2026-04-11 15:35:11,10,10,2,2026-04-11 15:38:04,2026-04-11 17:19:16,2.8833333333333333,10.166666666666666,0.2
18110123,오판하지 말아야 할 것,id:ok2id,2025-12-29 09:04:11,11,11,2,2025-12-29 09:07:26,2025-12-29 09:28:34,3.25,10.766666666666667,0.18181818181818182
18158534,"전한길, 최시원에 공개 러브콜…""개념 연예인"" 극찬+콘서트 초청",id:pearson19,2026-02-22 16:18:19,11,11,2,2026-02-22 16:21:45,2026-02-22 17:02:09,3.433333333333333,10.6,0.18181818181818182
18226568,조국 대표 인스타,id:cytokine1234,2026-05-03 12:15:25,11,11,2,2026-05-03 12:18:34,2026-05-03 20:19:49,3.15,47.95,0.18181818181818182
18130900,이제 만약에라도 검찰개혁 실패하면 그건 100%이재명 책임이죠,id:horizon,2026-01-21 16:22:14,12,12,2,2026-01-21 16:26:29,2026-01-23 10:42:09,4.25,16.3,0.16666666666666666
18223667,"대구 시민 ""대통령이 계엄했다고 구속시키는게 나라냐?""",id:pucrinyesir,2026-04-29 10:50:06,12,12,2,2026-04-29 10:53:15,2026-04-29 12:25:49,3.15,19.78333333333333,0.16666666666666666
18133222,Pic) 오늘은 문재인 대통령의 73번째 생신입니다,id:hyeok497,2026-01-24 10:55:07,13,13,2,2026-01-24 10:56:06,2026-01-24 13:45:20,0.9833333333333333,14.466666666666667,0.15384615384615385
18138303,pic) 이와중에 한동훈 토크콘서트 근황,id:dadoocom,2026-01-30 07:06:14,13,12,2,2026-01-30 07:09:20,2026-01-30 14:50:52,3.1,225.43333333333334,0.15384615384615385
18171818,"이 대통령, 주가조작·악성체납 등 '7대 비정상' 지목‥""걸리면 패가망신""",id:summernight,2026-03-06 22:16:05,13,13,2,2026-03-06 22:17:38,2026-03-07 01:09:36,1.55,12.383333333333333,0.15384615384615385
18137711,부동산 공급대책이 발표되었는데 결론부터 말하면 공급을 못한다이고 부동산 대책이 없다는 뜻,id:qnflsdl,2026-01-29 11:48:00,14,13,2,2026-01-29 11:52:11,2026-01-29 13:27:00,4.183333333333334,9.541666666666666,0.14285714285714285
18179567,이재명 지지도가 높은건 이재명이 잘해서라기 보다도,id:kimpo,2026-03-13 12:47:59,14,14,2,2026-03-13 12:50:08,2026-03-13 13:25:19,2.15,14.266666666666666,0.14285714285714285
18114339,Pic) 페이커 훈장 수여한 이재명 대통령 근황,id:hwangheenim,2026-01-02 16:50:01,15,15,2,2026-01-02 16:52:35,2026-01-03 00:25:32,2.566666666666667,48.68333333333333,0.13333333333333333
18104239,"Pic) '게임' 챙기는 이재명 정부, 민주당 근황",id:hwangheenim,2025-12-21 21:53:07,16,16,2,2025-12-21 21:56:16,2025-12-22 04:23:03,3.15,28.425,0.125
18163759,"이재명 ""죽을때까지 살고 싶었던 집입니다"".jpg",id:mnyj,2026-02-28 08:54:46,16,16,2,2026-02-28 08:58:00,2026-03-01 02:12:21,3.2333333333333334,45.041666666666664,0.125
18140299,(슈카)슈카가 억울한 이유(방송시청 소감),id:mhp3rd,2026-02-01 22:11:46,17,16,2,2026-02-01 22:14:19,2026-02-02 03:37:33,2.55,14.55,0.11764705882352941
18228467,pic) 민주당 김해시의원이 만난 30대 극우 커플,id:6830,2026-05-05 12:43:16,17,17,2,2026-05-05 12:44:57,2026-05-06 16:25:06,1.6833333333333333,191.11666666666667,0.11764705882352941
18106314,ㅎㅇ) 극우 아버지에 대한 씁쓸함,id:bakjang,2025-12-24 13:44:00,18,18,2,2025-12-24 13:45:48,2025-12-25 11:33:50,1.8,34.458333333333336,0.1111111111111111
18146807,이재명은 변한걸까요? 지금이 그렇게 단정지을 수 있는 단계인지의문입니다.,id:raistlin1,2026-02-09 11:32:20,18,18,2,2026-02-09 11:34:50,2026-02-09 12:47:14,2.5,12.908333333333333,0.1111111111111111
18191192,"송영길 ""2022 대선 때 친문계가 이재명 낙선 바랐다"" 폭탄 발언",id:rukk7812,2026-03-22 21:11:16,18,18,2,2026-03-22 21:13:41,2026-03-22 22:54:17,2.4166666666666665,19.28333333333333,0.1111111111111111
18124515,"검찰개혁안 보고 받았나' 묻자…김민석 총리 ""뭐죠?""",id:solution78,2026-01-14 11:29:40,19,18,2,2026-01-14 11:33:05,2026-01-14 20:23:05,3.4166666666666665,24.416666666666668,0.10526315789473684
18204230,부동산)이재명 대통령이 망치고 있는 부동산 정책 결국 이럴줄 알았다가 되어간다.,id:qnflsdl,2026-04-06 16:29:56,19,16,2,2026-04-06 16:31:04,2026-04-14 21:00:45,1.1333333333333333,95.85,0.10526315789473684
18186117,pic) 오늘 매불쇼 보다가 저절로 박수 터진 장면,id:dadoocom,2026-03-18 16:01:13,22,22,2,2026-03-18 16:03:33,2026-03-19 09:59:01,2.3333333333333335,141.60833333333332,0.09090909090909091
18142204,저는 이재명은 민주당원들에게서 민심 잃었다고 봅니다,id:soparkbj,2026-02-03 21:23:48,23,22,2,2026-02-03 21:25:50,2026-02-05 14:02:56,2.033333333333333,308.31666666666666,0.08695652173913043
18163758,pic)이동형발 카더라는 다 걸러들어야,id:bulbol,2026-02-28 08:54:42,23,22,2,2026-02-28 08:56:47,2026-03-01 22:39:11,2.0833333333333335,11.516666666666667,0.08695652173913043
18160449,"[속보]이재명 대통령 ""나라의 모든 문제 원천이 부동산""",id:purelife,2026-02-24 13:44:55,24,24,2,2026-02-24 13:45:50,2026-02-26 11:22:54,0.9166666666666666,160.01666666666665,0.08333333333333333
18161094,이재명 대통령 트윗 오늘 아침 6시 55분에 올라온거에용,id:masok01,2026-02-25 08:27:41,24,23,2,2026-02-25 08:29:41,2026-02-26 18:29:18,2.0,48.474999999999994,0.08333333333333333
18207865,(jpg) 이재명한테 발작한 이스라엘 외무부,id:chun1149,2026-04-11 07:58:25,27,27,2,2026-04-11 08:01:17,2026-04-13 00:17:56,2.8666666666666667,160.6,0.07407407407407407
18225197,오윤혜가 평가하는 조국 김용남,id:kohs98,2026-05-01 15:15:33,31,30,2,2026-05-01 15:18:29,2026-05-02 08:10:28,2.933333333333333,47.4,0.06451612903225806
18162288,pic) 이재명 SNS,id:summernight,2026-02-26 13:45:51,32,30,2,2026-02-26 13:50:13,2026-02-27 15:28:37,4.366666666666666,241.94166666666666,0.0625
18101410,칠레대선에 심각했던건 피노체트 직계 후신조차 온건파가 되버림,id:pearson19,2025-12-17 17:08:57,1,1,1,2025-12-17 17:10:15,2025-12-17 17:10:15,1.3,1.3,1.0
18101494,디시는 디시에요.,id:hodoeel,2025-12-17 18:48:30,1,1,1,2025-12-17 18:52:29,2025-12-17 18:52:29,3.9833333333333334,3.9833333333333334,1.0
18102116,"보훈부 ""독립유공자 최소 2代까지 보상…내년 2600명 새로 혜택""",id:naco16,2025-12-18 18:10:47,1,1,1,2025-12-18 18:11:20,2025-12-18 18:11:20,0.55,0.55,1.0
18104083,킨텍스 코스프레 누님말고도,id:rascol,2025-12-21 17:49:45,1,1,1,2025-12-21 17:50:10,2025-12-21 17:50:10,0.4166666666666667,0.4166666666666667,1.0
18104661,내란전담재판부법 국회 본회의 상정…여야 필버 거쳐 내일 표결,id:leoperiseus,2025-12-22 13:28:42,1,1,1,2025-12-22 13:31:21,2025-12-22 13:31:21,2.65,2.65,1.0
18104723,"[속보] 김건희특검, 이창수 전 중앙지검장에도 26일 출석 통보",id:snap23,2025-12-22 14:40:40,1,1,1,2025-12-22 14:43:54,2025-12-22 14:43:54,3.2333333333333334,3.2333333333333334,1.0
18104749,저번에 통일교 관련 한겨레 기사,id:bulbol,2025-12-22 15:12:24,1,1,1,2025-12-22 15:15:00,2025-12-22 15:15:00,2.6,2.6,1.0
18105525,"與 ""'자사주 소각' 상법, 예외 늘리면 시장 신뢰 훼손할 것""",id:FeelingGood,2025-12-23 14:22:27,1,1,1,2025-12-23 14:23:01,2025-12-23 14:23:01,0.5666666666666667,0.5666666666666667,1.0
18109190,"[속보]장동혁“야당 발의 통일교 특검법, 30일 본회의서 처리해야···민주당 법안은 물타기",id:kokomong,2025-12-28 13:55:20,1,1,1,2025-12-28 13:56:18,2025-12-28 13:56:18,0.9666666666666667,0.9666666666666667,1.0
18109295,pic) 윤석열 탄핵 반대 집회 개최한 이혜훈,id:summernight,2025-12-28 15:28:54,1,1,1,2025-12-28 15:30:40,2025-12-28 15:30:40,1.7666666666666666,1.7666666666666666,1.0
18109314,이젠 곳간 열쇠까지 내란당 인사에게 내어주는군요,id:dlawls,2025-12-28 15:39:55,1,1,1,2025-12-28 15:40:32,2025-12-28 15:40:32,0.6166666666666667,0.6166666666666667,1.0
18109346,일본 소설이나 영화에 보면 대장성 (지금 재무성)을 가르켜서 최고 권력기관이다.,id:blue123,2025-12-28 15:59:01,1,1,1,2025-12-28 16:03:24,2025-12-28 16:03:24,4.383333333333334,4.383333333333334,1.0
18109434,"이혜훈 ""이재명 정부의 국정 목표는 저 이혜훈의 입장과 똑같다""",id:fantak,2025-12-28 17:05:30,1,1,1,2025-12-28 17:07:11,2025-12-28 17:07:11,1.6833333333333333,1.6833333333333333,1.0
18109463,이혜훈? ㅅㅂ진짜 머하는건지 모르겠네 ㅡㅡ,id:Mkisduchang,2025-12-28 17:32:48,1,1,1,2025-12-28 17:34:30,2025-12-28 17:34:30,1.7,1.7,1.0
18109512,"이재명 曰 ""내가 노무현 대통령을 보면서 타산지석으로 배운게 있다.""",id:summernight,2025-12-28 18:17:23,1,1,1,2025-12-28 18:19:09,2025-12-28 18:19:09,1.7666666666666666,1.7666666666666666,1.0
18109639,"정부 입장이 저러면 윤썩렬, 김건희",id:cydia14,2025-12-28 20:07:12,1,1,1,2025-12-28 20:07:45,2025-12-28 20:07:45,0.55,0.55,1.0
18109761,통합의 순서가 완전 잘못됐음,id:kokomong,2025-12-28 21:35:07,1,1,1,2025-12-28 21:36:34,2025-12-28 21:36:34,1.45,1.45,1.0
18109765,짜증나는건 지선 때문에 민주당이 강하게 태클 안걸꺼 같다는 불안감이죠..,id:gum0510,2025-12-28 21:36:37,1,1,1,2025-12-28 21:37:28,2025-12-28 21:37:28,0.85,0.85,1.0
18109828,[단독] 김병기 아내 법카 의혹 “무혐의 종결”주장에 경찰 “당시 수사대상은 일부”,id:naco16,2025-12-28 22:17:22,1,1,1,2025-12-28 22:18:53,2025-12-28 22:18:53,1.5166666666666666,1.5166666666666666,1.0
18109832,내란 척결을 외치면서 내란견을 장관으로 ㅋㅋ,id:FeelingGood,2025-12-28 22:19:14,1,1,1,2025-12-28 22:19:36,2025-12-28 22:19:36,0.36666666666666664,0.36666666666666664,1.0
18109838,임기 1년차에 인사 문제가 이 모양인데 그대로 놔두면 남은 4년,id:summernight,2025-12-28 22:22:55,1,1,1,2025-12-28 22:23:21,2025-12-28 22:23:21,0.43333333333333335,0.43333333333333335,1.0
18109877,대체 누가 추천 올린거지?,id:dleoduq10004,2025-12-28 22:41:01,1,1,1,2025-12-28 22:43:45,2025-12-28 22:43:45,2.7333333333333334,2.7333333333333334,1.0
18109882,이혜훈 환생경제도 그렇고 윤어게인도 그렇고 해명은 뻔해요,id:kokomong,2025-12-28 22:42:22,1,1,1,2025-12-28 22:46:52,2025-12-28 22:46:52,4.5,4.5,1.0
18110167,이대로 가면 내란세력 다시 재건 될거라 봅니다.,id:hodoeel,2025-12-29 10:07:10,1,1,1,2025-12-29 10:08:02,2025-12-29 10:08:02,0.8666666666666667,0.8666666666666667,1.0
18110174,싸줄이나 펨코나 하는 양비론충 등장했네요,id:gum0510,2025-12-29 10:14:08,1,1,1,2025-12-29 10:14:29,2025-12-29 10:14:29,0.35,0.35,1.0
18110202,"[속보]특검""윤석열, 2013년부터 김건희와 함께 건진법사 만나""",id:naco16,2025-12-29 10:33:52,1,1,1,2025-12-29 10:34:41,2025-12-29 10:34:41,0.8166666666666667,0.8166666666666667,1.0
18110345,문재인한텐 인사조차 안 가는게 새삼 괘씸하네,id:jeffkent,2025-12-29 12:29:52,1,1,1,2025-12-29 12:31:47,2025-12-29 12:31:47,1.9166666666666667,1.9166666666666667,1.0
18110514,"다소 혼란) ""국민의 힘 어마어마한 타격""",id:kaizennf,2025-12-29 14:57:50,1,1,1,2025-12-29 14:59:10,2025-12-29 14:59:10,1.3333333333333333,1.3333333333333333,1.0
18110596,전쟁상황에서 적진의 장수를 빼오면 적에겐 타격 우리에겐 이득,id:modern21,2025-12-29 16:10:48,1,1,1,2025-12-29 16:13:06,2025-12-29 16:13:06,2.3,2.3,1.0
18110945,병기야 너 좀 나가라 색ㄲ야,id:kuo13,2025-12-29 22:02:54,1,1,1,2025-12-29 22:03:27,2025-12-29 22:03:27,0.55,0.55,1.0
18110963,지들끼리 싸울땐 팩트로만 조지는 국짐놈들이,id:kiriman,2025-12-29 22:30:51,1,1,1,2025-12-29 22:33:57,2025-12-29 22:33:57,3.1,3.1,1.0
18110979,이재명 대통령님 빨리 사과하세여 ㅡㅡ,id:adnanjanuzaj,2025-12-29 22:47:25,1,1,1,2025-12-29 22:48:48,2025-12-29 22:48:48,1.3833333333333333,1.3833333333333333,1.0
18111247,"조국 ""내란 2차 종합 특검은 최후의 수단…검·경 합동수사본부 꾸려 즉각 수사해야""",id:naco16,2025-12-30 10:24:31,1,1,1,2025-12-30 10:29:12,2025-12-30 10:29:12,4.683333333333334,4.683333333333334,1.0
18111276,괜히 유시민이 임기 시작할때 검찰이라는 칼 어쩌구 한게 아니었음,id:onana,2025-12-30 10:54:40,1,1,1,2025-12-30 10:56:08,2025-12-30 10:56:08,1.4666666666666666,1.4666666666666666,1.0
18111295,"""정치는 국민이 한다""",id:kohs98,2025-12-30 11:03:11,1,1,1,2025-12-30 11:04:01,2025-12-30 11:04:01,0.8333333333333334,0.8333333333333334,1.0
18111311,이재명의 김어준이 이동형 같은 인간인데 뭐 잘되겠나,id:dleoduq10004,2025-12-30 11:10:46,1,1,1,2025-12-30 11:11:48,2025-12-30 11:11:48,1.0333333333333334,1.0333333333333334,1.0
18111334,이혜훈은 막말로 한동훈보다 나은지도 모르겠는데 ㅋㅋ,id:kim2pac,2025-12-30 11:20:26,1,1,1,2025-12-30 11:24:43,2025-12-30 11:24:43,4.283333333333333,4.283333333333333,1.0
18111383,행정부 견제는 입법부가 앞장서서 해 옴,id:press21cc,2025-12-30 11:50:58,1,1,1,2025-12-30 11:51:49,2025-12-30 11:51:49,0.85,0.85,1.0
18111776,사실 한동훈 당게사건은 저게 끝이 아니죠,id:6667sh,2025-12-30 16:44:22,1,1,1,2025-12-30 16:45:36,2025-12-30 16:45:36,1.2333333333333334,1.2333333333333334,1.0
18111906,이재명 대통령 장점 적어봅시다,id:LJM1389,2025-12-30 19:12:04,1,1,1,2025-12-30 19:13:21,2025-12-30 19:13:21,1.2833333333333334,1.2833333333333334,1.0
18112523,"홍준표 ""한동훈 '당게 논란' 몰랐다는게 말이 되나. 딴살림 차렸었나""",id:pearson19,2025-12-31 11:01:30,1,1,1,2025-12-31 11:04:32,2025-12-31 11:04:32,3.033333333333333,3.033333333333333,1.0
18112625,"속보) 한동훈 ""당게 조작해서 민주당 도와주냐""",id:Ronaldo34,2025-12-31 12:38:03,1,1,1,2025-12-31 12:40:01,2025-12-31 12:40:01,1.9666666666666666,1.9666666666666666,1.0
18114097,"사람이 많으면 별별 사람이 있기 마련이죠, 민주당 의원들도",id:blue123,2026-01-02 10:58:39,1,1,1,2026-01-02 11:02:42,2026-01-02 11:02:42,4.05,4.05,1.0
18114198,한전 김동철 사장은 잘 하나요?,id:hypeboy,2026-01-02 13:29:10,1,1,1,2026-01-02 13:31:44,2026-01-02 13:31:44,2.566666666666667,2.566666666666667,1.0
18114243,Pic)이재명대통령과 함께한 주식 수익률이 50퍼 달성했네요,id:sanapati,2026-01-02 14:32:42,1,1,1,2026-01-02 14:34:19,2026-01-02 14:34:19,1.6166666666666667,1.6166666666666667,1.0
18114538,버니 샌더스가 미국 민주당 탈당을 반복해서 인기가 없는거라고 하는데,id:adkse,2026-01-02 21:47:03,1,1,1,2026-01-02 21:48:50,2026-01-02 21:48:50,1.7833333333333334,1.7833333333333334,1.0
18116483,김병기 민주당의 약한 부분을 채웠나요?,id:zavawork01,2026-01-05 14:11:03,1,1,1,2026-01-05 14:12:39,2026-01-05 14:12:39,1.6,1.6,1.0
18117336,"다소 베이징 먹방) 장윤선의 취재 편의점, 문재인 대통령의 아침식당도 가서 취재.",id:kaizennf,2026-01-06 14:53:10,1,1,1,2026-01-06 14:56:54,2026-01-06 14:56:54,3.7333333333333334,3.7333333333333334,1.0
18118087,"pic)장동혁, '계엄은 잘못, 尹과 결별할 것' 위기 정면돌파 시도...계파갈등 여전",id:vincent85,2026-01-07 13:03:14,1,1,1,2026-01-07 13:04:29,2026-01-07 13:04:29,1.25,1.25,1.0
18118459,바이든 날리면은 애초에 예고된 참사였습니다,id:joohakmoo,2026-01-07 21:30:34,1,1,1,2026-01-07 21:31:15,2026-01-07 21:31:15,0.6833333333333333,0.6833333333333333,1.0
18118973,검찰개혁 안하면 본인뿐 아니라 가족들도 들쑤실텐데,id:onana,2026-01-08 17:08:45,1,1,1,2026-01-08 17:12:13,2026-01-08 17:12:13,3.466666666666667,3.466666666666667,1.0
18119006,국무총리 산하 검찰개혁추진단의 핵심 인력 절반이 현직 검사와 수사관으로 구성,id:bulbol,2026-01-08 17:50:10,1,1,1,2026-01-08 17:54:33,2026-01-08 17:54:33,4.383333333333334,4.383333333333334,1.0
18119007,"만에 하나, 코로나가 2024년에 터졌고, 집합금지가 된 상황에서 계엄이 났다면.",id:ffk12349,2026-01-08 17:51:56,1,1,1,2026-01-08 17:54:30,2026-01-08 17:54:30,2.566666666666667,2.566666666666667,1.0
18119017,"국민의힘, 조중동에게 선전포고",id:Ronaldo34,2026-01-08 17:59:31,1,1,1,2026-01-08 18:00:23,2026-01-08 18:00:23,0.8666666666666667,0.8666666666666667,1.0
18119919,yub) 진짜 더럽게 징징거리네요 윤석열 변호인들,id:radioshot1,2026-01-09 16:41:55,1,1,1,2026-01-09 16:43:08,2026-01-09 16:43:08,1.2166666666666666,1.2166666666666666,1.0
18120439,아래 민주당 파주 박정 의원 어이 없네요,id:wind1123,2026-01-10 12:18:59,1,1,1,2026-01-10 12:23:54,2026-01-10 12:23:54,4.916666666666667,4.916666666666667,1.0
18121405,(번역/장문) 스웨덴 중도우파는 어떻게 중심에서 멀어지고 있는가,id:pearson19,2026-01-11 18:19:20,1,1,1,2026-01-11 18:19:55,2026-01-11 18:19:55,0.5833333333333334,0.5833333333333334,1.0
18121954,이게 당선될때는 민주당+ 시민들로 됐는데,id:radioshot1,2026-01-12 11:08:11,1,1,1,2026-01-12 11:09:24,2026-01-12 11:09:24,1.2166666666666666,1.2166666666666666,1.0
18121978,대통령 쉴드치니깐 말할게요.,id:hodoeel,2026-01-12 11:22:12,1,1,1,2026-01-12 11:23:24,2026-01-12 11:23:24,1.2,1.2,1.0
18121979,"이재명 후보 시절 ""검찰에 대해서 지휘하는 사람이 문제... 칼은 잘못이 없다..'",id:zero080,2026-01-12 11:23:40,1,1,1,2026-01-12 11:27:06,2026-01-12 11:27:06,3.433333333333333,3.433333333333333,1.0
18121991,어차피 검찰개혁은 입법부에서 마지막으로 실행 해야 하는거 아닌가요?,id:wltlswhd,2026-01-12 11:32:56,1,1,1,2026-01-12 11:33:49,2026-01-12 11:33:49,0.8833333333333333,0.8833333333333333,1.0
18122081,어느 방송이었나 어디였나? 거기서 그말할때 개 짜증났음,id:kokomong,2026-01-12 12:33:47,1,1,1,2026-01-12 12:36:13,2026-01-12 12:36:13,2.433333333333333,2.433333333333333,1.0
18122192,여태 이재명 행보를 보면 지금 쓰레기 같은 검찰 개혁 정부 법안을 절대 후퇴 안 시킴,id:zero080,2026-01-12 14:33:12,1,1,1,2026-01-12 14:35:15,2026-01-12 14:35:15,2.05,2.05,1.0
18122208,중수청 수사사법관 검사화 + 공소청 검사가 수사관 교체 요구 + 전건송치 + 보완수사권,id:zero080,2026-01-12 14:43:25,1,1,1,2026-01-12 14:44:08,2026-01-12 14:44:08,0.7166666666666667,0.7166666666666667,1.0
18122221,대통령 지지율 떨어뜨린다고 시비 거는 놈 나오겠죠??,id:ddongbada,2026-01-12 14:54:09,1,1,1,2026-01-12 14:55:21,2026-01-12 14:55:21,1.2,1.2,1.0
18122369,칼춤 사이다 이재명?,id:cytokine1234,2026-01-12 16:56:34,1,1,1,2026-01-12 16:58:25,2026-01-12 16:58:25,1.85,1.85,1.0
18122382,예전부터 도통령 시절부터 이재명 싫어 했던 부분이 이런 거임.,id:cytokine1234,2026-01-12 17:09:42,1,1,1,2026-01-12 17:10:32,2026-01-12 17:10:32,0.8333333333333334,0.8333333333333334,1.0
18122404,요즘 좋은 이야기가 많이없네요,id:koaie123,2026-01-12 17:20:50,1,1,1,2026-01-12 17:23:52,2026-01-12 17:23:52,3.033333333333333,3.033333333333333,1.0
18122450,만약 민주당 의원들이 지금 청와대압력에 못이겨 저 개악을 통과시킨다면,id:modern21,2026-01-12 17:48:27,1,1,1,2026-01-12 17:49:46,2026-01-12 17:49:46,1.3166666666666667,1.3166666666666667,1.0
18122463,이재명처럼 정치 시작과 끝무렵에 노선이 이렇게 바뀌기도 힘듬,id:juventus82,2026-01-12 18:02:57,1,1,1,2026-01-12 18:05:30,2026-01-12 18:05:30,2.55,2.55,1.0
18122665,앞으로의 행보를 지켜보고 시민들도 전략적으로 대응해야합니다,id:hodoeel,2026-01-12 21:06:12,1,1,1,2026-01-12 21:07:18,2026-01-12 21:07:18,1.1,1.1,1.0
18122679,솔직히 다른건 몰라도 검찰개혁은 지지자들이 가장 똘똘 잘 뭉칠줄 알았는데,id:hyeok497,2026-01-12 21:16:16,1,1,1,2026-01-12 21:19:19,2026-01-12 21:19:19,3.05,3.05,1.0
18122719,대통령 믿어줘야 한다구요?,id:messiya2022,2026-01-12 21:49:40,1,1,1,2026-01-12 21:54:09,2026-01-12 21:54:09,4.483333333333333,4.483333333333333,1.0
18123026,이재명이 직접 나와서 해명해야죠.,id:coolow,2026-01-13 08:40:04,1,1,1,2026-01-13 08:42:42,2026-01-13 08:42:42,2.6333333333333333,2.6333333333333333,1.0
18123162,내랔당 출신놈들에게서 느꼈던 비겁하단 느낌을 민주당 대통령,id:sounited13,2026-01-13 10:35:59,1,1,1,2026-01-13 10:39:34,2026-01-13 10:39:34,3.5833333333333335,3.5833333333333335,1.0
18123164,지금 민주당 당원게시판 접속 되나요??,id:BlackEyes23,2026-01-13 10:37:01,1,1,1,2026-01-13 10:37:53,2026-01-13 10:37:53,0.8666666666666667,0.8666666666666667,1.0
18123183,시간 지나면 수습 될 거라 생각하면 오산이죠,id:solution78,2026-01-13 10:47:06,1,1,1,2026-01-13 10:49:28,2026-01-13 10:49:28,2.3666666666666667,2.3666666666666667,1.0
18123187,차라리 '검찰 한 번 제대로 정상화 시켜보겠다.'이런 입장표명이라도 했다면,id:BlackEyes23,2026-01-13 10:48:02,1,1,1,2026-01-13 10:49:04,2026-01-13 10:49:04,1.0333333333333334,1.0333333333333334,1.0
18123363,"앞으로 민생, 경제 이딴소리 하는 사람들 없길 바래요 ㅋㅋ",id:gum0510,2026-01-13 12:33:02,1,1,1,2026-01-13 12:36:11,2026-01-13 12:36:11,3.15,3.15,1.0
18123367,지지율이 떨어지면 눈치를 보겠죠,id:rararabbon,2026-01-13 12:34:37,1,1,1,2026-01-13 12:38:11,2026-01-13 12:38:11,3.566666666666667,3.566666666666667,1.0
18123480,"보훈부, 김형석 독립기념관장 감사 결과 공개...해임 수순",id:leoperiseus,2026-01-13 13:52:54,1,1,1,2026-01-13 13:55:41,2026-01-13 13:55:41,2.783333333333333,2.783333333333333,1.0
18123716,다 알잖아요 봉욱 라인이 살아 있으면 크게 달라질 게 없습니다,id:solution78,2026-01-13 17:34:10,1,1,1,2026-01-13 17:36:59,2026-01-13 17:36:59,2.816666666666667,2.816666666666667,1.0
18123751,김민석의 저 발언이 이재명 대통령보다 먼저 나왔으면,id:naco16,2026-01-13 18:02:44,1,1,1,2026-01-13 18:05:43,2026-01-13 18:05:43,2.9833333333333334,2.9833333333333334,1.0
18124171,pic)230926 - 260113 윤석열과 이재명.jpg,id:veratis,2026-01-13 22:30:19,1,1,1,2026-01-13 22:31:03,2026-01-13 22:31:03,0.7333333333333333,0.7333333333333333,1.0
18124726,진짜 작세같아 보이는 아이디 하나 발견했습니다 ㅋ,id:horizon,2026-01-14 16:50:12,1,1,1,2026-01-14 16:52:54,2026-01-14 16:52:54,2.7,2.7,1.0
18124921,이재명 이번 검찰개혁 건은 많이 이상하긴 해요,id:soparkbj,2026-01-14 20:47:57,1,1,1,2026-01-14 20:51:14,2026-01-14 20:51:14,3.283333333333333,3.283333333333333,1.0
18125198,"[단독] 이혜훈, 선거마다 기초의원 동원 여론전… '이재명·장동혁 비하 쇼츠' 유포 지시",id:pearson19,2026-01-15 08:28:50,1,1,1,2026-01-15 08:30:08,2026-01-15 08:30:08,1.3,1.3,1.0
18125259,"(2023년) 한동훈, 흉악범죄에 경고…“사형은 주권적 결정”",id:joohakmoo,2026-01-15 09:44:31,1,1,1,2026-01-15 09:46:31,2026-01-15 09:46:31,2.0,2.0,1.0
18126217,개혁신당은 현실적으로 광역단체장 한곳도 당선가능성없을텐데,id:modern21,2026-01-16 13:49:45,1,1,1,2026-01-16 13:51:07,2026-01-16 13:51:07,1.3666666666666667,1.3666666666666667,1.0
18126227,"정청래 “장동혁, 단식 투쟁 아닌 단식 투정… 밥 안 먹으면 배고프다”",id:regions,2026-01-16 14:07:33,1,1,1,2026-01-16 14:08:12,2026-01-16 14:08:12,0.65,0.65,1.0
18126668,주기자 라이브) 김상욱 의원이 판사의 초범 발언의 부적절함을 잘 짚네요.,id:roe2k,2026-01-16 21:36:43,1,1,1,2026-01-16 21:41:02,2026-01-16 21:41:02,4.316666666666666,4.316666666666666,1.0
18127105,pic) 윤석열 걸어다니고 있음,id:FeelingGood,2026-01-17 16:41:53,1,1,1,2026-01-17 16:43:57,2026-01-17 16:43:57,2.066666666666667,2.066666666666667,1.0
18127939,"北침투 무인기, 날린 사람도 만든 사람도 尹대통령실 출신",id:chun1149,2026-01-18 11:55:27,1,1,1,2026-01-18 11:56:15,2026-01-18 11:56:15,0.8,0.8,1.0
18128216,문재인 대통령에 대한 컴플렉스가 있는 듯,id:dlawls,2026-01-18 18:56:10,1,1,1,2026-01-18 18:59:53,2026-01-18 18:59:53,3.716666666666667,3.716666666666667,1.0
18129503,장동혁 단식보니꺄 언론들이 스윗하네요,id:jejajj9,2026-01-20 13:36:27,1,1,1,2026-01-20 13:39:59,2026-01-20 13:39:59,3.533333333333333,3.533333333333333,1.0
18130473,일단 국민주권정부 라는 간판부터 떼길,id:dlawls,2026-01-21 12:47:42,1,1,1,2026-01-21 12:48:37,2026-01-21 12:48:37,0.9166666666666666,0.9166666666666666,1.0
18130530,대통령당선후 본인의 칼춤 추는 이미지를 바꾸고 싶은건가,id:leoperiseus,2026-01-21 13:22:19,1,1,1,2026-01-21 13:25:13,2026-01-21 13:25:13,2.9,2.9,1.0
18130746,법원에서 좋빠가 똘마니들 지켜줄 이유가 없음,id:bulbol,2026-01-21 15:07:32,1,1,1,2026-01-21 15:08:12,2026-01-21 15:08:12,0.6666666666666666,0.6666666666666666,1.0
18130852,이진관 판사가 맡은 내란 사건 남은거 더 있나요?,id:jseric,2026-01-21 15:43:27,1,1,1,2026-01-21 15:44:02,2026-01-21 15:44:02,0.5833333333333334,0.5833333333333334,1.0
18130935,지귀연이 윤석열 내란수괴 선고...,id:sonhh,2026-01-21 16:59:26,1,1,1,2026-01-21 17:01:02,2026-01-21 17:01:02,1.6,1.6,1.0
18130942,대통령은 검찰개혁에 대해 항상 두리뭉실 하네요.,id:jiyoun1227,2026-01-21 17:10:55,1,1,1,2026-01-21 17:13:25,2026-01-21 17:13:25,2.5,2.5,1.0
18131517,조국혁신당과의 합당은 반대이긴 한데... 정청래가 당내에 우군이 많이 없나봅니다.,id:kaizennf,2026-01-22 10:13:59,1,1,1,2026-01-22 10:15:57,2026-01-22 10:15:57,1.9666666666666666,1.9666666666666666,1.0
18131577,합당이 반대인 이유가..,id:hodoeel,2026-01-22 11:07:18,1,1,1,2026-01-22 11:09:50,2026-01-22 11:09:50,2.533333333333333,2.533333333333333,1.0
18131613,열린민주당처럼 될수도있지만 혁신당에는 조국이라는 범여권지지를,id:modern21,2026-01-22 11:39:43,1,1,1,2026-01-22 11:44:09,2026-01-22 11:44:09,4.433333333333334,4.433333333333334,1.0
18131648,선거전에 합당하자면 당연히 싫죠,id:6667sh,2026-01-22 12:10:31,1,1,1,2026-01-22 12:13:14,2026-01-22 12:13:14,2.716666666666667,2.716666666666667,1.0
18131829,지귀연 재판지연한게 오히려 개이득?,id:twija100,2026-01-22 15:24:16,1,1,1,2026-01-22 15:26:08,2026-01-22 15:26:08,1.8666666666666667,1.8666666666666667,1.0
18131858,조용히 있었는데 자기세를 위해 조국을 끌어들인다??,id:deportivo7,2026-01-22 15:59:25,1,1,1,2026-01-22 16:00:52,2026-01-22 16:00:52,1.45,1.45,1.0
18132136,제가 기억하는 최근 민주당 통합건이 김민석인데,id:bulbol,2026-01-22 21:54:22,1,1,1,2026-01-22 21:56:31,2026-01-22 21:56:31,2.15,2.15,1.0
18132150,"이낙연도 이재명한테 패배 후, 삐져서 어그러진 사람",id:Rojiblanco,2026-01-22 22:10:48,1,1,1,2026-01-22 22:13:27,2026-01-22 22:13:27,2.65,2.65,1.0
18132177,"햄릿과 리어왕, 문재인과 이재명",id:messiya2022,2026-01-22 22:28:21,1,1,1,2026-01-22 22:32:54,2026-01-22 22:32:54,4.55,4.55,1.0
18132357,"잡주 처리하고 AI, 반도체 섹터로 바꾸니 속이 다 시원",id:joohakmoo,2026-01-23 09:49:37,1,1,1,2026-01-23 09:50:14,2026-01-23 09:50:14,0.6166666666666667,0.6166666666666667,1.0
18132661,문통 이잼 당대표때 흔드는거 보면 창 당내욕심이라는거 사람눈 멀게만듬,id:yally1010,2026-01-23 16:06:51,1,1,1,2026-01-23 16:08:56,2026-01-23 16:08:56,2.0833333333333335,2.0833333333333335,1.0
18133489,잘 안알려진 언년이의과거,id:jejajj9,2026-01-24 17:42:05,1,1,1,2026-01-24 17:45:16,2026-01-24 17:45:16,3.183333333333333,3.183333333333333,1.0
18134074,항상 느끼는거지만 민주당 정권은,id:say1673,2026-01-25 15:47:27,1,1,1,2026-01-25 15:51:29,2026-01-25 15:51:29,4.033333333333333,4.033333333333333,1.0
18134159,이해찬 옹이 남긴 것 중 가장 중요한 아젠다,id:85yang,2026-01-25 17:33:09,1,1,1,2026-01-25 17:36:58,2026-01-25 17:36:58,3.816666666666667,3.816666666666667,1.0
18136159,조국당은 굥 내란하고 끌려내려오면서 쓰임을 다 했죠,id:destin23,2026-01-27 21:48:23,1,1,1,2026-01-27 21:51:32,2026-01-27 21:51:32,3.15,3.15,1.0
18136762,김건희 징역 1년 8개월 ㅋㅋㅋㅋㅋㅋㅋㅋㅋ,id:rukk7812,2026-01-28 14:50:19,1,1,1,2026-01-28 14:50:38,2026-01-28 14:50:38,0.31666666666666665,0.31666666666666665,1.0
18136856,김건희 특검애들이 항명하던애들아님?,id:FeelingGood,2026-01-28 15:07:52,1,1,1,2026-01-28 15:08:31,2026-01-28 15:08:31,0.65,0.65,1.0
18136879,특검이 공소장 개판으로 썼을 가능성도 있나요?,id:jiyoun1227,2026-01-28 15:17:23,1,1,1,2026-01-28 15:20:44,2026-01-28 15:20:44,3.35,3.35,1.0
18136883,윤석열 순직해병건도 저판사임 ㅋㅋㅋㅋㅋㅋㅋ,id:fantak,2026-01-28 15:18:08,1,1,1,2026-01-28 15:19:36,2026-01-28 15:19:36,1.4666666666666666,1.4666666666666666,1.0
18136968,제미나이에게 물어본 명태균 건,id:whoshot,2026-01-28 16:08:13,1,1,1,2026-01-28 16:09:55,2026-01-28 16:09:55,1.7,1.7,1.0
18137156,"김건희 관련한 검사들, 판사들에게 사형을 선고할 내란특검 원합니다.",id:roe2k,2026-01-28 19:18:04,1,1,1,2026-01-28 19:20:16,2026-01-28 19:20:16,2.2,2.2,1.0
18137228,김건희 통일교 관련 재판도 오늘 1심 판결 내린 판사가 재판을 맡고 있네요,id:zero080,2026-01-28 20:45:49,1,1,1,2026-01-28 20:49:35,2026-01-28 20:49:35,3.7666666666666666,3.7666666666666666,1.0
18137490,김건희 판결 ㅋㅋㅋ 김건희가 사실상 최종보스인가요?,id:cydia14,2026-01-29 07:12:13,1,1,1,2026-01-29 07:13:29,2026-01-29 07:13:29,1.2666666666666666,1.2666666666666666,1.0
18137630,한동훈이 날아가는데 배현진이 입다물고 있네요,id:jun2312,2026-01-29 10:14:02,1,1,1,2026-01-29 10:14:55,2026-01-29 10:14:55,0.8833333333333333,0.8833333333333333,1.0
18137807,"[속보] '제명' 한동훈 ""기다려달라…반드시 돌아오겠다""",id:regions,2026-01-29 13:59:26,1,1,1,2026-01-29 14:00:47,2026-01-29 14:00:47,1.35,1.35,1.0
18137815,MB부터 尹까지…신천지·국민의힘 20년 '공생관계' 의혹,id:cytokine1234,2026-01-29 14:08:52,1,1,1,2026-01-29 14:11:38,2026-01-29 14:11:38,2.7666666666666666,2.7666666666666666,1.0
18138162,아이오와 선거 상황을 경고하는 FOX,id:pearson19,2026-01-29 21:17:16,1,1,1,2026-01-29 21:18:24,2026-01-29 21:18:24,1.1333333333333333,1.1333333333333333,1.0
18138500,Pic) 민갤 “문재인 별로 안좋아함”,id:hyeok497,2026-01-30 11:52:23,1,1,1,2026-01-30 11:56:47,2026-01-30 11:56:47,4.4,4.4,1.0
18138788,개명박 시대에 민주정권 이었으면 더 선진국 됐죠..,id:gum0510,2026-01-30 18:42:22,1,1,1,2026-01-30 18:43:32,2026-01-30 18:43:32,1.1666666666666667,1.1666666666666667,1.0
18139349,미국 민주당은 히스패닉 유권자중 지지를 이탈한 사람이 많았던게,id:blue123,2026-01-31 16:45:20,1,1,1,2026-01-31 16:46:54,2026-01-31 16:46:54,1.5666666666666667,1.5666666666666667,1.0
18139892,문재인 대통령 허위사실 명예훼손 떄 비웃던 펨베남들 뭐라할까 기대되네요,id:impactx84,2026-02-01 12:46:33,1,1,1,2026-02-01 12:50:09,2026-02-01 12:50:09,3.6,3.6,1.0
18139906,이재명의 AI투자 100조공약,id:blue123,2026-02-01 13:05:25,1,1,1,2026-02-01 13:07:15,2026-02-01 13:07:15,1.8333333333333333,1.8333333333333333,1.0
18139923,이언주야 애초에 신경도 안썼고 한준호도 답답하네요,id:zkdltmffks,2026-02-01 13:27:58,1,1,1,2026-02-01 13:29:12,2026-02-01 13:29:12,1.2333333333333334,1.2333333333333334,1.0
18140294,슈카 쉴더하니깐 그 분 생각나네ㅋㅋ,id:joohakmoo,2026-02-01 22:03:44,1,1,1,2026-02-01 22:05:30,2026-02-01 22:05:30,1.7666666666666666,1.7666666666666666,1.0
18140300,(닉언없음) 싸줄에서 슈카 쉴더 중에 사과하는 사람은 딱 한명 봄,id:joohakmoo,2026-02-01 22:14:05,1,1,1,2026-02-01 22:17:41,2026-02-01 22:17:41,3.6,3.6,1.0
18141078,멀리 안가도 아직도 이러고 있음,id:regions,2026-02-02 19:34:36,1,1,1,2026-02-02 19:37:14,2026-02-02 19:37:14,2.6333333333333333,2.6333333333333333,1.0
18141103,이재명은 뭔가 단단히 착각하고 있는것 같은데,id:bookae1,2026-02-02 19:48:03,1,1,1,2026-02-02 19:49:23,2026-02-02 19:49:23,1.3333333333333333,1.3333333333333333,1.0
18141111,"""최강욱, 육사 출신 척결 선봉장 역할""…방첩사 작성문건 공개",id:naco16,2026-02-02 19:52:01,1,1,1,2026-02-02 19:53:54,2026-02-02 19:53:54,1.8833333333333333,1.8833333333333333,1.0
18141228,17이재명이 그냥 원래 이재명임,id:FeelingGood,2026-02-02 21:06:16,1,1,1,2026-02-02 21:10:06,2026-02-02 21:10:06,3.8333333333333335,3.8333333333333335,1.0
18141292,이러면 조국 체급만 더 올라갈텐데....,id:hypeboy,2026-02-02 21:56:44,1,1,1,2026-02-02 21:58:07,2026-02-02 21:58:07,1.3833333333333333,1.3833333333333333,1.0
18141301,색깔론 쓰는 민주당이라니 이거 귀하네,id:tendre,2026-02-02 22:04:24,1,1,1,2026-02-02 22:09:23,2026-02-02 22:09:23,4.983333333333333,4.983333333333333,1.0
18141416,유작가님 말마따나 합당 찬반에 대해 이야기 해보고 싶으네요,id:qhdtlsdl,2026-02-03 00:30:16,1,1,1,2026-02-03 00:32:06,2026-02-03 00:32:06,1.8333333333333333,1.8333333333333333,1.0
18141674,검찰개혁과 합당 이슈로 인해 가려진 국힘 현재 근황,id:ehdtks9286,2026-02-03 11:32:44,1,1,1,2026-02-03 11:37:04,2026-02-03 11:37:04,4.333333333333333,4.333333333333333,1.0
18142064,정청래 공약 '1인1표제' 확정...민주 중앙위 찬성률 60.58% 통과,id:naco16,2026-02-03 18:37:49,1,1,1,2026-02-03 18:41:59,2026-02-03 18:41:59,4.166666666666667,4.166666666666667,1.0
18142486,어제도 민주당의원 카톡이 카메라에 잡혔는데 재밌는건,id:bulbol,2026-02-04 10:51:37,1,1,1,2026-02-04 10:52:35,2026-02-04 10:52:35,0.9666666666666667,0.9666666666666667,1.0
18143568,유튜브 댓글 보면 문통떄 네이버 웹툰 떄 생각남,id:impactx84,2026-02-05 15:43:55,1,1,1,2026-02-05 15:45:25,2026-02-05 15:45:25,1.5,1.5,1.0
18143647,담합 걸린 CJ제일제당,id:blue123,2026-02-05 17:23:45,1,1,1,2026-02-05 17:24:22,2026-02-05 17:24:22,0.6166666666666667,0.6166666666666667,1.0
18143788,저 여편네도 웃긴게 조국 문재인 팔이로 개돼지들한테 먹힌다 해도,id:progamer77,2026-02-05 21:10:00,1,1,1,2026-02-05 21:10:37,2026-02-05 21:10:37,0.6166666666666667,0.6166666666666667,1.0
18143793,그러고보니 오늘 이재명 대통령하고 찬대랑 만나는 날 아님?!!,id:alfatini,2026-02-05 21:14:07,1,1,1,2026-02-05 21:16:59,2026-02-05 21:16:59,2.8666666666666667,2.8666666666666667,1.0
18143824,이언주 저년이 갈라치기중이네,id:Pacojung102,2026-02-05 21:42:33,1,1,1,2026-02-05 21:46:20,2026-02-05 21:46:20,3.783333333333333,3.783333333333333,1.0
18144044,pic) 이재명 58 민41 국25 조3 / 지선 여 44 야 32 [오늘자 갤럽],id:fantak,2026-02-06 10:06:48,1,1,1,2026-02-06 10:07:56,2026-02-06 10:07:56,1.1333333333333333,1.1333333333333333,1.0
18144168,더민주전국혁신회의를 주도적으로 만든 김우영 의원이 뉴탐사에 나와서 한 말,id:bulbol,2026-02-06 12:10:47,1,1,1,2026-02-06 12:14:24,2026-02-06 12:14:24,3.6166666666666667,3.6166666666666667,1.0
18144585,민주당에서 친명 한명만 꼽으라면,id:bulbol,2026-02-06 20:28:27,1,1,1,2026-02-06 20:31:41,2026-02-06 20:31:41,3.2333333333333334,3.2333333333333334,1.0
18144859,아무리봐도 밀약 텔레그램 당사자가 본원,id:bulbol,2026-02-07 09:18:01,1,1,1,2026-02-07 09:21:23,2026-02-07 09:21:23,3.3666666666666667,3.3666666666666667,1.0
18145217,그럼 이혜훈 내란견 지명은 그럼 민주당원들 향한 선전포고였음???,id:solution78,2026-02-07 21:14:24,1,1,1,2026-02-07 21:16:05,2026-02-07 21:16:05,1.6833333333333333,1.6833333333333333,1.0
18145328,생각해보면 MB이후로 민주당의 대권주자들을 항상 악마화하는 세력이 있었음,id:modern21,2026-02-07 22:21:02,1,1,1,2026-02-07 22:23:13,2026-02-07 22:23:13,2.183333333333333,2.183333333333333,1.0
18145338,혹시나 분당후 열우당 케이스를 생각한다면,id:alfatini,2026-02-07 22:26:38,1,1,1,2026-02-07 22:27:50,2026-02-07 22:27:50,1.2,1.2,1.0
18145745,민주당과 조국당이 언젠가 한번 갈등을 겪긴 할거라 보긴 했지만,id:hyeok497,2026-02-08 12:12:32,1,1,1,2026-02-08 12:14:13,2026-02-08 12:14:13,1.6833333333333333,1.6833333333333333,1.0
18145746,이언주는 조국의 토지공개념 질문에 뭐라 답변할까요?,id:bulbol,2026-02-08 12:13:28,1,1,1,2026-02-08 12:16:14,2026-02-08 12:16:14,2.7666666666666666,2.7666666666666666,1.0
18145841,결국 이재명이 검찰 개혁 하기 싫어서 난 사단이죠,id:novacane,2026-02-08 13:33:25,1,1,1,2026-02-08 13:34:49,2026-02-08 13:34:49,1.4,1.4,1.0
18145874,문재인 대통령은 중심을 잡았기에 뮨파들이 저정도였죠.,id:hodoeel,2026-02-08 13:51:23,1,1,1,2026-02-08 13:53:07,2026-02-08 13:53:07,1.7333333333333334,1.7333333333333334,1.0
18145876,지켜보신다는 분들은 아직도 지켜보시나요?,id:kakaka10,2026-02-08 13:52:58,1,1,1,2026-02-08 13:56:39,2026-02-08 13:56:39,3.683333333333333,3.683333333333333,1.0
18145908,무한 쉴더들 언제 정신차릴지 과연,id:leoarada,2026-02-08 14:21:57,1,1,1,2026-02-08 14:25:52,2026-02-08 14:25:52,3.9166666666666665,3.9166666666666665,1.0
18145947,그냥 문통이 유난히 욕 많이 먹는게 개짜증났음,id:kyoijjoo,2026-02-08 15:04:37,1,1,1,2026-02-08 15:05:28,2026-02-08 15:05:28,0.85,0.85,1.0
18146005,이런거 보면 의원내각제는 절대 안되겠네요.,id:tjdgh09123,2026-02-08 16:21:30,1,1,1,2026-02-08 16:22:03,2026-02-08 16:22:03,0.55,0.55,1.0
18146023,정청래는 한껏 꼽주고 언주랑은 환상의 티키타카를 보여주는 '민주당' 대통령실이라니 ㅋ,id:horizon,2026-02-08 16:53:47,1,1,1,2026-02-08 16:55:50,2026-02-08 16:55:50,2.05,2.05,1.0
18146133,총리는 지 맘대로 하고 봉욱도 저꼴리는 대로 하는 거면 대통령은 그 자리에 왜 앉아있어요?,id:horizon,2026-02-08 18:31:14,1,1,1,2026-02-08 18:32:55,2026-02-08 18:32:55,1.6833333333333333,1.6833333333333333,1.0
18146162,당의 결정이 왜 이재명 대통령 뜻에 어긋나먄 안 되는 건지도 모르겠음,id:malwool,2026-02-08 19:05:22,1,1,1,2026-02-08 19:06:25,2026-02-08 19:06:25,1.05,1.05,1.0
18146254,정청래건 박찬대건 김민석이건 이재명이건,id:rkarlaos1,2026-02-08 20:42:58,1,1,1,2026-02-08 20:45:00,2026-02-08 20:45:00,2.033333333333333,2.033333333333333,1.0
18146747,보완수사 요구권으로 한다고 당에서 하니까,id:FeelingGood,2026-02-09 10:47:44,1,1,1,2026-02-09 10:52:04,2026-02-09 10:52:04,4.333333333333333,4.333333333333333,1.0
18146809,"[속보] 국민의힘, 한동훈 이어 '친한계' 김종혁도 제명",id:radioshot1,2026-02-09 11:33:59,1,1,1,2026-02-09 11:34:15,2026-02-09 11:34:15,0.26666666666666666,0.26666666666666666,1.0
18146830,"합당 관련 여론조사 보니 2찍, 4찍들이 맹렬히 반대하네요.",id:dlawls,2026-02-09 11:57:49,1,1,1,2026-02-09 11:59:12,2026-02-09 11:59:12,1.3833333333333333,1.3833333333333333,1.0
18146959,이재명 좋아할수도 있죠,id:xxvxx,2026-02-09 14:12:54,1,1,1,2026-02-09 14:14:50,2026-02-09 14:14:50,1.9333333333333333,1.9333333333333333,1.0
18147121,이재명은 이러라고 뽑아준게 아닌데,id:ddongbada,2026-02-09 17:18:58,1,1,1,2026-02-09 17:21:12,2026-02-09 17:21:12,2.2333333333333334,2.2333333333333334,1.0
18147178,이래도 흐린눈???,id:FeelingGood,2026-02-09 18:31:24,1,1,1,2026-02-09 18:32:49,2026-02-09 18:32:49,1.4166666666666667,1.4166666666666667,1.0
18147183,자 이제 이재명 친위대 의원들 검찰 개혁에 대한 입장 변화를 구경할 시간입니다,id:juventus82,2026-02-09 18:33:21,1,1,1,2026-02-09 18:33:52,2026-02-09 18:33:52,0.5166666666666667,0.5166666666666667,1.0
18147204,지금 대통령이 얼마나 미친짓 하는지 손가락들은 모름,id:solution78,2026-02-09 18:42:17,1,1,1,2026-02-09 18:46:27,2026-02-09 18:46:27,4.166666666666667,4.166666666666667,1.0
18147215,정권 말기 모습 정말 기대되네.,id:sounited13,2026-02-09 18:46:35,1,1,1,2026-02-09 18:48:10,2026-02-09 18:48:10,1.5833333333333333,1.5833333333333333,1.0
18147231,이재명 지지철회 합니다.~닉네임도 '사기꾼이재명' 으로 바꿀예정. ㅇㅇ,id:BlackEyes23,2026-02-09 18:50:56,1,1,1,2026-02-09 18:52:03,2026-02-09 18:52:03,1.1166666666666667,1.1166666666666667,1.0
18147248,"지선에서 민주당이 크게 이기면 대통령 덕,시원찮으면 정청래 탓으로 갈듯",id:megacoffee25,2026-02-09 18:54:59,1,1,1,2026-02-09 18:55:39,2026-02-09 18:55:39,0.6666666666666666,0.6666666666666666,1.0
18147278,김무성 유승민 홍준표 영입썰 나오고 정규재 포섭하고,id:LJM1389,2026-02-09 19:09:49,1,1,1,2026-02-09 19:10:22,2026-02-09 19:10:22,0.55,0.55,1.0
18147289,"왠만하면 국힘 까고, 외국정치랑 그림 얘기로 놀고 싶었는데",id:pearson19,2026-02-09 19:15:53,1,1,1,2026-02-09 19:17:39,2026-02-09 19:17:39,1.7666666666666666,1.7666666666666666,1.0
18147295,정청래 대신에 추미애 올라와도 이런 식으로 꿇어앉히겠죠?,id:ninety5mph,2026-02-09 19:20:44,1,1,1,2026-02-09 19:21:20,2026-02-09 19:21:20,0.6,0.6,1.0
18147319,감별사등장에 당대표 집단린치에 대통령은 격노에,id:fantak,2026-02-09 19:28:44,1,1,1,2026-02-09 19:29:35,2026-02-09 19:29:35,0.85,0.85,1.0
18147329,주가 올랐다고 기뻐하는 글도 안올리겠습니다,id:FeelingGood,2026-02-09 19:35:51,1,1,1,2026-02-09 19:36:46,2026-02-09 19:36:46,0.9166666666666666,0.9166666666666666,1.0
18147366,전남도지사로 조국이 나와야합니다,id:ManU01,2026-02-09 19:59:05,1,1,1,2026-02-09 19:59:57,2026-02-09 19:59:57,0.8666666666666667,0.8666666666666667,1.0
18147391,이재명도 근데 장기적으로 이 사달이 본인한테 도움이 될지 냉정히 봐야하는데,id:ninety5mph,2026-02-09 20:26:12,1,1,1,2026-02-09 20:28:41,2026-02-09 20:28:41,2.4833333333333334,2.4833333333333334,1.0
18147460,용비어천가도 적당히 처 해야지,id:cydia14,2026-02-09 21:24:38,1,1,1,2026-02-09 21:25:21,2026-02-09 21:25:21,0.7166666666666667,0.7166666666666667,1.0
18147484,이재명 정부 인사현황,id:cydia14,2026-02-09 21:56:39,1,1,1,2026-02-09 21:58:16,2026-02-09 21:58:16,1.6166666666666667,1.6166666666666667,1.0
18147509,근데 분명히 사법개혁이라던가 검찰개혁은 청와대에서 태클걸었는데,id:boba1983,2026-02-09 22:24:42,1,1,1,2026-02-09 22:26:00,2026-02-09 22:26:00,1.3,1.3,1.0
18147524,이정도면 엄청 젠틀하게 비판하는거 아닌가요?,id:ManU01,2026-02-09 22:39:27,1,1,1,2026-02-09 22:42:25,2026-02-09 22:42:25,2.966666666666667,2.966666666666667,1.0
18147527,매수 당했다는 의심마저 들기 시작..,id:sc1984,2026-02-09 22:41:22,1,1,1,2026-02-09 22:42:22,2026-02-09 22:42:22,1.0,1.0,1.0
18147587,"김대중, 노무현, 문재인 전대통령을 간단하게 존경 하는이유",id:Pacojung102,2026-02-10 00:16:08,1,1,1,2026-02-10 00:20:24,2026-02-10 00:20:24,4.266666666666667,4.266666666666667,1.0
18147687,미네소타 연방 1구(현역 공화당) 조사,id:pearson19,2026-02-10 09:28:18,1,1,1,2026-02-10 09:30:39,2026-02-10 09:30:39,2.35,2.35,1.0
18147699,보완수사권으로 염병떤 게 여기저기에 엄청나게 안좋은 신호를 주고 있네요,id:horizon,2026-02-10 09:36:57,1,1,1,2026-02-10 09:38:11,2026-02-10 09:38:11,1.2333333333333334,1.2333333333333334,1.0
18147783,민주당 정청래 대표 흔들고 지선 지들끼리 나눠먹는 형국이 되면 그냥 합당하지말고,id:bonobono234,2026-02-10 10:55:41,1,1,1,2026-02-10 10:57:37,2026-02-10 10:57:37,1.9333333333333333,1.9333333333333333,1.0
18147798,"정청래 ""이진련 민주연구원 부원장 임명 철회 요청""",id:horizon,2026-02-10 11:07:07,1,1,1,2026-02-10 11:10:48,2026-02-10 11:10:48,3.683333333333333,3.683333333333333,1.0
18147860,의원내각제였으면 조국 도륙당할 때 문재인총리 불신임임,id:pearson19,2026-02-10 11:59:56,1,1,1,2026-02-10 12:00:46,2026-02-10 12:00:46,0.8333333333333334,0.8333333333333334,1.0
18147947,친명들이 저렇게 설치는걸 제어 못하는게,id:Milner7,2026-02-10 12:58:54,1,1,1,2026-02-10 13:00:02,2026-02-10 13:00:02,1.1333333333333333,1.1333333333333333,1.0
18148006,조국 서울시장 나오면 인생 2번째로 비민주당 인물에게 투표 할 것 같습니다,id:wind1123,2026-02-10 13:27:29,1,1,1,2026-02-10 13:29:35,2026-02-10 13:29:35,2.1,2.1,1.0
18148035,지선 관련 민주당 국회의원들 전략을 간단하죠,id:Mkisduchang,2026-02-10 13:47:38,1,1,1,2026-02-10 13:50:23,2026-02-10 13:50:23,2.75,2.75,1.0
18148039,민주당 의원들 하고 싶은 게 신성 로마제국임.,id:cytokine1234,2026-02-10 13:51:07,1,1,1,2026-02-10 13:54:47,2026-02-10 13:54:47,3.6666666666666665,3.6666666666666665,1.0
18148063,와 진짜 민주당 지지하며 사는거 빡시다,id:cafetango,2026-02-10 14:13:58,1,1,1,2026-02-10 14:16:52,2026-02-10 14:16:52,2.9,2.9,1.0
18148071,지지자들보고 갈라치기하네 분열 일으키네 하는게 너무 웃김,id:klopp1104,2026-02-10 14:22:50,1,1,1,2026-02-10 14:23:53,2026-02-10 14:23:53,1.05,1.05,1.0
18148132,"범죄가 있는데 기득권 , 특권층 형량 적게주고, 무죄 주는게 맞나.",id:cydia14,2026-02-10 14:57:13,1,1,1,2026-02-10 15:00:32,2026-02-10 15:00:32,3.316666666666667,3.316666666666667,1.0
18148234,나름 클린했던 유튜브는 안티 정청래로 도배던데,id:fngosrkdl1,2026-02-10 16:08:38,1,1,1,2026-02-10 16:10:09,2026-02-10 16:10:09,1.5166666666666666,1.5166666666666666,1.0
18148250,지선 후 합당이 개어이없는건,id:ifleet,2026-02-10 16:24:52,1,1,1,2026-02-10 16:25:47,2026-02-10 16:25:47,0.9166666666666666,0.9166666666666666,1.0
18148265,20년차 싸줄러 민주당 바이바이,id:junjung,2026-02-10 16:40:51,1,1,1,2026-02-10 16:45:38,2026-02-10 16:45:38,4.783333333333333,4.783333333333333,1.0
18148273,모든 것이 도로나무아미타불될 위기,id:roe2k,2026-02-10 16:48:23,1,1,1,2026-02-10 16:50:16,2026-02-10 16:50:16,1.8833333333333333,1.8833333333333333,1.0
18148364,싸줄 이런분위기는 예전부터 있었음,id:onana,2026-02-10 18:13:56,1,1,1,2026-02-10 18:18:44,2026-02-10 18:18:44,4.8,4.8,1.0
18148371,그냥 대통령 사랑하는 사람들은 너무 티가 나요.,id:boba1983,2026-02-10 18:23:58,1,1,1,2026-02-10 18:26:19,2026-02-10 18:26:19,2.35,2.35,1.0
18148404,전준철 나쁜놈 그보다 더 나쁜 박상용은?,id:alfatini,2026-02-10 18:56:19,1,1,1,2026-02-10 18:58:18,2026-02-10 18:58:18,1.9833333333333334,1.9833333333333334,1.0
18148414,검새 새ㄲ ㅣ들 캐비닛에 '대통령 당무개입' 파일 만들었겠네요 ㅋ,id:horizon,2026-02-10 19:01:41,1,1,1,2026-02-10 19:04:20,2026-02-10 19:04:20,2.65,2.65,1.0
18148423,득구형 피셜 민주당은 이재명꺼,id:Volvo,2026-02-10 19:07:33,1,1,1,2026-02-10 19:09:49,2026-02-10 19:09:49,2.2666666666666666,2.2666666666666666,1.0
18148441,일단 이재명 한참 악마화 했었을 때 속아서 욕한거 미안하긴 함,id:god18xx,2026-02-10 19:14:29,1,1,1,2026-02-10 19:16:48,2026-02-10 19:16:48,2.316666666666667,2.316666666666667,1.0
18148477,이재명이나 김민석을 보면 정치인들을 바라볼 때 과거사를 중요하게 여겨야함,id:xxvxx,2026-02-10 19:25:36,1,1,1,2026-02-10 19:27:11,2026-02-10 19:27:11,1.5833333333333333,1.5833333333333333,1.0
18148523,민주당의 검찰개혁은 이제 기대 안합니다,id:makaloni,2026-02-10 19:39:14,1,1,1,2026-02-10 19:41:58,2026-02-10 19:41:58,2.7333333333333334,2.7333333333333334,1.0
18148551,이재명이 당에 개입하려고 하니까 나오는 문제죠,id:FeelingGood,2026-02-10 19:44:22,1,1,1,2026-02-10 19:46:49,2026-02-10 19:46:49,2.45,2.45,1.0
18148569,검찰 뭐하냐? 득구 불러서 조져야지..,id:BlackEyes23,2026-02-10 19:50:43,1,1,1,2026-02-10 19:51:00,2026-02-10 19:51:00,0.2833333333333333,0.2833333333333333,1.0
18148619,2찍상사가 며칠전부터 민주당 왜그러냐고 합니다 하하..,id:byh3718,2026-02-10 20:07:03,1,1,1,2026-02-10 20:09:41,2026-02-10 20:09:41,2.6333333333333333,2.6333333333333333,1.0
18148637,정청래가 저랬으면 강득구 이언주 황명선 사퇴하라고,id:impactx84,2026-02-10 20:10:54,1,1,1,2026-02-10 20:11:25,2026-02-10 20:11:25,0.5166666666666667,0.5166666666666667,1.0
18148676,결국 믿을건 정청래밖에 안남았네..,id:lj0608,2026-02-10 20:17:15,1,1,1,2026-02-10 20:18:50,2026-02-10 20:18:50,1.5833333333333333,1.5833333333333333,1.0
18148677,좀 웃긴게 합당해서,id:filyeun2,2026-02-10 20:17:39,1,1,1,2026-02-10 20:18:26,2026-02-10 20:18:26,0.7833333333333333,0.7833333333333333,1.0
18148823,"2찍, 4찍한테는 이재명이 사이다 맞네",id:summernight,2026-02-10 20:49:13,1,1,1,2026-02-10 20:49:44,2026-02-10 20:49:44,0.5166666666666667,0.5166666666666667,1.0
18148888,윤석열도 자기세력없어서 김한길 등등 새로운 인원으로 창당하려했지요,id:Rojiblanco,2026-02-10 21:06:22,1,1,1,2026-02-10 21:07:39,2026-02-10 21:07:39,1.2833333333333334,1.2833333333333334,1.0
18148889,씁쓸한 건 싸줄서 한 때 이재명 가장 밀어주셨던 분들이 지금 누구보다 강하게,id:ninety5mph,2026-02-10 21:06:22,1,1,1,2026-02-10 21:07:27,2026-02-10 21:07:27,1.0833333333333333,1.0833333333333333,1.0
18148962,어떻게 보면 김민새가 저렇게 나오는게 더 본성에 맞다봄,id:rainshowerkk,2026-02-10 21:23:19,1,1,1,2026-02-10 21:26:23,2026-02-10 21:26:23,3.066666666666667,3.066666666666667,1.0
18148978,상식적으로 김민석 본인이 이재명 밑이라 속으로 생각하겠음?,id:rainshowerkk,2026-02-10 21:29:07,1,1,1,2026-02-10 21:30:39,2026-02-10 21:30:39,1.5333333333333334,1.5333333333333334,1.0
18149025,김민석 이재명 둘다 제 마음속에서 나가리임,id:Volvo,2026-02-10 21:44:16,1,1,1,2026-02-10 21:45:42,2026-02-10 21:45:42,1.4333333333333333,1.4333333333333333,1.0
18149054,정청래는 도량이 큰 정치인입니다,id:messiya2022,2026-02-10 21:56:57,1,1,1,2026-02-10 21:59:03,2026-02-10 21:59:03,2.1,2.1,1.0
18149065,그 강직한 정청래가 너무 안쓰러웠습니다,id:tjdgh09123,2026-02-10 21:59:41,1,1,1,2026-02-10 22:01:19,2026-02-10 22:01:19,1.6333333333333333,1.6333333333333333,1.0
18149093,이판에서 이재명 혼자 꺼내려고 부임 1년 안 되어서,id:Milner7,2026-02-10 22:13:49,1,1,1,2026-02-10 22:16:18,2026-02-10 22:16:18,2.4833333333333334,2.4833333333333334,1.0
18149108,멍청한것들이 지들 뱃지 달린 2년뒤는 더더욱 합당 할 이유가 없어요,id:gum0510,2026-02-10 22:18:48,1,1,1,2026-02-10 22:20:23,2026-02-10 22:20:23,1.5833333333333333,1.5833333333333333,1.0
18149128,한준호 이재명 라인보다는 김민석 라인 같음,id:alfatini,2026-02-10 22:32:43,1,1,1,2026-02-10 22:35:16,2026-02-10 22:35:16,2.55,2.55,1.0
18149259,요즘 정치 돌아가는 모양새 때문에 기분도 영 거시기하고 술 좀 마셨네요/.,id:rukk7812,2026-02-10 23:58:08,1,1,1,2026-02-10 23:59:52,2026-02-10 23:59:52,1.7333333333333334,1.7333333333333334,1.0
18149529,요 근래에 돌아가는 정치판 보면 한가지 떠오르는 진리가 생각남,id:kuoron,2026-02-11 10:10:22,1,1,1,2026-02-11 10:14:38,2026-02-11 10:14:38,4.266666666666667,4.266666666666667,1.0
18149601,대통령의 당무 개입 그거 퇴임하고 뭘로 수사 할까요?,id:KINGBATI,2026-02-11 11:04:18,1,1,1,2026-02-11 11:06:14,2026-02-11 11:06:14,1.9333333333333333,1.9333333333333333,1.0
18149627,이러는 애들은 다 쳐내질거임 당원이 쳐냄....,id:cutler,2026-02-11 11:25:20,1,1,1,2026-02-11 11:27:36,2026-02-11 11:27:36,2.2666666666666666,2.2666666666666666,1.0
18149641,"불쾌언플로 주말 내내 두들겨 맞았고, 오해라면 해소할 기회는 얼마든지 있었음.",id:horizon,2026-02-11 11:32:09,1,1,1,2026-02-11 11:34:54,2026-02-11 11:34:54,2.75,2.75,1.0
18149679,당대표가 연임 욕심 없다는 말도 이해안감 당원들이 밀면 가야죠 뭔:;,id:gum0510,2026-02-11 11:57:31,1,1,1,2026-02-11 12:01:06,2026-02-11 12:01:06,3.5833333333333335,3.5833333333333335,1.0
18149695,"""노무현 대통령. 의리 있는 사람이 되십시오""",id:cytokine1234,2026-02-11 12:08:21,1,1,1,2026-02-11 12:09:38,2026-02-11 12:09:38,1.2833333333333334,1.2833333333333334,1.0
18149741,"당선 직후부터 꼬라박던 윤두창, 1년도 안 돼 꼬라박고 있는 이재명.",id:sounited13,2026-02-11 12:30:49,1,1,1,2026-02-11 12:31:30,2026-02-11 12:31:30,0.6833333333333333,0.6833333333333333,1.0
18149745,"와이프한테 항상 ""이재명은 안좋아하지만 민주당 대표니까 밀어줄거야""라고 말했는데..",id:lj0608,2026-02-11 12:33:02,1,1,1,2026-02-11 12:36:25,2026-02-11 12:36:25,3.3833333333333333,3.3833333333333333,1.0
18149748,이재명 보니까 아무리 검증되도 정치기반 없으면 드러나게 되 있네요,id:gum0510,2026-02-11 12:33:40,1,1,1,2026-02-11 12:34:42,2026-02-11 12:34:42,1.0333333333333334,1.0333333333333334,1.0
18149759,이러면 검찰과 이재명 대통령을 따로봐야하나요??,id:say1673,2026-02-11 12:37:03,1,1,1,2026-02-11 12:38:45,2026-02-11 12:38:45,1.7,1.7,1.0
18149872,이번 주 월요일 정청래가 린치당하는 동안 이재명이 한 일,id:horizon,2026-02-11 13:56:15,1,1,1,2026-02-11 13:56:48,2026-02-11 13:56:48,0.55,0.55,1.0
18149934,어제 김민석에게 울분 쏟아시는분들을 보고 너무 안타까웠던게,id:Milner7,2026-02-11 14:30:39,1,1,1,2026-02-11 14:33:06,2026-02-11 14:33:06,2.45,2.45,1.0
18149987,pic) 최근에 머리속에 떠오르는 화해하면 이건데....,id:kiriman,2026-02-11 15:14:22,1,1,1,2026-02-11 15:15:11,2026-02-11 15:15:11,0.8166666666666667,0.8166666666666667,1.0
18150033,이재명이 생각이 있는 사람이면 정청래 에게 힘을 실어주는 모습을 보여줘야 되는데..,id:BlackEyes23,2026-02-11 15:53:22,1,1,1,2026-02-11 15:56:18,2026-02-11 15:56:18,2.933333333333333,2.933333333333333,1.0
18150081,갈라치기를 당해낼 수 없는게,id:dosa0705,2026-02-11 16:40:24,1,1,1,2026-02-11 16:41:18,2026-02-11 16:41:18,0.9,0.9,1.0
18150199,최욱은 나름 뭔가 우린 다 같은 원팀이다 이런식으로 가려는 것 같은데,id:boba1983,2026-02-11 18:56:59,1,1,1,2026-02-11 18:59:23,2026-02-11 18:59:23,2.4,2.4,1.0
18150207,이번일을 계기로 이재명을 향한 흐린눈은 불가능해졌습니다,id:ManU01,2026-02-11 19:02:52,1,1,1,2026-02-11 19:05:32,2026-02-11 19:05:32,2.6666666666666665,2.6666666666666665,1.0
18150485,김민석이나 원유철이나..,id:cytokine1234,2026-02-12 00:30:59,1,1,1,2026-02-12 00:32:49,2026-02-12 00:32:49,1.8333333333333333,1.8333333333333333,1.0
18150644,애초에 정상적 사고를 가진 사람이면 젓가락과 함께 뭘 할 생각 조차 안 합니다,id:shkj22,2026-02-12 09:42:24,1,1,1,2026-02-12 09:43:20,2026-02-12 09:43:20,0.9333333333333333,0.9333333333333333,1.0
18150965,잇싸들 커지길 바라는건 내란세력이죠,id:hodoeel,2026-02-12 14:05:03,1,1,1,2026-02-12 14:08:08,2026-02-12 14:08:08,3.0833333333333335,3.0833333333333335,1.0
18151012,장동혁도 어린애같은 놈이군요,id:blue123,2026-02-12 14:47:03,1,1,1,2026-02-12 14:51:10,2026-02-12 14:51:10,4.116666666666666,4.116666666666666,1.0
18151125,한겨레는 친노 엄청 싫어하죠,id:malwool,2026-02-12 16:08:33,1,1,1,2026-02-12 16:13:00,2026-02-12 16:13:00,4.45,4.45,1.0
18151155,문재인 실패했다는 놈들은,id:kakaka10,2026-02-12 16:42:12,1,1,1,2026-02-12 16:45:56,2026-02-12 16:45:56,3.7333333333333334,3.7333333333333334,1.0
18151235,민주당에도 하나회가 있네,id:kim2pac,2026-02-12 18:28:41,1,1,1,2026-02-12 18:29:48,2026-02-12 18:29:48,1.1166666666666667,1.1166666666666667,1.0
18151481,2분뉴스 맞말만 하네요,id:malwool,2026-02-13 01:29:36,1,1,1,2026-02-13 01:33:33,2026-02-13 01:33:33,3.95,3.95,1.0
18151678,잇베충은 맷돌로 머리통을 쑤셔야됨 ㅋㅋ,id:simbae1,2026-02-13 10:31:33,1,1,1,2026-02-13 10:32:30,2026-02-13 10:32:30,0.95,0.95,1.0
18151685,문재인 대통령님을 좋아할수밖에 없는 이유,id:radioshot1,2026-02-13 10:38:24,1,1,1,2026-02-13 10:41:35,2026-02-13 10:41:35,3.183333333333333,3.183333333333333,1.0
18151687,뉴이재명=짝수견,id:Bluewings21,2026-02-13 10:40:02,1,1,1,2026-02-13 10:40:58,2026-02-13 10:40:58,0.9333333333333333,0.9333333333333333,1.0
18151805,한동훈은 진짜 손대는 것마다 개망이네,id:juventus82,2026-02-13 12:46:37,1,1,1,2026-02-13 12:49:53,2026-02-13 12:49:53,3.2666666666666666,3.2666666666666666,1.0
18152027,개두창에게 적용되는 특혜는 아직도 현재진행 중입니다.,id:horizon,2026-02-13 17:32:44,1,1,1,2026-02-13 17:36:43,2026-02-13 17:36:43,3.9833333333333334,3.9833333333333334,1.0
18152051,문통때도 그랬는데 입법과정에서도 그렇고 정부정책에서도 그렇고,id:kiriman,2026-02-13 17:59:12,1,1,1,2026-02-13 18:01:07,2026-02-13 18:01:07,1.9166666666666667,1.9166666666666667,1.0
18152545,트럼프는 스위스 대통령 말투가 맘에 안들어서 관세를 더 먹였슴,id:blue123,2026-02-14 13:36:38,1,1,1,2026-02-14 13:38:55,2026-02-14 13:38:55,2.283333333333333,2.283333333333333,1.0
18153311,pic) 뉴 이재명을 비롯한 구 손가혁류를 경계해야 하는 이유,id:xxvxx,2026-02-15 21:40:43,1,1,1,2026-02-15 21:43:09,2026-02-15 21:43:09,2.433333333333333,2.433333333333333,1.0
18153723,이쯤되면 윤석열라인 검사들이 이번정부 들어 승승장구하는 이유도,id:YoLaTengo,2026-02-16 17:52:18,1,1,1,2026-02-16 17:55:04,2026-02-16 17:55:04,2.7666666666666666,2.7666666666666666,1.0
18153767,차라리 싸줄에 이재명 욕하는 게 나 하나라서 내가 욕먹고 끝내고 싶은 심정,id:ffk12349,2026-02-16 18:24:53,1,1,1,2026-02-16 18:25:56,2026-02-16 18:25:56,1.05,1.05,1.0
18153775,문재인 까는건 당원주권주의에 대한 불만이라고 봅니다.,id:gerrard88,2026-02-16 18:31:09,1,1,1,2026-02-16 18:33:27,2026-02-16 18:33:27,2.3,2.3,1.0
18153872,이동형 재난지원금 선별했다고 선거 졌다는데,id:salrara123,2026-02-16 19:52:27,1,1,1,2026-02-16 19:54:22,2026-02-16 19:54:22,1.9166666666666667,1.9166666666666667,1.0
18153873,막말로 이재명이 22대 대선에서 윤석열 이겼으면 됨,id:summernight,2026-02-16 19:53:16,1,1,1,2026-02-16 19:57:36,2026-02-16 19:57:36,4.333333333333333,4.333333333333333,1.0
18153921,잇박이들괴 손꾸락들의 크나큰 착각이 있음,id:kokomong,2026-02-16 20:22:08,1,1,1,2026-02-16 20:22:56,2026-02-16 20:22:56,0.8,0.8,1.0
18154066,뉴이재명 지지하는 사람들이 존나 싫은게,id:radioshot1,2026-02-16 22:12:59,1,1,1,2026-02-16 22:13:41,2026-02-16 22:13:41,0.7,0.7,1.0
18154165,이게 다 문재인 때문이다 결국 이말을 그들은 하고있는것,id:say1673,2026-02-17 01:23:31,1,1,1,2026-02-17 01:28:29,2026-02-17 01:28:29,4.966666666666667,4.966666666666667,1.0
18154263,송영길이 계양에서 터줏대감 같기는 하네요,id:blue123,2026-02-17 10:28:56,1,1,1,2026-02-17 10:31:27,2026-02-17 10:31:27,2.5166666666666666,2.5166666666666666,1.0
18154287,지금이 취해있을 정도의 지지율인가...?,id:rhcp11,2026-02-17 10:51:25,1,1,1,2026-02-17 10:54:38,2026-02-17 10:54:38,3.216666666666667,3.216666666666667,1.0
18154326,2찍을 1찍으로 바꿀수있는게 아닌걸 알아햐하는데,id:taqerkim,2026-02-17 11:17:24,1,1,1,2026-02-17 11:22:02,2026-02-17 11:22:02,4.633333333333334,4.633333333333334,1.0
18154455,친문 폐족 언급은 몇년전부터 있었음,id:bulbol,2026-02-17 14:04:27,1,1,1,2026-02-17 14:06:20,2026-02-17 14:06:20,1.8833333333333333,1.8833333333333333,1.0
18154481,개남국 같은 버러지들이 주류가 된다면,id:v1004ses,2026-02-17 14:32:47,1,1,1,2026-02-17 14:34:31,2026-02-17 14:34:31,1.7333333333333334,1.7333333333333334,1.0
18154545,당대표 선거가 저쪽에는 어지간히 충격이었나봄,id:maybee,2026-02-17 15:53:26,1,1,1,2026-02-17 15:56:05,2026-02-17 15:56:05,2.65,2.65,1.0
18154562,막말로 뉴이재명 때문에 뭐 대선때 지지율 60 찍고 지금 한 70 찍는것도 아니고,id:rukk7812,2026-02-17 16:11:27,1,1,1,2026-02-17 16:13:35,2026-02-17 16:13:35,2.1333333333333333,2.1333333333333333,1.0
18154605,근데 결국 권력 자리 때문에 이지경인가요?,id:Milner7,2026-02-17 16:59:12,1,1,1,2026-02-17 17:02:25,2026-02-17 17:02:25,3.216666666666667,3.216666666666667,1.0
18154663,뉴이재명 이름 잘 짓긴함,id:kakaka10,2026-02-17 18:04:17,1,1,1,2026-02-17 18:04:58,2026-02-17 18:04:58,0.6833333333333333,0.6833333333333333,1.0
18154688,트리거는 찬대의 참패임,id:todfndl12,2026-02-17 18:30:41,1,1,1,2026-02-17 18:31:05,2026-02-17 18:31:05,0.4,0.4,1.0
18154689,뉴진스도 망했는데,id:Pacojung102,2026-02-17 18:30:59,1,1,1,2026-02-17 18:34:33,2026-02-17 18:34:33,3.566666666666667,3.566666666666667,1.0
18154700,중간선거) 역시 싱거울수도 or 흥미로울수도 있는 아이오와,id:pearson19,2026-02-17 18:46:44,1,1,1,2026-02-17 18:47:24,2026-02-17 18:47:24,0.6666666666666666,0.6666666666666666,1.0
18154703,사실 따지고 보면 뉴문재인세력은 40%였음,id:bulbol,2026-02-17 18:48:53,1,1,1,2026-02-17 18:49:42,2026-02-17 18:49:42,0.8166666666666667,0.8166666666666667,1.0
18154705,자성이 필요한 시점입니다.,id:deportivo7,2026-02-17 18:51:17,1,1,1,2026-02-17 18:54:10,2026-02-17 18:54:10,2.8833333333333333,2.8833333333333333,1.0
18154708,지금 민주당 상황은 분명 배후가 있습니다,id:novacane,2026-02-17 18:55:35,1,1,1,2026-02-17 18:58:00,2026-02-17 18:58:00,2.4166666666666665,2.4166666666666665,1.0
18154788,"부동산정책, 정부 보도자료는 대통령의 말과 달랐다",id:bulbol,2026-02-17 20:07:56,1,1,1,2026-02-17 20:09:20,2026-02-17 20:09:20,1.4,1.4,1.0
18154885,다다음 정부가 민주당정부일것도 예측해서 부동산까지 안착시켜야했던 정부 ㄷㄷ,id:pearson19,2026-02-17 21:39:56,1,1,1,2026-02-17 21:42:45,2026-02-17 21:42:45,2.816666666666667,2.816666666666667,1.0
18155085,우리나라 사람들이 대통령에게 원하는건 임기 5년짜리 독재인가요?,id:Milner7,2026-02-18 07:56:08,1,1,1,2026-02-18 07:57:50,2026-02-18 07:57:50,1.7,1.7,1.0
18155165,뉴이재명은 어디서 나온 이야기인가요?,id:vlffpqhtm,2026-02-18 10:32:31,1,1,1,2026-02-18 10:33:42,2026-02-18 10:33:42,1.1833333333333333,1.1833333333333333,1.0
18155226,통합한다고 하고 민주당 분열시키는중,id:whoshot,2026-02-18 11:30:08,1,1,1,2026-02-18 11:30:53,2026-02-18 11:30:53,0.75,0.75,1.0
18155449,왜 검찰개혁 이슈에서 공수처는 다뤄지지 않나요,id:megacoffee25,2026-02-18 17:30:12,1,1,1,2026-02-18 17:32:08,2026-02-18 17:32:08,1.9333333333333333,1.9333333333333333,1.0
18155608,금태섭 꼴뵈기 싫어서 못보겠네요..ㅎㅎ,id:kim2pac,2026-02-18 21:16:14,1,1,1,2026-02-18 21:21:08,2026-02-18 21:21:08,4.9,4.9,1.0
18156262,드리블을 하도 정신없이 해서 그렇지,id:upandgogo,2026-02-19 15:52:05,1,1,1,2026-02-19 15:54:05,2026-02-19 15:54:05,2.0,2.0,1.0
18156479,다같이 제 필명을 외쳐볼까요?,id:messiya2022,2026-02-19 16:40:20,1,1,1,2026-02-19 16:40:46,2026-02-19 16:40:46,0.43333333333333335,0.43333333333333335,1.0
18156588,왜 사형 아님???,id:horizon,2026-02-19 18:20:28,1,1,1,2026-02-19 18:22:30,2026-02-19 18:22:30,2.033333333333333,2.033333333333333,1.0
18157050,문재인 총알받이로 만들고 입에 재갈채울려고 하나보죠,id:hodoeel,2026-02-20 12:27:54,1,1,1,2026-02-20 12:30:44,2026-02-20 12:30:44,2.8333333333333335,2.8333333333333335,1.0
18157055,웃긴건 민주당 내에 검찰조작기소대응 TF가 있어요,id:FeelingGood,2026-02-20 12:35:54,1,1,1,2026-02-20 12:36:22,2026-02-20 12:36:22,0.4666666666666667,0.4666666666666667,1.0
18157209,민주당 의원들은 진짜 봉지욱보고 x잡고 반성해야된다,id:rkdtks87,2026-02-20 15:43:47,1,1,1,2026-02-20 15:44:44,2026-02-20 15:44:44,0.95,0.95,1.0
18157247,민갤펌)정치 잘모르지만 하루만에 이언주한준호강득구를 알아보고 지지하는 사람들,id:masok01,2026-02-20 16:32:33,1,1,1,2026-02-20 16:35:02,2026-02-20 16:35:02,2.4833333333333334,2.4833333333333334,1.0
18158076,멕시코 대통령의 BTS추가 공연 요청에 대한 잼통의 답신,id:blue123,2026-02-21 19:48:30,1,1,1,2026-02-21 19:52:43,2026-02-21 19:52:43,4.216666666666667,4.216666666666667,1.0
18158622,정부안이 민주당 안을 다 받아들여서 가는거라도 해도 문제는,id:jun2312,2026-02-22 18:49:17,1,1,1,2026-02-22 18:52:20,2026-02-22 18:52:20,3.05,3.05,1.0
18158666,"정성호 ""검찰정부의 이재명은 다릅니다!""",id:chakagesalja,2026-02-22 19:43:19,1,1,1,2026-02-22 19:44:03,2026-02-22 19:44:03,0.7333333333333333,0.7333333333333333,1.0
18158677,아직도 보완수사권은 대통령의 뜻이 아니고 딸랑이들 짓이라는 분들 계시려나??,id:horizon,2026-02-22 19:53:02,1,1,1,2026-02-22 19:53:45,2026-02-22 19:53:45,0.7166666666666667,0.7166666666666667,1.0
18158821,민주당 정신나간 정치인들은 박용진 사례를 참고해야 됨,id:soparkbj,2026-02-22 22:49:01,1,1,1,2026-02-22 22:49:48,2026-02-22 22:49:48,0.7833333333333333,0.7833333333333333,1.0
18159205,전한길 콘서트 판매부진으로 웃고 있는 인간들,id:rascol,2026-02-23 09:42:07,1,1,1,2026-02-23 09:44:00,2026-02-23 09:44:00,1.8833333333333333,1.8833333333333333,1.0
18159252,김남국이 사퇴할때 사실상 경질이라는 말이 있었는데,id:bulbol,2026-02-23 10:35:57,1,1,1,2026-02-23 10:36:46,2026-02-23 10:36:46,0.8166666666666667,0.8166666666666667,1.0
18159255,손가혁은왜 김남국 욕안하지?,id:radioshot1,2026-02-23 10:38:04,1,1,1,2026-02-23 10:39:00,2026-02-23 10:39:00,0.9333333333333333,0.9333333333333333,1.0
18159261,리박견 출신 이언주가 의인 + 이재명 정부에 똥 뿌린 김남국 물빨,id:lfcthismeans,2026-02-23 10:43:08,1,1,1,2026-02-23 10:44:01,2026-02-23 10:44:01,0.8833333333333333,0.8833333333333333,1.0
18159274,"조국, 최강욱은 쳐내고 이언주, 김남국이라니 개가 웃을일",id:Volvo,2026-02-23 10:55:08,1,1,1,2026-02-23 10:57:52,2026-02-23 10:57:52,2.7333333333333334,2.7333333333333334,1.0
18159278,이재명이 민주당을 오렌지당으로 바꾸고 있음,id:todfndl12,2026-02-23 10:56:08,1,1,1,2026-02-23 10:58:18,2026-02-23 10:58:18,2.1666666666666665,2.1666666666666665,1.0
18159280,간판만 민주당이네요.,id:lfcthismeans,2026-02-23 10:57:19,1,1,1,2026-02-23 10:57:58,2026-02-23 10:57:58,0.65,0.65,1.0
18159286,친명이니 반청이니를 떠나서 형누나하면서 인사청탁하다 걸린 새끼를,id:shkj22,2026-02-23 10:59:22,1,1,1,2026-02-23 11:00:07,2026-02-23 11:00:07,0.75,0.75,1.0
18159287,이재명이 그냥 당을 망쳐놈,id:FeelingGood,2026-02-23 10:59:36,1,1,1,2026-02-23 11:02:31,2026-02-23 11:02:31,2.9166666666666665,2.9166666666666665,1.0
18159305,사법개편 3법 본회의 표결 추진... 검찰 개혁 법안에서 보완 수사권은 지선 끝나고 결정,id:zero080,2026-02-23 11:10:07,1,1,1,2026-02-23 11:12:21,2026-02-23 11:12:21,2.2333333333333334,2.2333333333333334,1.0
18159329,민주당이 국힘화 되면서 국힘을 붕괴시키는 전략인가...,id:hypeboy,2026-02-23 11:26:13,1,1,1,2026-02-23 11:29:12,2026-02-23 11:29:12,2.9833333333333334,2.9833333333333334,1.0
18159402,노무현 들먹거리며 이재명 지지한다는 새끼들 패고 싶다,id:juventus82,2026-02-23 12:15:09,1,1,1,2026-02-23 12:19:08,2026-02-23 12:19:08,3.9833333333333334,3.9833333333333334,1.0
18159522,보니까 기존 민주당 이미지 빼내려고 온몸비틀기 오지게 하는듯,id:rukk7812,2026-02-23 13:41:36,1,1,1,2026-02-23 13:43:09,2026-02-23 13:43:09,1.55,1.55,1.0
18159556,김어준.유시민.친문 없이 이재명이 대통령이 됐겠나,id:jeffkent,2026-02-23 14:11:31,1,1,1,2026-02-23 14:14:58,2026-02-23 14:14:58,3.45,3.45,1.0
18159598,이언주는 절대 사과 안해요 문재인 대통령 까다가 민주당 입당하고는,id:impactx84,2026-02-23 14:27:22,1,1,1,2026-02-23 14:28:18,2026-02-23 14:28:18,0.9333333333333333,0.9333333333333333,1.0
18159745,최욱은 이언주에게 발언기회를 최대한 보장해주었네요.,id:roe2k,2026-02-23 16:21:14,1,1,1,2026-02-23 16:22:53,2026-02-23 16:22:53,1.65,1.65,1.0
18159863,청와대든 민주당사든 앞에서 집회해봤자 듣지도 않겠죠?,id:sdh90,2026-02-23 18:59:55,1,1,1,2026-02-23 19:00:09,2026-02-23 19:00:09,0.23333333333333334,0.23333333333333334,1.0
18159878,pic) 지역구 난이도가 쫌 ..,id:snap23,2026-02-23 19:12:11,1,1,1,2026-02-23 19:13:32,2026-02-23 19:13:32,1.35,1.35,1.0
18160004,거 막말로 문재인보다 재명이 음주운전만 안했어도 22년에 당선됐음,id:onana,2026-02-23 21:54:57,1,1,1,2026-02-23 21:57:28,2026-02-23 21:57:28,2.5166666666666666,2.5166666666666666,1.0
18160033,슬슬 뉴이재명애들을 많이 때리네요,id:FeelingGood,2026-02-23 22:25:15,1,1,1,2026-02-23 22:26:33,2026-02-23 22:26:33,1.3,1.3,1.0
18160098,민주당 의원들 의리 조또 없는 건 이미 증명했죠.,id:cytokine1234,2026-02-23 23:50:55,1,1,1,2026-02-23 23:54:47,2026-02-23 23:54:47,3.8666666666666667,3.8666666666666667,1.0
18160538,ㅅㅂ)뉴창석 보수 행사 떠듦,id:hopes,2026-02-24 15:28:06,1,1,1,2026-02-24 15:31:11,2026-02-24 15:31:11,3.0833333333333335,3.0833333333333335,1.0
18160565,뉴이재명 개패서 당원들 눈치보게 만들어야,id:hobro,2026-02-24 15:56:43,1,1,1,2026-02-24 15:59:50,2026-02-24 15:59:50,3.1166666666666667,3.1166666666666667,1.0
18160842,이재명의 노무현 문재인과는 확실히 다르네유,id:LJM1389,2026-02-24 21:32:27,1,1,1,2026-02-24 21:33:32,2026-02-24 21:33:32,1.0833333333333333,1.0833333333333333,1.0
18160971,Pic) 이재명 “당대표? 이기는 편이 내 편”,id:hyeok497,2026-02-24 23:52:35,1,1,1,2026-02-24 23:55:01,2026-02-24 23:55:01,2.433333333333333,2.433333333333333,1.0
18160985,확실히 주황띠 이재명이 본체임,id:haallolee,2026-02-25 00:08:08,1,1,1,2026-02-25 00:10:05,2026-02-25 00:10:05,1.95,1.95,1.0
18160993,유시민 작가도 진짜 뒷배 알고 말하는거겠죠?,id:hobro,2026-02-25 00:12:29,1,1,1,2026-02-25 00:14:40,2026-02-25 00:14:40,2.183333333333333,2.183333333333333,1.0
18161085,진짜 대통령을 위한다면 공취모를 하지 않겠죠.,id:kkt1216,2026-02-25 08:05:06,1,1,1,2026-02-25 08:07:05,2026-02-25 08:07:05,1.9833333333333334,1.9833333333333334,1.0
18161171,Pic) 송영길은 문재인은 윤석열과 공동정권이라 한 인간,id:hyeok497,2026-02-25 09:57:01,1,1,1,2026-02-25 09:59:01,2026-02-25 09:59:01,2.0,2.0,1.0
18161582,"[속보]민주당, 법왜곡죄 막판 수정…“위헌소지 최소화”",id:FeelingGood,2026-02-25 16:44:45,1,1,1,2026-02-25 16:45:59,2026-02-25 16:45:59,1.2333333333333334,1.2333333333333334,1.0
18161641,입법 속도 느리다 쳐 씨부리더니 개혁 관련 빠꾸넣어놓고 열빧치네 진짜,id:gum0510,2026-02-25 17:45:03,1,1,1,2026-02-25 17:45:59,2026-02-25 17:45:59,0.9333333333333333,0.9333333333333333,1.0
18162191,"“대구,경북통합 20조 국민의 힘이 이뤄냈습니다“",id:snap23,2026-02-26 11:59:15,1,1,1,2026-02-26 12:03:41,2026-02-26 12:03:41,4.433333333333334,4.433333333333334,1.0
18162636,그래도 이재명이 대단하긴 대단하네요.,id:lfcthismeans,2026-02-26 20:36:26,1,1,1,2026-02-26 20:36:56,2026-02-26 20:36:56,0.5,0.5,1.0
18163075,솔직히 문재인도 문제가 많죠..,id:gum0510,2026-02-27 11:56:30,1,1,1,2026-02-27 11:57:38,2026-02-27 11:57:38,1.1333333333333333,1.1333333333333333,1.0
18163884,(재업) MEGA 운동을 예시로 극우 네트워크,id:pearson19,2026-02-28 12:28:52,1,1,1,2026-02-28 12:33:38,2026-02-28 12:33:38,4.766666666666667,4.766666666666667,1.0
18165369,문재인이 성역이냐 지랄하더니 정작 지들은ㅋㅋㅋ,id:hyeok497,2026-03-01 19:38:34,1,1,1,2026-03-01 19:41:02,2026-03-01 19:41:02,2.466666666666667,2.466666666666667,1.0
18165382,당원들이 대통령 후보로 만든 이재명이 뽑은 이언주는 욕하면 안되고,id:rainshowerkk,2026-03-01 19:46:08,1,1,1,2026-03-01 19:48:05,2026-03-01 19:48:05,1.95,1.95,1.0
18165410,문재인 정부는 출범 당시에 야당 구성도 ㅈㄴ 쓰레기였죠,id:hyeok497,2026-03-01 20:02:05,1,1,1,2026-03-01 20:02:38,2026-03-01 20:02:38,0.55,0.55,1.0
18165493,덴마크 3월 조기총선 정당 지지율,id:pearson19,2026-03-01 20:57:45,1,1,1,2026-03-01 21:01:36,2026-03-01 21:01:36,3.85,3.85,1.0
18165494,사관학교의 위기와 통합 운영방안,id:grit,2026-03-01 20:59:35,1,1,1,2026-03-01 21:03:37,2026-03-01 21:03:37,4.033333333333333,4.033333333333333,1.0
18165566,유시민 작가 화나긴 난듯,id:alfatini,2026-03-01 22:40:25,1,1,1,2026-03-01 22:44:21,2026-03-01 22:44:21,3.933333333333333,3.933333333333333,1.0
18165580,작전세력이란 조어가 참 편리하긴 하네요.,id:lfcthismeans,2026-03-01 22:57:55,1,1,1,2026-03-01 23:01:45,2026-03-01 23:01:45,3.8333333333333335,3.8333333333333335,1.0
18166145,"???: ""문재인 인사 참사 어쩌구~""",id:sounited13,2026-03-02 15:03:04,1,1,1,2026-03-02 15:03:34,2026-03-02 15:03:34,0.5,0.5,1.0
18166154,김민석 다음 총리는 한동훈이려나? ㅋ,id:lovedavich,2026-03-02 15:06:32,1,1,1,2026-03-02 15:09:56,2026-03-02 15:09:56,3.4,3.4,1.0
18166247,지금 민주당 내에서 당대포말고 아직은 믿고 볼 사람이...,id:tjfghksss,2026-03-02 15:50:14,1,1,1,2026-03-02 15:52:00,2026-03-02 15:52:00,1.7666666666666666,1.7666666666666666,1.0
18166252,통합도 인간같은 애들 갖다 써야지,id:novacane,2026-03-02 15:54:14,1,1,1,2026-03-02 15:55:28,2026-03-02 15:55:28,1.2333333333333334,1.2333333333333334,1.0
18166290,"당대표는 개같이 갈구고 이언주, 정규재가 추천하는 인사는 착착 꽂아주는 이재명 ㅋㅋㅋㅋ",id:horizon,2026-03-02 16:03:22,1,1,1,2026-03-02 16:05:48,2026-03-02 16:05:48,2.433333333333333,2.433333333333333,1.0
18166315,해 보자는건데 이 정도면. 이혜훈을 떨궈? 그럼 이병태~,id:lfcthismeans,2026-03-02 16:10:26,1,1,1,2026-03-02 16:10:43,2026-03-02 16:10:43,0.2833333333333333,0.2833333333333333,1.0
18166344,세월호 리본 떼라는 사람에게 호통치는 이재명 한번 보고 가시죠 ㅋ,id:horizon,2026-03-02 16:22:46,1,1,1,2026-03-02 16:23:46,2026-03-02 16:23:46,1.0,1.0,1.0
18166390,이재명이 진짜 내로남불 끝판왕임,id:novacane,2026-03-02 16:44:23,1,1,1,2026-03-02 16:46:49,2026-03-02 16:46:49,2.433333333333333,2.433333333333333,1.0
18166391,지금 민주당 정권 맞죠?,id:tjfghksss,2026-03-02 16:44:41,1,1,1,2026-03-02 16:45:06,2026-03-02 16:45:06,0.4166666666666667,0.4166666666666667,1.0
18166393,잼통은 그냥 백종원 마인드인듯,id:hobro,2026-03-02 16:46:48,1,1,1,2026-03-02 16:48:58,2026-03-02 16:48:58,2.1666666666666665,2.1666666666666665,1.0
18166424,조국혁신당도 문재인 욕하면 입각 가능할듯,id:pearson19,2026-03-02 16:56:19,1,1,1,2026-03-02 16:58:42,2026-03-02 16:58:42,2.3833333333333333,2.3833333333333333,1.0
18166451,진짜 의리없는 고리백정같은 색기...,id:wheotjd1,2026-03-02 17:14:43,1,1,1,2026-03-02 17:15:30,2026-03-02 17:15:30,0.7833333333333333,0.7833333333333333,1.0
18166459,세월호 추모는 천박한 짓',id:kim2pac,2026-03-02 17:17:32,1,1,1,2026-03-02 17:18:35,2026-03-02 17:18:35,1.05,1.05,1.0
18166575,실용과 식근론이 먼데 있지않음.,id:say1673,2026-03-02 18:37:01,1,1,1,2026-03-02 18:39:33,2026-03-02 18:39:33,2.533333333333333,2.533333333333333,1.0
18166627,재명박이라 불러도 손색없는 수준까지 온 듯,id:shkj22,2026-03-02 19:15:41,1,1,1,2026-03-02 19:16:44,2026-03-02 19:16:44,1.05,1.05,1.0
18166637,전투형 노무현 이 아니라 전투형 이명박 같음.,id:BlackEyes23,2026-03-02 19:20:01,1,1,1,2026-03-02 19:20:57,2026-03-02 19:20:57,0.9333333333333333,0.9333333333333333,1.0
18166639,이재명 욕할 때는 온갖 격식 다 차려야 되나봄,id:Tenhag,2026-03-02 19:20:39,1,1,1,2026-03-02 19:22:54,2026-03-02 19:22:54,2.25,2.25,1.0
18166681,이재명의 인사는 유능함도 생산성도 아닌게 문제라서,id:rukk7812,2026-03-02 19:50:12,1,1,1,2026-03-02 19:53:07,2026-03-02 19:53:07,2.9166666666666665,2.9166666666666665,1.0
18166873,민주당 대통령이 저러는게 진짜 처참한 기분이 들게 하네요...,id:lj0608,2026-03-02 22:45:18,1,1,1,2026-03-02 22:47:40,2026-03-02 22:47:40,2.3666666666666667,2.3666666666666667,1.0
18167405,사회통합 차원으로 이완용도 국립묘지에 이장시켜주면 안되나??,id:horizon,2026-03-03 14:10:50,1,1,1,2026-03-03 14:12:02,2026-03-03 14:12:02,1.2,1.2,1.0
18167423,"[속보] 합수본, 신천지 집단입당 의혹 국민의힘 당사 압수수색 돌입",id:snap23,2026-03-03 14:21:51,1,1,1,2026-03-03 14:22:08,2026-03-03 14:22:08,0.2833333333333333,0.2833333333333333,1.0
18167425,이재명 인사를 보면 이윤석이 했던 말이 떠오름..,id:rukk7812,2026-03-03 14:22:22,1,1,1,2026-03-03 14:26:41,2026-03-03 14:26:41,4.316666666666666,4.316666666666666,1.0
18168329,미국 민주당 집권 해봐야.. 오래 갈지요,id:hodoeel,2026-03-04 11:22:05,1,1,1,2026-03-04 11:23:41,2026-03-04 11:23:41,1.6,1.6,1.0
18169225,진짜 이재명 뒤통수 역대급임,id:summernight,2026-03-05 00:02:07,1,1,1,2026-03-05 00:03:30,2026-03-05 00:03:30,1.3833333333333333,1.3833333333333333,1.0
18169248,기사내용보며는 민주당에서 요구한 수정안이 올라갔는데,id:alfatini,2026-03-05 00:23:10,1,1,1,2026-03-05 00:25:50,2026-03-05 00:25:50,2.6666666666666665,2.6666666666666665,1.0
18169398,애초에 정부안 확정하고 법사위에서 조정한다는게 웃기죠,id:bulbol,2026-03-05 07:36:29,1,1,1,2026-03-05 07:37:34,2026-03-05 07:37:34,1.0833333333333333,1.0833333333333333,1.0
18169850,이재명 정부 임기 동안 민주당? 찍을 이유가 없어지네요,id:minami89,2026-03-05 14:59:33,1,1,1,2026-03-05 15:03:40,2026-03-05 15:03:40,4.116666666666666,4.116666666666666,1.0
18169887,진짜 퇴임후 안전 도모를 위해서 저러나?,id:tjdgh09123,2026-03-05 15:15:23,1,1,1,2026-03-05 15:16:12,2026-03-05 15:16:12,0.8166666666666667,0.8166666666666667,1.0
18169940,정청래 실망스럽지만 나쁜놈은 이재명이죠.,id:hodoeel,2026-03-05 15:43:56,1,1,1,2026-03-05 15:46:57,2026-03-05 15:46:57,3.0166666666666666,3.0166666666666666,1.0
18170029,"청래형, 설명이 필요합니다.",id:bluepillz,2026-03-05 16:32:57,1,1,1,2026-03-05 16:35:47,2026-03-05 16:35:47,2.8333333333333335,2.8333333333333335,1.0
18170041,지선에서 조혁당 찍으면됨 ㅋ 병신새끼들,id:simbae1,2026-03-05 16:36:46,1,1,1,2026-03-05 16:38:25,2026-03-05 16:38:25,1.65,1.65,1.0
18170079,제가 보기에 지금 상황에서 대통령의 진의를 의심하는 발언을 할만한 사람은,id:millano,2026-03-05 16:56:27,1,1,1,2026-03-05 16:57:51,2026-03-05 16:57:51,1.4,1.4,1.0
18170083,검찰과 재벌들의 콜라보를 임기 후반에 보겠죠,id:hodoeel,2026-03-05 16:57:28,1,1,1,2026-03-05 16:57:58,2026-03-05 16:57:58,0.5,0.5,1.0
18170084,이재명 쉴드치는 새끼들은 숨었냐? 조용하다?,id:juventus82,2026-03-05 16:58:03,1,1,1,2026-03-05 16:58:52,2026-03-05 16:58:52,0.8166666666666667,0.8166666666666667,1.0
18170099,검찰개혁 어찌 된건가요 ㄷㄷ,id:casione,2026-03-05 17:04:10,1,1,1,2026-03-05 17:06:56,2026-03-05 17:06:56,2.7666666666666666,2.7666666666666666,1.0
18170116,이재명은 검찰 입장에서 영웅임,id:juventus82,2026-03-05 17:11:38,1,1,1,2026-03-05 17:12:42,2026-03-05 17:12:42,1.0666666666666667,1.0666666666666667,1.0
18170140,안타깝지만 지금의 민주당 지지층은 거대한 사이비종교 수준임,id:todfndl12,2026-03-05 17:20:11,1,1,1,2026-03-05 17:24:43,2026-03-05 17:24:43,4.533333333333333,4.533333333333333,1.0
18170150,이재명이 언론도 이용하는거죠,id:typoonj2,2026-03-05 17:24:15,1,1,1,2026-03-05 17:24:40,2026-03-05 17:24:40,0.4166666666666667,0.4166666666666667,1.0
18170152,"인사로, 검찰개혁으로 지지자들에게 두 번 엿을 먹이는군요.",id:heo1935,2026-03-05 17:25:11,1,1,1,2026-03-05 17:27:03,2026-03-05 17:27:03,1.8666666666666667,1.8666666666666667,1.0
18170156,이재명 빨아주고 한자리 받아쳐먹은 유용화 수준 ㅋ,id:horizon,2026-03-05 17:28:47,1,1,1,2026-03-05 17:32:05,2026-03-05 17:32:05,3.3,3.3,1.0
18170162,조중동이 처음부터 지금같았던 것이 아닌 것처럼,id:anarkor,2026-03-05 17:34:22,1,1,1,2026-03-05 17:39:22,2026-03-05 17:39:22,5.0,5.0,1.0
18170164,일단 다가오는 지선은 조혁당으로 가는게 맞겠네요,id:tjfghksss,2026-03-05 17:35:00,1,1,1,2026-03-05 17:35:46,2026-03-05 17:35:46,0.7666666666666667,0.7666666666666667,1.0
18170183,다음 대선은 무조건 추미애,id:rukk7812,2026-03-05 17:46:26,1,1,1,2026-03-05 17:47:29,2026-03-05 17:47:29,1.05,1.05,1.0
18170188,뉴이재명류 ㄹㅂㅅ ㄸㅍㄹ들 얍삽하네요,id:kanoutsider,2026-03-05 17:48:42,1,1,1,2026-03-05 17:51:52,2026-03-05 17:51:52,3.1666666666666665,3.1666666666666665,1.0
18170294,낙지는 총리때 무게감이라도 있었지 민새는..,id:hyeok497,2026-03-05 19:15:55,1,1,1,2026-03-05 19:16:37,2026-03-05 19:16:37,0.7,0.7,1.0
18170307,이번 법안에 대한 당원 여론조사가 필요하다 보는데..,id:boba1983,2026-03-05 19:23:31,1,1,1,2026-03-05 19:24:58,2026-03-05 19:24:58,1.45,1.45,1.0
18170377,이재명 국정운영은 기업 오너 총수가 하는것 같음,id:Volvo,2026-03-05 20:19:26,1,1,1,2026-03-05 20:21:19,2026-03-05 20:21:19,1.8833333333333333,1.8833333333333333,1.0
18170428,이재명은 그냥 오렌지족임,id:hulk,2026-03-05 20:56:42,1,1,1,2026-03-05 20:57:31,2026-03-05 20:57:31,0.8166666666666667,0.8166666666666667,1.0
18170472,"몇번 하는 이야기지만 한명숙, 문재인, 이재명, 기타 조작사건은 공소취소가 아니라",id:bulbol,2026-03-05 21:30:52,1,1,1,2026-03-05 21:33:52,2026-03-05 21:33:52,3.0,3.0,1.0
18170553,내 주인 이재명이 욕먹는 건 싫은데 할말은 없고 그럴때 하는 말이 먹혔네,id:horizon,2026-03-05 22:03:32,1,1,1,2026-03-05 22:05:12,2026-03-05 22:05:12,1.6666666666666667,1.6666666666666667,1.0
18170646,할말없으면 그저 문재인 조국,id:yally1010,2026-03-05 22:27:55,1,1,1,2026-03-05 22:28:40,2026-03-05 22:28:40,0.75,0.75,1.0
18170679,개인적으로 재명박 가장 빡치는 포인트가..,id:BlackEyes23,2026-03-05 22:35:38,1,1,1,2026-03-05 22:37:09,2026-03-05 22:37:09,1.5166666666666666,1.5166666666666666,1.0
18170813,야근하고 운동하고 와서 지금 확인ㅋㅋㅋㅋ,id:wheotjd1,2026-03-05 23:31:38,1,1,1,2026-03-05 23:32:26,2026-03-05 23:32:26,0.8,0.8,1.0
18170823,진짜 뉴재명 놈들 노통팔면서 비판적 지지 운운할때마다 역겨움,id:hpkim90,2026-03-05 23:38:19,1,1,1,2026-03-05 23:39:27,2026-03-05 23:39:27,1.1333333333333333,1.1333333333333333,1.0
18170842,22년에 이재명이 이겼으면....,id:hypeboy,2026-03-05 23:50:14,1,1,1,2026-03-05 23:52:03,2026-03-05 23:52:03,1.8166666666666667,1.8166666666666667,1.0
18170869,정청래가 배신했다??? ㅈㄴ 웃깁니다.,id:skysay7,2026-03-06 00:19:59,1,1,1,2026-03-06 00:21:02,2026-03-06 00:21:02,1.05,1.05,1.0
18171093,한국갤럽 지방선거 결과 기대 여당 46% vs 야당 30%,id:pucrinyesir,2026-03-06 10:05:31,1,1,1,2026-03-06 10:06:44,2026-03-06 10:06:44,1.2166666666666666,1.2166666666666666,1.0
18171094,정청래 대표도 책임을져야하는게 추미애의원 법사위할 선수도 아니고,id:modern21,2026-03-06 10:05:36,1,1,1,2026-03-06 10:06:29,2026-03-06 10:06:29,0.8833333333333333,0.8833333333333333,1.0
18171127,이거 통과되면 민주당이 검찰개혁 했다고 홍보할거에요,id:whoshot,2026-03-06 10:33:39,1,1,1,2026-03-06 10:37:14,2026-03-06 10:37:14,3.5833333333333335,3.5833333333333335,1.0
18171214,이재명이 이동형을 통해서 여론에 대해 듣는거 일수도 있음,id:FeelingGood,2026-03-06 11:41:04,1,1,1,2026-03-06 11:45:12,2026-03-06 11:45:12,4.133333333333334,4.133333333333334,1.0
18171242,개혁신당에도 밀린 국민의힘 후원금…개혁신당 8억·국힘 7억,id:hanlobby,2026-03-06 12:15:57,1,1,1,2026-03-06 12:19:00,2026-03-06 12:19:00,3.05,3.05,1.0
18171267,임은정 윤석열 이재명 진짜 재능러임,id:deportivo7,2026-03-06 12:37:05,1,1,1,2026-03-06 12:38:09,2026-03-06 12:38:09,1.0666666666666667,1.0666666666666667,1.0
18171320,우리동네에 경축 코스피 6000돌파 민주당 현수막이 걸려있는데,id:blue123,2026-03-06 13:20:08,1,1,1,2026-03-06 13:21:41,2026-03-06 13:21:41,1.55,1.55,1.0
18171441,눈팅만 하다가 참다참다 못해 글 씁니다.,id:MOCA22,2026-03-06 15:24:15,1,1,1,2026-03-06 15:24:54,2026-03-06 15:24:54,0.65,0.65,1.0
18171443,어차피 이재명이었지만 가일수 두는 심정으로,id:PabloGavi,2026-03-06 15:25:02,1,1,1,2026-03-06 15:26:24,2026-03-06 15:26:24,1.3666666666666667,1.3666666666666667,1.0
18171596,"ytb)""정부 검찰개혁법안 폐기해야""..민주당원 단체들 반대에 '화들짝'",id:vincent85,2026-03-06 18:07:40,1,1,1,2026-03-06 18:08:44,2026-03-06 18:08:44,1.0666666666666667,1.0666666666666667,1.0
18171601,모든것은 대통령의 뜻이다가 맞죠,id:blue123,2026-03-06 18:16:05,1,1,1,2026-03-06 18:17:34,2026-03-06 18:17:34,1.4833333333333334,1.4833333333333334,1.0
18171603,Pic) 유시민이 박주민을 좋아했던 이유가 있었네요,id:hyeok497,2026-03-06 18:21:08,1,1,1,2026-03-06 18:23:03,2026-03-06 18:23:03,1.9166666666666667,1.9166666666666667,1.0
18171622,합의문이 필요 없을 정도로 잘된 협상 ㅋㅋㅋ,id:dlawls,2026-03-06 18:38:35,1,1,1,2026-03-06 18:40:13,2026-03-06 18:40:13,1.6333333333333333,1.6333333333333333,1.0
18171660,왜 자꾸 우리만 하지말래,id:tjfghksss,2026-03-06 19:27:27,1,1,1,2026-03-06 19:28:14,2026-03-06 19:28:14,0.7833333333333333,0.7833333333333333,1.0
18172041,기름값이 이렇게 오는데 이재명은 뭐하는 거임,id:toninho07,2026-03-07 09:53:39,1,1,1,2026-03-07 09:58:34,2026-03-07 09:58:34,4.916666666666667,4.916666666666667,1.0
18172105,(pic) 이재명 왈 제 아내는 SNS를 하지 않습니다!,id:deportivo7,2026-03-07 11:11:57,1,1,1,2026-03-07 11:13:34,2026-03-07 11:13:34,1.6166666666666667,1.6166666666666667,1.0
18172290,저도 멸칭은 쓰지맙시다라고 권유하고 싶음,id:modern21,2026-03-07 14:20:06,1,1,1,2026-03-07 14:21:43,2026-03-07 14:21:43,1.6166666666666667,1.6166666666666667,1.0
18172293,루리웹 사정게는 문재인만 나오면 발작하는 놈들이 너무 많음,id:impactx84,2026-03-07 14:21:04,1,1,1,2026-03-07 14:21:59,2026-03-07 14:21:59,0.9166666666666666,0.9166666666666666,1.0
18172399,아무도 관심없을 정반인 한동훈의 노림수,id:stynerkn,2026-03-07 16:06:10,1,1,1,2026-03-07 16:08:29,2026-03-07 16:08:29,2.316666666666667,2.316666666666667,1.0
18172455,검찰개혁 정부안 보니 배신감 진짜 ㅈ되네요,id:sm101v,2026-03-07 17:03:39,1,1,1,2026-03-07 17:07:56,2026-03-07 17:07:56,4.283333333333333,4.283333333333333,1.0
18172652,윤두창한테 속은것보다 데미지가 훨씬 심한게,id:klopp1104,2026-03-07 19:56:46,1,1,1,2026-03-07 20:00:33,2026-03-07 20:00:33,3.783333333333333,3.783333333333333,1.0
18172661,민주당 당원들이 대단하다고 그렇게 추켜세웠으면서,id:typoonj2,2026-03-07 20:05:26,1,1,1,2026-03-07 20:07:31,2026-03-07 20:07:31,2.0833333333333335,2.0833333333333335,1.0
18172785,두번의 대선동안 척 하느라 진짜 힘들었을텐데,id:deportivo7,2026-03-07 21:43:20,1,1,1,2026-03-07 21:44:53,2026-03-07 21:44:53,1.55,1.55,1.0
18172823,아수라 대장동 같은 음해가 더 이재명을 응원하게 만들어줬음,id:rukk7812,2026-03-07 22:07:13,1,1,1,2026-03-07 22:09:57,2026-03-07 22:09:57,2.7333333333333334,2.7333333333333334,1.0
18172826,이재명 대통령 X 글이 웃긴게,id:bulbol,2026-03-07 22:10:12,1,1,1,2026-03-07 22:11:08,2026-03-07 22:11:08,0.9333333333333333,0.9333333333333333,1.0
18172877,이재명에 대한 지지를 거둡니다,id:reiun,2026-03-07 22:26:54,1,1,1,2026-03-07 22:28:00,2026-03-07 22:28:00,1.1,1.1,1.0
18172965,Pic) ???: 문재인은 기득권에 편향된 후보,id:hyeok497,2026-03-07 23:03:19,1,1,1,2026-03-07 23:03:54,2026-03-07 23:03:54,0.5833333333333334,0.5833333333333334,1.0
18173013,대통령 SNS 진짜 사람 제대로 긁네요.,id:oldslave,2026-03-07 23:17:50,1,1,1,2026-03-07 23:20:18,2026-03-07 23:20:18,2.466666666666667,2.466666666666667,1.0
18173050,저 당장 3일 전까지만 해도 이재명 안 깠음,id:rukk7812,2026-03-07 23:35:40,1,1,1,2026-03-07 23:36:44,2026-03-07 23:36:44,1.0666666666666667,1.0666666666666667,1.0
18173061,여기가 진짜 지지 사이트지,id:tkzjfkdlsd,2026-03-07 23:41:31,1,1,1,2026-03-07 23:43:20,2026-03-07 23:43:20,1.8166666666666667,1.8166666666666667,1.0
18173092,이재명이 과연 김민석을 어찌할지,id:oasiticjoo19,2026-03-07 23:57:13,1,1,1,2026-03-08 00:00:55,2026-03-08 00:00:55,3.7,3.7,1.0
18173146,이번 지선이 더불어민주당으로 치르는 마지막 선거가 되지 않을까요?,id:hulk,2026-03-08 00:45:32,1,1,1,2026-03-08 00:49:48,2026-03-08 00:49:48,4.266666666666667,4.266666666666667,1.0
18173168,김영삼 삼당합당 vs 이재명 검찰왕국법,id:solution78,2026-03-08 01:09:31,1,1,1,2026-03-08 01:13:19,2026-03-08 01:13:19,3.8,3.8,1.0
18173171,검찰개혁 이재명 정부가 해냈습니다!!,id:FeelingGood,2026-03-08 01:12:51,1,1,1,2026-03-08 01:16:57,2026-03-08 01:16:57,4.1,4.1,1.0
18173361,제미나이에게 물어본건데 2차 정부안 무력화 되는 경우의 수가 이거 맞나요?,id:yoon4859,2026-03-08 10:44:00,1,1,1,2026-03-08 10:47:58,2026-03-08 10:47:58,3.966666666666667,3.966666666666667,1.0
18173366,(pic) 노무현 정부에 대해 실망을 넘어 원망이 쏟아지고 노무현 하는 것은 싫다는,id:deportivo7,2026-03-08 10:53:55,1,1,1,2026-03-08 10:55:58,2026-03-08 10:55:58,2.05,2.05,1.0
18173394,오늘자 거수기 예스맨 통수왕 정청래의 검찰 개혁에 대한 내용입니다,id:zero080,2026-03-08 11:25:11,1,1,1,2026-03-08 11:26:54,2026-03-08 11:26:54,1.7166666666666666,1.7166666666666666,1.0
18173395,정청래 마저도 국민팔이하네,id:onana,2026-03-08 11:26:16,1,1,1,2026-03-08 11:26:40,2026-03-08 11:26:40,0.4,0.4,1.0
18173433,민정수석에 검찰 출신 검찰주의자 꽂고,id:hulk,2026-03-08 11:47:53,1,1,1,2026-03-08 11:48:25,2026-03-08 11:48:25,0.5333333333333333,0.5333333333333333,1.0
18173544,pic) 딴지일보 자유게시판 분위기.jpg,id:naco16,2026-03-08 13:38:34,1,1,1,2026-03-08 13:42:24,2026-03-08 13:42:24,3.8333333333333335,3.8333333333333335,1.0
18173678,나중에가면 그래서 국힘찍을꺼야? 이거 나옵니다,id:ManU01,2026-03-08 15:41:05,1,1,1,2026-03-08 15:41:55,2026-03-08 15:41:55,0.8333333333333334,0.8333333333333334,1.0
18173836,4.5일은 긍정적 이라더만 이번정권은 뭐 주식딸만 치고,id:gum0510,2026-03-08 17:39:04,1,1,1,2026-03-08 17:39:36,2026-03-08 17:39:36,0.5333333333333333,0.5333333333333333,1.0
18174132,전 이언주 내년 안쪽으로 장관 자리 하나 받는다고 봅니다 ㅋ,id:horizon,2026-03-08 22:26:19,1,1,1,2026-03-08 22:28:05,2026-03-08 22:28:05,1.7666666666666666,1.7666666666666666,1.0
18174162,대통령을 존경하는 이언주의 이재명 과거 평가.txt,id:kim2pac,2026-03-08 22:59:03,1,1,1,2026-03-08 23:02:02,2026-03-08 23:02:02,2.9833333333333334,2.9833333333333334,1.0
18174251,Pic) 이재명은 정부안이 그렇게 문제가 없으면 반대하는 법사위 의원들과 토론을 해야합니다,id:zero080,2026-03-09 02:33:26,1,1,1,2026-03-09 02:37:34,2026-03-09 02:37:34,4.133333333333334,4.133333333333334,1.0
18174259,기사에 3월 중순에 정부안 통과시킨다는 소리가 있다니깐 사실상 이번주가 마지막입니다,id:zero080,2026-03-09 02:51:13,1,1,1,2026-03-09 02:56:11,2026-03-09 02:56:11,4.966666666666667,4.966666666666667,1.0
18174288,일어나자마자 이재명 이언주 sns보니까 이게 뭐지,id:impactx84,2026-03-09 06:12:05,1,1,1,2026-03-09 06:16:18,2026-03-09 06:16:18,4.216666666666667,4.216666666666667,1.0
18174303,정청래 대표님 이제 그만 애써도 될 것 같습니다.,id:luminai,2026-03-09 06:59:25,1,1,1,2026-03-09 07:03:40,2026-03-09 07:03:40,4.25,4.25,1.0
18174413,"장인수 기자 ""검찰개혁, 이거 하나만 해줘라""",id:naco16,2026-03-09 09:10:30,1,1,1,2026-03-09 09:15:28,2026-03-09 09:15:28,4.966666666666667,4.966666666666667,1.0
18174683,뉴이재명은 동지 타령할 거면 체포안 가결 투표한 놈들도 품어주든가.,id:sounited13,2026-03-09 12:06:55,1,1,1,2026-03-09 12:07:37,2026-03-09 12:07:37,0.7,0.7,1.0
18174783,노종면 ㅋㅋㅋ 역시 근본이 기레기 출신이라 그런가,id:lfcthismeans,2026-03-09 13:30:40,1,1,1,2026-03-09 13:31:59,2026-03-09 13:31:59,1.3166666666666667,1.3166666666666667,1.0
18174842,국민의힘 공천 신청 마감···대구 동구청장·북구청장 경쟁률 '8대 1',id:cydia14,2026-03-09 14:11:12,1,1,1,2026-03-09 14:16:09,2026-03-09 14:16:09,4.95,4.95,1.0
18174848,루리웹 사정게도 검찰개혁에 대해서 현상황에 비판적임,id:impactx84,2026-03-09 14:17:30,1,1,1,2026-03-09 14:18:51,2026-03-09 14:18:51,1.35,1.35,1.0
18174882,계엄의 사전정보도 민새 포함 일부만 가지고 놀았겠네요,id:chakagesalja,2026-03-09 14:48:35,1,1,1,2026-03-09 14:50:08,2026-03-09 14:50:08,1.55,1.55,1.0
18174886,임기말에 볼만할듯 검새들 대선총선 개입한다고 정부 정조준하고 조질텐데,id:kokomong,2026-03-09 14:53:34,1,1,1,2026-03-09 14:55:34,2026-03-09 14:55:34,2.0,2.0,1.0
18175028,용인시에 조국혁신당 후보 냈으면 좋겠는데,id:shkj22,2026-03-09 17:23:26,1,1,1,2026-03-09 17:26:18,2026-03-09 17:26:18,2.8666666666666667,2.8666666666666667,1.0
18175179,이재명 = 유승준,id:hohohal1717,2026-03-09 19:35:18,1,1,1,2026-03-09 19:37:44,2026-03-09 19:37:44,2.433333333333333,2.433333333333333,1.0
18175180,이재명 지금 분해하고 있을까봐 그게 더....ㅋㅋㅋㅋ,id:Tenhag,2026-03-09 19:35:54,1,1,1,2026-03-09 19:37:17,2026-03-09 19:37:17,1.3833333333333333,1.3833333333333333,1.0
18175243,해시티비 정미정님 사건은 왜 공소취소에 해당이 안되는 거죠?,id:malwool,2026-03-09 20:26:10,1,1,1,2026-03-09 20:29:56,2026-03-09 20:29:56,3.7666666666666666,3.7666666666666666,1.0
18175324,하는 짓이 미워지니까 저런 사진도 티배깅 하는 걸로 보이네요 ㅋㅋㅋ,id:ejirall,2026-03-09 22:01:35,1,1,1,2026-03-09 22:01:59,2026-03-09 22:01:59,0.4,0.4,1.0
18175569,출근길 겸공 듣는 느낌이 내란정국 때랑 비슷,id:rhcp11,2026-03-10 08:41:02,1,1,1,2026-03-10 08:42:17,2026-03-10 08:42:17,1.25,1.25,1.0
18175581,이재명이 진짜로 검찰하고 지 공소취소로 딜을 했다고????,id:rukk7812,2026-03-10 08:47:10,1,1,1,2026-03-10 08:48:43,2026-03-10 08:48:43,1.55,1.55,1.0
18175584,이재명이 공소취소관련딜 내용은 100% 말안했을거라고봄,id:radioshot1,2026-03-10 08:48:33,1,1,1,2026-03-10 08:50:29,2026-03-10 08:50:29,1.9333333333333333,1.9333333333333333,1.0
18175587,이재명 정부의 방안대로 바뀌면 개혁이 아니라 퇴보라고 봐야죠.,id:shdqn,2026-03-10 08:50:00,1,1,1,2026-03-10 08:50:58,2026-03-10 08:50:58,0.9666666666666667,0.9666666666666667,1.0
18175614,이재명 결재해지 해야될 듯,id:raistlin1,2026-03-10 09:02:05,1,1,1,2026-03-10 09:03:46,2026-03-10 09:03:46,1.6833333333333333,1.6833333333333333,1.0
18175625,결국 공취모 만든 이유가 이거에요,id:solution78,2026-03-10 09:07:54,1,1,1,2026-03-10 09:10:53,2026-03-10 09:10:53,2.9833333333333334,2.9833333333333334,1.0
18175635,아 진짜 엄청 허탈하네요,id:kakaka10,2026-03-10 09:11:58,1,1,1,2026-03-10 09:12:48,2026-03-10 09:12:48,0.8333333333333334,0.8333333333333334,1.0
18175692,언젠가부터 죄다 실망감만 주는구나.,id:bald80,2026-03-10 09:33:03,1,1,1,2026-03-10 09:33:59,2026-03-10 09:33:59,0.9333333333333333,0.9333333333333333,1.0
18175705,전투형 노무현? ㅋ 쫄보형 이명박이나 해라 ㅋ,id:horizon,2026-03-10 09:38:49,1,1,1,2026-03-10 09:40:43,2026-03-10 09:40:43,1.9,1.9,1.0
18175730,"오창석,민동기,문래동은 이왕 무지성 빨기로 했으면 이런 타이밍에 가열차게 빨아야 됨 ㅋ",id:horizon,2026-03-10 09:53:54,1,1,1,2026-03-10 09:55:48,2026-03-10 09:55:48,1.9,1.9,1.0
18175802,(pic) 이재명 들이 받는 이동형 아웃,id:deportivo7,2026-03-10 10:50:14,1,1,1,2026-03-10 10:52:45,2026-03-10 10:52:45,2.5166666666666666,2.5166666666666666,1.0
18175848,문재인은 이번에 미국 가서도 이재명 정부 세일즈 ㅋㅋㅋㅋ,id:Tenhag,2026-03-10 11:30:00,1,1,1,2026-03-10 11:33:07,2026-03-10 11:33:07,3.1166666666666667,3.1166666666666667,1.0
18175986,추장군님보면 민주당의 계백이구나,id:ManU01,2026-03-10 13:05:08,1,1,1,2026-03-10 13:06:13,2026-03-10 13:06:13,1.0833333333333333,1.0833333333333333,1.0
18176082,내가볼땐 원내 지도부 여기도 썩은듯,id:moonplay,2026-03-10 14:08:59,1,1,1,2026-03-10 14:10:47,2026-03-10 14:10:47,1.8,1.8,1.0
18176149,언론이 이재명 정권 비판 안 하는 이유,id:kp5189jp,2026-03-10 14:57:41,1,1,1,2026-03-10 15:01:23,2026-03-10 15:01:23,3.7,3.7,1.0
18176196,민정당 계통 애들이 검찰언론재벌하고 쿵짝하던게 부러웠던거여?,id:rhcp11,2026-03-10 15:44:18,1,1,1,2026-03-10 15:45:25,2026-03-10 15:45:25,1.1166666666666667,1.1166666666666667,1.0
18176233,다음카페 락싸도 많이들 돌아섰네 ㅋㅋㅋㅋㅋ,id:traum0105,2026-03-10 16:34:07,1,1,1,2026-03-10 16:35:15,2026-03-10 16:35:15,1.1333333333333333,1.1333333333333333,1.0
18176382,이재명이 검찰 최대 피해자란 프레임은 이재명이 만들었을듯,id:xxvxx,2026-03-10 19:05:08,1,1,1,2026-03-10 19:06:26,2026-03-10 19:06:26,1.3,1.3,1.0
18176397,한준호는 상식적으로 장인수 기자 말듣고 경각심 가지는게 정상인데 바보인가?,id:millano,2026-03-10 19:21:05,1,1,1,2026-03-10 19:23:57,2026-03-10 19:23:57,2.8666666666666667,2.8666666666666667,1.0
18176407,이재명 대통령 깜이 아닌것 같은데,id:cydia14,2026-03-10 19:26:50,1,1,1,2026-03-10 19:28:22,2026-03-10 19:28:22,1.5333333333333334,1.5333333333333334,1.0
18176479,이재명씨 모든 조직 개편은 ‘악마‘를 염두해 두고 하는 겁니다’,id:solution78,2026-03-10 20:22:55,1,1,1,2026-03-10 20:24:51,2026-03-10 20:24:51,1.9333333333333333,1.9333333333333333,1.0
18176499,민주당 친검찰파가 진짜 일 낼 기세네요.,id:nike09,2026-03-10 20:43:29,1,1,1,2026-03-10 20:44:30,2026-03-10 20:44:30,1.0166666666666666,1.0166666666666666,1.0
18176511,사실 이재명이 검찰과 거래했다 아니고는 설명 안됨 ㅋㅋㅋ,id:solution78,2026-03-10 20:52:34,1,1,1,2026-03-10 20:54:02,2026-03-10 20:54:02,1.4666666666666666,1.4666666666666666,1.0
18176536,이재명의 현재 마음 속 추측,id:hoffenheim,2026-03-10 21:07:58,1,1,1,2026-03-10 21:10:05,2026-03-10 21:10:05,2.1166666666666667,2.1166666666666667,1.0
18176549,ㅁㅇ님~~~ 소오오오설과 문파논리가 필요해요!!!,id:Tenhag,2026-03-10 21:16:19,1,1,1,2026-03-10 21:20:58,2026-03-10 21:20:58,4.65,4.65,1.0
18176550,민주당안으로 급선회해서 국회 통과해도 거부권 때릴 인간이라고 봅니다,id:sexline,2026-03-10 21:16:19,1,1,1,2026-03-10 21:16:42,2026-03-10 21:16:42,0.38333333333333336,0.38333333333333336,1.0
18176599,문재인 까던거 왜 이재명한테는 안그러냐 하면 마법의 단어가 있음,id:impactx84,2026-03-10 21:43:09,1,1,1,2026-03-10 21:44:24,2026-03-10 21:44:24,1.25,1.25,1.0
18176609,이명수 아저씨는 뭐 취재 안하고 있을려나요,id:Tenhag,2026-03-10 21:49:24,1,1,1,2026-03-10 21:50:14,2026-03-10 21:50:14,0.8333333333333334,0.8333333333333334,1.0
18176619,이재명 정부 역량 낮은거 보여주려고 또 정유회사 횡재세 소리하고 있네,id:jeep126,2026-03-10 21:59:05,1,1,1,2026-03-10 22:03:36,2026-03-10 22:03:36,4.516666666666667,4.516666666666667,1.0
18176638,장인수 기자 가볍네요,id:6667sh,2026-03-10 22:22:22,1,1,1,2026-03-10 22:23:42,2026-03-10 22:23:42,1.3333333333333333,1.3333333333333333,1.0
18176733,이재명은 이미 다 답변했어요...우리가 받아들이지 못할말일뿐...,id:tjfghksss,2026-03-10 23:13:25,1,1,1,2026-03-10 23:15:14,2026-03-10 23:15:14,1.8166666666666667,1.8166666666666667,1.0
18177068,지금 논란되는게 어제 박시영티비 아래 부분 같은데,id:bulbol,2026-03-11 10:10:42,1,1,1,2026-03-11 10:13:17,2026-03-11 10:13:17,2.5833333333333335,2.5833333333333335,1.0
18177105,어으 쓰레기들 대화 한마디도 안하고 지들 꼴리는대로 ㅋㅋㅋ,id:Tenhag,2026-03-11 10:36:37,1,1,1,2026-03-11 10:38:05,2026-03-11 10:38:05,1.4666666666666666,1.4666666666666666,1.0
18177131,잇박이들이 조국혁신당에 발작하는 것도 전 이해합니다,id:horizon,2026-03-11 11:01:39,1,1,1,2026-03-11 11:05:52,2026-03-11 11:05:52,4.216666666666667,4.216666666666667,1.0
18177153,(pic) 이재명 자택에서 로그인 후 세월호 모욕한 혜경궁 재조사해 재명이햄 누명 벗읍시다,id:deportivo7,2026-03-11 11:19:33,1,1,1,2026-03-11 11:22:02,2026-03-11 11:22:02,2.4833333333333334,2.4833333333333334,1.0
18177192,"트럼프의 계획, 트럼프는 알까",id:osodos,2026-03-11 11:49:37,1,1,1,2026-03-11 11:52:24,2026-03-11 11:52:24,2.783333333333333,2.783333333333333,1.0
18177199,싸줄이 먹혔다? 펨베화됐다? ㅈㄹ하네,id:tgibhh111,2026-03-11 11:56:16,1,1,1,2026-03-11 12:00:29,2026-03-11 12:00:29,4.216666666666667,4.216666666666667,1.0
18177359,프랑스) 국민들은 '세련된 극우'에 표 줄 준비...이 나라가 위험해진 이유,id:pearson19,2026-03-11 14:17:05,1,1,1,2026-03-11 14:18:23,2026-03-11 14:18:23,1.3,1.3,1.0
18177486,이재명 본인도 1.5선 아닌가,id:jj1211,2026-03-11 16:43:15,1,1,1,2026-03-11 16:48:12,2026-03-11 16:48:12,4.95,4.95,1.0
18177488,표 맡겨놨냐? 잇박견들이야 말로,id:hobro,2026-03-11 16:43:56,1,1,1,2026-03-11 16:45:11,2026-03-11 16:45:11,1.25,1.25,1.0
18177544,이제 관심도 없는 당 근황.,id:bulbol,2026-03-11 17:19:34,1,1,1,2026-03-11 17:24:21,2026-03-11 17:24:21,4.783333333333333,4.783333333333333,1.0
18177576,대통령이 당을 사당화시키네요,id:jojic32,2026-03-11 17:44:33,1,1,1,2026-03-11 17:45:39,2026-03-11 17:45:39,1.1,1.1,1.0
18177596,갑자기 정부가 하는짓이 물고빨아주는게 두창이시절인줄알았네,id:din1091,2026-03-11 17:57:22,1,1,1,2026-03-11 17:57:51,2026-03-11 17:57:51,0.48333333333333334,0.48333333333333334,1.0
18177676,검찰 개혁 말고 당원이면 과거 다 아는 얘기로 분쟁 일으키지 말죠,id:solution78,2026-03-11 19:04:40,1,1,1,2026-03-11 19:08:20,2026-03-11 19:08:20,3.6666666666666665,3.6666666666666665,1.0
18177690,위험성을 가장먼저 알려주는 싸나리나 형들,id:placebo,2026-03-11 19:16:50,1,1,1,2026-03-11 19:18:22,2026-03-11 19:18:22,1.5333333333333334,1.5333333333333334,1.0
18177977,저는 이제 관망이나 하면서 싸줄에 생각드는대로 글쓰고,id:alfatini,2026-03-11 22:40:13,1,1,1,2026-03-11 22:41:08,2026-03-11 22:41:08,0.9166666666666666,0.9166666666666666,1.0
18177997,국힘 절윤도 걍 말장난이네요 ㅋㅋㅋ,id:hypeboy,2026-03-11 23:00:05,1,1,1,2026-03-11 23:02:46,2026-03-11 23:02:46,2.683333333333333,2.683333333333333,1.0
18178019,검찰개혁 잘 정리된 유튜브나 글 혹시 있을까요???,id:kanginmom,2026-03-11 23:18:23,1,1,1,2026-03-11 23:19:47,2026-03-11 23:19:47,1.4,1.4,1.0
18178040,올해 제일 어이 없었던게 김건희(쥴리) 1심 1년 8개월인데,id:leoperiseus,2026-03-11 23:42:32,1,1,1,2026-03-11 23:44:55,2026-03-11 23:44:55,2.3833333333333333,2.3833333333333333,1.0
18178361,"이재명의 지지자는 뉴재명, 잇박견이고 오랜 민주당원(친문)은 배척 상대죠",id:gum0510,2026-03-12 10:00:42,1,1,1,2026-03-12 10:03:46,2026-03-12 10:03:46,3.066666666666667,3.066666666666667,1.0
18178471,그렇게 생각해보면 우리는 정부안 되는걸 보고 서서히 망하는걸 보고만 있을 수 밖에 없네요.,id:yeonrang,2026-03-12 12:02:03,1,1,1,2026-03-12 12:03:59,2026-03-12 12:03:59,1.9333333333333333,1.9333333333333333,1.0
18178587,민주당 지지자들은 왜 또 정권이랑 싸워야 하나,id:whoshot,2026-03-12 14:09:44,1,1,1,2026-03-12 14:11:27,2026-03-12 14:11:27,1.7166666666666666,1.7166666666666666,1.0
18178642,뉴이재명이 팬덤정치 최악인 것 같음ㅋㅋ,id:rhcp11,2026-03-12 15:07:02,1,1,1,2026-03-12 15:08:15,2026-03-12 15:08:15,1.2166666666666666,1.2166666666666666,1.0
18178655,pic) 이재명이 지키는 검찰 사법부가 한일,id:whoshot,2026-03-12 15:16:07,1,1,1,2026-03-12 15:18:28,2026-03-12 15:18:28,2.35,2.35,1.0
18179091,문재인은 최소한 뉴라이트 식근론자 일베충은 임명하지 않았죠,id:kopluke,2026-03-12 21:58:57,1,1,1,2026-03-12 22:02:21,2026-03-12 22:02:21,3.4,3.4,1.0
18179130,지선에서 조혁당을 찍어서 최대한 민주당의 힘을 빼버려야 하는 것 아니가 싶네요.,id:roe2k,2026-03-12 22:34:55,1,1,1,2026-03-12 22:38:04,2026-03-12 22:38:04,3.15,3.15,1.0
18179140,정성호 잘한건 칭찬해주자던 그 양반은 어디에서 활동하고 있으려나...,id:xxvxx,2026-03-12 22:42:43,1,1,1,2026-03-12 22:46:28,2026-03-12 22:46:28,3.75,3.75,1.0
18179203,문재인 심판하려고 두창이 찍었지만 두창이 심판하려고 이재명 찍었다,id:rukk7812,2026-03-12 23:28:20,1,1,1,2026-03-12 23:30:58,2026-03-12 23:30:58,2.6333333333333333,2.6333333333333333,1.0
18179321,pic)이젠 검찰 수호하려는 이유에 이것도 있나 싶음,id:bundes1,2026-03-13 08:34:11,1,1,1,2026-03-13 08:35:20,2026-03-13 08:35:20,1.15,1.15,1.0
18179357,털보는 장인수가 의혹제기해도 이재명은 그럴 사람아니라고 했는데,id:rhcp11,2026-03-13 09:39:45,1,1,1,2026-03-13 09:41:21,2026-03-13 09:41:21,1.6,1.6,1.0
18179494,저관여 중도층 보고 정치하면 망하는게 상식인디,id:rhcp11,2026-03-13 11:54:06,1,1,1,2026-03-13 11:56:19,2026-03-13 11:56:19,2.216666666666667,2.216666666666667,1.0
18179541,열등감의 정부,id:deportivo7,2026-03-13 12:26:42,1,1,1,2026-03-13 12:28:15,2026-03-13 12:28:15,1.55,1.55,1.0
18179635,"내란정부 시즌2, 민주당은 주황색이 기생하는 숙주역할",id:dlawls,2026-03-13 13:47:33,1,1,1,2026-03-13 13:49:16,2026-03-13 13:49:16,1.7166666666666666,1.7166666666666666,1.0
18179679,아놔 박은정 늙은한동훈 !!ㅋㅋ,id:yally1010,2026-03-13 14:30:12,1,1,1,2026-03-13 14:31:24,2026-03-13 14:31:24,1.2,1.2,1.0
18179932,이재명 정부의 김어준은 다릅니다!!!,id:kuo13,2026-03-13 18:07:13,1,1,1,2026-03-13 18:08:48,2026-03-13 18:08:48,1.5833333333333333,1.5833333333333333,1.0
18179971,민주당 정치인들 면상에 침뱉고 싶어지는건 첨이네,id:progamer77,2026-03-13 18:36:26,1,1,1,2026-03-13 18:38:35,2026-03-13 18:38:35,2.15,2.15,1.0
18179974,이번 지선 때 선거활동 잼나겠네 ㅋㅋ 욕 다쳐먹을듯,id:chakagesalja,2026-03-13 18:42:28,1,1,1,2026-03-13 18:43:39,2026-03-13 18:43:39,1.1833333333333333,1.1833333333333333,1.0
18180058,홍익표 좋게 봤는데 실망이네요,id:solution78,2026-03-13 19:57:18,1,1,1,2026-03-13 20:01:11,2026-03-13 20:01:11,3.8833333333333333,3.8833333333333333,1.0
18180531,민주당 근데 원래 이랬음,id:100m2,2026-03-14 11:04:01,1,1,1,2026-03-14 11:08:35,2026-03-14 11:08:35,4.566666666666666,4.566666666666666,1.0
18180589,그래서 민주당 경선에서 최대한 잘 걸러내야죠,id:rukk7812,2026-03-14 12:05:30,1,1,1,2026-03-14 12:07:25,2026-03-14 12:07:25,1.9166666666666667,1.9166666666666667,1.0
18181201,댓글만 봐도 오늘 지령이 뭔지 아는거.. 국짐때 일인데,id:luna7742,2026-03-14 22:12:23,1,1,1,2026-03-14 22:15:32,2026-03-14 22:15:32,3.15,3.15,1.0
18181841,이언주 토론회 나가는 놈들 전부 문재인나불거리는 놈들이죠,id:impactx84,2026-03-15 17:39:42,1,1,1,2026-03-15 17:40:20,2026-03-15 17:40:20,0.6333333333333333,0.6333333333333333,1.0
18182313,사람에 충성하는 놈들,id:oasiticjoo19,2026-03-15 22:31:16,1,1,1,2026-03-15 22:31:34,2026-03-15 22:31:34,0.3,0.3,1.0
18182393,검사들이 다 나쁜 건 아니지 않냐 - 윤석열 입에서 나올말,id:dlawls,2026-03-15 23:02:44,1,1,1,2026-03-15 23:03:59,2026-03-15 23:03:59,1.25,1.25,1.0
18182429,그리피스로 비유하기에는 그냥 사기꾼 아닌가요,id:Milner7,2026-03-15 23:12:30,1,1,1,2026-03-15 23:13:32,2026-03-15 23:13:32,1.0333333333333334,1.0333333333333334,1.0
18182430,제 생각엔 이재명 절대 꼬리 안내릴듯,id:tjfghksss,2026-03-15 23:12:34,1,1,1,2026-03-15 23:14:08,2026-03-15 23:14:08,1.5666666666666667,1.5666666666666667,1.0
18182444,내일 민주당에서 뭐라할지 봅시다.,id:kokomong,2026-03-15 23:14:42,1,1,1,2026-03-15 23:16:47,2026-03-15 23:16:47,2.0833333333333335,2.0833333333333335,1.0
18182448,이재명은 정부안으로 그냥 밀어부칠겁니다.,id:yo821281,2026-03-15 23:15:41,1,1,1,2026-03-15 23:17:18,2026-03-15 23:17:18,1.6166666666666667,1.6166666666666667,1.0
18182472,여기 지금 글쓰는 싸줄러 아무나 1명 붙잡고 1대1 토론해도,id:tjfghksss,2026-03-15 23:22:04,1,1,1,2026-03-15 23:23:52,2026-03-15 23:23:52,1.8,1.8,1.0
18182480,체감상 역대 최고 쓰레기 대통령임,id:hulk,2026-03-15 23:26:04,1,1,1,2026-03-15 23:28:02,2026-03-15 23:28:02,1.9666666666666666,1.9666666666666666,1.0
18182571,배신감에 속이 뒤틀리는 날들이 이어져서,id:deportivo7,2026-03-16 00:05:18,1,1,1,2026-03-16 00:06:03,2026-03-16 00:06:03,0.75,0.75,1.0
18182587,결국 국민이 한다며 시ㅂㄹ놈아,id:meaningless,2026-03-16 00:12:24,1,1,1,2026-03-16 00:15:12,2026-03-16 00:15:12,2.8,2.8,1.0
18182920,2찍에게도 버려진 개쓰레기들만 다끌어모은 짬통,id:say1673,2026-03-16 08:51:50,1,1,1,2026-03-16 08:52:55,2026-03-16 08:52:55,1.0833333333333333,1.0833333333333333,1.0
18183264,이정현: 컷오프 충북 하나로 안 끝난다.,id:pearson19,2026-03-16 13:35:24,1,1,1,2026-03-16 13:36:41,2026-03-16 13:36:41,1.2833333333333334,1.2833333333333334,1.0
18183281,몇 시간 후에 짬통의 전언정치 또 시작하겠네.,id:hoffenheim,2026-03-16 13:52:20,1,1,1,2026-03-16 13:53:47,2026-03-16 13:53:47,1.45,1.45,1.0
18183333,지금 잇박 뉴재명 전략이 기존 지지자 탈당시키기임,id:alfatini,2026-03-16 14:53:42,1,1,1,2026-03-16 14:56:19,2026-03-16 14:56:19,2.6166666666666667,2.6166666666666667,1.0
18183340,딱 뉴이재명 애들 하는짓이 딱 십상시임,id:kokomong,2026-03-16 14:59:11,1,1,1,2026-03-16 15:00:53,2026-03-16 15:00:53,1.7,1.7,1.0
18183427,뭔가 이재명이 검찰개혁관련 말을 집중적으로 하는거보니,id:radioshot1,2026-03-16 16:15:25,1,1,1,2026-03-16 16:16:23,2026-03-16 16:16:23,0.9666666666666667,0.9666666666666667,1.0
18183486,오늘 홍사훈쇼 최강욱 의원님 분노중,id:hopes,2026-03-16 16:45:02,1,1,1,2026-03-16 16:46:48,2026-03-16 16:46:48,1.7666666666666666,1.7666666666666666,1.0
18183502,"함돈균인가 저 사람, 뉴이재명 그 행사에서 송영길 야지 줬던 사람이군요",id:jun2312,2026-03-16 16:54:02,1,1,1,2026-03-16 16:54:30,2026-03-16 16:54:30,0.4666666666666667,0.4666666666666667,1.0
18183508,우리 어머니 한 2주전부터 이재명 때문에 뉴스 안보심,id:KINGBATI,2026-03-16 16:59:36,1,1,1,2026-03-16 17:03:09,2026-03-16 17:03:09,3.55,3.55,1.0
18183516,pic)문통이 검찰로 이재명 조질거였으면 ㅋㅋㅋㅋ,id:hypeboy,2026-03-16 17:06:19,1,1,1,2026-03-16 17:06:58,2026-03-16 17:06:58,0.65,0.65,1.0
18183545,이재명 목줄 잡혔나요?,id:zavawork01,2026-03-16 17:24:06,1,1,1,2026-03-16 17:25:40,2026-03-16 17:25:40,1.5666666666666667,1.5666666666666667,1.0
18183554,듣보들 유명해지는 패턴이 있네요,id:bulbol,2026-03-16 17:27:41,1,1,1,2026-03-16 17:28:50,2026-03-16 17:28:50,1.15,1.15,1.0
18183565,재명이 형은 꼭 사족을 붙이네요.,id:dleoduq1234,2026-03-16 17:32:11,1,1,1,2026-03-16 17:32:45,2026-03-16 17:32:45,0.5666666666666667,0.5666666666666667,1.0
18183579,Pic)이재명 의사 의거 터...,id:sanapati,2026-03-16 17:38:29,1,1,1,2026-03-16 17:41:48,2026-03-16 17:41:48,3.316666666666667,3.316666666666667,1.0
18183652,기존에 이재명 화법을 생각하면 더 잘보이죠뭐,id:tjfghksss,2026-03-16 18:38:03,1,1,1,2026-03-16 18:39:06,2026-03-16 18:39:06,1.05,1.05,1.0
18184019,지금 정청래 기자회견하면 당연히 정부안 수용한다는거겠죠,id:zkdltmffks,2026-03-17 08:09:44,1,1,1,2026-03-17 08:11:33,2026-03-17 08:11:33,1.8166666666666667,1.8166666666666667,1.0
18184022,털보는 코어 지지층들 돌아설까봐 걱정은 하는것 같음,id:yo821281,2026-03-17 08:15:19,1,1,1,2026-03-17 08:16:42,2026-03-17 08:16:42,1.3833333333333333,1.3833333333333333,1.0
18184138,이제 보스전 페이즈2: 형사소송법,id:rhcp11,2026-03-17 09:32:03,1,1,1,2026-03-17 09:33:04,2026-03-17 09:33:04,1.0166666666666666,1.0166666666666666,1.0
18184224,저도 이번에 살짝 자괴감 오긴 했었음,id:htht709,2026-03-17 10:26:11,1,1,1,2026-03-17 10:26:35,2026-03-17 10:26:35,0.4,0.4,1.0
18184258,"조국대표 말대로 1,2차 개정안에 대해 책임추궁이 있어야",id:press21cc,2026-03-17 10:47:17,1,1,1,2026-03-17 10:48:19,2026-03-17 10:48:19,1.0333333333333334,1.0333333333333334,1.0
18184259,민주당원이긴 하지만 호남뿐만 아니라 수도권도 혁신당이 좀 선전했음 합니다.,id:kokomong,2026-03-17 10:47:41,1,1,1,2026-03-17 10:49:30,2026-03-17 10:49:30,1.8166666666666667,1.8166666666666667,1.0
18184264,조국은 그냥 함돈균인가 얘 고소해야 합니다 그리고 경향티비도 책임져야함,id:impactx84,2026-03-17 10:51:01,1,1,1,2026-03-17 10:52:07,2026-03-17 10:52:07,1.1,1.1,1.0
18184457,천재명은 포기하지 않긔,id:djsi,2026-03-17 13:29:35,1,1,1,2026-03-17 13:34:02,2026-03-17 13:34:02,4.45,4.45,1.0
18184487,검찰개혁 잘된건지 자세히 모르겠지만,id:mirissoul2,2026-03-17 14:01:32,1,1,1,2026-03-17 14:02:16,2026-03-17 14:02:16,0.7333333333333333,0.7333333333333333,1.0
18184594,누가 이득을 보고 있는가 [뉴스룸에서],id:ehdtks9286,2026-03-17 15:23:42,1,1,1,2026-03-17 15:24:43,2026-03-17 15:24:43,1.0166666666666666,1.0166666666666666,1.0
18184791,이번 검찰개혁 문제에서 드러난 이재명의 가장 큰 문제는,id:Tenhag,2026-03-17 18:13:10,1,1,1,2026-03-17 18:16:05,2026-03-17 18:16:05,2.9166666666666665,2.9166666666666665,1.0
18184804,"우원식, 이재명이 언급한 개헌에 대한 내 입장",id:luna7742,2026-03-17 18:29:13,1,1,1,2026-03-17 18:31:04,2026-03-17 18:31:04,1.85,1.85,1.0
18184858,연임 이야기가 계속 나오는 이유가 뭐냐면,id:whddlqlgodrl,2026-03-17 19:18:20,1,1,1,2026-03-17 19:21:15,2026-03-17 19:21:15,2.9166666666666665,2.9166666666666665,1.0
18185412,정청래는 대통령 출구전략 만들어주는거죠,id:rhcp11,2026-03-18 08:13:32,1,1,1,2026-03-18 08:17:09,2026-03-18 08:17:09,3.6166666666666667,3.6166666666666667,1.0
18185473,장인수한테 거품 물던 버러지들 함 어쩌고한테는 스윗하네요,id:kim2pac,2026-03-18 08:57:14,1,1,1,2026-03-18 08:58:45,2026-03-18 08:58:45,1.5166666666666666,1.5166666666666666,1.0
18185520,검찰개혁 1라운드 잘 끝나니 기부니가 좋음.,id:Clocks,2026-03-18 09:35:00,1,1,1,2026-03-18 09:37:25,2026-03-18 09:37:25,2.4166666666666665,2.4166666666666665,1.0
18185596,이언주 - 봉욱 - 강준욱 - 이혜훈 - 이병태,id:minami89,2026-03-18 10:34:59,1,1,1,2026-03-18 10:35:40,2026-03-18 10:35:40,0.6833333333333333,0.6833333333333333,1.0
18185599,더쿠는 가명/익명 사이트라서 작세들이 넘쳐 납니다,id:wind1123,2026-03-18 10:35:35,1,1,1,2026-03-18 10:37:00,2026-03-18 10:37:00,1.4166666666666667,1.4166666666666667,1.0
18185679,무임승차자 분들의 고나리질은 좀 비겁해 보입니다.,id:makijeon,2026-03-18 11:20:10,1,1,1,2026-03-18 11:24:20,2026-03-18 11:24:20,4.166666666666667,4.166666666666667,1.0
18185744,검찰개혁 하면서 민생도 집중하면 된다니까 말을 안 들어쳐먹네,id:ajh30130,2026-03-18 11:47:58,1,1,1,2026-03-18 11:50:13,2026-03-18 11:50:13,2.25,2.25,1.0
18185799,훈계자들 님들 말처럼 모두에게 기준선은 다릅니다.,id:PabloGavi,2026-03-18 12:39:34,1,1,1,2026-03-18 12:43:58,2026-03-18 12:43:58,4.4,4.4,1.0
18185817,문재인정부 실패한거 맞죠,id:adnanjanuzaj,2026-03-18 12:52:59,1,1,1,2026-03-18 12:54:20,2026-03-18 12:54:20,1.35,1.35,1.0
18186662,허지웅은 유시민 말 제대로 안들은게 확실해요,id:solution78,2026-03-18 22:05:10,1,1,1,2026-03-18 22:07:13,2026-03-18 22:07:13,2.05,2.05,1.0
18187064,미친놈인가. 이재명 팔이 겁나 하더니 ㅋㅋㅋㅋ,id:lfcthismeans,2026-03-19 08:56:03,1,1,1,2026-03-19 08:56:56,2026-03-19 08:56:56,0.8833333333333333,0.8833333333333333,1.0
18187149,국힘정권도 아닌데... 민주당 의원이 입법하니깐 조심해라??,id:Necovv,2026-03-19 09:32:22,1,1,1,2026-03-19 09:32:56,2026-03-19 09:32:56,0.5666666666666667,0.5666666666666667,1.0
18187165,아니 경기지사 후보에대해 개개인의 호불호를 떠나서 단순하게만봐도,id:modern21,2026-03-19 09:42:36,1,1,1,2026-03-19 09:45:16,2026-03-19 09:45:16,2.6666666666666665,2.6666666666666665,1.0
18187263,솔직히 뉴이재명? 이런 부류들 크게 걱정 안함,id:mmq0626,2026-03-19 11:04:43,1,1,1,2026-03-19 11:06:31,2026-03-19 11:06:31,1.8,1.8,1.0
18187393,자꾸 10프로가 90프로한테 갈라치지말라고 핏대 세움,id:kim2pac,2026-03-19 12:25:46,1,1,1,2026-03-19 12:26:31,2026-03-19 12:26:31,0.75,0.75,1.0
18187710,오늘자 국힘 근황,id:ehdtks9286,2026-03-19 17:21:36,1,1,1,2026-03-19 17:23:49,2026-03-19 17:23:49,2.216666666666667,2.216666666666667,1.0
18187930,"확실한 것은 민주시민들은 개돼지랑 달라서 , 결국 안통함.",id:HONG43,2026-03-19 21:07:29,1,1,1,2026-03-19 21:09:24,2026-03-19 21:09:24,1.9166666666666667,1.9166666666666667,1.0
18187983,B 동형이 제일 긁혔을때가 그때였을걸요?,id:typoonj2,2026-03-19 21:54:39,1,1,1,2026-03-19 21:56:35,2026-03-19 21:56:35,1.9333333333333333,1.9333333333333333,1.0
18188088,이동형은 얼마나 답답헸을까 ㅋ,id:bulbol,2026-03-19 23:05:00,1,1,1,2026-03-19 23:07:09,2026-03-19 23:07:09,2.15,2.15,1.0
18188106,있는 곳만 민주 진영이지 저쪽처럼 하고 싶어 하는 놈들 참 많음.,id:sounited13,2026-03-19 23:20:47,1,1,1,2026-03-19 23:23:18,2026-03-19 23:23:18,2.5166666666666666,2.5166666666666666,1.0
18188597,이재명 김민석의 공동전선 인거죠,id:LJM1389,2026-03-20 11:50:17,1,1,1,2026-03-20 11:54:21,2026-03-20 11:54:21,4.066666666666666,4.066666666666666,1.0
18188631,요즘 빡치는점이 내란세력을 까고 싶은데,id:htht709,2026-03-20 11:59:24,1,1,1,2026-03-20 11:59:45,2026-03-20 11:59:45,0.35,0.35,1.0
18188675,국힘이 너무 막장이라 민주당이 시간남아돌긴하죠,id:6667sh,2026-03-20 12:18:21,1,1,1,2026-03-20 12:19:11,2026-03-20 12:19:11,0.8333333333333334,0.8333333333333334,1.0
18188824,뉴이재명들 무슨 지령 받듯이 유시민 책팔러 나왔다 이러던데,id:impactx84,2026-03-20 14:05:37,1,1,1,2026-03-20 14:05:55,2026-03-20 14:05:55,0.3,0.3,1.0
18189291,김민석이 저렇게 지지자들한테 대못박아가면서 당권잡겠다고 깝치는건,id:masok01,2026-03-20 22:32:07,1,1,1,2026-03-20 22:33:07,2026-03-20 22:33:07,1.0,1.0,1.0
18189399,모든 판단의기준이 오로지 이재명에만 맞춰져 있으니 저러는 겁니다,id:horizon,2026-03-20 23:51:45,1,1,1,2026-03-20 23:53:04,2026-03-20 23:53:04,1.3166666666666667,1.3166666666666667,1.0
18189573,저 눈 봉사인 잇박놈들은 지금 이재명은 금치산자요라고 동네방네 떠드는거임,id:KINGBATI,2026-03-21 09:21:16,1,1,1,2026-03-21 09:23:08,2026-03-21 09:23:08,1.8666666666666667,1.8666666666666667,1.0
18189662,똥파리라는 말의 의도,id:YoLaTengo,2026-03-21 11:10:25,1,1,1,2026-03-21 11:10:59,2026-03-21 11:10:59,0.5666666666666667,0.5666666666666667,1.0
18189734,이동형이 대통령이랑 직접 연락한다는데 언론이 조용하네요,id:deportivo7,2026-03-21 12:33:13,1,1,1,2026-03-21 12:34:39,2026-03-21 12:34:39,1.4333333333333333,1.4333333333333333,1.0
18191690,케빈 워시도 엡스타인 명단에 있다고 민주당에서 답변 내놓라던데,id:FeelingGood,2026-03-23 13:26:55,1,1,1,2026-03-23 13:28:44,2026-03-23 13:28:44,1.8166666666666667,1.8166666666666667,1.0
18192062,국짐 충북지사 후보에 김수민이 있길래,id:bulbol,2026-03-23 20:43:44,1,1,1,2026-03-23 20:44:37,2026-03-23 20:44:37,0.8833333333333333,0.8833333333333333,1.0
18192273,오늘 오후6시 마감인데 이제 마음에 결정함!!,id:snakeheads,2026-03-24 08:33:33,1,1,1,2026-03-24 08:35:42,2026-03-24 08:35:42,2.15,2.15,1.0
18192321,민주당 총리가 열린우리당부터 없는 역사 취급하는거임?,id:impactx84,2026-03-24 10:07:32,1,1,1,2026-03-24 10:08:25,2026-03-24 10:08:25,0.8833333333333333,0.8833333333333333,1.0
18192667,함돈균 뒷배 있다고 생각했지만,id:whddlqlgodrl,2026-03-24 17:33:05,1,1,1,2026-03-24 17:34:47,2026-03-24 17:34:47,1.7,1.7,1.0
18192684,참 묘해요 김진애도 오마이tv에서 문재인에게 일침으로 시작했었거든요,id:impactx84,2026-03-24 17:45:54,1,1,1,2026-03-24 17:47:22,2026-03-24 17:47:22,1.4666666666666666,1.4666666666666666,1.0
18193555,문재인 대통령님 근황,id:cytokine1234,2026-03-25 18:36:24,1,1,1,2026-03-25 18:36:50,2026-03-25 18:36:50,0.43333333333333335,0.43333333333333335,1.0
18193641,나도 조국대표 총선 나오면 안될줄 알았음,id:Mkisduchang,2026-03-25 20:14:58,1,1,1,2026-03-25 20:17:07,2026-03-25 20:17:07,2.15,2.15,1.0
18193676,김남국은 유시민이 휘발유 부었다고 하는데,id:impactx84,2026-03-25 20:49:34,1,1,1,2026-03-25 20:51:49,2026-03-25 20:51:49,2.25,2.25,1.0
18193685,지금 정치판 돌아가는거 진짜 진귀한 광경임,id:bulbol,2026-03-25 20:56:41,1,1,1,2026-03-25 20:57:55,2026-03-25 20:57:55,1.2333333333333334,1.2333333333333334,1.0
18193875,pic) 이스라엘 개입설로 결과가 역전된 슬로베니아 총선,id:pearson19,2026-03-26 00:17:36,1,1,1,2026-03-26 00:18:42,2026-03-26 00:18:42,1.1,1.1,1.0
18194045,선거를 치루고자하는데 왜 뺄셈을 하려고 할까요,id:say1673,2026-03-26 10:15:39,1,1,1,2026-03-26 10:16:24,2026-03-26 10:16:24,0.75,0.75,1.0
18194046,"정알못인 저도 대표적 친노하면 문재인, 이해찬, 유시민, 안희정이 떠오르는데...",id:TRkenochan,2026-03-26 10:19:05,1,1,1,2026-03-26 10:19:39,2026-03-26 10:19:39,0.5666666666666667,0.5666666666666667,1.0
18194080,진짜 수준떨어지는게 우리가 저짝 국회의원 볼때 나던 냄새가 우리쪽에서 난다는거,id:sta0505,2026-03-26 10:58:38,1,1,1,2026-03-26 10:59:38,2026-03-26 10:59:38,1.0,1.0,1.0
18194100,이래서 지도자들의 철학이 중요한 겁니다,id:kjk2880,2026-03-26 11:14:40,1,1,1,2026-03-26 11:19:16,2026-03-26 11:19:16,4.6,4.6,1.0
18194102,"[NBS] 이재명 대통령 국정지지도 69%, 민주 46%,국힘 18%",id:yo821281,2026-03-26 11:16:17,1,1,1,2026-03-26 11:18:28,2026-03-26 11:18:28,2.183333333333333,2.183333333333333,1.0
18194249,1찍 2찍이라는 말이 유시민 작가가 만든 1번당 2번당에서 나왔다는거 처음 알았음,id:adkse,2026-03-26 14:21:42,1,1,1,2026-03-26 14:22:54,2026-03-26 14:22:54,1.2,1.2,1.0
18194614,정부가 괜히 개입해서 기름 가격 더 오르는거같은데요,id:Rojiblanco,2026-03-26 21:54:37,1,1,1,2026-03-26 21:56:53,2026-03-26 21:56:53,2.2666666666666666,2.2666666666666666,1.0
18194619,NBS 여조,id:blue123,2026-03-26 21:56:19,1,1,1,2026-03-26 21:57:23,2026-03-26 21:57:23,1.0666666666666667,1.0666666666666667,1.0
18194629,이재명 정부는 걍 이마트에서 장난감 사달라는 어린이..,id:HONG43,2026-03-26 22:10:28,1,1,1,2026-03-26 22:12:53,2026-03-26 22:12:53,2.4166666666666665,2.4166666666666665,1.0
18197894,pic)자기반성하지 않고 자기객관화가 되지 않는 리더는 팀을 망친다.,id:vincent85,2026-03-30 11:20:35,1,1,1,2026-03-30 11:23:10,2026-03-30 11:23:10,2.5833333333333335,2.5833333333333335,1.0
18198997,아래 선별지원금 얘기가 나와서 말인데 이재명 진짜 조중동 같은 놈이었음,id:luna7742,2026-03-31 16:16:47,1,1,1,2026-03-31 16:21:04,2026-03-31 16:21:04,4.283333333333333,4.283333333333333,1.0
18199064,근데 미국 트럼프 이후도 문제죠?,id:hopes,2026-03-31 17:23:16,1,1,1,2026-03-31 17:25:15,2026-03-31 17:25:15,1.9833333333333334,1.9833333333333334,1.0
18199158,그니까 검찰개혁이라도 똑바로 했으면 적어도 민주당 집토끼들은 지지해줬을텐데..,id:BlackEyes23,2026-03-31 18:45:05,1,1,1,2026-03-31 18:46:54,2026-03-31 18:46:54,1.8166666666666667,1.8166666666666667,1.0
18200927,규모가 있는 큰 회사 대표이사라면 세세한거 까지 관여 안합니다.,id:khy80,2026-04-02 11:06:24,1,1,1,2026-04-02 11:07:13,2026-04-02 11:07:13,0.8166666666666667,0.8166666666666667,1.0
18201105,이재명 국정연설 중이였군요,id:adnanjanuzaj,2026-04-02 14:18:48,1,1,1,2026-04-02 14:22:08,2026-04-02 14:22:08,3.3333333333333335,3.3333333333333335,1.0
18201275,역시 빠가 까를 만든다고,id:htht709,2026-04-02 17:36:28,1,1,1,2026-04-02 17:38:11,2026-04-02 17:38:11,1.7166666666666666,1.7166666666666666,1.0
18201306,문재인 대통령님 근황,id:cytokine1234,2026-04-02 18:16:14,1,1,1,2026-04-02 18:19:53,2026-04-02 18:19:53,3.65,3.65,1.0
18201753,어제 케비스 다큐 인사이트에 나온 청소년들의 이야기를 잘 들어주는 경찰 처럼,id:adkse,2026-04-03 09:58:12,1,1,1,2026-04-03 10:00:03,2026-04-03 10:00:03,1.85,1.85,1.0
18201940,김부겸 총리가 14년 지선때 40% 조금 넘게 표를 얻었죠,id:Bluewings21,2026-04-03 13:43:23,1,1,1,2026-04-03 13:44:08,2026-04-03 13:44:08,0.75,0.75,1.0
18201983,저도 주변보면 어떻게 민주당이 1당인가 싶음,id:chakagesalja,2026-04-03 14:56:28,1,1,1,2026-04-03 15:00:25,2026-04-03 15:00:25,3.95,3.95,1.0
18205152,가만히 있으면 중간이라도 가는데,id:kakaka10,2026-04-07 18:16:18,1,1,1,2026-04-07 18:16:57,2026-04-07 18:16:57,0.65,0.65,1.0
18205203,부산 북구갑 전재수가 하정우를 밀어주나 보네요.,id:85yang,2026-04-07 18:58:41,1,1,1,2026-04-07 19:02:20,2026-04-07 19:02:20,3.65,3.65,1.0
18206198,"ytb)""기회주시면 사회봉사할 터""..'15년' 또 구형에 김건희..",id:vincent85,2026-04-08 19:58:58,1,1,1,2026-04-08 19:59:36,2026-04-08 19:59:36,0.6333333333333333,0.6333333333333333,1.0
18206970,민주당 광역자치단체장 후보,id:traum0105,2026-04-09 19:16:20,1,1,1,2026-04-09 19:17:51,2026-04-09 19:17:51,1.5166666666666666,1.5166666666666666,1.0
18207358,저것들은 민주당이 아니니까요,id:dlawls,2026-04-10 12:14:40,1,1,1,2026-04-10 12:15:46,2026-04-10 12:15:46,1.1,1.1,1.0
18207753,원래 그랬는지 모르겠는데 신기하게 최근 방한하는 인물들이 많네요,id:adnanjanuzaj,2026-04-10 22:43:59,1,1,1,2026-04-10 22:46:56,2026-04-10 22:46:56,2.95,2.95,1.0
18207932,저는 언론이 어떤 스탠스일지가 매우 궁금하네요,id:todfndl12,2026-04-11 10:08:56,1,1,1,2026-04-11 10:12:26,2026-04-11 10:12:26,3.5,3.5,1.0
18207951,이재명은 뉴재명이 좋아할 행보를 그대로 따라가는지라,id:rukk7812,2026-04-11 10:37:44,1,1,1,2026-04-11 10:39:30,2026-04-11 10:39:30,1.7666666666666666,1.7666666666666666,1.0
18207959,sns 끄적임으로 이스라엘을 적으로 돌리는 대통령이라니..ㄷㄷㄷ,id:BlackEyes23,2026-04-11 10:42:13,1,1,1,2026-04-11 10:45:04,2026-04-11 10:45:04,2.85,2.85,1.0
18208016,페루 4.12 대선 여론조사(후지모리 4수),id:pearson19,2026-04-11 11:36:53,1,1,1,2026-04-11 11:37:56,2026-04-11 11:37:56,1.05,1.05,1.0
18208181,이재명 어디까지 못할지 궁금함,id:kakaka10,2026-04-11 14:01:20,1,1,1,2026-04-11 14:01:58,2026-04-11 14:01:58,0.6333333333333333,0.6333333333333333,1.0
18208487,그냥 이재명은 실용주의자란 이름으로 솔직히 민주당의 근본을 없애버림,id:kokomong,2026-04-11 17:33:44,1,1,1,2026-04-11 17:35:56,2026-04-11 17:35:56,2.2,2.2,1.0
18208668,"지능 이슈는 내란견들 , 윤어게인들의 문제인줄 알았는데",id:bugfix,2026-04-11 20:09:28,1,1,1,2026-04-11 20:10:18,2026-04-11 20:10:18,0.8333333333333334,0.8333333333333334,1.0
18208872,가만히 보면 이재명이 중요한 일은 강훈식 시키지 김민석 안 시킴,id:blue123,2026-04-11 22:52:25,1,1,1,2026-04-11 22:53:09,2026-04-11 22:53:09,0.7333333333333333,0.7333333333333333,1.0
18209391,이재명 술취해서 실수한거 아닐까요?,id:whddlqlgodrl,2026-04-12 18:27:14,1,1,1,2026-04-12 18:32:09,2026-04-12 18:32:09,4.916666666666667,4.916666666666667,1.0
18209591,대통령이 철학과 신념이 확고한 사람이라면 걱정이 안될텐데,id:bulbol,2026-04-12 22:51:17,1,1,1,2026-04-12 22:56:11,2026-04-12 22:56:11,4.9,4.9,1.0
18209592,전 이재명 정부의 정책효과 관련해서는 당장 까고 싶은 생각은 없음,id:rukk7812,2026-04-12 22:51:43,1,1,1,2026-04-12 22:56:08,2026-04-12 22:56:08,4.416666666666667,4.416666666666667,1.0
18210035,gif) 페루에서 나온 원기옥 대선 운동,id:pearson19,2026-04-13 11:12:44,1,1,1,2026-04-13 11:15:00,2026-04-13 11:15:00,2.2666666666666666,2.2666666666666666,1.0
18210280,또 어제 이스라엘 비판성명가지고 뭐 딴나라도 다했다 이러는데,id:kokomong,2026-04-13 16:17:32,1,1,1,2026-04-13 16:20:55,2026-04-13 16:20:55,3.3833333333333333,3.3833333333333333,1.0
18210329,조희대는 왜 대법관을 제청하지 않나,id:ehdtks9286,2026-04-13 17:39:09,1,1,1,2026-04-13 17:44:03,2026-04-13 17:44:03,4.9,4.9,1.0
18210425,아무래도 장동혁이 뉴재명 수장인거같음....,id:hypeboy,2026-04-13 19:29:57,1,1,1,2026-04-13 19:32:58,2026-04-13 19:32:58,3.0166666666666666,3.0166666666666666,1.0
18210909,전 솔직히 조국대표가 안산왔음 했음 ㅠㅠ,id:kokomong,2026-04-14 12:20:38,1,1,1,2026-04-14 12:23:14,2026-04-14 12:23:14,2.6,2.6,1.0
18211486,검찰개혁이 낡은 아젠다라고 하는 색기들 특,id:gerrard88,2026-04-15 00:06:53,1,1,1,2026-04-15 00:11:07,2026-04-15 00:11:07,4.233333333333333,4.233333333333333,1.0
18213799,전한길 구속 기각 유감스럽습니다,id:goldenboy12,2026-04-17 14:49:07,1,1,1,2026-04-17 14:49:57,2026-04-17 14:49:57,0.8333333333333334,0.8333333333333334,1.0
18213807,[갤럽] '이재명 정부 부동산 정책' 긍정 50%,id:goldenboy12,2026-04-17 14:57:50,1,1,1,2026-04-17 14:58:46,2026-04-17 14:58:46,0.9333333333333333,0.9333333333333333,1.0
18213941,자꾸 잇박이들이 문통이 수박이라는데,id:LJM1389,2026-04-17 17:42:46,1,1,1,2026-04-17 17:46:19,2026-04-17 17:46:19,3.55,3.55,1.0
18213967,북유인가 뭐시기도 이재명 까는데 열심히다가 들통나니까 사라졌잖아요,id:impactx84,2026-04-17 18:03:53,1,1,1,2026-04-17 18:07:16,2026-04-17 18:07:16,3.3833333333333333,3.3833333333333333,1.0
18216842,이재명 졍부가 까일게 수없이 많고 저도 까고는 있지만,id:edh2och,2026-04-20 17:26:54,1,1,1,2026-04-20 17:27:42,2026-04-20 17:27:42,0.8,0.8,1.0
18218333,[재탕] #이재명 # 이재용 이 조합,id:donka,2026-04-22 17:24:26,1,1,1,2026-04-22 17:26:56,2026-04-22 17:26:56,2.5,2.5,1.0
18218386,"젊은사람이 집에서 노는게 딱해서 남국이 또 공천 주려나 본데,",id:blue123,2026-04-22 18:30:50,1,1,1,2026-04-22 18:31:41,2026-04-22 18:31:41,0.85,0.85,1.0
18218389,한치는 커녕 개 ㅈ도 못 내다보는 퇴물놈이.,id:lfcthismeans,2026-04-22 18:36:32,1,1,1,2026-04-22 18:37:10,2026-04-22 18:37:10,0.6333333333333333,0.6333333333333333,1.0
18218934,그냗 조혁당도 경합 지역에 후보 내면 됨,id:Volvo,2026-04-23 12:50:15,1,1,1,2026-04-23 12:50:57,2026-04-23 12:50:57,0.7,0.7,1.0
18220493,"매불쇼,겸공 등등 아직도 명비어천가인가요??",id:againstwin80,2026-04-25 15:15:53,1,1,1,2026-04-25 15:18:13,2026-04-25 15:18:13,2.3333333333333335,2.3333333333333335,1.0
18220670,민주당 의원 귀책으로 보궐선거 하는 지역구에 가석방 상태인 사람을 공천??,id:bundes1,2026-04-25 18:31:56,1,1,1,2026-04-25 18:34:30,2026-04-25 18:34:30,2.566666666666667,2.566666666666667,1.0
18222253,김남국은 21대 내내 안산서 평도 안좋았죠,id:thesilver,2026-04-27 18:40:21,1,1,1,2026-04-27 18:41:43,2026-04-27 18:41:43,1.3666666666666667,1.3666666666666667,1.0
18222836,김건희 곧 2심 형량 나오네요,id:Rojiblanco,2026-04-28 15:12:54,1,1,1,2026-04-28 15:13:56,2026-04-28 15:13:56,1.0333333333333334,1.0333333333333334,1.0
18223084,포교활동하는 것도 아니고....,id:djsi,2026-04-28 18:01:32,1,1,1,2026-04-28 18:02:11,2026-04-28 18:02:11,0.65,0.65,1.0
18223113,아니 사실 17년 경선에서 쎄한건 있었어도 이정도일줄은 몰랐는데,id:pjhwinner,2026-04-28 18:30:12,1,1,1,2026-04-28 18:34:12,2026-04-28 18:34:12,4.0,4.0,1.0
18223128,이재명이 오판하게 만든건 결국 이재명 악개들 자칭 뉴재명들 아닌가 ㅋ,id:bugfix,2026-04-28 18:54:18,1,1,1,2026-04-28 18:56:18,2026-04-28 18:56:18,2.0,2.0,1.0
18225328,이재명을 믿어주는건 좋습니다.,id:dleoduq1234,2026-05-01 18:50:48,1,1,1,2026-05-01 18:51:27,2026-05-01 18:51:27,0.65,0.65,1.0
18225422,신의없는 놈들 너무 싫음,id:Volvo,2026-05-01 20:27:23,1,1,1,2026-05-01 20:29:03,2026-05-01 20:29:03,1.6666666666666667,1.6666666666666667,1.0
18225868,"""민주당 출마에 학원생 뚝…그래도 청도 선거판 바꿀 것""",id:pearson19,2026-05-02 15:35:33,1,1,1,2026-05-02 15:36:33,2026-05-02 15:36:33,1.0,1.0,1.0
18227800,매불쇼 조국후보 출연하는 중인데,id:edh2och,2026-05-04 15:14:32,1,1,1,2026-05-04 15:17:03,2026-05-04 15:17:03,2.5166666666666666,2.5166666666666666,1.0
18228027,그래도 한동훈에게 고마운점,id:dleoduq1234,2026-05-04 20:39:07,1,1,1,2026-05-04 20:40:54,2026-05-04 20:40:54,1.7833333333333334,1.7833333333333334,1.0
18228161,민주당 4월16일 세월호 기억식 참석. 4월27일 김용남 전략공천,id:summernight,2026-05-04 23:13:50,1,1,1,2026-05-04 23:17:04,2026-05-04 23:17:04,3.2333333333333334,3.2333333333333334,1.0
18228295,검찰개혁에 대해 입장 밝히라는게 어떻게 네거티브가 되나,id:bulbol,2026-05-05 08:04:50,1,1,1,2026-05-05 08:08:07,2026-05-05 08:08:07,3.283333333333333,3.283333333333333,1.0
18228705,그래선 안되고 그럴일도없지만 만약 코스피 꼬라박으면 이재명은,id:skykys85,2026-05-05 18:06:04,1,1,1,2026-05-05 18:07:58,2026-05-05 18:07:58,1.9,1.9,1.0
18228717,한동훈은 근데 뭘로 출금 당한거래요?,id:bugfix,2026-05-05 18:16:54,1,1,1,2026-05-05 18:17:54,2026-05-05 18:17:54,1.0,1.0,1.0
18228792,pic)송영길 개새야 그럼 지난 대선은 이재명이 돌아다녀서 부산에서 졌냐,id:bundes1,2026-05-05 19:38:00,1,1,1,2026-05-05 19:41:45,2026-05-05 19:41:45,3.75,3.75,1.0
18228812,"pic)25년 4월, 5월 대선 여론조사 꽃 결과표",id:bundes1,2026-05-05 19:50:01,1,1,1,2026-05-05 19:53:57,2026-05-05 19:53:57,3.933333333333333,3.933333333333333,1.0
18101373,개신당이랑 국짐이랑 통일교 특검가지고 옥신각신하는데,id:dbsupers,2025-12-17 16:29:00,2,2,1,2025-12-17 16:32:53,2025-12-17 17:08:44,3.8833333333333333,21.808333333333334,0.5
18102278,조지호 헌재에서 파면됐군요!,id:85yang,2025-12-18 22:25:05,2,2,1,2025-12-18 22:27:34,2025-12-18 22:38:30,2.4833333333333334,7.949999999999999,0.5
18104555,언론개혁이란 무엇이고 어떻게 해야할까?,id:grit,2025-12-22 11:18:19,2,2,1,2025-12-22 11:20:11,2025-12-22 11:24:40,1.8666666666666667,4.108333333333333,0.5
18104632,내란당 비상회의 소집했다고 ㅎㅎㅎ,id:rukk7812,2025-12-22 12:52:09,2,2,1,2025-12-22 12:53:22,2025-12-22 12:58:08,1.2166666666666666,3.6,0.5
18104696,민주당은 딱 6글자면 3명 보낼수 있음.,id:bulbol,2025-12-22 14:09:55,2,2,1,2025-12-22 14:13:49,2025-12-22 14:23:22,3.9,8.674999999999999,0.5
18104708,제 와이프도 인스타보다가 뜬금없이 국가보안법 폐지 물어보드라구요,id:typoonj2,2025-12-22 14:19:25,2,2,1,2025-12-22 14:23:43,2025-12-22 14:33:27,4.3,9.166666666666666,0.5
18105283,"국민의힘 ""통일교 특검, 패스트트랙으로 처리하자""",id:traum0105,2025-12-23 09:39:51,2,2,1,2025-12-23 09:43:57,2025-12-23 11:14:09,4.1,49.199999999999996,0.5
18106717,pic) 민주당 원내대표단과 국토위.jpg,id:naco16,2025-12-24 21:04:32,2,2,1,2025-12-24 21:07:11,2025-12-25 06:27:52,2.65,282.9916666666667,0.5
18108728,펨베충들 잼통이 싸줄 포함 커뮤 싹 돌 때 쫓아낸 놈들 아님?,id:sounited13,2025-12-27 23:02:35,2,2,1,2025-12-27 23:03:01,2025-12-28 02:52:50,0.43333333333333335,115.34166666666667,0.5
18109528,아무리 생각해도 “그래서 국힘 찍을꺼야??ㅎ” 라는 생가밖에 안듭니다,id:Mkisduchang,2025-12-28 18:30:25,2,2,1,2025-12-28 18:31:22,2025-12-28 18:38:52,0.95,4.699999999999999,0.5
18109544,"조국혁신당 ""대통령실, 이혜훈 발탁 배경 상세히 설명해야""",id:bulbol,2025-12-28 18:40:17,2,2,1,2025-12-28 18:44:20,2025-12-28 18:50:37,4.05,7.191666666666666,0.5
18109774,시민옹이 발언한거 저도 들어봤는데 두가지였음,id:modern21,2025-12-28 21:44:27,2,2,1,2025-12-28 21:46:31,2025-12-28 21:50:24,2.066666666666667,4.008333333333334,0.5
18109923,사실 중도 여론도 민주당이 압도적인 상황이었는데,id:hyeok497,2025-12-28 23:17:15,2,2,1,2025-12-28 23:17:59,2025-12-28 23:23:19,0.7333333333333333,3.4,0.5
18110090,"[단독]통일교 참어머니 ""일본은 이재명보다 윤석열바라""",id:Ronaldo34,2025-12-29 08:12:15,2,2,1,2025-12-29 08:16:29,2025-12-29 08:30:53,4.233333333333333,11.433333333333334,0.5
18110398,"민주, 무안 찾아 ""전남에 예산 쏟아부었다...국비 10조 원 시대""",id:naco16,2025-12-29 13:18:55,2,2,1,2025-12-29 13:20:25,2025-12-29 13:24:22,1.5,3.475,0.5
18110911,"이 놈, 저 놈 다 똑같다' 소리 나오기 전에 민주당이 결단해야",id:bulbol,2025-12-29 21:24:12,2,2,1,2025-12-29 21:26:33,2025-12-29 21:30:47,2.35,4.466666666666667,0.5
18110992,민주당의 문제는 스펙트럼이 너무넓음,id:dosa0705,2025-12-29 22:59:25,2,2,1,2025-12-29 23:03:02,2025-12-29 23:11:48,3.6166666666666667,8.0,0.5
18110993,이재명식 실용주의일까요,id:yeodarl,2025-12-29 22:59:28,2,2,1,2025-12-29 23:00:04,2025-12-29 23:26:21,0.6,13.741666666666667,0.5
18111034,오히려 잼통을 믿기에 단호해야 하는 부분도 있죠,id:hyeok497,2025-12-29 23:41:22,2,2,1,2025-12-29 23:44:55,2025-12-29 23:46:40,3.55,4.425,0.5
18111350,유장관이 그랬잖아요,id:sbw1249,2025-12-30 11:25:39,2,2,1,2025-12-30 11:27:58,2025-12-30 11:33:10,2.316666666666667,4.916666666666667,0.5
18111397,이재명 대통령이 발탁한 김성식에 대해...,id:gildo33,2025-12-30 11:58:40,2,2,1,2025-12-30 12:03:27,2025-12-30 12:12:42,4.783333333333333,9.408333333333333,0.5
18111421,근데 이재명이 저런 연정식 제스처를 취한다고 해도,id:HONG43,2025-12-30 12:15:56,2,2,1,2025-12-30 12:18:58,2025-12-30 12:23:48,3.033333333333333,5.449999999999999,0.5
18112725,정보들 보니까 이혜훈이 이러나저러나 내란당 중견급이라서 정보와 인맥이 꽤 있다더군요.,id:rukk7812,2025-12-31 14:39:13,2,2,1,2025-12-31 14:41:12,2025-12-31 14:56:06,1.9833333333333334,9.433333333333334,0.5
18114534,미국은 민주당과 여러 지식층들이 국민들의 신뢰를 많이 잃었으며,id:adkse,2026-01-02 21:41:18,2,2,1,2026-01-02 21:43:09,2026-01-02 21:48:29,1.85,4.516666666666667,0.5
18115104,"이재명 대통령, “중국어선, 우리 영해 침범하면 포탄으로 격침 시켜야!”",id:joohakmoo,2026-01-03 20:51:48,2,2,1,2026-01-03 20:53:39,2026-01-03 20:59:44,1.85,4.891666666666667,0.5
18115181,요즘 진짜 분열 세력들이 있긴 하나봐요.,id:HONG43,2026-01-03 22:41:04,2,2,1,2026-01-03 22:44:15,2026-01-03 23:10:39,3.183333333333333,16.383333333333333,0.5
18115197,박근혜때 노유진의 정치카페 많이 들었는데,id:dosa0705,2026-01-03 23:01:48,2,2,1,2026-01-03 23:04:48,2026-01-03 23:12:35,3.0,6.891666666666667,0.5
18116682,헬조선 살던 20대였는데,id:zavawork01,2026-01-05 17:52:21,2,2,1,2026-01-05 17:55:06,2026-01-05 18:00:02,2.75,5.216666666666667,0.5
18116858,이대남 이재명 때문에 우리나라 공산화 50프로 ㅋㅋㅋㅋ,id:rukk7812,2026-01-05 20:53:37,2,2,1,2026-01-05 20:56:16,2026-01-05 21:01:13,2.65,5.125,0.5
18118279,돈과 정치를 왜 결부시키지,id:bulbol,2026-01-07 17:19:34,2,2,1,2026-01-07 17:20:52,2026-01-07 17:30:06,1.3,5.916666666666667,0.5
18118542,펌) 이준석은 펨코를 안 하는 컨셉이다,id:rukk7812,2026-01-07 23:44:44,2,2,1,2026-01-07 23:46:13,2026-01-08 04:16:10,1.4833333333333334,136.45833333333334,0.5
18118737,그때 그때 관심사 맞는 사람들하고 어울리는게 맞는거 같기도,id:htht709,2026-01-08 10:28:27,2,2,1,2026-01-08 10:29:02,2026-01-08 10:36:04,0.5833333333333334,4.1,0.5
18119043,검찰개혁은 진짜 걱정되네요,id:FeelingGood,2026-01-08 18:43:56,2,2,1,2026-01-08 18:48:40,2026-01-08 18:52:25,4.733333333333333,6.6083333333333325,0.5
18119645,민주당 투표 주소 어디인가요?,id:sof8,2026-01-09 11:04:03,2,2,1,2026-01-09 11:06:02,2026-01-09 11:10:26,1.9833333333333334,4.183333333333334,0.5
18119978,(번역/장문) 양쪽에서 쥐어짜이는 덴마크 이민정책 모델,id:pearson19,2026-01-09 18:01:48,2,2,1,2026-01-09 18:02:52,2026-01-09 18:13:07,1.0666666666666667,6.191666666666666,0.5
18121128,친일파들이 커뮤니티는 작업 끝냈고 이제 SNS도 다 먹으려 하고 있죠,id:terry34,2026-01-11 11:31:38,2,2,1,2026-01-11 11:35:39,2026-01-11 12:02:32,4.016666666666667,17.458333333333332,0.5
18121397,이재명을 위해 지선을 포기한다는 사람들(익숙한 맛),id:grit,2026-01-11 18:04:04,2,2,1,2026-01-11 18:04:55,2026-01-11 18:09:16,0.85,3.025,0.5
18122474,제일 최악은 중도는 투표 안하고 혁신당만 파이 늘어나는것,id:gum0510,2026-01-12 18:13:27,2,2,1,2026-01-12 18:15:32,2026-01-12 18:21:19,2.0833333333333335,4.975,0.5
18122508,한병도 “당정청 24시간 핫라인 가동”…원내수석에 천준호·김한규·전용기 임명,id:naco16,2026-01-12 18:38:47,2,2,1,2026-01-12 18:40:33,2026-01-12 18:51:49,1.7666666666666666,7.4,0.5
18122668,검찰의 전략전술이 대단하다고 봅니다.,id:cokabel,2026-01-12 21:07:16,2,2,1,2026-01-12 21:08:58,2026-01-12 21:19:12,1.7,6.816666666666666,0.5
18123089,강선우 아이폰 비번 제출 거부,id:LJM1389,2026-01-13 09:54:10,2,2,1,2026-01-13 09:55:59,2026-01-13 10:09:24,1.8166666666666667,8.525,0.5
18123231,어제부로 검찰이 갑 민주당이 을됨,id:bulbol,2026-01-13 11:10:27,2,2,1,2026-01-13 11:11:05,2026-01-13 11:15:44,0.6333333333333333,2.958333333333333,0.5
18123236,참 마지막까지 흐린눈 하고있는데,id:radioshot1,2026-01-13 11:12:39,2,2,1,2026-01-13 11:13:55,2026-01-13 11:18:24,1.2666666666666666,3.5083333333333333,0.5
18123401,이재명 정권 참모들 인재 수준 느낀게,id:cydia14,2026-01-13 12:53:45,2,2,1,2026-01-13 12:56:05,2026-01-13 13:01:56,2.3333333333333335,5.258333333333334,0.5
18124213,윤석열은 민주당 정권일때 사형 집행까지 가게 국민들이 압박 해야죠,id:terry34,2026-01-13 22:57:02,2,2,1,2026-01-13 22:59:20,2026-01-13 23:17:38,2.3,11.450000000000001,0.5
18124435,ㅋㅋㅋㅋㅋㅋ 한동훈 친한계한테도 개같이 버림받네요 ㅋㅋㅋㅋ,id:rascol,2026-01-14 09:48:56,2,2,1,2026-01-14 09:51:56,2026-01-14 11:32:37,3.0,53.34166666666667,0.5
18124579,이재명 대통령 칭찬중에 역대 민주정권 대통령과 다르다,id:alfatini,2026-01-14 13:07:06,2,2,1,2026-01-14 13:11:34,2026-01-14 13:14:22,4.466666666666667,5.866666666666667,0.5
18125504,정부안 밀어붙일거면 그냥 검찰 지금 그대로 두는게,id:jeffkent,2026-01-15 14:56:03,2,2,1,2026-01-15 14:57:30,2026-01-15 15:08:21,1.45,6.875,0.5
18125842,[단독] 이혜훈 메모 봤더니…‘낙선 기도’에 ‘수사 무마 청탁’도,id:pearson19,2026-01-15 21:37:42,2,2,1,2026-01-15 21:42:05,2026-01-15 22:14:27,4.383333333333334,20.566666666666666,0.5
18126215,문재인 까면 좋은자리 가니까,id:bulbol,2026-01-16 13:42:51,2,2,1,2026-01-16 13:47:03,2026-01-16 14:08:27,4.2,14.9,0.5
18126414,"[속보] ""윤석열 징역 5년 선고"" '체포 방해' 혐의···8개 재판 중 첫 결론",id:joohakmoo,2026-01-16 15:47:21,2,2,1,2026-01-16 15:50:30,2026-01-16 16:51:32,3.15,33.66666666666667,0.5
18127281,"홍준표 ""비상계엄 막은 건 한동훈 아닌 민주당과 국민‥한동훈 사라져라""",id:hanlobby,2026-01-17 21:34:54,2,2,1,2026-01-17 21:37:33,2026-01-17 22:46:39,2.65,37.2,0.5
18129295,"pic) 이재명 대권주자 떠오르자…신천지 교주 ""목적 달성 못할 것"" ㄷㄷㄷ",id:fantak,2026-01-20 08:16:14,2,2,1,2026-01-20 08:18:46,2026-01-20 08:35:49,2.533333333333333,11.058333333333334,0.5
18130987,싸줄이 사람도 3천명이 안되는데 조회수가 4천이 말이 되는지,id:dondekhmann,2026-01-21 17:55:33,2,2,1,2026-01-21 17:56:40,2026-01-21 18:27:54,1.1166666666666667,16.733333333333334,0.5
18131040,대통령의 의견은 수많은 국민들 의견 중 하나,id:mnyj,2026-01-21 19:10:40,2,2,1,2026-01-21 19:13:39,2026-01-21 19:30:41,2.9833333333333334,11.5,0.5
18131104,지지철회 하면 어때요.. 저는 이미 지지철회했음,id:aduno,2026-01-21 20:27:54,2,2,1,2026-01-21 20:29:36,2026-01-22 12:11:11,1.7,472.4916666666667,0.5
18131297,한덕수 국짐 입당하지 않았나요?,id:scary910,2026-01-21 23:54:34,2,2,1,2026-01-21 23:55:14,2026-01-22 05:02:56,0.6666666666666666,154.51666666666668,0.5
18131516,민주당은 조국혁신당을 호구로 보는게 분명함,id:xxvxx,2026-01-22 10:12:51,2,2,1,2026-01-22 10:13:50,2026-01-22 10:45:02,0.9833333333333333,16.583333333333332,0.5
18131921,이재명이 호벤져스 데리고 올때 아무도 말 안했음,id:bulbol,2026-01-22 17:17:26,2,2,1,2026-01-22 17:21:40,2026-01-22 17:24:53,4.233333333333333,5.841666666666667,0.5
18132496,문모닝 시즌2 냄새가 솔솔 나네요,id:xxvxx,2026-01-23 12:40:33,2,2,1,2026-01-23 12:42:28,2026-01-23 12:51:44,1.9166666666666667,6.55,0.5
18132562,(한탄)노통이 너무 안타까움,id:mhp3rd,2026-01-23 14:02:34,2,2,1,2026-01-23 14:06:19,2026-01-23 14:11:16,3.75,6.225,0.5
18133336,1020 극우화 하는 쇼츠나 유튜브가 잘되는 이유는 기본적으로 사실이 아니라서 그럼,id:impactx84,2026-01-24 13:24:13,2,2,1,2026-01-24 13:29:01,2026-01-24 13:31:39,4.8,6.116666666666667,0.5
18134039,정청래보고 윤석열과 다를바 없다는 사람,id:grit,2026-01-25 15:16:30,2,2,1,2026-01-25 15:19:39,2026-01-25 15:29:15,3.15,7.95,0.5
18134160,이해찬은 한겨레 창간 발기인이었죠,id:impactx84,2026-01-25 17:33:42,2,2,1,2026-01-25 17:35:41,2026-01-25 17:48:57,1.9833333333333334,8.616666666666667,0.5
18134178,해찬옹만큼 민주당의 나무 역할을 하셨던 분은 없었는 듯,id:xxvxx,2026-01-25 17:50:14,2,2,1,2026-01-25 17:53:36,2026-01-25 17:55:27,3.3666666666666667,4.291666666666667,0.5
18134188,20대총선때도 이해찬대표가 정말 많이 고생하셨죠,id:rrlatls18,2026-01-25 17:57:10,2,2,1,2026-01-25 17:58:52,2026-01-25 18:02:27,1.7,3.4916666666666667,0.5
18137146,pic) AI는 김건희 징역 8년을 선고했다.,id:flamans1,2026-01-28 19:07:01,2,2,1,2026-01-28 19:09:47,2026-01-28 19:33:06,2.7666666666666666,14.424999999999999,0.5
18137155,내란 성공했으면 김건희 여왕 즉위식 했을듯,id:jk3254792,2026-01-28 19:17:47,2,2,1,2026-01-28 19:18:46,2026-01-28 19:26:21,0.9833333333333333,4.7749999999999995,0.5
18137566,전 이해찬이 대단한게 시대의 흐름을 정확하게 알고 있었다는거,id:FeelingGood,2026-01-29 08:44:26,2,2,1,2026-01-29 08:46:23,2026-01-29 08:51:11,1.95,4.35,0.5
18138317,pic) 법원에서 김건희랑 비슷한 형량 받는 범죄 수준,id:dadoocom,2026-01-30 07:45:23,2,2,1,2026-01-30 07:48:05,2026-01-30 07:53:05,2.7,5.2,0.5
18138732,심상정 안철수 이낙연 언론 아니였으면 애초에 정권 재창출이였음,id:simbae1,2026-01-30 17:23:49,2,2,1,2026-01-30 17:26:58,2026-01-30 17:36:09,3.15,7.741666666666667,0.5
18138750,"""사람 대접받고 싶으면, 의리가 있어야 한다!""",id:alfatini,2026-01-30 17:51:07,2,2,1,2026-01-30 17:52:16,2026-01-30 18:01:54,1.15,5.966666666666667,0.5
18139071,슈카는 저출산 문제 어그로로 계속 이용해먹었죠,id:hodoeel,2026-01-31 08:37:55,2,2,1,2026-01-31 08:41:11,2026-01-31 10:42:24,3.2666666666666666,63.875,0.5
18139340,미국 민주당은 방향을 한참 잘못 잡았죠,id:rltjddyd16,2026-01-31 16:18:38,2,2,1,2026-01-31 16:21:12,2026-01-31 16:58:51,2.566666666666667,21.39166666666667,0.5
18140340,밀약설 텔레그램 당사자는 책임 져야됨,id:bulbol,2026-02-01 23:20:23,2,2,1,2026-02-01 23:24:56,2026-02-01 23:40:48,4.55,12.483333333333334,0.5
18140743,문통은 진짜 보살이신가 ㄷㄷ,id:traum0105,2026-02-02 12:41:51,2,2,1,2026-02-02 12:44:33,2026-02-02 13:12:36,2.7,16.725,0.5
18141070,오늘 겸공 유시민 나온거 보니,id:cydia14,2026-02-02 19:31:01,2,2,1,2026-02-02 19:32:38,2026-02-02 19:38:15,1.6166666666666667,4.425,0.5
18141087,김민석은 지가 민주당 대표로 올려는것 같음,id:FeelingGood,2026-02-02 19:38:40,2,2,1,2026-02-02 19:41:26,2026-02-02 23:57:58,2.7666666666666666,131.03333333333333,0.5
18141271,이래서 진작에 지지 철회했음,id:aduno,2026-02-02 21:39:13,2,2,1,2026-02-02 21:40:45,2026-02-02 21:48:54,1.5333333333333334,5.608333333333333,0.5
18141354,대선 전부터 개혁한다고 온갖 설레발은 쳤는데,id:juventus82,2026-02-02 22:53:29,2,2,1,2026-02-02 22:54:28,2026-02-02 23:00:40,0.9833333333333333,4.083333333333333,0.5
18141819,"TK민주노총 “대구경북통합법안, 과로사·저임금 특례시 만들 것”",id:osodos,2026-02-03 14:11:17,2,2,1,2026-02-03 14:15:03,2026-02-03 14:21:21,3.7666666666666666,6.916666666666666,0.5
18142101,이성윤 의원 문통 당시에 검찰총장 하마평도 있었던 걸로 아는데,id:alfatini,2026-02-03 19:15:47,2,2,1,2026-02-03 19:17:20,2026-02-03 21:17:06,1.55,61.43333333333333,0.5
18143102,이동형이 대통령이랑 소통하고 떠드는건 아니겠죠?,id:ManU01,2026-02-04 22:30:07,2,2,1,2026-02-04 22:33:49,2026-02-04 22:35:34,3.7,4.575,0.5
18143168,그래도 대선~정권 초까지의 기억을 돌이켜봤을때 다행인점은,id:xxvxx,2026-02-05 00:16:52,2,2,1,2026-02-05 00:21:24,2026-02-05 02:14:57,4.533333333333333,61.30833333333333,0.5
18144052,암만 여당내 사쿠라들하고 정부의 검찰개혁이 맘에 안들어도,id:Bluewings21,2026-02-06 10:11:58,2,2,1,2026-02-06 10:14:13,2026-02-06 10:18:12,2.25,4.241666666666667,0.5
18144448,그래도 유시민이 임계점 끝에서 나와서 다행. 소중한 자산임.,id:armwear,2026-02-06 17:46:58,2,2,1,2026-02-06 17:48:46,2026-02-06 17:55:07,1.8,4.9750000000000005,0.5
18145218,뉴스타파 압수수색한 검사들 줄줄이 영전할때도 한마디 쫌 해주시지,id:horizon,2026-02-07 21:16:26,2,2,1,2026-02-07 21:18:51,2026-02-07 21:27:08,2.4166666666666665,6.558333333333333,0.5
18145805,진짜 대통령이 정리해야 합니다.,id:alfatini,2026-02-08 13:06:12,2,2,1,2026-02-08 13:06:50,2026-02-08 13:21:48,0.6333333333333333,8.116666666666667,0.5
18145850,이러다가 점점 감정적으로 대응하다가 증오하게 되는거죠,id:zkdltmffks,2026-02-08 13:39:01,2,2,1,2026-02-08 13:40:26,2026-02-08 15:04:03,1.4166666666666667,43.225,0.5
18145935,당대표가 정말 잘버티고 있고 공작세력이 점점 급해지고 있다고 봅니다,id:todfndl12,2026-02-08 14:50:04,2,2,1,2026-02-08 14:51:39,2026-02-08 15:10:15,1.5833333333333333,10.883333333333333,0.5
18145949,설날 집안마다 민주지지자들끼리 싸우게 생긴듯,id:hyeok497,2026-02-08 15:05:50,2,2,1,2026-02-08 15:06:49,2026-02-08 16:13:23,0.9833333333333333,34.266666666666666,0.5
18146131,재벌 그룹들이 이재명 프로파일링을 어떻게 했냐면..,id:puh1993,2026-02-08 18:30:52,2,2,1,2026-02-08 18:34:14,2026-02-08 18:40:38,3.3666666666666667,6.566666666666667,0.5
18146178,아니 이게 각자도생이지 니조랄,id:liking83,2026-02-08 19:22:41,2,2,1,2026-02-08 19:24:55,2026-02-08 19:40:17,2.2333333333333334,9.916666666666668,0.5
18146245,당정 대형 마트 새벽배송 허용키로,id:blue123,2026-02-08 20:34:52,2,2,1,2026-02-08 20:38:32,2026-02-08 20:45:41,3.6666666666666665,7.241666666666666,0.5
18146324,본질은 합당 반대.,id:ttkwnffj,2026-02-08 21:57:17,2,2,1,2026-02-08 21:58:09,2026-02-08 22:03:59,0.8666666666666667,3.783333333333333,0.5
18146397,(PIC) 민주당에서 이걸 보네 ㅋㅋㅋ,id:gerrard88,2026-02-08 23:14:21,2,2,1,2026-02-08 23:15:22,2026-02-08 23:19:26,1.0166666666666666,3.05,0.5
18146781,pic) 이번 사용된 포르투갈 대선 투표용지,id:pearson19,2026-02-09 11:07:06,2,2,1,2026-02-09 11:10:02,2026-02-09 11:14:21,2.933333333333333,5.091666666666667,0.5
18146953,이재명이 이동형 다시 복귀해달라고 먼저 요청했다고 들었는데,id:FeelingGood,2026-02-09 14:08:35,2,2,1,2026-02-09 14:12:11,2026-02-09 14:13:56,3.6,4.475,0.5
18147102,열린우리당이 딱 이랬음 당대표 올라가면 맘에 안든다고 흔들어서 퇴진시키고..,id:impactx84,2026-02-09 16:55:11,2,2,1,2026-02-09 16:59:02,2026-02-09 17:01:31,3.85,5.091666666666667,0.5
18147125,이재명 진짜 개비겁하네..ㅋㅋㅋ,id:BlackEyes23,2026-02-09 17:26:46,2,2,1,2026-02-09 17:30:45,2026-02-09 17:34:59,3.9833333333333334,6.1,0.5
18147140,윤석열 부통령 당선 후 정치적으로 가장 슬펐을 때,id:wheotjd1,2026-02-09 17:44:55,2,2,1,2026-02-09 17:46:50,2026-02-09 17:50:07,1.9166666666666667,3.5583333333333336,0.5
18147197,이재명 이시간부로 지지철회 합니다.,id:Volvo,2026-02-09 18:39:26,2,2,1,2026-02-09 18:39:46,2026-02-09 18:44:57,0.3333333333333333,2.925,0.5
18147395,(놀람)싸줄러들이 이렇게 비판적으로 지지할지는 몰랐음,id:mhp3rd,2026-02-09 20:29:39,2,2,1,2026-02-09 20:32:12,2026-02-09 20:36:48,2.55,4.85,0.5
18147497,민주당을 무시하는 거에요,id:malwool,2026-02-09 22:09:34,2,2,1,2026-02-09 22:10:44,2026-02-09 22:19:15,1.1666666666666667,5.425,0.5
18147536,비판적지지 하면 안되나요?,id:liking83,2026-02-09 22:48:55,2,2,1,2026-02-09 22:51:45,2026-02-09 23:00:38,2.8333333333333335,7.275,0.5
18147557,pic) 조국 인스타(feat. 이재명),id:hypeboy,2026-02-09 23:18:46,2,2,1,2026-02-09 23:22:00,2026-02-09 23:27:17,3.2333333333333334,5.875,0.5
18147730,"""검찰·FBI는 수사부터 재판까지 원팀""… 美 연방검사 출신이 본 '수사·기소 분리'",id:grit,2026-02-10 10:12:15,2,2,1,2026-02-10 10:15:39,2026-02-10 10:20:10,3.4,5.658333333333333,0.5
18147738,pic)최동석 임명당시 윤건영 페북,id:bulbol,2026-02-10 10:21:38,2,2,1,2026-02-10 10:23:35,2026-02-10 10:31:44,1.95,6.0249999999999995,0.5
18147877,잼통 삐끗했을 때 아무도 안 지켜줄건데,id:rhcp11,2026-02-10 12:15:33,2,2,1,2026-02-10 12:18:50,2026-02-10 12:24:24,3.283333333333333,6.066666666666666,0.5
18148352,"인사, 부동산, 검찰 개혁으로 문재인 전 대통령 그렇게 까길래 기대했건만.",id:sounited13,2026-02-10 18:04:48,2,2,1,2026-02-10 18:07:55,2026-02-10 18:11:17,3.1166666666666667,4.8,0.5
18148363,이재명은 검찰주권정부 만들어서 뭘 하고 싶은걸까요?,id:BlackEyes23,2026-02-10 18:13:34,2,2,1,2026-02-10 18:16:27,2026-02-10 18:19:37,2.8833333333333333,4.466666666666667,0.5
18148375,영국 20대는 왜 세계적 추세와 달리 녹색당이 강한가 찾아봤는데,id:pearson19,2026-02-10 18:29:57,2,2,1,2026-02-10 18:31:31,2026-02-10 18:51:12,1.5666666666666667,11.408333333333333,0.5
18148787,원래 같으면 지금 동계올림픽 이야기로 도배가 되야하는데..,id:BlackEyes23,2026-02-10 20:38:52,2,2,1,2026-02-10 20:39:49,2026-02-10 20:47:18,0.95,4.691666666666666,0.5
18149228,(솔직)이재명 당대표 되었을때 솔직히 쎄하긴 했음,id:mhp3rd,2026-02-10 23:32:50,2,2,1,2026-02-10 23:36:19,2026-02-10 23:40:56,3.4833333333333334,5.791666666666666,0.5
18149248,"???: ""민주당 암 덩어리 '이재명팔이' 뿌리 뽑겠다""",id:traum0105,2026-02-10 23:50:41,2,2,1,2026-02-10 23:54:26,2026-02-11 02:36:18,3.75,84.68333333333334,0.5
18149400,김어준이 윤석열 김건희 만났다고 한 사건 경찰에 수사의뢰하겠다고,id:FeelingGood,2026-02-11 07:41:53,2,2,1,2026-02-11 07:43:19,2026-02-11 07:49:09,1.4333333333333333,4.35,0.5
18149540,김민새 당시 상황 라이브로 본 느낌 ㅋㅋㅋㅋㅋㅋㅋ,id:rukk7812,2026-02-11 10:22:39,2,2,1,2026-02-11 10:23:24,2026-02-11 10:28:16,0.75,3.183333333333333,0.5
18149676,총리부터 짤라라 이재명은,id:FeelingGood,2026-02-11 11:53:43,2,2,1,2026-02-11 11:55:21,2026-02-11 12:01:15,1.6333333333333333,4.583333333333333,0.5
18149778,아니 누가 저짝당 지지하겠다고 일언반구라도 했냐고 ㅋㅋㅋㅋㅋ,id:lfcthismeans,2026-02-11 12:47:04,2,2,1,2026-02-11 12:47:39,2026-02-11 12:59:40,0.5833333333333334,6.591666666666667,0.5
18149961,pic) “격노 아니지롱”을 보니 떠오르는 장면,id:xxvxx,2026-02-11 14:52:57,2,2,1,2026-02-11 14:56:35,2026-02-11 15:05:32,3.6333333333333333,8.108333333333334,0.5
18150144,오늘 매불쇼 관련 글중 안보이는 내용인데,id:edh2och,2026-02-11 18:01:11,2,2,1,2026-02-11 18:04:59,2026-02-11 18:11:50,3.8,7.225,0.5
18150191,최욱은 인기 떨어지는 행위 극도로 피해요,id:hobro,2026-02-11 18:50:13,2,2,1,2026-02-11 18:52:24,2026-02-11 18:57:04,2.183333333333333,4.516666666666667,0.5
18150559,법왜곡죄 판단하눈 것도 판사 아닌가요?,id:malwool,2026-02-12 07:49:30,2,2,1,2026-02-12 07:51:47,2026-02-12 07:55:09,2.283333333333333,3.966666666666667,0.5
18150622,이재명 대통령의 목표는 보수(사실 수구)에게도 인정받는 대통령인 듯,id:toninho07,2026-02-12 09:17:36,2,2,1,2026-02-12 09:20:05,2026-02-12 09:38:08,2.4833333333333334,11.508333333333335,0.5
18150719,청와대가 집권 초부터 의원들 차출해,id:cytokine1234,2026-02-12 10:55:37,2,2,1,2026-02-12 10:59:01,2026-02-12 11:01:59,3.4,4.883333333333333,0.5
18150832,"[속보]대법, '민주당 돈봉투 의혹' 이성만 무죄 판결",id:bvbreus11,2026-02-12 12:31:28,2,2,1,2026-02-12 12:33:02,2026-02-12 12:36:35,1.5666666666666667,3.3416666666666663,0.5
18150887,조국 대표는 지금 공론화 안하면 위험하다 생각한 듯,id:cokabel,2026-02-12 13:33:17,2,2,1,2026-02-12 13:34:39,2026-02-12 13:38:28,1.3666666666666667,3.2750000000000004,0.5
18150931,이재명 대통령이 입장을 확실하게 해야 극성 지지자들도 자중하죠,id:joohakmoo,2026-02-12 13:50:47,2,2,1,2026-02-12 13:51:21,2026-02-12 13:56:15,0.5666666666666667,3.0166666666666666,0.5
18150990,문통 욕하던 인사 인사혁신차장인지 뭐시기 임명할때,id:FeelingGood,2026-02-12 14:24:22,2,2,1,2026-02-12 14:28:23,2026-02-12 14:52:28,4.016666666666667,16.058333333333334,0.5
18151043,"사법부가 개판인데, 저걸 막을 민주당도 난장판인게 절망적이네...",id:lj0608,2026-02-12 15:07:37,2,2,1,2026-02-12 15:09:36,2026-02-12 15:13:31,1.9833333333333334,3.941666666666667,0.5
18151121,이쯤되면 내란 성공한거 아님?,id:jk3254792,2026-02-12 16:04:05,2,2,1,2026-02-12 16:06:37,2026-02-12 16:26:59,2.533333333333333,12.716666666666665,0.5
18151141,제가 생각하건데 문통이 재임기간때 원칙주의자가 아니었다면,id:FeelingGood,2026-02-12 16:28:23,2,2,1,2026-02-12 16:29:41,2026-02-12 16:41:51,1.3,7.383333333333334,0.5
18151223,뉴이재명 대표 스피커는 누군가요?,id:horizon,2026-02-12 17:58:16,2,2,1,2026-02-12 17:59:18,2026-02-12 18:42:31,1.0333333333333334,22.641666666666666,0.5
18151400,"동아일보) 만두도 먹고 꽈배기도 먹고…김민석 총리, 청주 전통시장 방문",id:naco16,2026-02-12 22:19:31,2,2,1,2026-02-12 22:21:49,2026-02-12 22:28:11,2.3,5.4833333333333325,0.5
18151426,pic) 문재인 욕하는 인간들이 개혁의 걸림돌이다,id:kicheon,2026-02-12 22:55:10,2,2,1,2026-02-12 22:58:25,2026-02-12 23:09:32,3.25,8.808333333333334,0.5
18151463,보완수사권은 어떻게 되는 거에요?,id:malwool,2026-02-13 00:18:02,2,2,1,2026-02-13 00:22:33,2026-02-13 00:25:45,4.516666666666667,6.116666666666667,0.5
18152098,대법원이 기껏 저항한다는게 위헌...,id:bookae1,2026-02-13 19:21:15,2,2,1,2026-02-13 19:22:28,2026-02-13 19:37:33,1.2166666666666666,8.758333333333333,0.5
18152605,계속 말해왔지만 핵심은 검찰개혁법임,id:todfndl12,2026-02-14 15:14:22,2,2,1,2026-02-14 15:16:08,2026-02-14 15:24:25,1.7666666666666666,5.908333333333333,0.5
18152672,뉴이재명은 또 뭔가요? ㅋㅋㅋㅋ,id:BlackEyes23,2026-02-14 17:14:04,2,2,1,2026-02-14 17:14:56,2026-02-14 17:39:12,0.8666666666666667,13.0,0.5
18153366,2030 이 민주당을 지지 하지 않을 수도 있는데,id:kokomong,2026-02-15 23:02:26,2,2,1,2026-02-15 23:03:03,2026-02-15 23:20:27,0.6166666666666667,9.316666666666666,0.5
18153591,"""저는 억울합니다""…권성동, 1심 징역 2년 선고에 옥중 편지",id:leoperiseus,2026-02-16 13:56:33,2,2,1,2026-02-16 14:01:07,2026-02-16 15:00:39,4.566666666666666,34.33333333333333,0.5
18153599,뉴이재명은 결국 김어준과 기존 민주당 지지자 때리기죠,id:impactx84,2026-02-16 14:15:19,2,2,1,2026-02-16 14:17:26,2026-02-16 14:24:15,2.1166666666666667,5.525,0.5
18153650,송영길은 재판 끝나고 뉴탐사 강진구랑도 인터뷰 했던데 그 정무감각으로 뭘 한다고,id:bulbol,2026-02-16 16:07:04,2,2,1,2026-02-16 16:08:07,2026-02-16 16:17:35,1.05,5.783333333333334,0.5
18153717,문재인 정부의 검찰총장 발언 당시 기사,id:bulbol,2026-02-16 17:45:50,2,2,1,2026-02-16 17:50:45,2026-02-16 18:32:03,4.916666666666667,25.566666666666666,0.5
18153891,이재명이 내란 척결 시원하게 하고 사법 검칠개혁 제대로 라도 하면 이해함,id:kokomong,2026-02-16 20:05:49,2,2,1,2026-02-16 20:08:06,2026-02-16 20:14:23,2.283333333333333,5.425,0.5
18154017,윤석열은 살아난계기가 판사새끼가 징계안 엎어서 그런거아님?,id:typoonj2,2026-02-16 21:30:48,2,2,1,2026-02-16 21:31:43,2026-02-16 21:47:35,0.9166666666666666,8.850000000000001,0.5
18154169,이재명이 어찌 손가혁들 통제하겠나 싶어서 그걸로 뭐라 하는건 맞지 않다 보지만..,id:hyeok497,2026-02-17 01:38:02,2,2,1,2026-02-17 01:39:14,2026-02-17 02:02:39,1.2,12.908333333333333,0.5
18154224,지금 지지율 거 다 사상누각이요,id:jeffkent,2026-02-17 09:29:53,2,2,1,2026-02-17 09:33:45,2026-02-17 09:42:16,3.8666666666666667,8.125,0.5
18154461,이재명이 판 깔아 놓으니 경쟁적으로 문통 까느라 바쁘네,id:summernight,2026-02-17 14:10:14,2,2,1,2026-02-17 14:11:16,2026-02-17 14:16:25,1.0333333333333334,3.6083333333333334,0.5
18154485,이재명이란 사람이 저를 도구로 쓰십시요 라는 말에 지지를 보냈는데.,id:yeonrang,2026-02-17 14:36:25,2,2,1,2026-02-17 14:38:45,2026-02-17 14:59:27,2.3333333333333335,12.683333333333334,0.5
18154608,뉴이재명 지지층이라는게 결국 정치권력의 사유화 세력과 거기 낚인 사람들이죠,id:owngoal,2026-02-17 17:00:31,2,2,1,2026-02-17 17:02:47,2026-02-17 17:23:00,2.2666666666666666,12.375,0.5
18154697,그냥 다들 당황스럽지 않나요?,id:HONG43,2026-02-17 18:44:15,2,2,1,2026-02-17 18:48:53,2026-02-17 19:02:20,4.633333333333334,11.358333333333333,0.5
18154713,이번 정준희의 해시티비 통찰이 감탄스럽습니다,id:bakjang,2026-02-17 18:59:41,2,2,1,2026-02-17 19:03:25,2026-02-17 19:05:33,3.7333333333333334,4.8,0.5
18155549,유튜브) 2분뉴스의 검찰 개혁의 역사와 딜레마 정리 영상,id:masok01,2026-02-18 20:14:58,2,2,1,2026-02-18 20:17:14,2026-02-18 20:20:33,2.2666666666666666,3.925,0.5
18155927,두창이 '잔치국수' 먹고 법정 출석 예정,id:thuyu,2026-02-19 11:48:59,2,2,1,2026-02-19 11:49:38,2026-02-19 12:06:49,0.65,9.241666666666665,0.5
18156403,오늘 재판부는 이재명 대통령에게 계엄령을 선언해도 된다는 싸인을 주었네요.,id:roe2k,2026-02-19 16:11:11,2,2,1,2026-02-19 16:13:36,2026-02-19 16:21:06,2.4166666666666665,6.166666666666666,0.5
18156537,윤석열 내란수괴 2심은 고등 내란전담재판부 두곳중에 한곳에서...,id:fantak,2026-02-19 17:22:24,2,2,1,2026-02-19 17:23:45,2026-02-19 17:47:27,1.35,13.200000000000001,0.5
18157037,"한동훈 ""장동혁은 윤석열 세력의 숙주, 혼자서는 아무것도 못해""",id:leed7584,2026-02-20 12:14:19,2,2,1,2026-02-20 12:18:50,2026-02-20 12:24:13,4.516666666666667,7.208333333333334,0.5
18157134,Pic) 적어도 이 짤은 이재명 지지자가 만든건 아닐듯한,id:hyeok497,2026-02-20 14:15:03,2,2,1,2026-02-20 14:15:37,2026-02-20 14:56:09,0.5666666666666667,20.833333333333336,0.5
18157214,매불쇼 한동훈 얘기 개웃기네요ㅋㅋ,id:megacoffee25,2026-02-20 15:50:22,2,2,1,2026-02-20 15:51:17,2026-02-20 15:55:25,0.9166666666666666,2.9833333333333334,0.5
18157325,[속보] '내란범 사면 금지' 사면법 개정안 법사소위 통과,id:bvbreus11,2026-02-20 18:22:20,2,2,1,2026-02-20 18:25:34,2026-02-20 18:30:36,3.2333333333333334,5.75,0.5
18158672,[속보] 국민의힘 당명 개정 지선 이후로 연기,id:6830,2026-02-22 19:46:04,2,2,1,2026-02-22 19:47:57,2026-02-22 20:54:18,1.8833333333333333,35.05833333333334,0.5
18159356,뉴재명이 내세우는 당위성이 얼마나 빈약하냐면.,id:lfcthismeans,2026-02-23 11:43:27,2,2,1,2026-02-23 11:47:06,2026-02-23 11:53:29,3.65,6.841666666666667,0.5
18159463,문통 까던 것들로 까이는 건 웃기네.,id:sounited13,2026-02-23 12:54:47,2,2,1,2026-02-23 12:55:03,2026-02-23 13:01:43,0.26666666666666666,3.6,0.5
18159477,택시 탔는데 참 고역이었다는,id:klopp1104,2026-02-23 13:04:59,2,2,1,2026-02-23 13:08:14,2026-02-23 13:12:21,3.25,5.308333333333334,0.5
18159913,철인정치를 할려고 하고 거기에 부작용이 따르는 중이라고 봅니다.,id:dress7,2026-02-23 20:00:10,2,2,1,2026-02-23 20:04:28,2026-02-23 20:33:08,4.3,18.633333333333333,0.5
18159965,공취모가 노골적인 계파 계열 만드는 이유,id:cydia14,2026-02-23 21:11:03,2,2,1,2026-02-23 21:12:52,2026-02-23 21:19:49,1.8166666666666667,5.291666666666667,0.5
18159998,다 신호가 있었던거 같아요.,id:flypcs20,2026-02-23 21:49:56,2,2,1,2026-02-23 21:50:42,2026-02-23 21:55:37,0.7666666666666667,3.225,0.5
18160018,윤석열이 상대여서 그나마 이재명이 할만했던거지,id:typoonj2,2026-02-23 22:04:58,2,2,1,2026-02-23 22:06:58,2026-02-23 22:51:19,2.0,24.175,0.5
18160076,요즘 해시티비만 봅니다.,id:cytokine1234,2026-02-23 23:27:21,2,2,1,2026-02-23 23:28:58,2026-02-23 23:35:15,1.6166666666666667,4.758333333333334,0.5
18160664,이재명은 운도 참 좋지요,id:blue123,2026-02-24 18:03:08,2,2,1,2026-02-24 18:04:45,2026-02-24 18:19:41,1.6166666666666667,9.083333333333334,0.5
18160820,조국 대표 페이스북(데자뷔),id:grit,2026-02-24 21:09:34,2,2,1,2026-02-24 21:11:14,2026-02-24 21:30:01,1.6666666666666667,11.058333333333334,0.5
18161018,정의로운 언어는 단순하고 이해하기 쉬움,id:wheotjd1,2026-02-25 00:48:53,2,2,1,2026-02-25 00:49:22,2026-02-25 00:56:13,0.48333333333333334,3.908333333333333,0.5
18161045,이재명 대통령 김민석 총리한테 먹힘?,id:soparkbj,2026-02-25 03:27:14,2,2,1,2026-02-25 03:29:22,2026-02-25 06:06:20,2.1333333333333333,80.61666666666666,0.5
18161248,[강준만의 화이부동] 안에서 싸우지 말고 창업하라,id:grit,2026-02-25 11:24:13,2,2,1,2026-02-25 11:25:40,2026-02-25 11:32:10,1.45,4.7,0.5
18161556,뉴이재명 비추맨 정성이다...ㅋㅋㅋ,id:rhcp11,2026-02-25 16:11:08,2,2,1,2026-02-25 16:12:16,2026-02-25 16:18:28,1.1333333333333333,4.233333333333333,0.5
18161841,이 와중에 방첩사 의혹도 마구 흘러 나오네요,id:redgundam,2026-02-25 22:07:03,2,2,1,2026-02-25 22:09:21,2026-02-25 22:14:13,2.3,4.733333333333333,0.5
18162168,늘 말하지만 오마이뉴스는 문재인 욕먹이기 가장 앞장선곳임..,id:impactx84,2026-02-26 11:37:34,2,2,1,2026-02-26 11:41:49,2026-02-26 11:43:56,4.25,5.308333333333334,0.5
18162918,문재인한테는 사과 못하죠 쟤네들,id:ejirall,2026-02-27 09:30:24,2,2,1,2026-02-27 09:32:14,2026-02-27 09:36:42,1.8333333333333333,4.066666666666666,0.5
18162959,"[속보]합수본, 국민의힘 당사 압수수색…신천지 집단입당 의혹",id:joohakmoo,2026-02-27 10:05:48,2,2,1,2026-02-27 10:07:05,2026-02-27 12:30:14,1.2833333333333334,72.85833333333333,0.5
18163115,"유시민, 김어준, 최강욱, 정청래 등은 참 힘들겠음..",id:qhdtlsdl,2026-02-27 12:38:02,2,2,1,2026-02-27 12:41:41,2026-02-27 12:44:14,3.65,4.925,0.5
18163279,"정의선 현대차 회장 ""새만금 지역 신사업 성공 위해 노력""",id:veratis,2026-02-27 15:45:56,2,2,1,2026-02-27 15:47:16,2026-02-27 15:56:44,1.3333333333333333,6.066666666666667,0.5
18164086,이재명 집팔자 장동혁 반응...,id:zlwon83,2026-02-28 15:51:42,2,2,1,2026-02-28 15:53:24,2026-02-28 16:05:11,1.7,7.591666666666666,0.5
18164815,이재명 비호감도 극복 1등 공신이 유작가랑 공장장임,id:rhcp11,2026-03-01 12:12:38,2,2,1,2026-03-01 12:16:10,2026-03-01 12:26:45,3.533333333333333,8.825,0.5
18165443,오창석은 국힘에서도 안받아주죠ㅋㅋ,id:LJM1389,2026-03-01 20:26:16,2,2,1,2026-03-01 20:28:13,2026-03-01 20:31:34,1.95,3.625,0.5
18166542,"박홍근 “합당, 전당원 투표 강행 땐 집단행동 불사”",id:naco16,2026-03-02 18:09:43,2,2,1,2026-03-02 18:11:16,2026-03-02 18:20:03,1.55,5.941666666666667,0.5
18166567,낙지한테 뒤통수 맞은 것도 ㅈㄴ 아팠는데 잼통수까지 쳐맞네요..,id:hyeok497,2026-03-02 18:31:20,2,2,1,2026-03-02 18:35:39,2026-03-02 18:50:24,4.316666666666666,11.691666666666666,0.5
18166620,Pic) ???: 이럴거면 민주당 탈당하라고?,id:hyeok497,2026-03-02 19:10:11,2,2,1,2026-03-02 19:10:53,2026-03-02 19:18:47,0.7,4.6499999999999995,0.5
18167092,이재명의 대통합은 개인의 사사로운 영달에 있군요,id:hodoeel,2026-03-03 08:35:13,2,2,1,2026-03-03 08:37:31,2026-03-03 09:12:30,2.3,19.791666666666664,0.5
18168911,문재인의 첫 민정수석 조국 vs 이재명의 첫 민정수석 봉욱?,id:gum0510,2026-03-04 19:40:08,2,2,1,2026-03-04 19:44:04,2026-03-04 19:47:45,3.933333333333333,5.7749999999999995,0.5
18168957,pic) 추미애 ‘윤석열 내란재판 2심..심상치 않다’,id:fantak,2026-03-04 20:22:09,2,2,1,2026-03-04 20:23:50,2026-03-04 20:36:37,1.6833333333333333,8.075,0.5
18168969,이재명 검찰이나 인사 정책에 분노 안하시고 조용하시던 분들 다수가 오늘은,id:boba1983,2026-03-04 20:30:24,2,2,1,2026-03-04 20:32:49,2026-03-04 20:38:16,2.4166666666666665,5.141666666666667,0.5
18169206,국무회의 통과된 법안은 민주당 수정 법안 아닌가요???,id:alfatini,2026-03-04 23:42:39,2,2,1,2026-03-04 23:45:22,2026-03-04 23:56:47,2.716666666666667,8.425,0.5
18169809,"與, 중수청·공소청법 '대폭 수정' 선 긋기…""미세조정 가능""",id:bvbreus11,2026-03-05 14:29:01,2,2,1,2026-03-05 14:31:18,2026-03-05 14:35:13,2.283333333333333,4.241666666666667,0.5
18169863,민주당이 국짐이랑 다른 점이 딱 두가지임,id:bulbol,2026-03-05 15:08:27,2,2,1,2026-03-05 15:09:50,2026-03-05 15:17:36,1.3833333333333333,5.266666666666667,0.5
18169952,잼두창 귀국하자마자 정청래의 항복선언,id:xxvxx,2026-03-05 15:47:54,2,2,1,2026-03-05 15:48:25,2026-03-05 15:54:34,0.5166666666666667,3.591666666666667,0.5
18170151,윤석열 병신 같은 놈,id:ejirall,2026-03-05 17:25:10,2,2,1,2026-03-05 17:26:28,2026-03-05 17:30:23,1.3,3.2583333333333333,0.5
18170389,"pic) 박시영TV에서 정리한 공소청법 민주당원안, 정부안 등 비교",id:summernight,2026-03-05 20:24:58,2,2,1,2026-03-05 20:27:14,2026-03-05 20:56:16,2.2666666666666666,16.783333333333335,0.5
18170413,pic) 문재인 정부의 검찰 개혁 성과,id:summernight,2026-03-05 20:43:37,2,2,1,2026-03-05 20:45:57,2026-03-05 20:52:42,2.3333333333333335,5.708333333333334,0.5
18170887,임기 초반 민주당 대통령이 이렇게 스트레스 주는건 처음,id:solution78,2026-03-06 00:52:32,2,2,1,2026-03-06 00:53:45,2026-03-06 01:01:50,1.2166666666666666,5.258333333333334,0.5
18171062,이재명은 신뢰를 잃은게 핵심이죠,id:deportivo7,2026-03-06 09:31:48,2,2,1,2026-03-06 09:34:31,2026-03-06 09:37:29,2.716666666666667,4.2,0.5
18171199,정청래가 임명한 한정애 정책위원장이 정부안을 극찬하면서 정치 검찰을 뿌리 뽑기 위함이라고,id:zero080,2026-03-06 11:23:59,2,2,1,2026-03-06 11:26:05,2026-03-06 11:29:17,2.1,3.7,0.5
18171554,근데 의원들이 이재명 성향을 진짜로 몰랐을까요?,id:YoLaTengo,2026-03-06 17:28:38,2,2,1,2026-03-06 17:30:18,2026-03-06 17:37:11,1.6666666666666667,5.108333333333333,0.5
18171779,16년 권노갑 탈당 선언문,id:bulbol,2026-03-06 21:32:56,2,2,1,2026-03-06 21:35:07,2026-03-06 21:43:08,2.183333333333333,6.191666666666666,0.5
18171802,문재인에 실망을 했을지언정 국짐 쪽 인물과 절대 엮지는 않았음;:,id:gum0510,2026-03-06 21:55:24,2,2,1,2026-03-06 21:56:25,2026-03-06 22:03:45,1.0166666666666666,4.683333333333334,0.5
18172000,뉴 이재명이 도대체 뭔 도움이 되나 모르겠음,id:chun1149,2026-03-07 08:34:27,2,2,1,2026-03-07 08:37:51,2026-03-07 09:34:45,3.4,31.849999999999998,0.5
18172110,이재명 본색 나오니까 과거일도 확신에 힘이 실리네요.,id:hohohal1717,2026-03-07 11:18:19,2,2,1,2026-03-07 11:19:04,2026-03-07 11:24:05,0.75,3.2583333333333333,0.5
18172335,악개들 천궁2 수출 업적 이뤄낸것도 이재명이라고 하던데 ㅡㅡ,id:sc1984,2026-03-07 14:59:52,2,2,1,2026-03-07 15:02:57,2026-03-07 15:08:48,3.0833333333333335,6.008333333333334,0.5
18172654,(pic) 김대중 노무현 문재인 대통령 지지자들의 눈물,id:deportivo7,2026-03-07 19:58:45,2,2,1,2026-03-07 20:01:12,2026-03-07 20:05:18,2.45,4.5,0.5
18172655,"Pic) 문재인 친구=노무현, 이재명 친구=정성호",id:hyeok497,2026-03-07 20:00:40,2,2,1,2026-03-07 20:03:09,2026-03-07 20:13:54,2.4833333333333334,7.8583333333333325,0.5
18172690,지금 보니 헛웃음만 나오고 빡치는 정청래의 당대표 출사표,id:zero080,2026-03-07 20:27:42,2,1,1,2026-03-07 20:28:36,2026-03-07 20:34:46,0.9,3.9833333333333334,0.5
18172711,정청래 아쉽긴 한데...모든 원인은 이재명임,id:hypeboy,2026-03-07 20:45:36,2,2,1,2026-03-07 20:49:42,2026-03-07 21:14:46,4.1,16.633333333333333,0.5
18173130,사면금지법은 어찌되고 있는건지,id:mirissoul2,2026-03-08 00:24:52,2,2,1,2026-03-08 00:26:50,2026-03-08 00:37:35,1.9666666666666666,7.341666666666667,0.5
18173159,조국혁신당은 유감표명이나 하고 있을때가 아니라,id:mirissoul2,2026-03-08 01:00:55,2,2,1,2026-03-08 01:04:51,2026-03-08 01:10:32,3.933333333333333,6.775,0.5
18173160,정부안 통과되면 민주당 인사들은 지선 앞두고 노통 추모식이나 봉하마을에 오지마라,id:zero080,2026-03-08 01:03:01,2,2,1,2026-03-08 01:04:13,2026-03-08 01:25:10,1.2,11.674999999999999,0.5
18173173,재명리에 대해 술김에 얘기하자면 원래 사시 출신들이 경찰 엄청 싫어합니다.,id:colacup,2026-03-08 01:14:32,2,2,1,2026-03-08 01:18:31,2026-03-08 01:28:21,3.9833333333333334,8.9,0.5
18173200,개빡치는건요 대통령이 뒤에서 숨어있었다는겁니다,id:rrlatls18,2026-03-08 02:10:00,2,2,1,2026-03-08 02:13:04,2026-03-08 03:07:34,3.066666666666667,30.31666666666667,0.5
18173299,의심을 안할래야 안할수가 없네요 이재명은,id:tjdgh09123,2026-03-08 09:25:03,2,2,1,2026-03-08 09:29:35,2026-03-08 09:33:54,4.533333333333333,6.691666666666666,0.5
18173488,제미나이에게 물어본 정청래 기자회견,id:tkrhdgus1,2026-03-08 12:36:21,2,2,1,2026-03-08 12:38:15,2026-03-08 12:45:33,1.9,5.55,0.5
18173532,SF적인 상상마저 들 지경,id:jeffkent,2026-03-08 13:26:46,2,2,1,2026-03-08 13:28:53,2026-03-08 13:34:52,2.1166666666666667,5.108333333333333,0.5
18173793,이병태 갸우뚱 ㅋㅋㅋㅋㅋ,id:lovedavich,2026-03-08 16:58:17,2,2,1,2026-03-08 17:01:50,2026-03-08 17:14:03,3.55,9.658333333333333,0.5
18173918,이재명이든 정청래든 뭔 말을 하든 이미 신뢰는 사라졌고,id:boba1983,2026-03-08 18:58:20,2,2,1,2026-03-08 19:01:17,2026-03-08 19:07:46,2.95,6.191666666666666,0.5
18173938,이재명은 언제든 변신이 가능한 무서운 사람이죠,id:blue123,2026-03-08 19:11:43,2,2,1,2026-03-08 19:13:03,2026-03-08 19:52:22,1.3333333333333333,20.991666666666667,0.5
18174373,싸줄 나이쳐먹고 하는짓이 딱 지들이 욕하는 펨베충들 같네,id:enckdtlqkf,2026-03-09 08:25:07,2,2,1,2026-03-09 08:26:30,2026-03-09 08:49:39,1.3833333333333333,12.958333333333334,0.5
18174635,애초에 토론 잘한다는 거도 헛소리임,id:kglite,2026-03-09 11:20:28,2,2,1,2026-03-09 11:22:15,2026-03-09 11:42:02,1.7833333333333334,11.675,0.5
18174766,지들 쳐 맞을 차례되면 동지의 언어 쓰래.,id:malwool,2026-03-09 13:19:55,2,2,1,2026-03-09 13:22:18,2026-03-09 13:34:30,2.3833333333333333,8.483333333333334,0.5
18174801,"李대통령 지지도 58.2%, 민주 48.1%, 국힘 32.4%",id:tkrhdgus1,2026-03-09 13:42:44,2,2,1,2026-03-09 13:45:41,2026-03-09 13:47:53,2.95,4.050000000000001,0.5
18174961,지선 앞두고 민주당 후보들이 인기가 좋은가요?,id:Marshmello,2026-03-09 16:16:57,2,2,1,2026-03-09 16:20:38,2026-03-09 16:26:05,3.683333333333333,6.408333333333333,0.5
18175241,이재명도 알아야함 좋은 정책 홍보하는건 좋음,id:radioshot1,2026-03-09 20:24:55,2,2,1,2026-03-09 20:27:14,2026-03-09 20:30:15,2.316666666666667,3.825,0.5
18175372,(BBC/번역) 영국 양당의 환멸로 자란 좌우 포퓰리스트는 생각보다 더 닮았다.,id:pearson19,2026-03-09 22:46:13,2,2,1,2026-03-09 22:50:03,2026-03-09 22:53:09,3.8333333333333335,5.383333333333334,0.5
18175538,양부남이 이재명이 승인했다는걸 인증했네요,id:cydia14,2026-03-10 08:04:25,2,2,1,2026-03-10 08:05:44,2026-03-10 08:10:11,1.3166666666666667,3.5416666666666665,0.5
18175595,겸공 봉지욱이 막판에 왜 공약 안지키냐고 한마디함,id:summernight,2026-03-10 08:54:49,2,2,1,2026-03-10 08:56:13,2026-03-10 09:05:10,1.4,5.875,0.5
18175877,검찰이 목줄 잡아서 저런다 라는건 근데 말이 안돼요,id:armwear,2026-03-10 11:52:35,2,2,1,2026-03-10 11:55:37,2026-03-10 11:59:25,3.033333333333333,4.933333333333334,0.5
18175878,근데 진짜 이 정부에 어리숙한 애들이 많긴한 듯.,id:malwool,2026-03-10 11:52:41,2,2,1,2026-03-10 11:54:16,2026-03-10 12:01:26,1.5833333333333333,5.166666666666667,0.5
18175993,이재명이 검찰한테 먹힌거지 뭔 싸줄이 먹힘,id:yally1010,2026-03-10 13:07:00,2,2,1,2026-03-10 13:08:54,2026-03-10 13:52:40,1.9,23.78333333333333,0.5
18176189,김규현은 말 잘하는 일반인 한테도 털릴꺼 같은데,id:yoon4859,2026-03-10 15:39:22,2,2,1,2026-03-10 15:41:25,2026-03-10 15:46:01,2.05,4.35,0.5
18176388,전직대통령 인기얻을까 부들대는 것도 참 쫄보,id:dlawls,2026-03-10 19:13:08,2,2,1,2026-03-10 19:13:51,2026-03-10 19:25:54,0.7166666666666667,6.741666666666667,0.5
18176568,이재명 숨어서 SNS질 하는거보니 노무현대통령이 생각나네요,id:bookae1,2026-03-10 21:26:38,2,2,1,2026-03-10 21:27:20,2026-03-10 21:32:31,0.7,3.291666666666667,0.5
18176583,락싸도 돌아서게 만든 이재명은 대체 ㅋㅋㅋㅋㅋㅋ,id:traum0105,2026-03-10 21:35:42,2,2,1,2026-03-10 21:38:26,2026-03-10 21:43:10,2.7333333333333334,5.1,0.5
18176918,검찰이 만든 정부안대로 통과 되겠죠?,id:malwool,2026-03-11 08:05:12,2,2,1,2026-03-11 08:06:08,2026-03-11 10:04:33,0.9333333333333333,60.141666666666666,0.5
18177066,올해 들어본 말중에 제일 웃긴말 ㅋㅋ ‘국민주권정부’ ㅋㅋㅋ,id:simbae1,2026-03-11 10:08:08,2,2,1,2026-03-11 10:11:42,2026-03-11 10:35:00,3.566666666666667,15.216666666666667,0.5
18177250,나는 이재명보단 김어준이 좋은데.,id:jeffkent,2026-03-11 12:25:49,2,2,1,2026-03-11 12:27:51,2026-03-11 12:34:24,2.033333333333333,5.308333333333334,0.5
18177343,"조국은 꼭 당선돼야 하는데, 어디로 나올지.",id:malwool,2026-03-11 13:47:44,2,2,1,2026-03-11 13:48:02,2026-03-11 14:10:06,0.3,11.333333333333334,0.5
18177497,짬통이 존나 괘씸한게,id:hulk,2026-03-11 16:50:41,2,2,1,2026-03-11 16:54:07,2026-03-11 17:16:13,3.433333333333333,14.483333333333334,0.5
18177768,송영길 저 인간은 검찰에 당해놓고 저러고 있네,id:solution78,2026-03-11 20:01:46,2,2,1,2026-03-11 20:03:06,2026-03-11 20:22:59,1.3333333333333333,11.274999999999999,0.5
18177813,알고리즘에 이재명 겁나 뜨네,id:FeelingGood,2026-03-11 20:34:27,2,2,1,2026-03-11 20:37:00,2026-03-11 20:47:54,2.55,8.0,0.5
18178308,결국 목적은 뉴재명으로 민주당 장악하는거,id:hypeboy,2026-03-12 08:50:46,2,2,1,2026-03-12 08:54:32,2026-03-12 09:22:02,3.7666666666666666,17.516666666666666,0.5
18178534,이준석 지역구 갔는데 이준석 현수막 안보임,id:kimdel77,2026-03-12 13:05:14,2,2,1,2026-03-12 13:05:45,2026-03-12 13:13:33,0.5166666666666667,4.416666666666667,0.5
18178555,양문석 지역구 안산갑이면 민주당 공천이면 무난히 당선되겠네요,id:blue123,2026-03-12 13:31:20,2,2,1,2026-03-12 13:32:47,2026-03-12 13:36:22,1.45,3.2416666666666667,0.5
18178623,예전에는 민주당이 사고치고 나간 지역구는 재보궐 무공천해도 당연시했는데,id:ifleet,2026-03-12 14:44:52,2,2,1,2026-03-12 14:48:43,2026-03-12 15:06:19,3.85,12.65,0.5
18178677,매니우.araboja,id:thesilver,2026-03-12 15:38:41,2,2,1,2026-03-12 15:40:45,2026-03-12 15:48:20,2.066666666666667,5.858333333333333,0.5
18179034,유시민 없었으면 잼명박은 대통령은 커녕 22 대선 엄대엄도 못했을텐데,id:hyeok497,2026-03-12 21:12:23,2,2,1,2026-03-12 21:14:14,2026-03-12 21:24:08,1.85,6.8,0.5
18179101,국힘이 엉망진창 회생불가 상태가 되니,id:golfking,2026-03-12 22:03:02,2,2,1,2026-03-12 22:04:56,2026-03-12 22:10:45,1.9,4.808333333333334,0.5
18179136,의원들도 대통령도 기존 지지자들의 인내심 테스트를 점점 심하게 하고 있음,id:kokomong,2026-03-12 22:40:59,2,2,1,2026-03-12 22:42:11,2026-03-13 04:44:51,1.2,182.53333333333333,0.5
18179144,친여 스피커 죽이기는 또 처음보네 ㄷㄷ;;;;,id:Tenhag,2026-03-12 22:46:46,2,2,1,2026-03-12 22:51:41,2026-03-12 22:52:39,4.916666666666667,5.4,0.5
18179232,이태원 참사 진상조사 청문회가 내일 끝나는군요.,id:roe2k,2026-03-13 00:03:27,2,2,1,2026-03-13 00:08:09,2026-03-13 00:40:02,4.7,20.64166666666667,0.5
18179279,이재명 정부의 검찰은 다르다,id:bulbol,2026-03-13 07:03:42,2,2,1,2026-03-13 07:06:21,2026-03-13 07:16:27,2.65,7.7,0.5
18179391,최경영 저거 아빠발언 가자고 발광할거면 매불쇼는 왜나가냐 ㅋㅋㅋㅋ,id:kiriman,2026-03-13 10:17:04,2,2,1,2026-03-13 10:18:17,2026-03-13 10:23:19,1.2166666666666666,3.7333333333333334,0.5
18179428,이재명이 문통 지지자들 끌어않을 방법은 아주 많았음,id:Mkisduchang,2026-03-13 10:54:17,2,2,1,2026-03-13 10:55:12,2026-03-13 11:00:05,0.9166666666666666,3.3583333333333334,0.5
18179578,의원들중에 친명계가 바글대는건 지난번 공천때 자기 사람 왕창 꽂았잖아요,id:blue123,2026-03-13 12:58:46,2,2,1,2026-03-13 13:03:30,2026-03-13 13:12:44,4.733333333333333,9.35,0.5
18179613,개혁과 혁명의 숙명인 거 같기도 함,id:toninho07,2026-03-13 13:31:36,2,2,1,2026-03-13 13:35:59,2026-03-13 14:17:22,4.383333333333334,25.075,0.5
18179631,문통때는 그냥 야당일때부터 문모닝이었음,id:whoshot,2026-03-13 13:45:26,2,2,1,2026-03-13 13:46:16,2026-03-13 13:50:46,0.8333333333333334,3.083333333333333,0.5
18179850,시사건건)조선일보 프레임에 놀아나는 민주당,id:erai7007,2026-03-13 16:50:12,2,2,1,2026-03-13 16:51:06,2026-03-13 16:58:52,0.9,4.783333333333333,0.5
18179897,민주당 너무 혐오스럽습니다. 너무 싫음,id:Volvo,2026-03-13 17:48:28,2,2,1,2026-03-13 17:51:44,2026-03-13 18:10:35,3.2666666666666666,12.691666666666666,0.5
18180121,pic 아래 김어준 파산 프로젝트 sns에서 하는 일,id:impactx84,2026-03-13 20:54:59,2,2,1,2026-03-13 20:59:27,2026-03-13 21:03:15,4.466666666666667,6.366666666666667,0.5
18180143,2022년 대선 때 이재명 이미지 진짜 심각했죠.,id:masterplan5,2026-03-13 21:19:41,2,2,1,2026-03-13 21:21:04,2026-03-13 21:34:43,1.3833333333333333,8.208333333333334,0.5
18180197,이재명 기회주의자인건 어느정도 알았는데,id:ksydqtj,2026-03-13 22:04:33,2,2,1,2026-03-13 22:06:08,2026-03-13 22:13:00,1.5833333333333333,5.016666666666667,0.5
18180467,그럼 윤석열을 떠나서 윤석열 지지자들의 이재명에 대한 걱정은 진짜였던거예요?,id:DiogoJota,2026-03-14 10:03:52,2,2,1,2026-03-14 10:07:46,2026-03-14 10:20:14,3.9,10.133333333333333,0.5
18180737,밤사이 이재명이 이건태행동=나의 의지라는 걸 또 증명해 줬네요 ㅋ,id:horizon,2026-03-14 15:05:34,2,2,1,2026-03-14 15:07:44,2026-03-14 15:41:29,2.1666666666666665,19.041666666666664,0.5
18180738,민주당 하는 거 보니까 총선이나 대선 직전에 지원금 뿌린다고 난리칠듯요,id:boba1983,2026-03-14 15:05:56,2,2,1,2026-03-14 15:09:33,2026-03-14 15:14:54,3.6166666666666667,6.291666666666667,0.5
18181207,진짜 민주당 정부 1년만에 스트레스가 두창이때 급이네 ㅋㅋ,id:whoshot,2026-03-14 22:19:03,2,2,1,2026-03-14 22:20:16,2026-03-14 23:09:58,1.2166666666666666,26.066666666666666,0.5
18181211,국민의힘 포지션은 ......이재명과 아이들이 차지할 것 같아요..,id:bbs1223,2026-03-14 22:21:06,2,2,1,2026-03-14 22:23:24,2026-03-15 02:22:13,2.3,121.70833333333334,0.5
18181259,문통이 임기말지지율이 어느정도 였는데,id:kokomong,2026-03-14 23:07:31,2,2,1,2026-03-14 23:10:50,2026-03-14 23:38:33,3.316666666666667,17.175,0.5
18181266,민주당 역사에서 친명이라고 대놓고 나와도 아무도 공격 안하는거 처음봄,id:kokomong,2026-03-14 23:17:16,2,2,1,2026-03-14 23:18:27,2026-03-15 06:19:32,1.1833333333333333,211.725,0.5
18181343,생각해보면 문통 까다 날아간 넘들이,id:cytokine1234,2026-03-15 01:42:38,2,2,1,2026-03-15 01:47:16,2026-03-15 06:15:05,4.633333333333334,138.54166666666666,0.5
18182398,이재명은 그 어떤 개혁도 할 생각이 없어요,id:hypeboy,2026-03-15 23:03:55,2,2,1,2026-03-15 23:05:15,2026-03-15 23:17:17,1.3333333333333333,7.3500000000000005,0.5
18182435,"단독]이재명 대통령 ""수사권 박탈했는데 뭐가 문제...정부안 통과시켜달라""",id:100m2,2026-03-15 23:13:48,2,2,1,2026-03-15 23:14:28,2026-03-15 23:19:16,0.6666666666666666,3.066666666666667,0.5
18182502,이재명 - 상대를 몰아붙이는건 개혁이 아니다,id:luna7742,2026-03-15 23:33:12,2,2,1,2026-03-15 23:34:34,2026-03-15 23:38:26,1.3666666666666667,3.3,0.5
18182949,잼마을 탈퇴안해서 가보면 ㅋㅋㅋㅋㅋ,id:kokomong,2026-03-16 09:20:07,2,2,1,2026-03-16 09:22:55,2026-03-16 09:28:16,2.8,5.475,0.5
18182977,이재명은 탈당 시켜야 됨,id:placebo,2026-03-16 09:43:42,2,2,1,2026-03-16 09:48:19,2026-03-16 09:57:15,4.616666666666666,9.083333333333334,0.5
18183462,딴지 얘네는 진짜 대깨짬이네...,id:say1673,2026-03-16 16:29:20,2,2,1,2026-03-16 16:31:59,2026-03-16 16:37:14,2.65,5.275,0.5
18183482,유시민 작가도 옛날 윤석열 비판할때 말했었죠,id:typoonj2,2026-03-16 16:42:40,2,2,1,2026-03-16 16:46:39,2026-03-16 16:55:17,3.9833333333333334,8.3,0.5
18183510,아니 그니까 이재명은 여태 거짓말한거임. 여~~~태! 거짓말이 진짜 와,id:colacup,2026-03-16 17:01:21,2,2,1,2026-03-16 17:04:23,2026-03-16 17:06:32,3.033333333333333,4.108333333333333,0.5
18183528,전과 4범 쉴드쳐주느라 매번 인지 부조화 왔는데,id:novacane,2026-03-16 17:11:36,2,2,1,2026-03-16 17:13:46,2026-03-16 18:08:15,2.1666666666666665,29.40833333333333,0.5
18183590,국민의 힘 당원인 우리 회사 회장이 이재명 좀 잘하는 것 같다고 합니다.,id:dondekhmann,2026-03-16 17:47:17,2,2,1,2026-03-16 17:48:00,2026-03-16 17:53:49,0.7166666666666667,3.625,0.5
18183609,정치철학이 다른 인물을 당이 같다는 이유로 지지하는거,id:hulk,2026-03-16 18:08:18,2,2,1,2026-03-16 18:09:29,2026-03-16 18:15:02,1.1833333333333333,3.9583333333333335,0.5
18183676,이재명은 뻔히 눈에 보이는 거짓말을 하네,id:bookae1,2026-03-16 19:00:08,2,2,1,2026-03-16 19:00:56,2026-03-16 19:23:41,0.8,12.175,0.5
18183690,PIC) 이재명이 말하는 당정 협의,id:wind1123,2026-03-16 19:11:26,2,2,1,2026-03-16 19:13:16,2026-03-16 19:17:17,1.8333333333333333,3.8416666666666663,0.5
18183847,장인수 기자가 취재한거에 걸려들은거 아닌가...,id:yo821281,2026-03-16 22:06:11,2,2,1,2026-03-16 22:08:03,2026-03-16 22:35:53,1.8666666666666667,15.783333333333333,0.5
18184196,악다구니 부리면서 정부안 적극 옹호한 김규현 양부남 조상호가 궁금함,id:bundes1,2026-03-17 09:59:46,2,2,1,2026-03-17 10:01:35,2026-03-17 10:13:39,1.8166666666666667,7.85,0.5
18184515,근데 이재명 ㅈㄴ 빡치겠네요,id:htht709,2026-03-17 14:26:56,2,2,1,2026-03-17 14:28:44,2026-03-17 14:34:05,1.8,4.4750000000000005,0.5
18184554,신인규 장르만여의도에서 꿍해 있는 거 웃기던데 ㅎㅎㅎ,id:Necovv,2026-03-17 15:00:22,2,2,1,2026-03-17 15:03:59,2026-03-17 16:25:12,3.6166666666666667,44.224999999999994,0.5
18184589,원래 민주당은 당원들이 하드캐리 하는 정당입니다.,id:thuyu,2026-03-17 15:18:21,2,2,1,2026-03-17 15:19:07,2026-03-17 15:28:39,0.7666666666666667,5.533333333333334,0.5
18184656,청래형 가정에서 등산하는 마속 보는 기분이었음.,id:cytokine1234,2026-03-17 16:09:35,2,2,1,2026-03-17 16:11:49,2026-03-17 16:14:47,2.2333333333333334,3.716666666666667,0.5
18185470,겨우 봉합 분위기가 됐는데 저런 사람들이 계속 까도록 불씨를 지핌,id:luna7742,2026-03-18 08:54:50,2,2,1,2026-03-18 08:58:40,2026-03-18 09:13:40,3.8333333333333335,11.333333333333332,0.5
18185576,1년내내 똥 처 싸놓고 뭘 이재명이 했네요 이 지ㄹㅋㅋㅋㅋ,id:Tenhag,2026-03-18 10:15:55,2,2,1,2026-03-18 10:16:54,2026-03-18 10:30:32,0.9833333333333333,7.8,0.5
18185835,민주당 의원들중 TV 조선 출연안하겠다 선언한 의원있음?,id:edh2och,2026-03-18 12:59:49,2,2,1,2026-03-18 13:02:13,2026-03-18 13:13:07,2.4,7.8500000000000005,0.5
18185936,레드팀 블루팀 역할극의 부작용,id:roe2k,2026-03-18 14:10:34,2,2,1,2026-03-18 14:14:14,2026-03-18 14:20:53,3.6666666666666665,6.991666666666666,0.5
18186507,허지웅의 말은 좀 공하하게 들리네요. 뉴이재명,id:Necovv,2026-03-18 20:41:18,2,2,1,2026-03-18 20:44:24,2026-03-18 20:48:29,3.1,5.141666666666667,0.5
18186519,제가 잘못 생각한거 같은데요,id:bakjang,2026-03-18 20:52:33,2,2,1,2026-03-18 20:54:25,2026-03-18 20:58:20,1.8666666666666667,3.825,0.5
18186626,검찰개혁이 잘되어가구있군요,id:rrlatls18,2026-03-18 21:45:01,2,2,1,2026-03-18 21:46:51,2026-03-18 21:58:46,1.8333333333333333,7.791666666666667,0.5
18187206,차기 대선은 이번 검찰개혁껀으로 일단 추미애가 한발 치고 나갔는데,id:rukk7812,2026-03-19 10:19:21,2,2,1,2026-03-19 10:23:23,2026-03-19 11:04:10,4.033333333333333,24.425,0.5
18188046,문까들은 결국엔 하나 같이 밑바닥을 드러냄,id:bulbol,2026-03-19 22:35:55,2,2,1,2026-03-19 22:37:29,2026-03-19 22:45:03,1.5666666666666667,5.35,0.5
18188590,김현이나 김민석도 결국 김우영처럼 조국을 친문으로 보고 타결대상으로 보거 오피셜이네요,id:impactx84,2026-03-20 11:47:38,2,2,1,2026-03-20 11:50:14,2026-03-20 11:53:00,2.6,3.9833333333333334,0.5
18188687,"尹검찰 조작기소' 국조 50일 가동…특위, 與주도로 계획서 의결",id:FeelingGood,2026-03-20 12:26:11,2,2,1,2026-03-20 12:29:34,2026-03-20 12:49:16,3.3833333333333333,13.233333333333333,0.5
18188799,"pic)李, 전한길 '비자금 조성 주장' 방영에 ""한심하고 악질적"" 직격, 그랬더니..",id:vincent85,2026-03-20 13:43:31,2,2,1,2026-03-20 13:45:36,2026-03-20 14:22:27,2.0833333333333335,20.508333333333333,0.5
18188835,김민'B'ird는 왜케 정치 더럽게 하죠?,id:solution78,2026-03-20 14:15:07,2,2,1,2026-03-20 14:16:20,2026-03-20 14:22:25,1.2166666666666666,4.258333333333333,0.5
18189392,박주민과 정원오가 갈리는 지점,id:burningred,2026-03-20 23:46:56,2,2,1,2026-03-20 23:47:57,2026-03-20 23:58:12,1.0166666666666666,6.1416666666666675,0.5
18189583,싸줄 기조가 소수로 느껴지긴함,id:wondh84,2026-03-21 09:30:00,2,2,1,2026-03-21 09:31:37,2026-03-21 09:54:40,1.6166666666666667,13.141666666666667,0.5
18189617,싸줄이 이재명을 원색적으로 비난만 하는,id:Volvo,2026-03-21 10:05:58,2,2,1,2026-03-21 10:10:12,2026-03-21 10:17:54,4.233333333333333,8.083333333333334,0.5
18189992,다카이치가 의외로 발이 빠르네요,id:blue123,2026-03-21 16:55:44,2,2,1,2026-03-21 16:59:34,2026-03-21 17:08:14,3.8333333333333335,8.166666666666666,0.5
18190600,진짜 다시 생각해봐도 이동형이 나는 대통령과 통화한다는 망언을 자칭 친명 민주당인사들은,id:modern21,2026-03-22 09:05:26,2,2,1,2026-03-22 09:06:23,2026-03-22 09:31:18,0.95,13.408333333333333,0.5
18191660,정민철 저런 애들 보면,id:cytokine1234,2026-03-23 13:04:17,2,2,1,2026-03-23 13:07:03,2026-03-23 13:25:47,2.7666666666666666,12.133333333333333,0.5
18191719,민주당 권당분들에게 정원오x도이치모터스는 타격이 크네요,id:wind1123,2026-03-23 13:52:13,2,2,1,2026-03-23 13:56:09,2026-03-23 15:39:54,3.933333333333333,55.80833333333334,0.5
18192590,"‘판’ 커졌지만…與, 평택을 ‘히든카드’ 오리무중",id:bulbol,2026-03-24 16:17:39,2,2,1,2026-03-24 16:19:04,2026-03-24 16:34:18,1.4166666666666667,9.033333333333333,0.5
18192727,황교익은 이재명이랑 뭐 없나요?,id:maybee,2026-03-24 18:29:02,2,2,1,2026-03-24 18:30:09,2026-03-24 18:38:15,1.1166666666666667,5.166666666666667,0.5
18193439,뉴재명들은 민주주의에 대한 개념이나 민주당 정신이 전혀 없음,id:dlawls,2026-03-25 15:55:35,2,2,1,2026-03-25 15:59:16,2026-03-25 16:27:41,3.683333333333333,17.891666666666666,0.5
18193521,오늘 매불쇼에서 새삼 깨달은 역사(?),id:Tenhag,2026-03-25 17:50:51,2,2,1,2026-03-25 17:53:29,2026-03-25 17:56:48,2.6333333333333333,4.291666666666667,0.5
18193605,저는 이번에 한동훈의 행보가 제일 궁금함 ㅋㅋ,id:hypeboy,2026-03-25 19:35:44,2,2,1,2026-03-25 19:36:17,2026-03-25 19:43:07,0.55,3.966666666666667,0.5
18194042,정치인들중 대표적 친노가 문재인 유시민 이해찬인데 뭐가 어쩌고 어째?,id:kjk2880,2026-03-26 10:10:05,2,2,1,2026-03-26 10:13:25,2026-03-26 10:57:25,3.3333333333333335,25.333333333333336,0.5
18194073,당원 투표와 별개로 추미애 한준호 김동연 여론조가 흥미로운점,id:impactx84,2026-03-26 10:47:32,2,2,1,2026-03-26 10:49:58,2026-03-26 11:03:07,2.433333333333333,9.008333333333333,0.5
18194413,이재명 내각 아직도 다 구성안된걸로 아는데 맞나요?,id:FeelingGood,2026-03-26 18:14:10,2,2,1,2026-03-26 18:16:42,2026-03-26 18:19:22,2.533333333333333,3.8666666666666667,0.5
18194452,뒷북) 김부겸이 대구 출마 선언하면 엎드려 절하고 모셔야죠,id:nikkohadal,2026-03-26 19:01:44,2,2,1,2026-03-26 19:04:08,2026-03-26 19:18:43,2.4,9.691666666666666,0.5
18194645,한준호 이재명 악개들 뽕받아서 그런거임,id:luna7742,2026-03-26 22:40:42,2,2,1,2026-03-26 22:41:40,2026-03-26 22:46:48,0.9666666666666667,3.533333333333333,0.5
18194821,이재명 일 잘한다 하고 너무 언플하는게 티나는데,id:luna7742,2026-03-27 09:21:28,2,2,1,2026-03-27 09:24:55,2026-03-27 09:38:48,3.45,10.391666666666666,0.5
18194945,"이재명은 부장, 과장급 인사이지 직접 비전설계, 총괄할 그릇이 아님",id:luna7742,2026-03-27 11:13:17,2,2,1,2026-03-27 11:17:38,2026-03-27 12:16:02,4.35,33.55,0.5
18195018,이재명이 하는게 트럼프 식인거 같은데,id:whddlqlgodrl,2026-03-27 12:48:55,2,2,1,2026-03-27 12:50:21,2026-03-27 13:02:48,1.4333333333333333,7.658333333333333,0.5
18195267,석유 90만 배럴 털렸는데 언론에 정부 비판하는뉴스 안나옴,id:FeelingGood,2026-03-27 17:56:58,2,2,1,2026-03-27 18:00:05,2026-03-27 20:02:53,3.1166666666666667,64.51666666666667,0.5
18195537,그동안의 옹호 논리,id:bulbol,2026-03-28 07:14:30,2,2,1,2026-03-28 07:18:56,2026-03-28 07:21:17,4.433333333333334,5.608333333333333,0.5
18195545,이재명은 큰 그림 따윈 없습니다. 절대!!!!,id:dlawls,2026-03-28 07:58:29,2,2,1,2026-03-28 08:02:08,2026-03-28 08:03:37,3.65,4.391666666666667,0.5
18195669,파주로 가시는 문재인 대통령님.,id:cytokine1234,2026-03-28 11:40:41,2,2,1,2026-03-28 11:44:34,2026-03-28 11:45:55,3.8833333333333333,4.558333333333334,0.5
18196135,송영길에 안타까웠던 마음은 있지만 마음에 빚따윈 없음,id:hyeok497,2026-03-28 21:45:49,2,2,1,2026-03-28 21:48:02,2026-03-29 00:58:45,2.216666666666667,97.575,0.5
18197180,"부총리, 유가 더 오르면 민간차량 5부제 실시할수도",id:blue123,2026-03-29 13:50:11,2,2,1,2026-03-29 13:52:13,2026-03-29 15:22:30,2.033333333333333,47.175,0.5
18197218,(서울시장)정원오는 이재명 하위호환은 아닐듯,id:mhp3rd,2026-03-29 14:18:52,2,2,1,2026-03-29 14:23:03,2026-03-29 14:39:21,4.183333333333334,12.333333333333334,0.5
18197257,진짜 유시민이랑 김어준이 검찰개혁건으로 안 좋은 소리했으면 ㄷㄷㄷ;;,id:Tenhag,2026-03-29 14:49:37,2,2,1,2026-03-29 14:51:53,2026-03-29 15:08:20,2.2666666666666666,10.491666666666665,0.5
18199097,국민의힘 제외 개헌 공동발의안 내용,id:pearson19,2026-03-31 17:51:59,2,2,1,2026-03-31 17:53:08,2026-03-31 18:00:06,1.15,4.633333333333334,0.5
18199200,근데 이번 추경에서 지원금 뿌리는거 이거 예전에 문통이 한다 했을때,id:kokomong,2026-03-31 19:32:06,2,2,1,2026-03-31 19:33:06,2026-03-31 19:59:27,1.0,14.175,0.5
18199372,정원오 칸쿤 루머는 김재섭과 최훈민이 터뜨렸던데,id:rukk7812,2026-03-31 22:48:50,2,2,1,2026-03-31 22:52:16,2026-04-01 09:44:17,3.433333333333333,329.44166666666666,0.5
18201818,김어준을 깔떄 친문부활 이것도 결국 핑계죠,id:impactx84,2026-04-03 11:00:27,2,2,1,2026-04-03 11:01:31,2026-04-03 11:26:22,1.0666666666666667,13.491666666666667,0.5
18202173,이재명 정부는 검찰 개혁 법안에 대해 아무도 책임 안 짐.,id:cytokine1234,2026-04-03 18:44:44,2,2,1,2026-04-03 18:48:53,2026-04-03 21:35:56,4.15,87.675,0.5
18202473,요즘 짝수견들 박상용 좋아하는게 두창이 한동훈 때 기시감이..ㅋㅋㅋㅋ,id:rukk7812,2026-04-04 11:04:24,2,2,1,2026-04-04 11:08:09,2026-04-04 11:13:31,3.75,6.433333333333334,0.5
18205219,추미애 지역구에는 누가 나오려나요,id:cokabel,2026-04-07 19:15:18,2,2,1,2026-04-07 19:19:14,2026-04-07 19:20:53,3.933333333333333,4.758333333333333,0.5
18206483,"윤어게인' 유튜버도 갈라지나.. 고성국, 전한길 탈당에 ""자유우파 조롱·모욕""",id:bulbol,2026-04-09 08:15:53,2,2,1,2026-04-09 08:17:15,2026-04-09 09:14:49,1.3666666666666667,30.15,0.5
18206561,정원오는 걍 지금 오세훈 실책 까대도 되는데 본선을 위해 아껴둔다는게 이해가 안됨,id:rukk7812,2026-04-09 10:20:02,2,2,1,2026-04-09 10:22:18,2026-04-09 10:41:48,2.2666666666666666,12.016666666666666,0.5
18206704,민주당 의원놈들도 현실을 깨닫고 정신차려야함,id:xxvxx,2026-04-09 13:08:13,2,2,1,2026-04-09 13:09:50,2026-04-09 13:16:05,1.6166666666666667,4.741666666666666,0.5
18206795,"pic) ""어? 민주당이 2개 걸었나""‥가보니 '파란 국힘' 반전",id:snap23,2026-04-09 15:40:41,2,2,1,2026-04-09 15:41:46,2026-04-09 16:05:49,1.0833333333333333,13.108333333333333,0.5
18206835,"친명 온건파인 김병주, 최민희도 이재명 정부에 못 들어가는 상황이면",id:adkse,2026-04-09 16:40:20,2,2,1,2026-04-09 16:41:49,2026-04-09 16:49:03,1.4833333333333334,5.1,0.5
18206966,정원오를 전혀 몰랐는데 작년에 사줄에서 많이 언급하기 시작하더군요,id:blue123,2026-04-09 19:08:40,2,2,1,2026-04-09 19:09:45,2026-04-09 19:31:40,1.0833333333333333,12.041666666666666,0.5
18206988,"저는 90, 2000년대생 대통령은 상상이 잘 안가네요.",id:childpicture,2026-04-09 19:32:31,2,2,1,2026-04-09 19:35:56,2026-04-09 19:50:30,3.4166666666666665,10.700000000000001,0.5
18207326,아래 민주당 문건이라고 해서 공식적인 건줄 알았네요,id:impactx84,2026-04-10 11:24:44,2,2,1,2026-04-10 11:28:24,2026-04-10 11:31:45,3.6666666666666665,5.341666666666667,0.5
18208183,뽐뿌는 어느 분이 그랬던것처럼 순진하고 멍청함,id:sc1984,2026-04-11 14:02:29,2,2,1,2026-04-11 14:05:14,2026-04-11 14:08:31,2.75,4.391666666666667,0.5
18208320,"이재명 실드치는 민주당 의원들 조국혁신당 , 이번엔 핀트 못잡고 다 삽질",id:bugfix,2026-04-11 15:41:18,2,2,1,2026-04-11 15:44:46,2026-04-11 15:49:36,3.466666666666667,5.883333333333334,0.5
18208513,이재명 틱톡도 하는거 아심??,id:kokomong,2026-04-11 17:56:44,2,2,1,2026-04-11 17:57:19,2026-04-11 18:17:59,0.5833333333333334,10.916666666666666,0.5
18209044,서울 시민인데 서울 개노답 맞죠 뭐,id:rukk7812,2026-04-12 10:47:39,2,2,1,2026-04-12 10:49:58,2026-04-12 10:57:18,2.316666666666667,5.983333333333333,0.5
18209107,"서울, 부산 지선 득표결과는 51:49 정도  나오지 않을까요?",id:vamman,2026-04-12 12:52:09,2,2,1,2026-04-12 12:54:28,2026-04-12 13:30:14,2.316666666666667,20.200000000000003,0.5
18209513,어제 호주 데이터를 가져왔었는데 해방이후 수십년 기득권이 민정계를 버리진 않겠죠,id:pearson19,2026-04-12 21:13:33,2,2,1,2026-04-12 21:17:34,2026-04-12 21:26:38,4.016666666666667,8.55,0.5
18209661,"언론, 재벌, 의사, 법조, 종교 등 기득권 유지 - 잼은 지지율 겟",id:hypeboy,2026-04-12 23:40:05,2,2,1,2026-04-12 23:41:52,2026-04-13 00:17:56,1.7833333333333334,19.816666666666666,0.5
18209855,싸줄에 라게 정치글이 폭발적으로 많아진건 박근혜 대선 때부터죠.,id:rukk7812,2026-04-13 07:45:13,2,2,1,2026-04-13 07:46:19,2026-04-13 08:00:53,1.1,8.383333333333333,0.5
18210090,"이진관 재판장, 증인 출석한 김건희에게 ""마스크 사용할 수 없다""",id:htht709,2026-04-13 12:15:20,2,2,1,2026-04-13 12:16:35,2026-04-13 12:41:01,1.25,13.466666666666667,0.5
18210687,"김건희 ""尹, 비상계엄 사전 얘기안해""…수사무마 증언은 거부",id:bulbol,2026-04-14 07:27:20,2,2,1,2026-04-14 07:32:13,2026-04-14 07:53:09,4.883333333333334,15.35,0.5
18210936,펨코 이재명 여론 좀 살펴봤는데,id:mmq0626,2026-04-14 13:03:46,2,2,1,2026-04-14 13:06:25,2026-04-14 13:10:30,2.65,4.691666666666666,0.5
18211005,반명커뮤면 뭐 어쩌라고,id:dleoduq1234,2026-04-14 14:21:42,2,2,1,2026-04-14 14:22:14,2026-04-14 14:27:43,0.5333333333333333,3.275,0.5
18211297,뉴재명들은 펨코랑 사고방식이 비슷하다고 보면 됩니다.,id:Necovv,2026-04-14 20:07:26,2,2,1,2026-04-14 20:10:41,2026-04-14 20:42:11,3.25,19.0,0.5
18211614,1년 사이 이재명 실드 변천사,id:bugfix,2026-04-15 06:14:59,2,2,1,2026-04-15 06:19:03,2026-04-15 06:25:43,4.066666666666666,7.3999999999999995,0.5
18213923,이재명이 검찰개혁했다라...ㅋㅋㅋㅋ,id:FeelingGood,2026-04-17 17:27:23,2,2,1,2026-04-17 17:29:41,2026-04-17 17:33:04,2.3,3.9916666666666667,0.5
18216688,"pic)장동혁, 귀국 후 일성은 '진종오 당무감사'",id:vincent85,2026-04-20 13:27:51,2,2,1,2026-04-20 13:31:55,2026-04-20 13:40:01,4.066666666666666,8.116666666666667,0.5
18216690,오늘자 클로드가 정리한 사커라인 상황,id:opopgogo,2026-04-20 13:30:15,2,2,1,2026-04-20 13:32:22,2026-04-20 14:04:48,2.1166666666666667,18.333333333333332,0.5
18217232,민주당 고양시장 후보 민경선 확정,id:traum0105,2026-04-21 10:41:07,2,2,1,2026-04-21 10:42:51,2026-04-21 11:04:01,1.7333333333333334,12.316666666666666,0.5
18218424,노통 왈 의리가 있어야 된다 했는데 김남국은 진짜 빵점임,id:wheotjd1,2026-04-22 19:16:55,2,2,1,2026-04-22 19:20:15,2026-04-22 19:24:16,3.3333333333333335,5.341666666666667,0.5
18219045,검찰 수사는 용두사미가 전형적인듯,id:bulbol,2026-04-23 16:19:29,2,2,1,2026-04-23 16:21:01,2026-04-23 16:50:48,1.5333333333333334,16.425,0.5
18219151,민주당 평택에 후보내나요? 양심리스…,id:dlawls,2026-04-23 18:30:54,2,2,1,2026-04-23 18:35:49,2026-04-23 18:40:29,4.916666666666667,7.25,0.5
18219841,이재명은 최저임금위원장으로 또 이상한 놈 하나 데려왔네,id:kim2pac,2026-04-24 17:57:13,2,2,1,2026-04-24 17:57:57,2026-04-24 18:08:43,0.7333333333333333,6.116666666666666,0.5
18219951,"민주당 경기도당, 남양주시장 후보에 최현덕 선출",id:bulbol,2026-04-24 20:23:45,2,2,1,2026-04-24 20:27:33,2026-04-24 20:31:55,3.8,5.9833333333333325,0.5
18221374,"영화) ""란 12.3"" 추천",id:jeffkent,2026-04-26 15:14:49,2,2,1,2026-04-26 15:16:24,2026-04-26 15:20:45,1.5833333333333333,3.7583333333333333,0.5
18221879,pic) ??? : “화보 찍냐?”,id:snap23,2026-04-27 08:53:07,2,2,1,2026-04-27 08:55:08,2026-04-27 09:02:28,2.0166666666666666,5.683333333333334,0.5
18222154,유시민: 민주당은 원래 개판인 정당이었어요,id:rukk7812,2026-04-27 16:12:18,2,2,1,2026-04-27 16:15:55,2026-04-27 16:29:20,3.6166666666666667,10.325000000000001,0.5
18222251,김남국 저거 dc같은 데 가서 경청하겠다며 염병떨까봐 무섭네요 ㄷㄷ,id:horizon,2026-04-27 18:36:58,2,2,1,2026-04-27 18:37:27,2026-04-27 18:55:42,0.48333333333333334,9.608333333333334,0.5
18222270,하..문재인만 올라오면 국힘만이 아니라 민주당 지지한다면서 문재인 까는거 보면 화딱지 나요,id:impactx84,2026-04-27 18:57:46,2,2,1,2026-04-27 19:01:38,2026-04-27 19:13:48,3.8666666666666667,9.950000000000001,0.5
18222284,조국혁신당 인스타,id:cytokine1234,2026-04-27 19:14:31,2,2,1,2026-04-27 19:18:09,2026-04-27 19:30:51,3.6333333333333333,9.983333333333333,0.5
18222696,지금 호남 민주당원들 개빡쳐 있을텐데 뭐 이번 지선은 모르겠고,id:KINGBATI,2026-04-28 11:56:12,2,2,1,2026-04-28 11:56:43,2026-04-28 12:17:56,0.5166666666666667,11.125,0.5
18222932,짬통 뭐합니까,id:sdh90,2026-04-28 16:26:38,2,2,1,2026-04-28 16:30:18,2026-04-28 16:39:19,3.6666666666666665,8.175,0.5
18224081,어쩌다 이런 꼬라지까지 오게 된건지..,id:bugfix,2026-04-29 20:23:21,2,2,1,2026-04-29 20:25:05,2026-04-29 20:36:15,1.7333333333333334,7.316666666666666,0.5
18224561,대통령님 이sns도 수사해주세요.,id:dleoduq1234,2026-04-30 15:01:54,2,2,1,2026-04-30 15:04:44,2026-04-30 15:09:50,2.8333333333333335,5.383333333333334,0.5
18224890,이재명게 있어 실리란?,id:cytokine1234,2026-04-30 22:09:50,2,2,1,2026-04-30 22:13:46,2026-04-30 22:37:09,3.933333333333333,15.625,0.5
18225329,제들 왜 문재인에 대한 의리는 안지킴?,id:FeelingGood,2026-05-01 18:50:50,2,2,1,2026-05-01 18:51:42,2026-05-01 19:19:11,0.8666666666666667,14.608333333333334,0.5
18226173,임기초 기준으로 보면 이재명과 김영삼은 나란히 거론할 대상이 아니죠,id:khy80,2026-05-02 20:56:06,2,2,1,2026-05-02 20:58:35,2026-05-02 21:03:26,2.4833333333333334,4.908333333333333,0.5
18226531,뉴재명 본색 다 들어내는데 물고 빠는 인간들은,id:alfatini,2026-05-03 10:57:43,2,2,1,2026-05-03 11:00:26,2026-05-03 11:42:14,2.716666666666667,23.616666666666667,0.5
18227494,민주당 원내대표 투표 관련,id:yjs1g,2026-05-04 09:31:08,2,2,1,2026-05-04 09:31:29,2026-05-04 09:44:10,0.35,6.691666666666666,0.5
18227521,민주당 원내대표 후보 한병도 단독후보에요??,id:adidas010,2026-05-04 10:03:07,2,2,1,2026-05-04 10:06:42,2026-05-04 10:09:42,3.5833333333333335,5.083333333333333,0.5
18227792,제가 청년이던 시절엔 진짜 지원 이딴거,id:novacane,2026-05-04 15:05:30,2,2,1,2026-05-04 15:07:13,2026-05-04 15:12:58,1.7166666666666666,4.591666666666667,0.5
18228048,이재명씨나 정성호나 보완수사권주자는 민주당애들이나,id:tjfghksss,2026-05-04 20:55:06,2,2,1,2026-05-04 20:59:32,2026-05-04 21:10:42,4.433333333333334,10.016666666666666,0.5
18228772,jpg) “ 민주당은 국민한테 저런 거 공천한 거 사과하세요~~~~~~”,id:bugfix,2026-05-05 19:21:55,2,2,1,2026-05-05 19:23:59,2026-05-05 19:27:34,2.066666666666667,3.8583333333333334,0.5
18228882,노무현 생각해서 이재명 안깐다는 사람들 이럴땐 참 조용하단 말이죠,id:dleoduq1234,2026-05-05 20:31:35,2,2,1,2026-05-05 20:33:23,2026-05-05 21:23:55,1.8,27.066666666666666,0.5
18104962,문재인시절 민주당이 발의한 페미 정책이 뭔가여?,id:chinghis,2025-12-22 19:07:22,3,3,1,2025-12-22 19:08:41,2025-12-22 19:39:08,1.3166666666666667,5.816666666666666,0.3333333333333333
18105215,버티면..' 계산 끝났나…'법 전문가' 이창수 소환 불응,id:bulbol,2025-12-23 07:02:12,3,3,1,2025-12-23 07:04:08,2025-12-23 09:45:45,1.9333333333333333,34.983333333333334,0.3333333333333333
18105839,장담하는게 영포티도 정치공작적인 용어입니다,id:adnanjanuzaj,2025-12-23 21:01:22,3,3,1,2025-12-23 21:05:23,2025-12-23 22:09:33,4.016666666666667,39.53333333333333,0.3333333333333333
18106173,김병기의 문제는 쏟아지는 의혹도 의혹이지만 태도가 정말 문제임,id:dbsupers,2025-12-24 10:53:05,3,3,1,2025-12-24 10:56:18,2025-12-24 12:10:11,3.216666666666667,69.01666666666667,0.3333333333333333
18110813,지금 대통령의 인사는 “내 꼴리는대로” 이거 아닌가,id:xxvxx,2025-12-29 19:37:50,3,3,1,2025-12-29 19:39:16,2025-12-29 20:04:56,1.4333333333333333,10.883333333333333,0.3333333333333333
18111686,"[속보] 국힘 당무감사위 ""당게 문제, 디지털 패턴 분석 결과 한동훈 관리 책임""",id:regions,2025-12-30 15:23:44,3,3,1,2025-12-30 15:27:15,2025-12-30 15:43:24,3.5166666666666666,8.433333333333334,0.3333333333333333
18114604,이명박 쳐 빠는 애들은 그 시절 군생활이나 해봤는지,id:hodoeel,2026-01-02 23:20:44,3,3,1,2026-01-02 23:23:10,2026-01-02 23:42:07,2.433333333333333,21.133333333333333,0.3333333333333333
18114643,유승민은 진짜 정치하면 안되는 사람임.,id:bulbol,2026-01-03 00:20:49,3,3,1,2026-01-03 00:23:19,2026-01-03 03:50:19,2.5,22.033333333333335,0.3333333333333333
18114973,"[속보] 정청래, ‘공천 의혹’에 “환부 도려낼 것...비리는 대표 직권으로 엄벌”",id:naco16,2026-01-03 17:40:15,3,3,1,2026-01-03 17:44:28,2026-01-03 17:59:34,4.216666666666667,7.666666666666667,0.3333333333333333
18116274,이대남들은 저렇게 할수록 더 외골수로 가는게 흥미로운게,id:impactx84,2026-01-05 10:38:14,3,3,1,2026-01-05 10:41:26,2026-01-05 10:59:31,3.2,13.483333333333333,0.3333333333333333
18117360,확실히 국장 개미투자자들이 똑똑해진 듯,id:WEZARD777,2026-01-06 15:16:20,3,3,1,2026-01-06 15:16:53,2026-01-06 15:32:04,0.55,13.116666666666667,0.3333333333333333
18117494,이정도면 이혜훈 세워서 욕먹일려고 하나,id:cutler,2026-01-06 17:51:59,3,3,1,2026-01-06 17:56:33,2026-01-06 18:05:59,4.566666666666666,9.766666666666667,0.3333333333333333
18118749,근데 한국이 언제 베네주엘라 되나?,id:blue123,2026-01-08 10:44:58,3,3,1,2026-01-08 10:47:10,2026-01-08 11:17:01,2.2,18.2,0.3333333333333333
18119617,그래도 요즘 mbc는 대통령이 순방하면 보도는 해주네요,id:FeelingGood,2026-01-09 10:21:58,3,3,1,2026-01-09 10:23:06,2026-01-09 10:54:13,1.1333333333333333,9.25,0.3333333333333333
18119698,"추미애 ""경기지사 생각 있다… 애초 법사위원장 꺼렸던 이유""",id:regions,2026-01-09 11:46:53,3,3,1,2026-01-09 11:48:37,2026-01-09 12:00:51,1.7333333333333334,9.633333333333333,0.3333333333333333
18121473,내일이 민주당 지도부 시험대에 서는 날일듯,id:bulbol,2026-01-11 19:31:33,3,3,1,2026-01-11 19:33:11,2026-01-11 19:47:54,1.6333333333333333,6.45,0.3333333333333333
18121853,그나마 긍정회로(?)를 돌리자면 약속대련이기를 바라봅니다..,id:megacoffee25,2026-01-12 09:18:21,3,3,1,2026-01-12 09:22:59,2026-01-12 09:39:07,4.633333333333334,7.45,0.3333333333333333
18122301,어차피 저 법안 그대로 통과안될거라고 보고 지른거겠죠,id:typoonj2,2026-01-12 15:39:27,3,3,1,2026-01-12 15:41:05,2026-01-12 15:55:33,1.6333333333333333,9.883333333333333,0.3333333333333333
18122704,현정부로 인해 정치혐오증 걸릴듯.,id:whksrns,2026-01-12 21:41:46,3,3,1,2026-01-12 21:43:06,2026-01-12 21:54:11,1.3333333333333333,7.933333333333334,0.3333333333333333
18122883,여태 흐린눈하며 이혜훈도 넘겼는대 검찰개혁은 진짜 열받아서 잠을 못자겟네,id:wltlswhd,2026-01-12 23:52:34,3,3,1,2026-01-12 23:55:18,2026-01-13 00:06:01,2.7333333333333334,11.083333333333334,0.3333333333333333
18123061,이재명은 권력은 잔인하게 휘둘러야 된다 했던 사람이라,id:LJM1389,2026-01-13 09:20:38,3,3,1,2026-01-13 09:21:30,2026-01-13 09:33:29,0.8666666666666667,8.383333333333333,0.3333333333333333
18123618,이재명 캐비넷 큰거 잡힌거 아니냐는 글에 달아주신 댓글들 지금 봤는데,id:Gvardiol,2026-01-13 16:14:34,3,3,1,2026-01-13 16:16:12,2026-01-13 16:30:40,1.6333333333333333,7.183333333333334,0.3333333333333333
18124451,한동훈 최대패착은 셀프공천 안한거,id:6667sh,2026-01-14 10:07:27,3,3,1,2026-01-14 10:10:31,2026-01-14 10:35:57,3.066666666666667,10.383333333333333,0.3333333333333333
18124508,前대통령이 편하게 유튜브 나오는것도 보고 싶음,id:jeffkent,2026-01-14 11:19:44,3,3,1,2026-01-14 11:23:07,2026-01-14 11:26:59,3.3833333333333333,5.083333333333333,0.3333333333333333
18124570,"경제, 외교가 최우선이면 입법은 좀 양보하는게 도리죠;:",id:gum0510,2026-01-14 12:58:35,3,3,1,2026-01-14 13:00:38,2026-01-14 13:10:56,2.05,5.933333333333334,0.3333333333333333
18124690,한동훈 오늘 기자회견에서 가발 엄청 올려썼네 ㅋㅋㅋㅋ,id:0405psv,2026-01-14 16:01:35,3,3,1,2026-01-14 16:02:10,2026-01-14 16:52:51,0.5833333333333334,5.466666666666667,0.3333333333333333
18125358,근데 이대통령이랑 청와대는 이 사안의 심각성을 모른거 같은데,id:alfatini,2026-01-15 12:04:06,3,3,1,2026-01-15 12:07:08,2026-01-15 14:24:49,3.033333333333333,25.6,0.3333333333333333
18125545,혁신당 호남 인사는 민주당에 밀려난 비주류인데 호남사람들이 왜 뽑냐 하시는데,id:gum0510,2026-01-15 15:30:41,3,3,1,2026-01-15 15:34:06,2026-01-15 15:45:40,3.4166666666666665,7.016666666666667,0.3333333333333333
18129542,문재인이랑 이재명은 10몇일씩 했는데 6일가지고,id:yally1010,2026-01-20 14:48:11,3,3,1,2026-01-20 14:49:32,2026-01-20 15:17:08,1.35,6.366666666666666,0.3333333333333333
18129596,"[단독] '장동혁 단식' 반응 없자...""신천지 특검 수용하자"" 송언석에 건의한 국힘 재선",id:regions,2026-01-20 16:12:21,3,3,1,2026-01-20 16:14:07,2026-01-20 16:24:43,1.7666666666666666,9.783333333333333,0.3333333333333333
18129674,"[단독] 이만희 ""신천지는 구원파처럼 안돼, 압박하면 이재명만 손해""",id:regions,2026-01-20 17:46:31,3,3,1,2026-01-20 17:48:15,2026-01-20 18:28:01,1.7333333333333334,5.783333333333333,0.3333333333333333
18130824,오늘은 남천동 봐야겠군요.,id:kaizennf,2026-01-21 15:27:22,3,3,1,2026-01-21 15:31:24,2026-01-21 15:47:16,4.033333333333333,5.25,0.3333333333333333
18131082,문형배 재판관님 특강 갔다온 후기 Q&A,id:grit,2026-01-21 19:56:40,3,3,1,2026-01-21 19:59:47,2026-01-21 20:55:51,3.1166666666666667,6.366666666666666,0.3333333333333333
18131335,(뻘글) 국장이 너무 빨리 오른것도 개혁 발목잡는거 같음,id:htht709,2026-01-22 01:31:32,3,3,1,2026-01-22 01:35:06,2026-01-22 01:42:06,3.566666666666667,10.533333333333333,0.3333333333333333
18131454,속보) 장중 코스피 5000선 붕괴,id:wheotjd1,2026-01-22 09:05:43,3,3,1,2026-01-22 09:06:27,2026-01-22 10:14:07,0.7333333333333333,29.033333333333335,0.3333333333333333
18131694,정청래는 법사위원장을 추미애 선택한것만 봐도 보통 감각은 아니죠 ㅋㅋ,id:gum0510,2026-01-22 12:46:34,3,3,1,2026-01-22 12:49:23,2026-01-22 13:13:27,2.816666666666667,5.866666666666666,0.3333333333333333
18132351,안녕하세요 2022년에서 왔습니다,id:dbsupers,2026-01-23 09:42:48,3,3,1,2026-01-23 09:46:10,2026-01-23 10:15:35,3.3666666666666667,14.15,0.3333333333333333
18132434,"[단독] 경찰, 김경 '공천헌금' 녹취 120여 개 '황금PC' 확보",id:fantak,2026-01-23 11:24:51,3,3,1,2026-01-23 11:26:13,2026-01-23 11:45:48,1.3666666666666667,8.866666666666667,0.3333333333333333
18132856,이재명은 인간적으로 도덕적인 사람이라 지지한게아닌데.,id:koaie123,2026-01-23 20:13:03,3,3,1,2026-01-23 20:16:55,2026-01-23 20:22:06,3.8666666666666667,7.016666666666667,0.3333333333333333
18133295,??? 코스피 5000이면 뭐하냐 환율개박살나서 도루묵인데ㅋㅋ,id:soccerlineid,2026-01-24 12:22:17,3,3,1,2026-01-24 12:23:31,2026-01-24 12:35:27,1.2333333333333334,6.783333333333333,0.3333333333333333
18133314,이재명은 뭔 생각으로 이혜훈 임명 한 건지 ㅋㅋㅋ,id:BlackEyes23,2026-01-24 12:51:00,3,3,1,2026-01-24 12:54:14,2026-01-24 13:25:11,3.2333333333333334,11.316666666666666,0.3333333333333333
18134167,pic) 양당제 기존 보수정당도 흔드는 우경화 물결,id:pearson19,2026-01-25 17:39:09,3,3,1,2026-01-25 17:43:48,2026-01-25 17:52:20,4.65,10.2,0.3333333333333333
18136361,문재인 지키자고 난리치던 애들 있을때,id:impactx84,2026-01-28 09:37:42,3,3,1,2026-01-28 09:39:01,2026-01-28 09:51:20,1.3166666666666667,7.1,0.3333333333333333
18137642,찰스도 개털된것처럼 한동훈도 개털될 일만 남은듯,id:megacoffee25,2026-01-29 10:25:36,3,3,1,2026-01-29 10:30:07,2026-01-29 11:06:17,4.516666666666667,10.033333333333333,0.3333333333333333
18137782,이건 상상 영역이긴 한데 윤석열이 100년전 사람이었으면,id:hannavi814,2026-01-29 13:31:07,3,3,1,2026-01-29 13:32:43,2026-01-29 13:48:12,1.6,11.016666666666667,0.3333333333333333
18138949,부동산 유튜버 또 다주택자 적으로 만든다 소리하고 있네요,id:kimdel77,2026-01-30 21:54:51,3,3,1,2026-01-30 21:55:36,2026-01-30 22:09:59,0.75,6.566666666666666,0.3333333333333333
18139162,밑에 영끌 부동산 유튜버 말에 신뢰하는 열열한 지인 있는데 잘살고 있는지 한편으로 궁금함,id:kimdel77,2026-01-31 11:47:07,3,2,1,2026-01-31 11:48:56,2026-01-31 11:53:34,1.8166666666666667,6.283333333333333,0.3333333333333333
18140885,지금 정권도 두창이가 세수 빵꾸 낸것떄문에 발목잡힌게 많음..,id:impactx84,2026-02-02 15:49:02,3,3,1,2026-02-02 15:52:21,2026-02-02 19:10:54,3.316666666666667,33.03333333333333,0.3333333333333333
18141035,김민석 “합당 과정은 민주적이어야…국정과 직접 연관 없어”…여당 갈등 구도에 참전,id:naco16,2026-02-02 19:10:34,3,3,1,2026-02-02 19:12:38,2026-02-02 19:18:01,2.066666666666667,5.966666666666667,0.3333333333333333
18144007,美상원의원들 “한국에 核연료 재처리·농축 허용하면 안 돼”,id:grit,2026-02-06 09:09:39,3,3,1,2026-02-06 09:13:16,2026-02-06 09:21:46,3.6166666666666667,11.466666666666667,0.3333333333333333
18144575,유시민이 민주당 떠난 가장 큰 지분을 차지 하는게 정동영이죠,id:solution78,2026-02-06 20:23:25,3,3,1,2026-02-06 20:24:09,2026-02-06 21:17:07,0.7333333333333333,11.633333333333333,0.3333333333333333
18144898,강득구가 민주당 내에서 영향력 있는 인간인가요?,id:BlackEyes23,2026-02-07 10:35:12,3,3,1,2026-02-07 10:37:31,2026-02-07 12:34:43,2.316666666666667,14.616666666666667,0.3333333333333333
18145261,솔직히 당대포 실수라고 생각하긴함,id:sbw1249,2026-02-07 21:53:51,3,3,1,2026-02-07 21:56:24,2026-02-07 22:08:01,2.55,5.183333333333334,0.3333333333333333
18146332,검찰개혁 하려다가 실패할수는 있음 그럼난 지지함,id:yally1010,2026-02-08 22:08:00,3,3,1,2026-02-08 22:12:59,2026-02-08 22:20:03,4.983333333333333,8.6,0.3333333333333333
18147080,대통령 능멸 어쩌구 =내란견 임용시도로 전부 다 카운터 가능함,id:horizon,2026-02-09 16:21:54,3,3,1,2026-02-09 16:25:57,2026-02-09 16:42:24,4.05,5.183333333333334,0.3333333333333333
18147505,결국 기득권들이 당원중심 민주당을 원하지않는거죠,id:maybee,2026-02-09 22:20:37,3,3,1,2026-02-09 22:23:09,2026-02-09 22:27:22,2.533333333333333,5.566666666666666,0.3333333333333333
18147582,김건희에 그림청탁 김상민 전 검사 무죄,id:sooahn,2026-02-10 00:08:44,3,3,1,2026-02-10 00:09:24,2026-02-10 00:36:45,0.6666666666666666,9.45,0.3333333333333333
18147849,민주주의란게 이렇게 피곤할 줄은 ㅠㅠㅠ,id:colacup,2026-02-10 11:52:41,3,3,1,2026-02-10 11:54:16,2026-02-10 12:00:19,1.5833333333333333,5.483333333333333,0.3333333333333333
18148304,영국 20대남성 vs 65세 이상 남성만 투표시 예상의석,id:pearson19,2026-02-10 17:24:02,3,3,1,2026-02-10 17:26:01,2026-02-10 19:23:55,1.9833333333333334,32.166666666666664,0.3333333333333333
18149210,황희두 씨가 사이버 내란을 정작 현직 의원들이 너무 무시한것도 의심이 감..,id:gum0510,2026-02-10 23:18:28,3,3,1,2026-02-10 23:22:43,2026-02-10 23:24:43,4.25,5.616666666666666,0.3333333333333333
18149499,이재명은 심각한게 뭔 말을 해도 신뢰를 잃어버림,id:gum0510,2026-02-11 09:44:27,3,3,1,2026-02-11 09:47:34,2026-02-11 09:53:05,3.1166666666666667,5.75,0.3333333333333333
18150325,이성윤 의원에게는 사퇴 요구가 빗발치던데 득구는 왜??,id:horizon,2026-02-11 20:57:09,3,3,1,2026-02-11 21:00:50,2026-02-11 21:56:22,3.683333333333333,57.56666666666667,0.3333333333333333
18150709,최욱도 고민이 많겠네요,id:malwool,2026-02-12 10:47:41,3,3,1,2026-02-12 10:49:34,2026-02-12 11:12:52,1.8833333333333333,8.416666666666666,0.3333333333333333
18150752,내가 장동혁이었으면 오늘 만찬 무조건 감,id:makaloni,2026-02-12 11:20:49,3,3,1,2026-02-12 11:21:33,2026-02-12 11:28:07,0.7333333333333333,5.516666666666667,0.3333333333333333
18150889,"설탕 3사 담합 과징금 4,083억",id:blue123,2026-02-12 13:34:51,3,3,1,2026-02-12 13:37:36,2026-02-12 13:58:41,2.75,7.766666666666667,0.3333333333333333
18151006,전한길이 백악관 초청받았다고 함 ㅋㅋ,id:blue123,2026-02-12 14:40:35,3,3,1,2026-02-12 14:40:51,2026-02-12 14:58:49,0.26666666666666666,11.216666666666667,0.3333333333333333
18151190,뉴 이재명은 또 뭐냐 ㅋㅋㅋㅋ,id:rukk7812,2026-02-12 17:25:37,3,3,1,2026-02-12 17:27:47,2026-02-12 17:38:32,2.1666666666666665,8.166666666666666,0.3333333333333333
18151362,레이건은 제조업보다 낙수효과로 조져버린게 크다고 봄,id:impactx84,2026-02-12 21:37:34,3,3,1,2026-02-12 21:40:29,2026-02-12 21:49:44,2.9166666666666665,5.433333333333334,0.3333333333333333
18151668,(주식)넉달만에 탈출했습니다ㅠㅠ,id:mymoretz1,2026-02-13 10:22:56,3,3,1,2026-02-13 10:24:05,2026-02-13 10:30:10,1.15,6.216666666666667,0.3333333333333333
18151807,한동훈 법무부장관땐 평가 어땠나요,id:jordineducas,2026-02-13 12:50:45,3,3,1,2026-02-13 12:51:53,2026-02-13 13:02:54,1.1333333333333333,6.683333333333334,0.3333333333333333
18152579,뉴이재명 집단 자체가 온갖 인터넷 망령 세력들 집합임,id:juventus82,2026-02-14 14:27:37,3,3,1,2026-02-14 14:30:38,2026-02-14 14:55:26,3.0166666666666666,18.533333333333335,0.3333333333333333
18153123,2찍들은 왜 민주당 정부를 중국의 속국이라 할까요?,id:soccerlineid,2026-02-15 15:22:19,3,3,1,2026-02-15 15:25:46,2026-02-15 15:37:39,3.45,6.416666666666667,0.3333333333333333
18153849,황현필은 정말 실망이네요.,id:HONG43,2026-02-16 19:35:58,3,3,1,2026-02-16 19:36:57,2026-02-16 19:57:39,0.9833333333333333,5.166666666666667,0.3333333333333333
18154108,아니 근데 입싼지 잇싼지,id:mcraky,2026-02-16 22:56:52,3,3,1,2026-02-16 22:57:39,2026-02-16 23:15:21,0.7833333333333333,11.583333333333334,0.3333333333333333
18154135,결국 하고싶은말이 이거같은데 박근혜탄핵때 민주당대선후보로 이재명을 만들었어야했다,id:modern21,2026-02-17 00:07:34,3,3,1,2026-02-17 00:10:28,2026-02-17 01:22:45,2.9,11.916666666666666,0.3333333333333333
18154168,당장 설연휴 끝나면 윤가놈 사형선고봐야하는데 여기서 또 어긋나면,id:modern21,2026-02-17 01:32:21,3,3,1,2026-02-17 01:35:21,2026-02-17 08:03:35,3.0,8.233333333333333,0.3333333333333333
18154402,인터넷으로만 보던 한동훈팬클럽과 윤어게인 싸움 직관중,id:jj1211,2026-02-17 13:06:11,3,3,1,2026-02-17 13:06:42,2026-02-17 13:33:17,0.5166666666666667,18.666666666666668,0.3333333333333333
18154738,나는 솔직히 지지철회 일보직전인데요,id:jeffkent,2026-02-17 19:21:28,3,3,1,2026-02-17 19:25:32,2026-02-17 21:11:06,4.066666666666666,23.25,0.3333333333333333
18154757,문재인은 대통령일때 검찰도 당도 크게 컨트롤 안하던 사람임,id:impactx84,2026-02-17 19:31:29,3,3,1,2026-02-17 19:32:19,2026-02-17 20:15:12,0.8333333333333334,21.816666666666666,0.3333333333333333
18154959,시사온) 영남 주민들의 지방선거 판세 예측 인터뷰,id:6830,2026-02-17 22:51:44,3,3,1,2026-02-17 22:52:22,2026-02-17 23:37:38,0.6333333333333333,6.633333333333334,0.3333333333333333
18154961,언론과 기득권 적폐들이 이재명 빼고 모두 죽이는데 성공하긴 했네요..,id:big4587,2026-02-17 22:53:00,3,3,1,2026-02-17 22:55:22,2026-02-17 23:06:04,2.3666666666666667,5.866666666666666,0.3333333333333333
18155016,이재명 정부의 부동산 정책은 먹힌적이 없습니다,id:Mkisduchang,2026-02-18 00:31:02,3,3,1,2026-02-18 00:34:29,2026-02-18 01:16:26,3.45,43.65,0.3333333333333333
18155043,김수현 정책실장이 쓴 '부동산과 정치'라는 책 보면 부동산 정책 실패했다고 인정을 합니다.,id:jeep126,2026-02-18 04:17:50,3,3,1,2026-02-18 04:21:37,2026-02-18 05:25:56,3.783333333333333,21.333333333333332,0.3333333333333333
18156407,"[속보] 지귀연 ""윤석열, 전과 없고 65세로 고령, 치밀하게 계획 세운 걸로 안보여""",id:Yeste,2026-02-19 16:11:59,3,3,1,2026-02-19 16:13:21,2026-02-19 16:32:03,1.3666666666666667,5.133333333333334,0.3333333333333333
18158027,이재명 정부의 피파광은 다르다,id:hyeok497,2026-02-21 18:38:57,3,3,1,2026-02-21 18:43:13,2026-02-21 18:48:58,4.266666666666667,5.266666666666667,0.3333333333333333
18158629,그래도 민주당 코어 지지층은 자기들이 알아서 정보 선별해서 찾아다니네요,id:say1673,2026-02-22 18:53:12,3,3,1,2026-02-22 18:54:08,2026-02-22 19:12:28,0.9333333333333333,7.683333333333334,0.3333333333333333
18160294,요즘 민주당 의원중 몇몇이 중도보수 타령하는데,id:impactx84,2026-02-24 10:42:32,3,3,1,2026-02-24 10:43:48,2026-02-24 11:01:10,1.2666666666666666,9.766666666666667,0.3333333333333333
18160330,월드컵 중계는 지상파도 하려나요,id:blue123,2026-02-24 11:20:13,3,3,1,2026-02-24 11:24:25,2026-02-24 11:48:04,4.2,7.433333333333334,0.3333333333333333
18160602,근데 명민준? 이놈은 웰케 빨아재낌??,id:kokomong,2026-02-24 16:39:33,3,3,1,2026-02-24 16:42:37,2026-02-24 19:02:44,3.066666666666667,17.2,0.3333333333333333
18160611,쉴드 X) 윤석열 유일하게 인정하는거.,id:yhtuos,2026-02-24 16:51:06,3,3,1,2026-02-24 16:53:57,2026-02-24 17:08:07,2.85,5.75,0.3333333333333333
18160914,연임 불가능 하다는데..,id:cytokine1234,2026-02-24 22:49:30,3,3,1,2026-02-24 22:53:05,2026-02-24 23:09:20,3.5833333333333335,11.033333333333333,0.3333333333333333
18161403,공취모 민주당 공식기구 되었네여,id:impactx84,2026-02-25 13:41:55,3,3,1,2026-02-25 13:44:03,2026-02-25 14:06:24,2.1333333333333333,20.833333333333332,0.3333333333333333
18162189,경향이 주력으로 밀고 있는 유튜브 채널 수준 ㅋ,id:horizon,2026-02-26 11:55:27,3,3,1,2026-02-26 11:57:31,2026-02-26 12:19:32,2.066666666666667,5.9,0.3333333333333333
18162966,pic) 이재명 64 / 민주 43 국힘 22 / 12.3 내란이다 64 vs 아니다 24,id:fantak,2026-02-27 10:08:26,3,3,1,2026-02-27 10:10:23,2026-02-27 10:20:24,1.95,5.083333333333333,0.3333333333333333
18163350,이재명 대통령 현대차 새만금 투자유치 잘하셨네요,id:say1673,2026-02-27 17:22:42,3,3,1,2026-02-27 17:26:31,2026-02-27 17:32:13,3.816666666666667,6.316666666666666,0.3333333333333333
18166010,송영길은 이재명 당선은 정권교체나 다름없다고 한 적도 있음 ㅋㅋ,id:bundes1,2026-03-02 11:55:07,3,3,1,2026-03-02 11:56:39,2026-03-02 12:32:02,1.5333333333333334,5.083333333333333,0.3333333333333333
18166709,다모앙 태도 보면 개혁 힘들어요,id:hodoeel,2026-03-02 20:10:09,3,3,1,2026-03-02 20:11:29,2026-03-02 21:08:51,1.3333333333333333,34.833333333333336,0.3333333333333333
18166933,과거 이재명이 쓴 지금 다시 보면 기가 차는 sns,id:solution78,2026-03-02 23:21:05,3,3,1,2026-03-02 23:24:34,2026-03-02 23:29:22,3.4833333333333334,7.183333333333334,0.3333333333333333
18167910,문재인이랑 대통령 경합할때 감정이 진짜 상했나.,id:HONG43,2026-03-03 22:17:35,3,3,1,2026-03-03 22:18:05,2026-03-03 22:39:09,0.5,8.266666666666667,0.3333333333333333
18169668,"[단독] '이태원 참사 책임론' 박희영 용산구청장, 국민의힘 복당 신청",id:snap23,2026-03-05 12:31:16,3,3,1,2026-03-05 12:31:31,2026-03-05 12:47:33,0.25,11.55,0.3333333333333333
18170025,(딴지펌) 김민석 총리 확정 공소법의 문제 by 정치쉽당 분석,id:zero080,2026-03-05 16:30:50,3,3,1,2026-03-05 16:35:32,2026-03-05 16:40:45,4.7,6.0,0.3333333333333333
18170329,뭐만 하면 정부 옹호하는 기사 가져오고 글 쓰던 사람 어디갔어요? 사과문 안써요?,id:boba1983,2026-03-05 19:39:15,3,3,1,2026-03-05 19:40:18,2026-03-05 20:01:35,1.05,15.783333333333333,0.3333333333333333
18170833,"pic)???: 윤석열, 최고로 잘한 인사",id:bundes1,2026-03-05 23:42:33,3,3,1,2026-03-05 23:43:31,2026-03-05 23:49:34,0.9666666666666667,5.516666666666667,0.3333333333333333
18170886,대통령 행보가 맘에안드는게 지선을 목줄로 잡고 있는거임,id:Zeit0809,2026-03-06 00:48:01,3,3,1,2026-03-06 00:49:07,2026-03-06 08:22:06,1.1,18.85,0.3333333333333333
18171686,의대문제는 치적이 될수 있는데 왜 직접 안 하나 했더니,id:dlawls,2026-03-06 19:52:12,3,3,1,2026-03-06 19:53:23,2026-03-06 20:13:51,1.1833333333333333,13.983333333333333,0.3333333333333333
18171738,"1월기사) 진종오 “김경, 김민석에 구청장 공천 약속받아”… 金총리 “사실무근”",id:naco16,2026-03-06 20:46:46,3,3,1,2026-03-06 20:49:08,2026-03-06 20:53:50,2.3666666666666667,6.733333333333333,0.3333333333333333
18171996,검찰 파이 저렇게 키워서 뭐 할지가 벌써 걱정임,id:qhdtlsdl,2026-03-07 08:26:30,3,3,1,2026-03-07 08:28:35,2026-03-07 08:56:57,2.0833333333333335,27.416666666666668,0.3333333333333333
18172111,예전 혜경궁 이재명 트윗 중에 궁금한거 하나,id:hypeboy,2026-03-07 11:19:26,3,3,1,2026-03-07 11:22:00,2026-03-07 16:00:20,2.566666666666667,5.5,0.3333333333333333
18172220,Pic) 유시민이 증언한 “노무현이 평가한 문재인”,id:hyeok497,2026-03-07 13:10:07,3,3,1,2026-03-07 13:11:59,2026-03-07 13:45:22,1.8666666666666667,10.933333333333334,0.3333333333333333
18172665,전 그 DJ가 어린아이 처럼 오열하는 장면 보고 정말,id:lfcthismeans,2026-03-07 20:10:35,3,3,1,2026-03-07 20:12:55,2026-03-07 20:16:27,2.3333333333333335,5.55,0.3333333333333333
18173026,박구용이 김대중대통령 우는 거 보고 비판적 지지 안한다고 했는데,id:malwool,2026-03-07 23:22:42,3,3,1,2026-03-07 23:26:31,2026-03-07 23:33:01,3.816666666666667,9.05,0.3333333333333333
18173093,지금 반이재명 진보커뮤는 싸줄밖에 없나요?,id:whksrns,2026-03-07 23:57:23,3,3,1,2026-03-08 00:01:03,2026-03-08 00:45:50,3.6666666666666665,7.633333333333334,0.3333333333333333
18173127,친민주 커뮤 이재명 sns 해독 한다고 난리났네요,id:solution78,2026-03-08 00:24:03,3,3,1,2026-03-08 00:25:12,2026-03-08 00:35:31,1.15,6.533333333333333,0.3333333333333333
18173161,이재명 정부의 검찰은 다르다는 구호부터 개븀신같음,id:gerrard88,2026-03-08 01:03:52,3,3,1,2026-03-08 01:05:54,2026-03-08 01:24:04,2.033333333333333,7.633333333333334,0.3333333333333333
18173207,개 조ㅅ 같은게 민주당 빨로 대통령 됐는데,id:Zeit0809,2026-03-08 02:17:06,3,3,1,2026-03-08 02:19:23,2026-03-08 08:40:27,2.283333333333333,19.683333333333334,0.3333333333333333
18173671,pic) 싸줄이 문제인건 말과 행동이 따로 노는거 아님요?,id:gum0510,2026-03-08 15:38:21,3,3,1,2026-03-08 15:39:19,2026-03-08 16:30:39,0.9666666666666667,5.933333333333334,0.3333333333333333
18174188,윤석열 이재명은 어떻게 당을 장악할 수 있었을까요?,id:6830,2026-03-08 23:40:05,3,3,1,2026-03-08 23:41:52,2026-03-08 23:57:07,1.7833333333333334,8.766666666666667,0.3333333333333333
18174392,정청래도 끝났습니다. 현실 직시하세요.,id:hohohal1717,2026-03-09 08:47:50,3,3,1,2026-03-09 08:52:23,2026-03-09 09:07:04,4.55,7.066666666666666,0.3333333333333333
18174651,조국 대표 워딩 좋네요,id:typoonj2,2026-03-09 11:27:28,3,3,1,2026-03-09 11:29:47,2026-03-09 12:16:29,2.316666666666667,21.633333333333333,0.3333333333333333
18175011,신뢰가 박살나버린게 정말 슬프네요,id:kim2pac,2026-03-09 17:06:32,3,3,1,2026-03-09 17:10:50,2026-03-09 17:14:48,4.3,5.05,0.3333333333333333
18175545,이 정부 행보 보면 그저 그말싫..,id:qhdtlsdl,2026-03-10 08:10:06,3,3,1,2026-03-10 08:11:05,2026-03-10 08:31:06,0.9833333333333333,6.983333333333333,0.3333333333333333
18176373,Pic) 문재인 인권변호사 시절,id:hyeok497,2026-03-10 18:57:54,3,3,1,2026-03-10 18:58:51,2026-03-10 19:10:11,0.95,7.433333333333334,0.3333333333333333
18177175,상황이 이 지경인데도 흐린눈 하는 인간들은 저의를 의심해야 합니다.,id:BlackEyes23,2026-03-11 11:37:33,3,3,1,2026-03-11 11:39:42,2026-03-11 12:31:44,2.15,6.316666666666666,0.3333333333333333
18177792,임은정이 실세 아닐텐데 ㅋㅋㅋ,id:solution78,2026-03-11 20:19:47,3,3,1,2026-03-11 20:24:02,2026-03-11 21:08:17,4.25,39.05,0.3333333333333333
18178070,이재명은 민주당 당원들 안믿을걸요?,id:Zeit0809,2026-03-12 00:23:29,3,3,1,2026-03-12 00:24:25,2026-03-12 00:38:21,0.9333333333333333,6.583333333333333,0.3333333333333333
18178285,장인수 기자 근데 예전에도 김건희 건인가?,id:soparkbj,2026-03-12 08:29:29,3,3,1,2026-03-12 08:31:22,2026-03-12 10:07:54,1.8833333333333333,13.15,0.3333333333333333
18178633,쟤네는 김어준 유시민 잡으면 민주당 잡을 수 있다보나??,id:kokomong,2026-03-12 14:58:15,3,3,1,2026-03-12 14:59:22,2026-03-12 15:05:30,1.1166666666666667,5.866666666666666,0.3333333333333333
18179513,털보한테 하는 꼬라지보니 낙쥐두창 대단하네요,id:sdh90,2026-03-13 12:07:11,3,3,1,2026-03-13 12:12:01,2026-03-13 12:14:35,4.833333333333333,5.183333333333334,0.3333333333333333
18179618,유시민 작가님 등판이 꼭 필요 할 시점 같은데..,id:jeffkent,2026-03-13 13:32:06,3,3,1,2026-03-13 13:36:19,2026-03-13 14:04:46,4.216666666666667,8.466666666666667,0.3333333333333333
18179858,이재명은 철저히 친기업형태로 가는게 맞다고 보네요,id:tjfghksss,2026-03-13 17:04:53,3,3,1,2026-03-13 17:07:59,2026-03-13 17:43:05,3.1,22.583333333333332,0.3333333333333333
18180014,이재명이가 문 대통령을 노린다면,id:boba1983,2026-03-13 19:16:01,3,3,1,2026-03-13 19:20:53,2026-03-13 19:42:56,4.866666666666666,5.166666666666667,0.3333333333333333
18180042,싸줄러들에게 추천하는 정치유투브,id:lh1440,2026-03-13 19:44:53,3,3,1,2026-03-13 19:45:58,2026-03-13 20:03:54,1.0833333333333333,11.9,0.3333333333333333
18180198,이 정권 시작 후 제일 슬픈 일이 이언주 문통 모독에 대해 의원들 암말없는거...,id:stynerkn,2026-03-13 22:05:01,3,3,1,2026-03-13 22:05:34,2026-03-13 22:16:49,0.55,6.783333333333333,0.3333333333333333
18180413,다음 총선 앞두고 본인 따까리들 데리고,id:hulk,2026-03-14 09:05:07,3,3,1,2026-03-14 09:07:00,2026-03-14 09:25:28,1.8833333333333333,5.433333333333334,0.3333333333333333
18180472,분명 겸공 장인수 기자편 방송을 봤을텐데도,id:edh2och,2026-03-14 10:09:02,3,3,1,2026-03-14 10:11:56,2026-03-14 10:15:37,2.9,6.433333333333334,0.3333333333333333
18181582,조국혁신당도 세력이 커질려면 어쨌든 당원이 많이 있어야 되는거 아닌가요?,id:BlackEyes23,2026-03-15 13:22:13,3,3,1,2026-03-15 13:24:12,2026-03-15 13:44:57,1.9833333333333334,7.1,0.3333333333333333
18182503,초선의원 청와대 만찬에서의 대통령 발언이 당무개입인지에 대하여,id:bluepillz,2026-03-15 23:34:02,3,3,1,2026-03-15 23:36:22,2026-03-15 23:44:09,2.3333333333333335,6.816666666666666,0.3333333333333333
18182530,뽐뿌는 흐린눈 뜨는 사람 많아지니 2찍몰이 하는 인간들도 더 늘어남,id:sc1984,2026-03-15 23:43:56,3,3,1,2026-03-15 23:44:50,2026-03-15 23:59:56,0.9,5.783333333333333,0.3333333333333333
18182706,"검찰 강화 후 이재명 악개, 2찍, 검찰의 이해가 일치하는 일이 있다는 게 문제임",id:summernight,2026-03-16 01:20:36,3,3,1,2026-03-16 01:22:12,2026-03-16 07:15:45,1.6,6.183333333333334,0.3333333333333333
18182974,이제 당분간 투표는 민주당 말고 조국혁신당에 하는거 어떨까요?,id:Dkapqkzjfcu,2026-03-16 09:41:07,3,3,1,2026-03-16 09:45:37,2026-03-16 10:01:51,4.5,5.783333333333333,0.3333333333333333
18184027,검찰개혁 법사위 판정승만 되어도 이재명 리더십은 끝,id:rhcp11,2026-03-17 08:16:59,3,3,1,2026-03-17 08:18:35,2026-03-17 08:28:26,1.6,5.883333333333334,0.3333333333333333
18184623,지금 법안들 보니 시행령 함정이 좀 있네요. 보완수사권 없애는 게 진짜 중요해짐.,id:ninety5mph,2026-03-17 15:41:12,3,3,1,2026-03-17 15:45:35,2026-03-17 15:47:22,4.383333333333334,5.933333333333334,0.3333333333333333
18184755,언주 출당 시킬 방법없나..하,id:tjfghksss,2026-03-17 17:39:50,3,3,1,2026-03-17 17:43:16,2026-03-17 17:46:07,3.433333333333333,5.6,0.3333333333333333
18187324,개인이 숭배의 대상이 되는 게 얼마니 무서운가..,id:cytokine1234,2026-03-19 11:36:16,3,3,1,2026-03-19 11:39:15,2026-03-19 11:50:38,2.9833333333333334,7.0,0.3333333333333333
18188222,김어준 발언이라면 단어 하나 하나에 집착하던 언론,id:bulbol,2026-03-20 07:06:23,3,3,1,2026-03-20 07:11:06,2026-03-20 07:15:47,4.716666666666667,6.466666666666667,0.3333333333333333
18188242,섹백이가 하는 말을 보세요.,id:lfcthismeans,2026-03-20 07:38:03,3,3,1,2026-03-20 07:41:33,2026-03-20 07:55:02,3.5,6.483333333333333,0.3333333333333333
18189000,이언주 정성호가 픽한거 아닐수도 있음,id:luna7742,2026-03-20 17:09:58,3,3,1,2026-03-20 17:13:25,2026-03-20 17:19:13,3.45,6.866666666666666,0.3333333333333333
18189353,추미애가 말하는 국회의장 하려던 이유,id:rukk7812,2026-03-20 23:14:14,3,3,1,2026-03-20 23:14:45,2026-03-20 23:45:45,0.5166666666666667,7.2,0.3333333333333333
18189452,함박돈까스 머시기는 완전 정신병자군요 ㄷㄷ,id:hypeboy,2026-03-21 01:45:10,3,3,1,2026-03-21 01:49:19,2026-03-21 02:16:08,4.15,7.75,0.3333333333333333
18189549,새벽에 정원오 김어준이 사과해야된다했던 사진 봤는데,id:everton87,2026-03-21 08:49:28,3,3,1,2026-03-21 08:52:00,2026-03-21 09:11:27,2.533333333333333,21.1,0.3333333333333333
18189602,뉴재명들은 이재명을 위한다면 b튜버들 입 다물게 시켜야할듯,id:YoLaTengo,2026-03-21 09:46:19,3,3,1,2026-03-21 09:47:59,2026-03-21 10:29:58,1.6666666666666667,6.25,0.3333333333333333
18190678,pic)이제 검찰개혁 입구에만 들어왔을뿐,id:bulbol,2026-03-22 10:55:34,3,3,1,2026-03-22 10:57:30,2026-03-22 11:08:28,1.9333333333333333,5.516666666666667,0.3333333333333333
18191853,정원오 서울시장 되면 대선뽕 들이마실걸요,id:luna7742,2026-03-23 16:45:46,3,3,1,2026-03-23 16:47:02,2026-03-23 17:01:00,1.2666666666666666,6.866666666666666,0.3333333333333333
18192409,"[단독]‘불법 촬영·성희롱 논란’ 자유대학 대표, 정통망법 위반 혐의 고발당해",id:ehdtks9286,2026-03-24 11:38:03,3,3,1,2026-03-24 11:40:04,2026-03-24 12:58:56,2.0166666666666666,38.8,0.3333333333333333
18192671,"뭐야 노통, 문통 욕 오지게 하면 한자리 챙겨 주는거야???",id:Volvo,2026-03-24 17:37:49,3,3,1,2026-03-24 17:41:08,2026-03-24 21:15:23,3.316666666666667,15.133333333333333,0.3333333333333333
18192720,함돈균에 대해서 검색하다가 클리앙 한 글을 봤는데 위험한 사람이네요,id:tjfghksss,2026-03-24 18:21:59,3,3,1,2026-03-24 18:24:06,2026-03-24 18:45:28,2.1166666666666667,9.383333333333333,0.3333333333333333
18193161,안미현 검사 말하는거 법쪽 2찍들이 전반적으로 하는 소린데 자기들 없으면 나라가 난리날거다,id:impactx84,2026-03-25 10:53:28,3,3,1,2026-03-25 10:55:00,2026-03-25 11:05:22,1.5333333333333334,6.25,0.3333333333333333
18193857,pic)???: 뉴이재명이 언제 노통 문통 욕했음???,id:bundes1,2026-03-25 23:51:22,3,3,1,2026-03-25 23:51:56,2026-03-26 00:13:25,0.5666666666666667,8.416666666666666,0.3333333333333333
18194128,오늘도 유시민만 때리는데 유시민 담론의 진짜 의미는,id:luminai,2026-03-26 11:45:16,3,2,1,2026-03-26 11:48:13,2026-03-26 11:57:55,2.95,8.883333333333333,0.3333333333333333
18194465,안철수는 1번의 선택으로 운명이 바뀜,id:nikkohadal,2026-03-26 19:11:21,3,3,1,2026-03-26 19:13:17,2026-03-26 19:47:58,1.9333333333333333,6.933333333333334,0.3333333333333333
18194477,<작년 기사> 한화에어로 미국 계열사 통해 한화솔루션에 9천억 투입,id:hypeboy,2026-03-26 19:31:07,3,3,1,2026-03-26 19:32:37,2026-03-26 19:41:53,1.5,8.766666666666667,0.3333333333333333
18194948,제 또래 혹은 그 이하 세대를 보며 드는 생각이 10~20년후엔,id:childpicture,2026-03-27 11:13:59,3,3,1,2026-03-27 11:16:21,2026-03-27 11:51:34,2.3666666666666667,25.25,0.3333333333333333
18194970,"검찰개혁 관련해서 김어준, 유시민이 이재명 지적하고 나섰으면 ㄷㄷㄷ;;...",id:Tenhag,2026-03-27 11:36:41,3,3,1,2026-03-27 11:38:17,2026-03-27 12:27:35,1.6,9.183333333333334,0.3333333333333333
18195806,오늘도 충격적이었던 초6 남아와의 대화(정치 관련),id:byh3718,2026-03-28 14:32:58,3,3,1,2026-03-28 14:35:15,2026-03-28 15:09:30,2.283333333333333,29.066666666666666,0.3333333333333333
18198221,이재명 대통령이 제주도 타운홀미팅 가서 한말가지고,id:impactx84,2026-03-30 18:33:22,3,3,1,2026-03-30 18:37:58,2026-03-30 19:11:22,4.6,37.45,0.3333333333333333
18202888,"[속보] 더불어민주당, 충북지사 후보에 신용한 확정",id:snap23,2026-04-04 18:37:22,3,3,1,2026-04-04 18:41:47,2026-04-04 19:42:32,4.416666666666667,20.133333333333333,0.3333333333333333
18204922,정원오든 박주민이든 둘다 민주당이니까 너무 끝까지 가지만 않으면 됨..,id:impactx84,2026-04-07 13:50:16,3,3,1,2026-04-07 13:51:26,2026-04-07 15:20:30,1.1666666666666667,7.95,0.3333333333333333
18205147,6시 20분에 '민주당 경기 본경선' 개표 결과 발표 하나 봄,id:bvbreus11,2026-04-07 18:07:14,3,3,1,2026-04-07 18:08:10,2026-04-07 18:21:54,0.9333333333333333,9.233333333333333,0.3333333333333333
18205314,뉴재명은 그냥 민주당이 아니네요. 결과가 결정나면 당연히 한팀으로,id:Necovv,2026-04-07 20:40:56,3,3,1,2026-04-07 20:44:30,2026-04-07 20:58:12,3.566666666666667,5.55,0.3333333333333333
18206566,"‘사퇴 회유설’ 이어 ‘부동산 특혜 고발’까지…국민의힘 울산, 지선 앞두고 내홍",id:bulbol,2026-04-09 10:27:23,3,3,1,2026-04-09 10:29:58,2026-04-09 10:38:00,2.5833333333333335,10.05,0.3333333333333333
18207866,이재명은 SPC조지는것도 못하네요,id:FeelingGood,2026-04-11 07:59:10,3,3,1,2026-04-11 08:00:43,2026-04-11 08:11:24,1.55,5.733333333333333,0.3333333333333333
18208123,대통령도 독서량 보고 뽑았으면 싶기도...;,id:bald80,2026-04-11 13:00:29,3,3,1,2026-04-11 13:02:55,2026-04-11 13:07:35,2.433333333333333,5.8,0.3333333333333333
18208216,이재명 트위터 가보니까 진짜 중독자네요,id:hypeboy,2026-04-11 14:31:14,3,3,1,2026-04-11 14:31:38,2026-04-11 14:46:55,0.4,6.9,0.3333333333333333
18208483,근데 이재명은 무슨 sns를 새벽2시에 올리고 그러나요??,id:BlackEyes23,2026-04-11 17:29:10,3,3,1,2026-04-11 17:30:03,2026-04-11 17:44:48,0.8833333333333333,6.533333333333333,0.3333333333333333
18210448,jpg) 정청래 101억 낭비 가짜뉴스의 실상,id:bugfix,2026-04-13 19:59:37,3,3,1,2026-04-13 20:01:28,2026-04-13 20:27:28,1.85,7.6,0.3333333333333333
18210766,pic) 이재명 본인이 뭐 겁나 잘하는줄 아나;;;,id:kokomong,2026-04-14 09:41:24,3,3,1,2026-04-14 09:43:04,2026-04-14 09:52:24,1.6666666666666667,8.7,0.3333333333333333
18211441,"""대통령도 전과 있는데 안 찍었느냐""…천영미 안산시장 예비후보, 발언 논란에 '긴급 사과'",id:osodos,2026-04-14 23:06:10,3,3,1,2026-04-14 23:07:09,2026-04-14 23:18:21,0.9833333333333333,5.3,0.3333333333333333
18218787,코스피 6500을 맞이하여 다시보는 이준석 어록,id:sanapati,2026-04-23 09:29:10,3,3,1,2026-04-23 09:32:29,2026-04-23 09:55:23,3.316666666666667,6.533333333333333,0.3333333333333333
18221190,싸줄 모르고살았음 정치로 스트레스 안받고살았을거같은데,id:dadoocom,2026-04-26 10:27:24,3,3,1,2026-04-26 10:31:10,2026-04-26 10:36:25,3.7666666666666666,6.6,0.3333333333333333
18223090,대선 전에는 재명이형 제발 해줘!! 이 생각이었는데 ㅋㅋㅋㅋㅋㅋ,id:dhxor612,2026-04-28 18:08:34,3,3,1,2026-04-28 18:09:32,2026-04-28 18:29:36,0.9666666666666667,7.816666666666666,0.3333333333333333
18225095,이재명 이놈 선 많이 넘네 삼전도 귀족노조 프레임 만드는데 대통령이 앞장서네,id:Volvo,2026-05-01 12:21:31,3,3,1,2026-05-01 12:25:10,2026-05-01 12:27:43,3.65,5.5,0.3333333333333333
18226248,윤석열 한테 대선진건 그냥 이재명 이라서 진겁니다,id:whddlqlgodrl,2026-05-02 22:15:20,3,3,1,2026-05-02 22:20:13,2026-05-02 22:48:59,4.883333333333334,8.7,0.3333333333333333
18227708,현직 제주 사는데 제주도 민주당 공천과정 잡음이 끊이질 않네요 ㅋㅋ,id:deportivo7,2026-05-04 13:42:30,3,3,1,2026-05-04 13:43:47,2026-05-04 14:02:23,1.2833333333333334,18.25,0.3333333333333333
18227989,조국이 레드팀만 하겠다는 말이 아님.,id:bulbol,2026-05-04 19:49:50,3,3,1,2026-05-04 19:52:11,2026-05-04 20:05:15,2.35,10.066666666666666,0.3333333333333333
18228898,이번 공천 과연 정청래가 문제일까요?,id:messiya2022,2026-05-05 20:35:48,3,3,1,2026-05-05 20:37:08,2026-05-05 21:47:23,1.3333333333333333,10.016666666666667,0.3333333333333333
18101502,“80% 합의 완료”…국민의힘·개혁신당 ‘통일교 특검’ 공조 드라이브,id:naco16,2025-12-17 18:57:56,4,4,1,2025-12-17 18:59:09,2025-12-17 19:15:30,1.2166666666666666,7.883333333333334,0.25
18102041,"조국혁신당 ""대법원, 전담재판부 설치예규 환영…내란전담재판부법 발의 필요성 낮아져""",id:naco16,2025-12-18 16:21:40,4,4,1,2025-12-18 16:26:16,2025-12-18 17:46:55,4.6,10.3,0.25
18107053,급진우파 배출 기사 보고 세계 선거/여론조사 경향 요약같지 않은 요약,id:pearson19,2025-12-25 14:10:44,4,4,1,2025-12-25 14:12:45,2025-12-25 14:31:55,2.0166666666666666,9.816666666666666,0.25
18111369,이재명 왜케 독선적입니까,id:LJM1389,2025-12-30 11:38:00,4,4,1,2025-12-30 11:39:07,2025-12-30 11:45:40,1.1166666666666667,6.9,0.25
18111826,대통령이라는 자리가 양면성이 있긴하죠,id:modern21,2025-12-30 17:44:55,4,4,1,2025-12-30 17:49:26,2025-12-30 17:56:37,4.516666666666667,7.9,0.25
18113513,"다급한 오세훈 “국힘, 벼랑 끝…지방선거 이기려면 범보수 통합해야”",id:bulbol,2026-01-01 13:06:34,4,4,1,2026-01-01 13:08:42,2026-01-01 13:49:51,2.1333333333333333,9.458333333333332,0.25
18116710,"친명' 유동철, 與최고위원 후보 사퇴...친명 2인 vs 친청 2인 경쟁",id:naco16,2026-01-05 18:27:25,4,4,1,2026-01-05 18:31:05,2026-01-05 19:56:50,3.6666666666666665,10.616666666666667,0.25
18117812,"정부, '한은 마통' 5조 쓰고도 국방비 미지급…""곳간 관리 허점""",id:htht709,2026-01-07 07:19:42,4,4,1,2026-01-07 07:21:24,2026-01-07 22:10:52,1.7,23.241666666666667,0.25
18119941,더민주혁신회의 논평,id:bulbol,2026-01-09 17:22:12,4,4,1,2026-01-09 17:25:46,2026-01-09 20:09:02,3.566666666666667,44.333333333333336,0.25
18120593,"검찰개혁 추진 자문위 집중 논의…""검찰 보완수사권 필요"" 우세",id:solution78,2026-01-10 16:22:58,4,4,1,2026-01-10 16:25:12,2026-01-10 16:53:54,2.2333333333333334,19.95,0.25
18121131,용인 반도체 산단 전력수급과 에너지 고속도로,id:flypcs20,2026-01-11 11:35:06,4,4,1,2026-01-11 11:37:40,2026-01-11 11:55:52,2.566666666666667,11.616666666666667,0.25
18123117,이재명이 평소 소통 및 오픈 그렇게 강조하고,id:khy80,2026-01-13 10:10:19,4,4,1,2026-01-13 10:10:46,2026-01-13 10:17:09,0.45,6.4,0.25
18124754,"pic) 최강욱 ""봉욱의 검찰 이원화 계략. 문재인정부에서도 써먹던 방법 """,id:fantak,2026-01-14 17:20:47,4,4,1,2026-01-14 17:23:17,2026-01-14 17:42:31,2.5,8.633333333333333,0.25
18128066,이재명식 인사의 심각한 문제는 본인 옆에 유동규가 있었다는 것,id:juventus82,2026-01-18 15:19:19,4,4,1,2026-01-18 15:23:30,2026-01-18 16:48:40,4.183333333333334,39.99166666666666,0.25
18130985,"이재명 ""검찰 개혁, 검찰 권력을 뺏는 게 목표 아냐""",id:zero080,2026-01-21 17:54:31,4,4,1,2026-01-21 17:55:21,2026-01-22 01:48:07,0.8333333333333334,19.625,0.25
18132391,정청래 조국 두 사람이 희망이고 미래에요,id:hodoeel,2026-01-23 10:36:59,4,4,1,2026-01-23 10:41:48,2026-01-23 11:05:08,4.816666666666666,12.591666666666667,0.25
18133399,"“여당도 민주당, 야당도 민주당”… 최약체 야당에 ‘1.5당 체제’ 되나",id:grit,2026-01-24 15:02:19,4,4,1,2026-01-24 15:06:54,2026-01-24 15:18:44,4.583333333333333,7.391666666666667,0.25
18134325,황희두 이사의 이해찬 대표 추모 sns,id:grit,2026-01-25 20:49:10,4,4,1,2026-01-25 20:50:25,2026-01-25 22:04:59,1.25,40.15,0.25
18137033,4년 중임제로 바꿨으면 해요,id:renanlodi12,2026-01-28 17:07:43,4,4,1,2026-01-28 17:08:51,2026-01-28 17:32:28,1.1333333333333333,12.791666666666668,0.25
18137166,pic) 곱버스는 정말 대선 후 거래량이 확 뛰네요,id:hypeboy,2026-01-28 19:31:45,4,4,1,2026-01-28 19:32:46,2026-01-28 19:55:43,1.0166666666666666,17.283333333333335,0.25
18140085,이언주: 토지공개념은 30년전에나 논의할수 있던 말이다,id:bulbol,2026-02-01 17:07:05,4,4,1,2026-02-01 17:07:45,2026-02-01 17:26:41,0.6666666666666666,11.058333333333334,0.25
18141162,이게 이재명 대통령 지지하는 사람들이 착각하는게,id:radioshot1,2026-02-02 20:22:26,4,4,1,2026-02-02 20:24:34,2026-02-02 21:58:15,2.1333333333333333,17.175,0.25
18141402,이재명 지지 철회한거 쉽게 생각한거 아닙니다,id:ManU01,2026-02-02 23:58:24,4,3,1,2026-02-03 00:02:04,2026-02-03 00:57:34,3.6666666666666665,12.091666666666667,0.25
18142951,부동산은 그냥 전세대출 금지하고 보유세 매기면 그냥 잡습니다,id:Ragecom,2026-02-04 20:19:40,4,4,1,2026-02-04 20:23:00,2026-02-04 20:39:38,3.3333333333333335,8.433333333333334,0.25
18145794,정치 저관여층인데 돌아가는 모습이 영 별로네요.,id:zkdltmffks,2026-02-08 12:56:07,4,4,1,2026-02-08 12:59:27,2026-02-08 13:19:00,3.3333333333333335,6.25,0.25
18145965,이재명 한테 슬슬 김영삼 냄새가 납니다,id:novacane,2026-02-08 15:27:38,4,4,1,2026-02-08 15:28:32,2026-02-08 15:45:29,0.9,7.808333333333334,0.25
18146118,자꾸 대통령을 분리해서 보라고 하는데,id:todfndl12,2026-02-08 18:19:42,4,4,1,2026-02-08 18:20:14,2026-02-08 19:06:08,0.5333333333333333,5.533333333333333,0.25
18146122,이재명이 민주당 사당화하기로 작정을 한듯,id:bookae1,2026-02-08 18:23:40,4,4,1,2026-02-08 18:26:00,2026-02-08 19:02:35,2.3333333333333335,8.75,0.25
18146205,손가혁 패악질 중에 하나가 젠틀재인 카페 사건,id:juventus82,2026-02-08 19:55:04,4,4,1,2026-02-08 19:57:59,2026-02-08 20:11:05,2.9166666666666665,6.525,0.25
18146352,합당제안은 민주당을 위한거지 조국혁신당을 위한거라 보기힘듬,id:ManU01,2026-02-08 22:32:38,4,4,1,2026-02-08 22:34:10,2026-02-08 22:46:52,1.5333333333333334,8.683333333333334,0.25
18147172,pic) 권순표 뉴스하이킥 썸네일,id:megacoffee25,2026-02-09 18:21:46,4,4,1,2026-02-09 18:25:03,2026-02-09 18:34:43,3.283333333333333,8.866666666666667,0.25
18147424,[다소 주식 아님] 아..,id:flypcs20,2026-02-09 20:51:17,4,4,1,2026-02-09 20:56:09,2026-02-09 21:03:24,4.866666666666666,7.466666666666667,0.25
18147824,Pic) 입법 속도 관련 이재명 워딩,id:Ibisevic,2026-02-10 11:37:24,4,4,1,2026-02-10 11:42:17,2026-02-10 11:53:23,4.883333333333334,15.25,0.25
18147872,대통령의 합당 찬성도 이쯤되면 의심가지 않나요???,id:gum0510,2026-02-10 12:06:27,4,4,1,2026-02-10 12:08:39,2026-02-10 12:16:16,2.2,8.841666666666667,0.25
18148060,내란 기득권 때려 잡으라 했더니 만만한 정청래만 때려 잡는듯,id:novacane,2026-02-10 14:10:26,4,4,1,2026-02-10 14:12:49,2026-02-10 14:19:18,2.3833333333333333,6.308333333333334,0.25
18148230,조국당보고 이래라저래라 하는 거 꼴받네,id:urmyboo,2026-02-10 16:01:49,4,4,1,2026-02-10 16:03:33,2026-02-10 16:27:42,1.7333333333333334,10.5,0.25
18149298,기강을 잡을 시간이 필요함. 비서실 과감하게 갈아야함.,id:armwear,2026-02-11 00:58:15,4,4,1,2026-02-11 01:01:51,2026-02-11 02:45:43,3.6,14.508333333333333,0.25
18149893,이재명 = 생각보다 훨씬 유능한 행정가 + 시대정신을 담지못하는 타산적인 사람,id:skykys85,2026-02-11 14:14:27,4,4,1,2026-02-11 14:18:29,2026-02-11 14:25:42,4.033333333333333,6.391666666666667,0.25
18150159,이재명이 김민석에게 싸먹힌거 맞져,id:YoLaTengo,2026-02-11 18:18:28,4,4,1,2026-02-11 18:22:10,2026-02-11 18:49:54,3.7,21.866666666666667,0.25
18150172,최경영 이 하바리유튜버 꼬라지보소... 이동형만 문제가 아니라 이런 놈들도 문제입니다,id:zxcvbnm00765,2026-02-11 18:34:53,4,4,1,2026-02-11 18:37:24,2026-02-11 18:57:56,2.5166666666666666,12.8,0.25
18150699,어제 매불쇼(260212) 박구용 최강욱 파트(feat. 신인규 하차),id:grit,2026-02-12 10:40:27,4,3,1,2026-02-12 10:45:10,2026-02-12 12:22:18,4.716666666666667,14.675,0.25
18150817,"조국혁신당, '고발뉴스TV' 이상호 고소…""조국 등 명예훼손""",id:bulbol,2026-02-12 12:22:08,4,4,1,2026-02-12 12:25:59,2026-02-12 12:32:48,3.85,5.675,0.25
18150964,대통령 주변인들 정리해야 합니다.,id:bulbol,2026-02-12 14:02:18,4,4,1,2026-02-12 14:06:12,2026-02-12 14:16:23,3.9,9.983333333333334,0.25
18151131,악개들 특징이 지들은 깨어있다는 선민의식이 강함 ㅋㅋ,id:juventus82,2026-02-12 16:14:43,4,4,1,2026-02-12 16:15:41,2026-02-12 16:44:07,0.9666666666666667,9.191666666666666,0.25
18151166,대법관 증원·재판소원' 밀어붙이는 민주당…사법부 당혹·반발,id:bvbreus11,2026-02-12 16:59:48,4,4,1,2026-02-12 17:01:51,2026-02-12 17:35:51,2.05,11.95,0.25
18154328,황현필이 말한 문통이 이재명후보를 지원하지 않은 느낌이란게,id:blue123,2026-02-17 11:21:26,4,4,1,2026-02-17 11:22:08,2026-02-17 13:44:39,0.7,14.708333333333334,0.25
18154450,민주당놈들이 문재인을 극도로 혐오하는 이유가 이건가요,id:hulk,2026-02-17 14:01:02,4,4,1,2026-02-17 14:04:41,2026-02-17 14:11:56,3.65,7.641666666666667,0.25
18154521,이재명 정부의 검찰 개혁안에서 보완 수사권만 문제가 아니고 하나 하나 살펴보면 끔찍함,id:zero080,2026-02-17 15:23:16,4,4,1,2026-02-17 15:25:45,2026-02-17 15:34:45,2.4833333333333334,6.791666666666666,0.25
18154567,shorts)정준희가 말하는 뉴이재명,id:bulbol,2026-02-17 16:18:39,4,4,1,2026-02-17 16:21:31,2026-02-17 16:58:02,2.8666666666666667,13.741666666666667,0.25
18156774,Pic) 질문들 보고있는데 유작가 살벌하군요,id:radioshot1,2026-02-19 22:51:38,4,4,1,2026-02-19 22:55:55,2026-02-20 08:03:58,4.283333333333333,10.366666666666667,0.25
18157228,장동혁이 오늘 자폭해서 중도층을 민주당으로 다 몰아줬네요,id:blue123,2026-02-20 16:05:39,4,4,1,2026-02-20 16:08:56,2026-02-20 16:22:49,3.283333333333333,9.808333333333334,0.25
18157230,봉지욱 기자 이야기 듣고도 정청래out 이러고있네ㅋㅋ,id:ex400,2026-02-20 16:11:13,4,4,1,2026-02-20 16:14:37,2026-02-20 16:34:16,3.4,10.3,0.25
18157537,김민석은 설마했는데 역시나여서 하나도 안놀라운 인간이죠.,id:hak4544,2026-02-21 01:39:46,4,4,1,2026-02-21 01:44:24,2026-02-21 08:32:36,4.633333333333334,16.416666666666668,0.25
18158254,"공정위 ""쿠팡 영업정지, 법적요건 충족 안해…직접 피해 없어""",id:bulbol,2026-02-22 01:34:31,4,4,1,2026-02-22 01:36:10,2026-02-22 08:04:51,1.65,370.9083333333333,0.25
18158647,검찰개혁 관련해서는 당이 대신 방어해주길 원하는 것 같네요.,id:makijeon,2026-02-22 19:13:54,4,4,1,2026-02-22 19:18:41,2026-02-22 19:42:43,4.783333333333333,7.208333333333334,0.25
18158701,"이재명이 ""내가 가장 큰 피해자다"" 이 말이 의미심장한거에요",id:hodoeel,2026-02-22 20:15:12,4,4,1,2026-02-22 20:16:55,2026-02-22 20:39:58,1.7166666666666666,6.741666666666667,0.25
18158751,[단독]김민석 ‘인천 계양을’ K국정설명회에 김남준 참석…송영길과 맞대면 이뤄지나,id:bulbol,2026-02-22 21:09:18,4,4,1,2026-02-22 21:10:25,2026-02-22 21:20:45,1.1166666666666667,9.641666666666666,0.25
18159199,민새 저렇게 나대는게 지금 대선 기간인줄 알았네요?,id:KINGBATI,2026-02-23 09:27:28,4,4,1,2026-02-23 09:28:11,2026-02-23 09:38:54,0.7166666666666667,7.1083333333333325,0.25
18159339,"김남국: 유시민 발언은 이해하지만 표현이 과했다. ""동지잖아요""",id:bulbol,2026-02-23 11:34:57,4,4,1,2026-02-23 11:37:09,2026-02-23 12:15:50,2.2,35.5,0.25
18159381,노무현이 떠올라서 이재명 지지한다는 분들..,id:wind1123,2026-02-23 12:00:19,4,4,1,2026-02-23 12:01:03,2026-02-23 12:25:13,0.7333333333333333,9.575,0.25
18159679,gif 이재명과 룰라의 포옹,id:leed7584,2026-02-23 15:06:15,4,4,1,2026-02-23 15:07:20,2026-02-23 15:25:51,1.0833333333333333,11.091666666666667,0.25
18159805,시사건건 홀스형 그래도 판단 잘하네,id:FeelingGood,2026-02-23 17:37:45,4,4,1,2026-02-23 17:38:20,2026-02-23 17:59:40,0.5833333333333334,7.7250000000000005,0.25
18160129,이재명은 자기 방식대로 일을 해야만 효율이 좋다는 생각이 너무 큰거 같음.,id:rukk7812,2026-02-24 01:23:47,4,4,1,2026-02-24 01:26:26,2026-02-24 04:54:15,2.65,14.983333333333334,0.25
18160905,그 분은 모든 게 목적으로 가는 도구임.,id:cytokine1234,2026-02-24 22:38:32,4,4,1,2026-02-24 22:40:05,2026-02-24 22:54:58,1.55,5.35,0.25
18160917,진지하게 연임 애기 하는 애들은 지능이 없나?,id:juventus82,2026-02-24 22:54:10,4,4,1,2026-02-24 22:56:33,2026-02-24 23:12:40,2.3833333333333333,14.2,0.25
18162397,"세관마약 의혹 무혐의 종결…합수단, 백해룡에 '사회혼란' 책임(종합)",id:ehdtks9286,2026-02-26 15:37:29,4,4,1,2026-02-26 15:41:33,2026-02-26 16:52:30,4.066666666666666,19.15,0.25
18163083,국짐이 저 수준인게 민주당에겐 복일지 몰라도 대한민국 입장에서 보면 재난 수준인듯,id:bulbol,2026-02-27 12:03:08,4,4,1,2026-02-27 12:07:07,2026-02-27 12:45:56,3.9833333333333334,8.608333333333333,0.25
18163932,강훈식 비서실장이 바쁘게 해외로 많이 다니네요,id:blue123,2026-02-28 13:36:17,4,4,1,2026-02-28 13:41:15,2026-02-28 14:03:01,4.966666666666667,23.34166666666667,0.25
18168296,윤석열 천지인 전국지지모임,id:dialine,2026-03-04 10:46:36,4,4,1,2026-03-04 10:48:24,2026-03-04 11:01:13,1.8,8.041666666666666,0.25
18171215,이토렌트 여긴 친 민주진영 커뮤 아니던가요?,id:cydia14,2026-03-06 11:41:45,4,4,1,2026-03-06 11:43:20,2026-03-06 12:38:27,1.5833333333333333,18.15,0.25
18171241,참 답답하게 흘러가네요. 지금이라도 겸공에서 신랄하게 까야돼요,id:armwear,2026-03-06 12:15:24,4,4,1,2026-03-06 12:19:39,2026-03-06 12:32:48,4.25,10.166666666666668,0.25
18171970,"pic) ""윤석열 출석"" 외치는 이태원 유족들 앞 ""윤어게인"" 외친 극우",id:dadoocom,2026-03-07 07:23:57,4,4,1,2026-03-07 07:26:46,2026-03-07 11:25:08,2.816666666666667,136.20833333333334,0.25
18172080,헌법상 개정 당시 대통령은 그 대상에 포함이 안됩니다 이거 헌법 부칙임,id:impactx84,2026-03-07 10:43:26,4,4,1,2026-03-07 10:46:56,2026-03-07 11:12:43,3.5,13.191666666666666,0.25
18173182,문통이 정말 걱정됩니다ㅠㅠㅠㅠ,id:dlawls,2026-03-08 01:29:54,4,4,1,2026-03-08 01:31:14,2026-03-08 09:02:31,1.3333333333333333,11.816666666666666,0.25
18174199,문재인 정부와 다른 방향을 간다쳐도 문재인 정부를 혐오할 필요까진 없는데,id:rukk7812,2026-03-09 00:08:04,4,4,1,2026-03-09 00:12:23,2026-03-09 00:41:58,4.316666666666666,14.516666666666667,0.25
18174206,김현종 님 중용 안 한 이유가 다 있었군요,id:reiun,2026-03-09 00:25:44,4,4,1,2026-03-09 00:27:01,2026-03-09 01:17:45,1.2833333333333334,26.758333333333333,0.25
18174229,이재명 역겹고 토나오는 것이 정부안 제출까지 뒤에 숨어서 주둥이 닫고 있다가 ㅋㅋㅋ,id:zero080,2026-03-09 02:06:46,4,4,1,2026-03-09 02:09:34,2026-03-09 02:21:19,2.8,7.75,0.25
18174420,딴지든 다모앙이든 가스라이팅 된 애들이 넘 많음 ㅋㅋㅋ,id:solution78,2026-03-09 09:16:04,4,4,1,2026-03-09 09:17:30,2026-03-09 09:53:56,1.4333333333333333,10.275,0.25
18176065,이재명 대통령 주변에 간신배들이 눈과 귀를 가린다 이런소리 개소리라 생각했었는데,id:gerrardfan,2026-03-10 13:51:32,4,4,1,2026-03-10 13:54:02,2026-03-10 14:03:47,2.5,8.083333333333332,0.25
18176484,현재 상황 시원하게 말 말하는 영화전문 유튜버,id:horizon,2026-03-10 20:30:34,4,4,1,2026-03-10 20:32:09,2026-03-10 21:02:02,1.5833333333333333,22.875,0.25
18177523,이런 생각 하면 안되는데 문재인 청와대 출신들이,id:hobro,2026-03-11 17:01:07,4,4,1,2026-03-11 17:02:59,2026-03-11 17:08:56,1.8666666666666667,5.625,0.25
18178373,잇퀴들이 이재명을 바보로 몰아가는게 신기함,id:dress7,2026-03-12 10:15:14,4,4,1,2026-03-12 10:17:29,2026-03-12 10:42:50,2.25,9.941666666666666,0.25
18178384,사커에 컨셉 지독한 사람들 보면 진짜 대단하다 생각,id:dadoocom,2026-03-12 10:29:44,4,4,1,2026-03-12 10:30:54,2026-03-12 11:00:01,1.1666666666666667,11.258333333333333,0.25
18178521,재명이햄 너무 억울할텐데 혜경궁이 자기 집에서 로그인해서 세월호 비하도 하고,id:deportivo7,2026-03-12 12:50:53,4,4,1,2026-03-12 12:53:33,2026-03-12 13:17:21,2.6666666666666665,7.908333333333333,0.25
18180173,민주당이 이 꼬라지인거 보면 총선 경선 룰도 바꿔버리지 않을지,id:dlawls,2026-03-13 21:47:44,4,4,1,2026-03-13 21:49:37,2026-03-13 21:57:35,1.8833333333333333,6.883333333333333,0.25
18185121,우원식은 의장 선출에서 추미애에게 밀렸다고 너무 악마화된듯,id:bulbol,2026-03-17 21:52:31,4,4,1,2026-03-17 21:56:35,2026-05-08 19:51:33,4.066666666666666,16.666666666666668,0.25
18185842,실패한 정부가 임기끝날때 지지율이 50%가 넘어요?,id:ManU01,2026-03-18 13:03:46,4,3,1,2026-03-18 13:04:33,2026-03-18 13:55:37,0.7833333333333333,18.358333333333334,0.25
18187233,"성북갑 김영배, 비례 서미화, 중구 성동갑 전현희",id:horizon,2026-03-19 10:40:05,4,4,1,2026-03-19 10:43:47,2026-03-19 10:53:22,3.7,8.258333333333333,0.25
18188823,최욱 조롱 미쳤네 ㅋㅋㅋㅋㅋㅋㅋㅋㅋㅋㅋ,id:radioshot1,2026-03-20 14:05:01,4,4,1,2026-03-20 14:05:53,2026-03-20 17:50:54,0.8666666666666667,13.033333333333331,0.25
18189639,오만곳에서 ABC가 갈라치기라고 하는데 지지자들을 뉴이재명이라고 부르며,id:modern21,2026-03-21 10:37:03,4,4,1,2026-03-21 10:39:15,2026-03-21 10:58:58,2.2,11.266666666666667,0.25
18193524,뉴이재명은 진짜 머리아픈분들인듯,id:hobro,2026-03-25 17:54:52,4,4,1,2026-03-25 17:56:30,2026-03-25 18:09:30,1.6333333333333333,5.625,0.25
18193575,이재명 도지사도 문재인 대통령 빨 아닌가요,id:dlawls,2026-03-25 19:00:04,4,3,1,2026-03-25 19:04:54,2026-03-25 19:18:27,4.833333333333333,9.908333333333335,0.25
18195039,"종양) 법사위장 쥐고있는데…與 24명, '법사위 힘빼기' 법안 낸 속내",id:pearson19,2026-03-27 13:09:35,4,4,1,2026-03-27 13:14:32,2026-03-27 13:36:32,4.95,9.483333333333334,0.25
18195374,잠시 징역 다녀와서 복귀함...,id:sonhh,2026-03-27 21:29:20,4,4,1,2026-03-27 21:32:17,2026-03-27 21:56:47,2.95,16.691666666666666,0.25
18195395,난 오창석이 무슨생각으로 부산출마를 수락했는지 궁금.,id:jj1211,2026-03-27 21:53:35,4,4,1,2026-03-27 21:56:59,2026-03-27 22:17:40,3.4,10.158333333333333,0.25
18195860,조국이합당 했으면 다른지역 출마해야지만 합당 못했다면 군산가야죠,id:whddlqlgodrl,2026-03-28 15:16:17,4,4,1,2026-03-28 15:20:18,2026-03-28 18:11:35,4.016666666666667,12.45,0.25
18197415,짝수견들은 추미애 존나 우습게 보네 ㅋㅋㅋㅋ,id:rukk7812,2026-03-29 17:49:59,4,4,1,2026-03-29 17:53:06,2026-03-29 19:02:24,3.1166666666666667,10.658333333333333,0.25
18205373,지금 미국 막나가는게 혹시 엡스타인 파일 때문은 아닐까요,id:thughu,2026-04-07 21:24:03,4,4,1,2026-04-07 21:24:34,2026-04-07 21:43:13,0.5166666666666667,7.866666666666667,0.25
18207676,"후원회장 맡은 지선후보만 16명…송영길, 전국에 씨 뿌리는 까닭",id:bulbol,2026-04-10 21:05:12,4,4,1,2026-04-10 21:08:31,2026-04-10 21:17:29,3.316666666666667,7.55,0.25
18207883,링크) 이동형 “이재명과 문자 주고 받습니다”,id:bugfix,2026-04-11 08:24:19,4,4,1,2026-04-11 08:26:31,2026-04-11 09:15:41,2.2,19.141666666666666,0.25
18207887,"민주당 영입 경남 보수인사들, 공천서 고전…외연 확장 '물음표'",id:bulbol,2026-04-11 08:36:30,4,4,1,2026-04-11 08:39:55,2026-04-11 09:04:49,3.4166666666666665,14.133333333333333,0.25
18207905,이동형 발언 저거 대통령이랑 사적으로 문자한다는거,id:say1673,2026-04-11 09:20:12,4,4,1,2026-04-11 09:22:00,2026-04-11 09:50:48,1.8,5.725,0.25
18208184,검찰개혁이후 이재명대통령 실망스럽긴 해요.,id:tjdgh09123,2026-04-11 14:03:24,4,4,1,2026-04-11 14:06:42,2026-04-11 14:11:55,3.3,7.108333333333333,0.25
18209426,한국과 이스라엘이 맺고 있는 협력관계라고 합니다,id:blue123,2026-04-12 19:05:43,4,4,1,2026-04-12 19:08:45,2026-04-12 19:47:43,3.033333333333333,10.233333333333334,0.25
18209935,이재명 정부는 출산·육아정책부터 윤석열보다 못함,id:toninho07,2026-04-13 09:52:26,4,4,1,2026-04-13 09:56:11,2026-04-13 10:22:21,3.75,13.491666666666667,0.25
18211089,pic) 어떻게 민주당 후보 이름이,id:umamusume,2026-04-14 15:57:36,4,4,1,2026-04-14 16:01:32,2026-04-14 17:04:34,3.933333333333333,21.275,0.25
18211361,이재명 정부의 부동산 정책은 솔직히 출발부터 에러였습니다.,id:kkt1216,2026-04-14 21:06:27,4,4,1,2026-04-14 21:10:28,2026-04-14 22:38:00,4.016666666666667,22.666666666666664,0.25
18213964,pic) 자칭 애국보수들이 외면하는 지난 정권의 천안함 태도,id:ehdtks9286,2026-04-17 18:01:32,4,4,1,2026-04-17 18:05:22,2026-04-17 18:36:14,3.8333333333333335,8.641666666666666,0.25
18218368,"[JTBC] 김용남, 재보궐선거출마희망..민주당에 위임",id:yo821281,2026-04-22 18:05:44,4,4,1,2026-04-22 18:06:32,2026-04-22 19:00:23,0.8,28.875,0.25
18218990,[속보] 국민의힘 대구시장 후보 ‘컷오프’ 주호영 “대구시장 출마 않겠다”,id:snap23,2026-04-23 14:44:08,4,4,1,2026-04-23 14:45:47,2026-04-23 15:59:56,1.65,15.241666666666667,0.25
18219820,밑에 학교 안보내기와 함께 언급된 내용들을 찾아봤는데 ㅋㅋ,id:ehdtks9286,2026-04-24 17:13:35,4,4,1,2026-04-24 17:15:35,2026-04-24 18:07:59,2.0,6.966666666666667,0.25
18222083,요즘 국힘 지지자들이 부동산으로 까면 뭐 할말도없네요,id:din1091,2026-04-27 13:38:14,4,4,1,2026-04-27 13:43:01,2026-04-27 15:01:51,4.783333333333333,7.3583333333333325,0.25
18222122,요즘 민주당 아니 이재명과 그 주변 인물들 하는짓 보면 오만하네요,id:dlawls,2026-04-27 15:13:41,4,4,1,2026-04-27 15:15:45,2026-04-27 15:29:34,2.066666666666667,10.975,0.25
18223075,pic)이재명에 만족하는 이유라고 가져온 sns의 고종석이 얘임??,id:bundes1,2026-04-28 17:53:52,4,4,1,2026-04-28 17:54:13,2026-04-28 18:13:09,0.35,16.725,0.25
18225605,오늘자 클로드가 정리한 사커라인 상황(5/2),id:opopgogo,2026-05-02 08:42:34,4,4,1,2026-05-02 08:46:19,2026-05-02 09:11:09,3.75,18.491666666666667,0.25
18228294,왜 이렇게까지 잡음을 일으키며 외연 확장을 하려할까요,id:edh2och,2026-05-05 08:02:15,4,4,1,2026-05-05 08:04:13,2026-05-05 08:16:54,1.9666666666666666,10.491666666666667,0.25
18228321,개인적으로 책임 구분은 하고 싶은게,id:bulbol,2026-05-05 09:01:58,4,4,1,2026-05-05 09:04:38,2026-05-05 09:13:57,2.6666666666666665,7.391666666666667,0.25
18229126,"굥 정권 시절에 B동형 사단, 명팔이들 개소리 가만 냅두니까",id:masterplan5,2026-05-05 23:46:23,4,4,1,2026-05-05 23:46:52,2026-05-05 23:57:30,0.48333333333333334,5.858333333333333,0.25
18106730,"진짜 술꾼들도 5,60되면 술 확 가는 사람들 꽤 있더군요",id:potatochip1,2025-12-24 21:22:54,5,5,1,2025-12-24 21:24:27,2025-12-24 22:03:51,1.55,12.816666666666666,0.2
18106999,펨베남들은 개복치임. 그것도 민주당 한정 개복치.,id:impactx84,2025-12-25 12:30:32,5,5,1,2025-12-25 12:35:27,2025-12-25 15:40:55,4.916666666666667,11.216666666666667,0.2
18107817,이재명 대통령 당선 후에 펨코 패턴을 봤는데...,id:Necovv,2025-12-26 17:12:23,5,5,1,2025-12-26 17:16:20,2025-12-26 20:35:24,3.95,7.533333333333333,0.2
18109930,이쯤되니까 최강욱 민주당 교육연수원장 안시킬려고 징계 그렇게 줬다는 의심 생기네요?,id:KINGBATI,2025-12-28 23:22:55,5,5,1,2025-12-28 23:25:58,2025-12-28 23:39:17,3.05,10.15,0.2
18109998,"이전에도 비슷한 글 썼었는데, 우리가 원하는 그런 내란척결이나 개혁은 없을 겁니다.",id:cokabel,2025-12-29 00:45:06,5,5,1,2025-12-29 00:46:50,2025-12-29 01:07:41,1.7333333333333334,8.3,0.2
18110541,근데 유승민 임명이 낫지않았음??,id:alfatini,2025-12-29 15:15:55,5,5,1,2025-12-29 15:17:16,2025-12-29 16:06:28,1.35,14.016666666666667,0.2
18110994,사실 잼통한테 빡친거 이해갑니다만 릴렉스 하시고 이럴땔수록 정청래 밀어줍시다.,id:ninety5mph,2025-12-29 22:59:30,5,5,1,2025-12-29 23:00:49,2025-12-29 23:28:44,1.3166666666666667,6.133333333333334,0.2
18111038,제 업무상 주변이 다 2찍이라 더 스트레스 받는것도 있음,id:dleoduq10004,2025-12-29 23:46:42,5,5,1,2025-12-29 23:51:40,2025-12-30 00:19:31,4.966666666666667,8.8,0.2
18111866,잼통이 지금 한동훈 데려오면 대박 아닌가요?,id:ManU01,2025-12-30 18:25:12,5,5,1,2025-12-30 18:28:52,2025-12-30 18:51:26,3.6666666666666665,8.216666666666667,0.2
18114109,이혜훈 폭언 녹취는 ㅈㄴ 웃기네요ㅋㅋ,id:joohakmoo,2026-01-02 11:10:32,5,5,1,2026-01-02 11:12:50,2026-01-02 19:13:03,2.3,9.966666666666667,0.2
18114552,김어준의 이혜훈 영입에 대한 논평 전문,id:grit,2026-01-02 22:00:57,5,5,1,2026-01-02 22:05:26,2026-01-02 23:28:35,4.483333333333333,17.783333333333335,0.2
18119830,윤석열 구형날 '무박 2일' 마라톤 재판…특검 새벽 구형할 듯,id:radioshot1,2026-01-09 15:01:20,5,5,1,2026-01-09 15:06:15,2026-01-09 16:12:27,4.916666666666667,19.683333333333334,0.2
18121019,상하이 임시정부 다녀왔습니다,id:zenic7,2026-01-11 02:31:42,5,5,1,2026-01-11 02:33:03,2026-01-11 03:41:57,1.35,47.166666666666664,0.2
18123129,검찰에서 이재명 관련 캐비넷 큰거 쥐고 있는건 아닌지 걱정됩니다,id:Gvardiol,2026-01-13 10:16:40,5,5,1,2026-01-13 10:18:59,2026-01-13 10:33:33,2.316666666666667,11.216666666666667,0.2
18128101,요새 관심못둬서 잘 모르는데 국힘이 통일교 특검 하자는게,id:iskoke,2026-01-18 16:17:09,5,5,1,2026-01-18 16:17:46,2026-01-18 18:19:19,0.6166666666666667,11.766666666666667,0.2
18131432,어제 대통령 기자회견 다 들어보니...,id:sonhh,2026-01-22 08:46:57,5,5,1,2026-01-22 08:49:27,2026-01-22 09:03:40,2.5,9.583333333333334,0.2
18132298,저쪽이 말하는 탄핵 남발의 실체,id:rascol,2026-01-23 08:09:29,5,5,1,2026-01-23 08:12:03,2026-01-23 09:41:33,2.566666666666667,49.03333333333333,0.2
18132345,향후 30년은 지나야 검찰 개혁이 가능하겠네요,id:wjstkqn1235,2026-01-23 09:31:21,5,5,1,2026-01-23 09:35:35,2026-01-23 10:03:26,4.233333333333333,7.15,0.2
18132498,진짜 정청래 몸집 키워준다고 애쓰고 있네 ㅋ,id:solution78,2026-01-23 12:42:47,5,4,1,2026-01-23 12:43:14,2026-01-23 20:55:35,0.45,178.4,0.2
18132633,사실 정청래 입장에서는 까놓고 자기의 잠재적 경쟁자임에도 조국과 합치겠단 거에요.,id:ninety5mph,2026-01-23 15:38:57,5,5,1,2026-01-23 15:41:31,2026-01-23 15:55:55,2.566666666666667,9.316666666666666,0.2
18133547,"민주당 '1인 1표제' 권리당원 85% 찬성… 정청래 ""압도적 다수 뜻 확인""",id:bvbreus11,2026-01-24 18:46:26,5,5,1,2026-01-24 18:49:05,2026-01-24 19:16:52,2.65,11.566666666666666,0.2
18133897,박형준은 아직도 엘시티 안판듯?,id:bulbol,2026-01-25 11:24:21,5,5,1,2026-01-25 11:24:39,2026-01-25 12:13:45,0.3,32.55,0.2
18133931,저는 자격지심 심한 인간 제일 피곤함,id:rascol,2026-01-25 12:24:07,5,4,1,2026-01-25 12:27:47,2026-01-25 12:57:46,3.6666666666666665,7.383333333333334,0.2
18134210,총선보면 망할거 같으면 밀어주는 표들이 많은듯,id:hypeboy,2026-01-25 18:33:44,5,5,1,2026-01-25 18:35:21,2026-01-25 19:44:46,1.6166666666666667,25.75,0.2
18135646,트럼프 관세 꼬장질에도 영향 전혀없네요 ㅋㅋ,id:adnanjanuzaj,2026-01-27 10:55:38,5,5,1,2026-01-27 10:56:20,2026-01-27 11:08:38,0.7,7.1,0.2
18137607,pic)개인적으로 안찰쓰 좋나 같잖았을때가 언제잉지 아십니까,id:kaoruchan,2026-01-29 09:48:53,5,5,1,2026-01-29 09:51:42,2026-01-29 10:09:01,2.816666666666667,6.75,0.2
18137631,pic) 반역의 역사에 찢긴 효창공원,id:pjh1421,2026-01-29 10:14:16,5,5,1,2026-01-29 10:17:46,2026-01-29 10:49:54,3.5,9.2,0.2
18138332,Pic) 경남도지사 더불어민주당 김경수 1위,id:hyeok497,2026-01-30 08:29:31,5,5,1,2026-01-30 08:33:24,2026-01-30 08:41:00,3.8833333333333333,8.65,0.2
18141338,제가 갖고 있는 정치상황에 대한 두려움,id:sis97y53,2026-02-02 22:36:31,5,5,1,2026-02-02 22:37:30,2026-02-02 22:49:16,0.9833333333333333,8.683333333333334,0.2
18142647,이제 막 민주당에 관심 갖는 이재명 악개들 보면 높은 확률로 페미성향이던데.,id:sounited13,2026-02-04 14:02:39,5,5,1,2026-02-04 14:06:43,2026-02-04 17:24:31,4.066666666666666,29.333333333333332,0.2
18143278,"대통령, 주거용 아니면 똘똘한 한채로 갈아타기를 하지 않는게 이익",id:blue123,2026-02-05 09:34:44,5,5,1,2026-02-05 09:38:26,2026-02-05 10:12:41,3.7,18.4,0.2
18144453,문통의 가장 큰 업적 중 하나가,id:cytokine1234,2026-02-06 17:53:23,5,5,1,2026-02-06 17:55:07,2026-02-06 18:37:34,1.7333333333333334,16.416666666666668,0.2
18149845,합당 찬성을 밝힌 의원들도 왜 찬성하는지 얘기 해줬으면 함,id:Bluewings21,2026-02-11 13:34:43,5,5,1,2026-02-11 13:38:25,2026-02-11 14:25:41,3.7,5.6,0.2
18154158,검찰개혁하겠다고 거짓말한 2인,id:dlawls,2026-02-17 01:06:47,5,5,1,2026-02-17 01:08:16,2026-02-17 07:26:50,1.4833333333333334,20.383333333333333,0.2
18155604,"유시민 “총리실 검찰개혁 TF안 이상해, 민주당 안으로 처리해야”",id:snap23,2026-02-18 21:12:45,5,5,1,2026-02-18 21:13:27,2026-02-18 21:29:01,0.7,10.983333333333333,0.2
18156743,ytb> 장르만 여의도 근황,id:euji,2026-02-19 21:50:15,5,5,1,2026-02-19 21:51:22,2026-02-19 22:22:53,1.1166666666666667,9.816666666666666,0.2
18157705,"국민의힘, 공천 때 ‘헌법 시험’ 예고",id:pearson19,2026-02-21 12:09:38,5,5,1,2026-02-21 12:10:43,2026-02-21 13:02:41,1.0833333333333333,28.25,0.2
18159874,이미 의원들 이재명 통제 너머에 있다고 보임,id:juventus82,2026-02-23 19:10:51,5,5,1,2026-02-23 19:12:39,2026-02-23 19:35:28,1.8,19.1,0.2
18160815,"국짐과 싸우다 늙은 김어준, 유시민..",id:malwool,2026-02-24 20:55:32,5,5,1,2026-02-24 20:58:48,2026-02-24 21:34:28,3.2666666666666666,11.183333333333334,0.2
18168273,윤석열이 계엄 일으킨 시기와 막고 탄핵 시킨건 진짜 하느님이 보우하사네요,id:yoon4859,2026-03-04 10:18:19,5,5,1,2026-03-04 10:21:44,2026-03-04 10:36:17,3.4166666666666665,8.25,0.2
18170915,이재명 비판시 재래식 언론의 장난질은 구분해야 하는 것 아닌가 싶음.,id:Clocks,2026-03-06 02:55:35,5,5,1,2026-03-06 03:00:13,2026-03-06 06:56:22,4.633333333333334,65.9,0.2
18171990,언론사 대통합,id:bulbol,2026-03-07 08:13:19,5,5,1,2026-03-07 08:15:25,2026-03-07 09:42:47,2.1,5.75,0.2
18172009,저는 2008 금융위기 이후 미국 민주당 상황 처럼 생각해요,id:chakagesalja,2026-03-07 08:42:14,5,5,1,2026-03-07 08:45:08,2026-03-07 09:50:53,2.9,10.4,0.2
18172416,"한동훈 ""尹 정치했어도 코스피 6000 찍었을 것""",id:kkpf1004,2026-03-07 16:24:16,5,5,1,2026-03-07 16:26:28,2026-03-07 17:37:54,2.2,20.7,0.2
18172475,민주당 또 고쳐쓰기보단,id:fantak,2026-03-07 17:28:01,5,5,1,2026-03-07 17:31:43,2026-03-07 17:54:53,3.7,8.033333333333333,0.2
18174342,장담하는데 조만간 문통한테 검찰이 총구 겨눕니다,id:kglite,2026-03-09 07:47:11,5,5,1,2026-03-09 07:50:42,2026-03-09 08:15:51,3.5166666666666666,7.733333333333333,0.2
18176946,와 울엄마 이번 지선 투표하러 안가겠다고 하시네요..,id:BlackEyes23,2026-03-11 08:40:44,5,5,1,2026-03-11 08:43:05,2026-03-11 09:52:21,2.35,13.516666666666667,0.2
18177445,감옥 가기 싫어' 이 하나 만으로는 설명이 다소 부족하지 않나 싶음,id:shkj22,2026-03-11 16:07:26,5,5,1,2026-03-11 16:08:46,2026-03-11 17:05:35,1.3333333333333333,15.45,0.2
18179579,전 미온적인 검찰개혁보다 재벌 친화적인 정책이 더 마음이 들지 않음,id:toninho07,2026-03-13 12:59:18,5,4,1,2026-03-13 13:02:04,2026-03-13 13:19:18,2.7666666666666666,11.866666666666667,0.2
18180032,문재인 전 대통령님에 대한 공격이유는 단순히 자격지심에 그치는 것은 아닐 겁니다.,id:bluepillz,2026-03-13 19:37:38,5,5,1,2026-03-13 19:41:33,2026-03-13 20:49:52,3.9166666666666665,8.883333333333333,0.2
18183731,뉴가혁에게는 조국이 무슨 회심의 뒤집기용 단어인가?,id:umamusume,2026-03-16 20:00:35,5,5,1,2026-03-16 20:03:32,2026-03-17 03:08:23,2.95,6.716666666666667,0.2
18183955,딴지는 다 징계 먹이고 입틀막 해서 그런가 이재명 비판글이 거의 없음,id:summernight,2026-03-17 00:24:54,5,5,1,2026-03-17 00:28:54,2026-03-17 01:50:26,4.0,8.833333333333334,0.2
18184499,pic) 이재명 오늘 오후일정 가기 싫겠네요,id:whoshot,2026-03-17 14:09:44,5,5,1,2026-03-17 14:10:36,2026-03-17 14:24:55,0.8666666666666667,10.0,0.2
18187244,"한병도 ""상임위원장 여야 배분, 원점서 전면 재검토""‥상임위원장 독식 시사",id:tkrhdgus1,2026-03-19 10:53:11,5,5,1,2026-03-19 10:54:45,2026-03-19 11:10:48,1.5666666666666667,7.616666666666666,0.2
18191689,"권양숙 여사 ""檢개혁 수고 많았다""…눈물 흘리며 정청래 격려",id:radioshot1,2026-03-23 13:26:53,5,5,1,2026-03-23 13:28:03,2026-03-23 15:46:27,1.1666666666666667,41.5,0.2
18195447,전 오세훈 되는것보다 정원오 되는게 더 위험하다고 봄,id:luna7742,2026-03-27 22:58:00,5,5,1,2026-03-27 22:59:28,2026-03-28 05:17:01,1.4666666666666666,23.616666666666667,0.2
18198987,개인적으로 이재명 정부가 일을 못하고 있지 않다고봅니다.,id:radioshot1,2026-03-31 16:04:38,5,5,1,2026-03-31 16:08:33,2026-03-31 16:36:16,3.9166666666666665,11.616666666666667,0.2
18205468,씨벌놈이 추장군이 뭐 윤석열이냐?,id:lfcthismeans,2026-04-07 23:35:58,5,5,1,2026-04-07 23:40:25,2026-04-08 00:34:49,4.45,8.55,0.2
18207743,"[속보] 경찰, 전한길 구속영장 신청 (이재명, 이준석 명예훼손 혐의)",id:6830,2026-04-10 22:27:49,5,5,1,2026-04-10 22:28:38,2026-04-10 23:06:11,0.8166666666666667,9.783333333333333,0.2
18208213,난 그냥 이스라엘 깐게 속시원했는데 그마저도 이재명이 가짜뉴스 퍼나른거네,id:sanapati,2026-04-11 14:28:48,5,5,1,2026-04-11 14:33:45,2026-04-11 14:56:10,4.95,17.566666666666666,0.2
18211744,전재수나 김상욱이나 빠르게 사퇴해서 보궐선거가 이루어지도록 해야지..,id:85yang,2026-04-15 10:29:45,5,5,1,2026-04-15 10:32:08,2026-04-15 10:54:40,2.3833333333333333,10.75,0.2
18218214,요새 미래에섯 TIGER 애들 참 마메 안듬미다.....,id:Grassland,2026-04-22 14:57:01,5,5,1,2026-04-22 15:01:33,2026-04-22 18:06:01,4.533333333333333,24.483333333333334,0.2
18220764,오늘자 클로드가 정리한 사커라인 상황(4/25),id:opopgogo,2026-04-25 20:52:13,5,5,1,2026-04-25 20:57:12,2026-04-25 22:35:44,4.983333333333333,8.733333333333333,0.2
18223164,저인간들은 문재인 까일때는 왜 안나타남?,id:dleoduq1234,2026-04-28 19:49:00,5,5,1,2026-04-28 19:52:37,2026-04-28 20:27:47,3.6166666666666667,11.533333333333333,0.2
18224241,"정준희의 논, 하이닉스와 삼성전자 그리고 성과급과 노조 이야기",id:oasiticjoo19,2026-04-30 00:05:08,5,5,1,2026-04-30 00:08:53,2026-04-30 07:35:06,3.75,27.1,0.2
18224639,한전 부채의 원인에 이명박이 크게 영향이 있죠,id:impactx84,2026-04-30 17:03:13,5,5,1,2026-04-30 17:05:49,2026-04-30 18:14:28,2.6,12.516666666666667,0.2
18226158,"이재명, 선별지원 결국 수용…""차별 후폭풍 두렵다""",id:Tenhag,2026-05-02 20:40:53,5,5,1,2026-05-02 20:45:40,2026-05-03 03:59:50,4.783333333333333,23.45,0.2
18113443,"동아일보 여론조사, 이재명 긍정 61.7프로 부정 33.6프로",id:blue123,2026-01-01 10:37:29,6,6,1,2026-01-01 10:41:56,2026-01-01 11:29:18,4.45,9.95,0.16666666666666666
18113667,문통까는 1찍(?)중에 민주당에 해끼치지 말라는 말이 젤 웃김,id:hypeboy,2026-01-01 16:15:07,6,6,1,2026-01-01 16:17:42,2026-01-01 20:24:31,2.5833333333333335,20.333333333333332,0.16666666666666666
18114569,지금 이혜훈 계속 두둘겨 패는게 본보기로 패는거 같아요,id:Dkapqkzjfcu,2026-01-02 22:30:56,6,6,1,2026-01-02 22:32:58,2026-01-02 22:53:34,2.033333333333333,7.808333333333334,0.16666666666666666
18118747,[속보] 이병진 더불어민주당 의원 당선무효…대법원 상고기각,id:snap23,2026-01-08 10:44:01,6,6,1,2026-01-08 10:48:52,2026-01-08 18:05:51,4.85,182.69166666666666,0.16666666666666666
18118962,검찰개혁 못하면 이재명 대통령님은..,id:BlackEyes23,2026-01-08 16:55:46,6,6,1,2026-01-08 17:00:38,2026-01-08 17:10:26,4.866666666666666,11.025,0.16666666666666666
18122934,이재명 박정희는 너무 갔네요,id:impactx84,2026-01-13 05:46:07,6,6,1,2026-01-13 05:48:27,2026-01-13 08:16:13,2.3333333333333335,17.058333333333334,0.16666666666666666
18131012,"[미션톡]“대표님, 그 KJV 성경 어디서 구하셨어요?”",id:grit,2026-01-21 18:27:49,6,6,1,2026-01-21 18:30:27,2026-01-21 20:13:02,2.6333333333333333,30.85,0.16666666666666666
18131036,한덕수 재판 방청한 사람이 전한 후기(구속여부 부분),id:grit,2026-01-21 19:04:26,6,6,1,2026-01-21 19:07:48,2026-01-21 20:19:28,3.3666666666666667,9.208333333333332,0.16666666666666666
18131086,pic) 당원의 생각이 민주당이 된다(마지막 저녁반).jpg,id:naco16,2026-01-21 20:02:47,6,6,1,2026-01-21 20:06:30,2026-01-21 20:38:45,3.716666666666667,16.241666666666667,0.16666666666666666
18131330,검찰개혁은 이재명 정부안 대로 갈거라 전 봅니다,id:hodoeel,2026-01-22 00:53:32,6,6,1,2026-01-22 00:56:28,2026-01-22 08:54:43,2.933333333333333,21.291666666666668,0.16666666666666666
18144211,pic) 더불어민주당·원외민주당 합당 전격 선언,id:fantak,2026-02-06 13:03:52,6,6,1,2026-02-06 13:06:23,2026-02-06 15:32:14,2.5166666666666666,18.391666666666666,0.16666666666666666
18147090,민주당 공천 시스템을 아무리 손봐도 안되는건 안되는군요,id:say1673,2026-02-09 16:41:19,6,6,1,2026-02-09 16:44:39,2026-02-09 16:56:10,3.3333333333333335,7.275,0.16666666666666666
18147590,"이재명 민선 7기' 경기도, 공약 이행률 93.2%",id:soccerfw16,2026-02-10 00:30:27,6,5,1,2026-02-10 00:32:30,2026-02-10 08:15:16,2.05,123.34166666666667,0.16666666666666666
18147665,잇박견들 침투를 단순 한줌단이라고 넘길일이 아니네요;:,id:gum0510,2026-02-10 08:38:41,6,6,1,2026-02-10 08:42:51,2026-02-10 09:07:44,4.166666666666667,10.483333333333334,0.16666666666666666
18149321,방구석 싸즐러의 소망입니다.,id:j8wkfn,2026-02-11 01:59:21,6,5,1,2026-02-11 02:03:00,2026-02-11 04:01:46,3.65,41.25833333333334,0.16666666666666666
18151479,어째 이재명 대통령 옆엔 시원찮은 인사만 가득하네요,id:dlawls,2026-02-13 01:18:41,6,6,1,2026-02-13 01:23:40,2026-02-13 03:38:31,4.983333333333333,9.558333333333334,0.16666666666666666
18152664,60%대 국정 지지율 떠받친 ‘뉴 이재명’,id:bulbol,2026-02-14 17:04:20,6,6,1,2026-02-14 17:07:36,2026-02-14 18:52:45,3.2666666666666666,21.608333333333334,0.16666666666666666
18152902,pic)평산책방 다녀왔어요,id:Scv001,2026-02-15 01:06:19,6,6,1,2026-02-15 01:08:39,2026-02-15 16:56:27,2.3333333333333335,144.81666666666666,0.16666666666666666
18154006,"이재명 얘기하는데 이혜훈, 이언주 얘기가 어떻게 딴얘기가 되는지? ㅋ",id:lovedavich,2026-02-16 21:24:17,6,3,1,2026-02-16 21:25:24,2026-02-16 21:44:33,1.1166666666666667,15.558333333333334,0.16666666666666666
18154361,"너무나, 불길하기 때문입니다.",id:bluepillz,2026-02-17 12:03:33,6,5,1,2026-02-17 12:05:45,2026-02-17 18:13:45,2.2,44.025,0.16666666666666666
18155058,실패한 적이 없는 일관된 부동산 정책의 결과,id:makijeon,2026-02-18 05:35:36,6,6,1,2026-02-18 05:39:59,2026-02-18 10:49:31,4.383333333333334,126.45,0.16666666666666666
18163643,동창만났는데 부동산 이야기만 해서 중간에 나왔네요,id:kimdel77,2026-02-27 22:38:11,6,6,1,2026-02-27 22:41:50,2026-02-27 23:26:29,3.65,27.508333333333333,0.16666666666666666
18174363,국장은 나락 가는 중,id:novacane,2026-03-09 08:10:21,6,6,1,2026-03-09 08:13:34,2026-03-09 10:32:58,3.216666666666667,16.516666666666666,0.16666666666666666
18192211,쇼츠) 이거 털보가 고소해야 하는거 아닌가? (수정: 내용 추가),id:hjsa2004,2026-03-24 00:13:19,6,6,1,2026-03-24 00:14:42,2026-03-24 08:15:23,1.3833333333333333,91.75833333333333,0.16666666666666666
18196954,"민주당 김현 의원 올림픽, 월드컵 지상파 중계 개정법 발의 했네요",id:kimdel77,2026-03-29 10:03:24,6,6,1,2026-03-29 10:04:15,2026-03-29 10:56:53,0.85,26.266666666666666,0.16666666666666666
18201462,(pic) 한준호 근황 2,id:rukk7812,2026-04-02 20:43:08,6,6,1,2026-04-02 20:47:43,2026-04-03 04:46:42,4.583333333333333,8.433333333333334,0.16666666666666666
18205671,미국 민주당은 그냥 넋놓고 보고만 있는건가 아니면 원기옥 모으는 중인가???,id:kuoron,2026-04-08 09:35:08,6,6,1,2026-04-08 09:38:17,2026-04-08 10:01:16,3.15,11.508333333333333,0.16666666666666666
18223226,현재까지 보궐 나오는 청와대 출신이,id:bulbol,2026-04-28 21:05:42,6,6,1,2026-04-28 21:08:03,2026-04-28 21:20:53,2.35,10.475000000000001,0.16666666666666666
18225549,(테마주의 세계) 2026 찐광기의 종목들,id:hudson8866,2026-05-02 00:11:54,6,6,1,2026-05-02 00:12:21,2026-05-02 05:37:06,0.45,66.76666666666667,0.16666666666666666
18228083,"[단독] 민주, '평당원 최고위원' 박지원 전략 공천 가닥",id:bulbol,2026-05-04 21:31:02,6,6,1,2026-05-04 21:33:10,2026-05-04 22:41:03,2.1333333333333333,23.633333333333333,0.16666666666666666
18113507,전 그냥 이재명 하는일 다 괜찮은데,id:twija100,2026-01-01 12:52:59,7,7,1,2026-01-01 12:55:28,2026-01-01 14:32:02,2.4833333333333334,20.166666666666668,0.14285714285714285
18120069,윤석열은 시가 되고 노래가 되고 영웅이 될 것이다,id:regions,2026-01-09 19:55:48,7,7,1,2026-01-09 19:58:46,2026-01-10 08:48:10,2.966666666666667,16.733333333333334,0.14285714285714285
18125253,지귀연이가 사형은 안때릴거 같음,id:twija100,2026-01-15 09:37:32,7,7,1,2026-01-15 09:41:57,2026-01-15 10:19:54,4.416666666666667,11.633333333333333,0.14285714285714285
18139477,[다소 주식] 넘버3,id:flypcs20,2026-01-31 20:55:55,7,7,1,2026-01-31 21:00:43,2026-01-31 22:29:29,4.8,19.916666666666668,0.14285714285714285
18140089,[단독]통일교 ‘쪼개기 후원’ 54명에 윤한홍·정진석·정동영 포함,id:regions,2026-02-01 17:13:58,7,7,1,2026-02-01 17:15:35,2026-02-01 19:21:38,1.6166666666666667,23.65,0.14285714285714285
18146314,남천동 사람들도 그냥 제느낌상 박찬대쪽이더라구요,id:typoonj2,2026-02-08 21:47:39,7,7,1,2026-02-08 21:48:25,2026-02-08 22:17:13,0.7666666666666667,20.7,0.14285714285714285
18146573,유튜브 댓글울 보면 잼통은 신성뷸가침인듯.,id:hs10107,2026-02-09 05:18:30,7,7,1,2026-02-09 05:19:20,2026-02-09 13:16:10,0.8333333333333334,94.15,0.14285714285714285
18150165,매불쇼 매일 보는데 최욱은 누구 편든 적 없음.,id:kyul1107,2026-02-11 18:24:47,7,7,1,2026-02-11 18:28:24,2026-02-11 18:46:44,3.6166666666666667,13.566666666666666,0.14285714285714285
18150645,"“국회가 너무 느려서 일을 할 수 없는 상태”, 사실이었다",id:grit,2026-02-12 09:42:46,7,7,1,2026-02-12 09:46:06,2026-02-12 16:19:52,3.3333333333333335,12.333333333333334,0.14285714285714285
18152298,송영길 당대표 미는 건,id:malwool,2026-02-14 01:07:14,7,6,1,2026-02-14 01:08:43,2026-02-14 08:52:21,1.4833333333333334,24.2,0.14285714285714285
18154153,쟤들 제일 음습한 게 자당 대통령 언급에서 문통 빼는 거,id:bundes1,2026-02-17 00:50:10,7,7,1,2026-02-17 00:50:36,2026-02-17 03:51:58,0.43333333333333335,12.016666666666667,0.14285714285714285
18158228,오창석의 발언은 생각보다 더 심각하네요,id:bookae1,2026-02-22 00:23:57,7,7,1,2026-02-22 00:27:38,2026-02-22 05:21:18,3.683333333333333,16.716666666666665,0.14285714285714285
18160204,"Pic) 유시민 “민주당 의원들, 이상한 모임에서 빨리 나와라”",id:hyeok497,2026-02-24 07:35:47,7,7,1,2026-02-24 07:39:18,2026-02-24 16:44:37,3.5166666666666666,164.76666666666668,0.14285714285714285
18163710,요즘 마삼중 이준석이 미치도록 간절하긴 간절한가보네요.,id:hak4544,2026-02-28 02:18:05,7,7,1,2026-02-28 02:21:12,2026-02-28 10:11:07,3.1166666666666667,30.616666666666667,0.14285714285714285
18168394,부동산)요즘 부동산 글을 안쓰는 이유는 주식때문에 괜히 오해가 갈까봐 그래요,id:qnflsdl,2026-03-04 12:14:47,7,7,1,2026-03-04 12:19:04,2026-03-04 12:41:24,4.283333333333333,11.266666666666667,0.14285714285714285
18174949,한번 보여드리죠 우리가 얼마나 이재명을 많이 용서해주고 참아줬었는지,id:qnflsdl,2026-03-09 16:02:28,7,7,1,2026-03-09 16:05:20,2026-03-09 16:54:53,2.8666666666666667,12.6,0.14285714285714285
18175485,"이 대통령 ""초가삼간 태워선 안 돼""...연일 '속도 조절' 주문",id:tkrhdgus1,2026-03-10 06:50:47,7,7,1,2026-03-10 06:51:51,2026-03-10 08:03:01,1.0666666666666667,25.433333333333334,0.14285714285714285
18193860,문재인 정부땐 친문좌장 행세하던 사람없지 않나요?,id:megacoffee25,2026-03-25 23:54:34,7,7,1,2026-03-25 23:59:06,2026-03-26 02:13:52,4.533333333333333,31.783333333333335,0.14285714285714285
18218962,서울 전세가 62주 연속상승 이재명 정부의 부동산 정책이 실패할수 밖에없는이유,id:qnflsdl,2026-04-23 13:51:12,7,7,1,2026-04-23 13:53:10,2026-04-23 16:17:48,1.9666666666666666,18.183333333333334,0.14285714285714285
18124836,국정원ver 윤석열 김변기 또 터짐,id:jejajj9,2026-01-14 18:57:22,8,8,1,2026-01-14 19:01:48,2026-01-14 20:17:33,4.433333333333334,13.258333333333333,0.125
18134191,민주진영 4분의 대통령 못지 않은 위인이 돌아가셨네요,id:kyoijjoo,2026-01-25 17:59:26,8,8,1,2026-01-25 18:02:08,2026-01-25 19:22:55,2.7,19.03333333333333,0.125
18149320,잇박견들 정신 못차리고 또 최강욱으로 이슈 전환하려고ㅋㅋ,id:hobro,2026-02-11 01:55:24,8,7,1,2026-02-11 01:59:46,2026-02-11 04:13:47,4.366666666666666,19.983333333333334,0.125
18152604,지금까지 수많은 정치인을 봤지만 이재명이 제일 특이함,id:Clocks,2026-02-14 15:13:49,8,7,1,2026-02-14 15:18:04,2026-02-14 16:09:38,4.25,12.316666666666666,0.125
18161760,정청래 이번에 묵직한거 너무 멋짐,id:jeffkent,2026-02-25 20:11:53,8,8,1,2026-02-25 20:13:42,2026-02-25 21:46:02,1.8166666666666667,14.125,0.125
18170977,정청래에 대한 평가가 곤두박질 치는군요,id:iloveyousun,2026-03-06 07:29:27,8,8,1,2026-03-06 07:33:57,2026-03-06 08:56:15,4.5,8.425,0.125
18193691,차기도 이재명이라 생각하고 있어서 다른 차기 주자를 언급하는 게 서운하다,id:bundes1,2026-03-25 20:58:20,8,8,1,2026-03-25 21:03:10,2026-03-25 21:31:00,4.833333333333333,12.433333333333334,0.125
18195485,검찰개혁 당정청 협의안 발표 담날에 겸공에서의 정청래 대표,id:yeodarl,2026-03-27 23:59:27,8,8,1,2026-03-28 00:04:24,2026-03-28 00:58:11,4.95,15.600000000000001,0.125
18202407,이언주도 abc 언급했었네요 (내용수정함),id:htht709,2026-04-04 07:41:27,8,8,1,2026-04-04 07:46:07,2026-04-04 15:18:15,4.666666666666667,103.55833333333334,0.125
18138685,문재인 대통령은 코로나때 수십만명 목숨 살린거 한가지로도 성공한 대통령이에요,id:lee5,2026-01-30 16:45:31,9,9,1,2026-01-30 16:48:01,2026-02-04 15:11:10,2.5,7.733333333333333,0.1111111111111111
18160632,진짜 유시민 걸고 넘어진건 희대의 똥볼임ㅋㅋ,id:hobro,2026-02-24 17:16:51,9,9,1,2026-02-24 17:21:04,2026-02-24 18:12:06,4.216666666666667,12.9,0.1111111111111111
18173192,"Pic) 송영길 ""누가 대통령 하기 싫은데 하라 했나... 이명박은 제2의 노무현...""",id:zero080,2026-03-08 01:47:41,9,9,1,2026-03-08 01:51:42,2026-03-08 09:21:57,4.016666666666667,18.033333333333335,0.1111111111111111
18179198,(장문주의) 다른 사람은 몰라도 김어준 관련해서는 좀 더 유하게 봐주면 안될까요..?,id:stynerkn,2026-03-12 23:24:47,9,9,1,2026-03-12 23:28:46,2026-03-13 07:30:25,3.9833333333333334,12.816666666666666,0.1111111111111111
18183698,pic)이재명 정부는 다르다!!!,id:sexline,2026-03-16 19:20:16,9,9,1,2026-03-16 19:22:15,2026-03-16 23:47:25,1.9833333333333334,100.56666666666666,0.1111111111111111
18186221,박은정은 진짜 국회의원 그만둘건지,id:jun2312,2026-03-18 17:11:12,9,9,1,2026-03-18 17:13:55,2026-03-18 23:46:14,2.716666666666667,11.85,0.1111111111111111
18200384,한준호: 경기도지사 출마한 이유는 이재명 정부의 레임덕을 막기 위해서다,id:rukk7812,2026-04-01 18:34:30,9,9,1,2026-04-01 18:36:01,2026-04-01 19:21:29,1.5166666666666666,29.35,0.1111111111111111
18220738,문재인 대통령님 근황 (feat. 문형배 재판관),id:cytokine1234,2026-04-25 20:02:22,9,9,1,2026-04-25 20:05:27,2026-04-26 01:26:18,3.0833333333333335,13.433333333333334,0.1111111111111111
18170872,장인수기자 왈 : 여지떳 민주당 정부 어느 정치인도 이번 정부안 처럼,id:FeelingGood,2026-03-06 00:26:21,10,10,1,2026-03-06 00:28:17,2026-03-06 09:55:58,1.9333333333333333,8.591666666666667,0.1
18192523,“수사팀 포상하라” 李 세번째 칭찬 받은 중앙지검 공조부,id:bulbol,2026-03-24 15:13:51,10,10,1,2026-03-24 15:15:12,2026-03-24 17:30:45,1.35,13.75,0.1
18195279,오마이뉴스 이거 완전 뉴재명 그 자체네요?,id:rukk7812,2026-03-27 18:16:23,10,10,1,2026-03-27 18:20:06,2026-03-27 19:42:48,3.716666666666667,29.65,0.1
18208288,이번 이스라엘 관련 대통령 언급에 대한 개인적인 분석,id:kimpo,2026-04-11 15:15:17,10,10,1,2026-04-11 15:20:01,2026-04-11 17:21:59,4.733333333333333,8.675,0.1
18226492,그래서 조국이 죄가 없다는 것이냐는 말이 민주당내에서 계속 나오는데,id:bulbol,2026-05-03 09:09:55,10,10,1,2026-05-03 09:12:49,2026-05-03 11:53:51,2.9,28.933333333333334,0.1
18111376,이정주 기자의 이혜훈 평,id:grit,2025-12-30 11:43:05,11,11,1,2025-12-30 11:45:36,2025-12-31 14:21:25,2.5166666666666666,7.966666666666667,0.09090909090909091
18114075,ytb) 심상치 않은 '중도층' 움직임…국민의힘 지지율 27% → 16%,id:cho1250,2026-01-02 10:10:44,11,11,1,2026-01-02 10:12:05,2026-01-02 16:46:37,1.35,24.45,0.09090909090909091
18139043,pic) 김건희의 플랜.jpg,id:naco16,2026-01-31 06:52:07,12,12,1,2026-01-31 06:54:56,2026-01-31 21:50:32,2.816666666666667,44.025,0.08333333333333333
18190555,"pic) 정민철, 이 친구도 대충 견적이 나온 듯 하네요",id:IGoHigh18,2026-03-22 03:57:28,12,12,1,2026-03-22 04:01:43,2026-03-22 10:35:08,4.25,219.15833333333333,0.08333333333333333
18149328,정청래 당대표 합당관련전문,id:radioshot1,2026-02-11 03:21:20,13,13,1,2026-02-11 03:23:04,2026-02-11 10:26:19,1.7333333333333334,72.68333333333334,0.07692307692307693
18195833,조국 대표는 군산에 출마 하는건가요?,id:jdspitz,2026-03-28 14:58:44,13,13,1,2026-03-28 14:59:35,2026-03-28 23:04:15,0.85,189.83333333333334,0.07692307692307693
18196673,Pic) 이언주 “나는 문 정권 탈원전 강력 비판하며 민주당 탈당”,id:hyeok497,2026-03-29 00:58:37,13,13,1,2026-03-29 01:03:01,2026-03-29 07:11:21,4.4,21.683333333333334,0.07692307692307693
18224459,(pic) 현재 김용남 심정,id:stynerkn,2026-04-30 12:07:42,16,16,1,2026-04-30 12:11:37,2026-04-30 19:26:05,3.9166666666666665,163.04166666666666,0.0625
18155332,pic) 국민의힘 대표 장동혁 SNS 근황,id:6830,2026-02-18 13:36:44,17,17,1,2026-02-18 13:40:30,2026-02-18 20:46:48,3.7666666666666666,50.46666666666667,0.058823529411764705
18172445,"pic)황희두: ""내가 유시민 작가를 존경하는 이유""",id:sounited13,2026-03-07 16:51:05,17,17,1,2026-03-07 16:55:10,2026-03-07 20:19:47,4.083333333333333,15.4,0.058823529411764705
18154253,이재명은 결국 본인 열등감에 지는듯하네요,id:puh1993,2026-02-17 10:08:09,18,14,1,2026-02-17 10:09:25,2026-02-19 09:53:44,1.2666666666666666,258.43333333333334,0.05555555555555555
18164833,검찰개혁 안하면 이재명 지지할 이유가 없죠,id:novacane,2026-03-01 12:28:05,18,16,1,2026-03-01 12:31:50,2026-03-02 21:42:46,3.75,39.69166666666666,0.05555555555555555
18170190,부동산)대부분 사람들은 이재명 정부의 부동산 정책실패에 속고 있습니다.,id:qnflsdl,2026-03-05 17:49:18,18,17,1,2026-03-05 17:50:37,2026-03-07 13:02:30,1.3166666666666667,430.6166666666667,0.05555555555555555
18195497,저는 이번 일을 계기로 결론적으로 이재명 괜찮게 봐요,id:colacup,2026-03-28 00:34:50,18,17,1,2026-03-28 00:39:16,2026-03-28 21:00:31,4.433333333333334,52.99166666666667,0.05555555555555555
18129184,"이재명 대통령, 정청래 대표에게 “혹시 반명이십니까”",id:bluepillz,2026-01-19 22:43:20,19,19,1,2026-01-19 22:48:09,2026-01-21 01:35:59,4.816666666666666,70.3,0.05263157894736842
18152302,술먹고 이재명과 이재명 정부에 대한 소신 발언을 남겨봅니다.,id:hak4544,2026-02-14 01:15:51,19,17,1,2026-02-14 01:19:19,2026-02-14 09:03:48,3.466666666666667,348.65,0.05263157894736842
18198971,pic) 선별지원금을 비판하는 이재명 +추가,id:lh1440,2026-03-31 15:44:44,19,19,1,2026-03-31 15:49:03,2026-03-31 23:16:42,4.316666666666666,25.016666666666666,0.05263157894736842
18125493,"李대통령 ""세계 정세 소용돌이 …내부 분열하면 국익 못 지켜""",id:grit,2026-01-15 14:40:41,24,19,1,2026-01-15 14:44:16,2026-01-17 10:38:47,3.5833333333333335,174.0,0.041666666666666664
18210698,"(pic) 이재명 ""지구침공 화성인 편들지 말고 일단 지구부터 구합시다""",id:rukk7812,2026-04-14 07:55:05,37,36,1,2026-04-14 07:58:12,2026-04-15 21:38:52,3.1166666666666667,242.2,0.02702702702702703
18138293,"[단독] 이낙연, 이해찬 조문 안한다",id:fantak,2026-01-30 06:35:18,50,50,0,2026-01-30 06:43:47,2026-01-31 18:05:19,8.483333333333333,231.98333333333332,0.0
18195530,싸줄의 현 정치상황에 대한 고찰 특히 싸줄이 변했다는 분들은 읽어보세요,id:impactx84,2026-03-28 06:26:30,37,37,0,2026-03-28 06:42:29,2026-03-28 23:04:13,15.983333333333333,313.98333333333335,0.0
18142734,부동산)서울 아파트 상승원리 다주택자 무주택자의 딜레마(장문주의),id:qnflsdl,2026-02-04 15:46:27,24,20,0,2026-02-04 15:52:32,2026-02-06 15:33:56,6.083333333333333,131.275,0.0
18144332,이재명은 사기친거죠,id:novacane,2026-02-06 15:18:07,23,21,0,2026-02-06 15:25:47,2026-02-08 14:59:23,7.666666666666667,405.9,0.0
18200725,거의 김민석이 배후다로 정리되는거같은데,id:rrlatls18,2026-04-02 07:38:42,22,21,0,2026-04-02 07:43:50,2026-04-03 11:57:42,5.133333333333334,131.36666666666667,0.0
18149590,부동산)이재명 정부의 부동산 정책은 시장에 완패했습니다(장문),id:qnflsdl,2026-02-11 10:58:22,21,19,0,2026-02-11 11:06:48,2026-02-12 17:24:02,8.433333333333334,133.86666666666667,0.0
18144772,장문)대통령 작심하고 비판할게요,id:hodoeel,2026-02-07 01:21:11,20,20,0,2026-02-07 01:32:32,2026-02-08 19:51:10,11.35,391.79166666666663,0.0
18183973,[다소 정치] 이재명이 저러는 이유,id:flypcs20,2026-03-17 02:17:51,15,15,0,2026-03-17 02:26:35,2026-03-17 09:55:55,8.733333333333333,271.53333333333336,0.0
18120084,용인 반도체 산단 관련 생각,id:flypcs20,2026-01-09 20:12:16,14,12,0,2026-01-09 20:20:36,2026-01-11 09:23:28,8.333333333333334,130.15,0.0
18189450,이재명이 김어준한테 열받을 만한 이유,id:bookae1,2026-03-21 01:29:07,14,12,0,2026-03-21 01:36:07,2026-03-21 09:26:01,7.0,430.1166666666667,0.0
18149372,pic)강득구 페북으로 알수/유추 할수 있는 사실,id:bulbol,2026-02-11 07:06:07,13,12,0,2026-02-11 07:14:59,2026-02-11 14:17:07,8.866666666666667,52.416666666666664,0.0
18160256,싸줄이 도대체 언제 국짐 올려치기 이낙연 올리치기를 했죠?,id:hodoeel,2026-02-24 09:43:48,11,11,0,2026-02-24 09:50:31,2026-02-24 10:11:28,6.716666666666667,13.95,0.0
18207348,(Pic)유력한 대선후보 대변인 출신..나는 솔로 출연자,id:jj1211,2026-04-10 12:00:46,11,11,0,2026-04-10 12:05:49,2026-04-10 20:02:06,5.05,16.533333333333335,0.0
18208100,그런데 이번 이재명 대통령 SNS는 WWE일 확률이 높다고 생각 중 입니다,id:wind1123,2026-04-11 12:40:35,11,11,0,2026-04-11 12:48:06,2026-04-11 13:54:18,7.516666666666667,12.95,0.0
18141447,싸재들이 말하는 지지철회는요.,id:lfcthismeans,2026-02-03 06:40:43,10,10,0,2026-02-03 06:51:11,2026-02-03 09:45:31,10.466666666666667,25.391666666666666,0.0
18152030,부동산)설맞이 이야기 부린이는 요즘 왜 부정적으로 부동산정책을 말하는가(feat.이광수),id:qnflsdl,2026-02-13 17:33:46,10,10,0,2026-02-13 17:40:43,2026-02-13 19:27:01,6.95,14.091666666666667,0.0
18161929,노영희 음주운전 전과2범이었네...,id:zxcvbnm00765,2026-02-26 00:41:22,10,10,0,2026-02-26 02:05:49,2026-02-26 20:16:18,84.45,246.19166666666666,0.0
18202379,이번주 미 상원의원들에게 한 전시작전권 환수에 대한 이재명 대통령의 언급.,id:kaizennf,2026-04-04 00:56:29,10,10,0,2026-04-04 01:13:00,2026-04-04 08:51:29,16.516666666666666,317.29166666666663,0.0
18225548,짬통때문에 노조끼리 싸움났네요,id:luna7742,2026-05-02 00:11:47,10,10,0,2026-05-02 00:17:18,2026-05-02 11:53:52,5.516666666666667,23.941666666666666,0.0
18135481,부동산 철학 부재,id:bulbol,2026-01-27 00:42:40,9,8,0,2026-01-27 00:51:37,2026-01-27 08:31:37,8.95,61.46666666666667,0.0
18154792,조국 정경심 최강욱 윤미향을 사면한 사람도 이재명이죠,id:Clocks,2026-02-17 20:14:51,9,9,0,2026-02-17 20:20:22,2026-02-18 01:19:28,5.516666666666667,24.616666666666667,0.0
18174488,장문)떠나기전에 글 남기고 갑니다,id:hodoeel,2026-03-09 10:01:23,9,9,0,2026-03-09 10:07:24,2026-03-09 10:59:34,6.016666666666667,13.733333333333333,0.0
18188218,겸공 민주당의원 7명출연 ㅎㅎㅎ,id:snap23,2026-03-20 06:59:52,9,9,0,2026-03-20 07:12:00,2026-03-20 13:16:31,12.133333333333333,253.3,0.0
18203016,pic)한준호 근황,id:bulbol,2026-04-04 21:01:43,9,9,0,2026-04-04 21:08:28,2026-04-04 21:27:47,6.75,15.316666666666666,0.0
18112421,정준희가 평한 이혜훈의 사과,id:bulbol,2025-12-31 08:56:58,8,8,0,2025-12-31 09:07:27,2025-12-31 16:52:24,10.483333333333333,37.0,0.0
18144804,"초선의원 ""찬반 투표를 하면 다 찬성인데 무슨 의미가 있느냐. 그게 대표적인 중우정치""",id:naco16,2026-02-07 06:42:10,8,8,0,2026-02-07 06:47:16,2026-02-07 09:08:42,5.1,20.766666666666666,0.0
18153433,21년 당시 송영길의 조국 사과 - 당시 조국 반응,id:bulbol,2026-02-16 06:11:12,8,8,0,2026-02-16 06:37:13,2026-02-16 11:48:03,26.016666666666666,186.09166666666667,0.0
18155651,잼프 지지율 고공행진의 아이러니...,id:vnfaltn,2026-02-18 21:58:54,8,8,0,2026-02-18 22:04:04,2026-02-18 23:51:54,5.166666666666667,8.808333333333334,0.0
18186579,오늘 매불쇼 유시민 크레모아 후폭풍 명단,id:oasiticjoo19,2026-03-18 21:22:04,8,8,0,2026-03-18 21:28:10,2026-03-19 05:17:26,6.1,23.28333333333333,0.0
18189780,시방새 노조는 이재명이 사과하라고한거보고,id:radioshot1,2026-03-21 13:24:21,8,8,0,2026-03-21 13:30:04,2026-03-21 14:33:39,5.716666666666667,18.84166666666667,0.0
18124887,"[단독] 이혜훈, '대가성 없었다'더니…녹취엔 ""도움받고""",id:bulbol,2026-01-14 20:05:47,7,7,0,2026-01-14 20:12:01,2026-01-14 21:27:43,6.233333333333333,14.433333333333334,0.0
18139179,"조선일보) 국힘 “합당 논의, 정청래 ‘세불리기’와 조국 ‘생존’ 위한 사욕 결과물",id:naco16,2026-01-31 12:23:07,7,7,0,2026-01-31 12:28:34,2026-01-31 15:11:30,5.45,12.15,0.0
18147640,오연호는 행복할듯 문재인 비토하기 위해 판도 깔았는데,id:impactx84,2026-02-10 07:31:13,7,6,0,2026-02-10 07:46:15,2026-02-10 08:34:31,15.033333333333333,19.366666666666667,0.0
18148373,pic) 이진련은 이재명선대위 유세본부 유세운영실 팀장출신.jpg,id:naco16,2026-02-10 18:24:59,7,7,0,2026-02-10 18:30:08,2026-02-10 18:48:24,5.15,9.9,0.0
18151451,딴지펌) 오늘 또 파묘된 후단협 김민석,id:cytokine1234,2026-02-13 00:00:02,7,7,0,2026-02-13 00:05:29,2026-02-13 01:04:50,5.45,14.183333333333334,0.0
18155026,다들 이재명 욕은 선을 지키면서 하고 있다는 인상이 강하군요,id:colacup,2026-02-18 01:21:25,7,7,0,2026-02-18 01:27:45,2026-02-18 08:26:09,6.333333333333333,10.1,0.0
18159146,"""더는 용납 못 해""…정청래·이성윤 '재명이네 마을'서 쫓겨나",id:naco16,2026-02-23 07:19:51,7,7,0,2026-02-23 07:27:52,2026-02-23 09:32:30,8.016666666666667,19.183333333333334,0.0
18163578,김민석 어리석네요.,id:mymoretz1,2026-02-27 21:20:18,7,7,0,2026-02-27 21:27:28,2026-02-28 01:49:13,7.166666666666667,15.05,0.0
18194757,pic) 뒷모습만 보고 결혼 가능한 엉덩이 튼살녀 (ㅇㅎ),id:dadoocom,2026-03-27 07:24:50,7,7,0,2026-03-27 07:48:45,2026-03-28 02:18:36,23.916666666666668,216.4,0.0
18225006,Pic) 이재명 “허은아 잘한다”,id:hyeok497,2026-05-01 09:37:22,7,7,0,2026-05-01 09:42:52,2026-05-01 17:00:47,5.5,26.3,0.0
18227702,정봉주는 상이군인 목발 발언으로 무려 강북에서 후보 박탈당했습니다,id:horizon,2026-05-04 13:28:08,7,7,0,2026-05-04 13:33:54,2026-05-04 13:52:55,5.766666666666667,9.266666666666667,0.0
18101927,"[단독] 국민의힘, '당명 변경' 당원 찬반 투표 검토",id:pucrinyesir,2025-12-18 13:16:06,6,6,0,2025-12-18 13:21:53,2025-12-18 14:25:22,5.783333333333333,12.108333333333334,0.0
18111089,정말 심각한 상황임,id:solution78,2025-12-30 02:21:40,6,6,0,2025-12-30 02:28:13,2025-12-30 20:51:52,6.55,334.2166666666667,0.0
18111446,문재인 이야기가 많이 나오는데,id:bulbol,2025-12-30 12:38:25,6,5,0,2025-12-30 12:45:28,2025-12-30 12:59:02,7.05,10.3,0.0
18115285,만약에 정말로 중국이 대만을 침공한다면 우리한테 튈,id:terry34,2026-01-04 02:41:32,6,6,0,2026-01-04 02:47:52,2026-01-04 08:56:57,6.333333333333333,72.30833333333334,0.0
18131407,pic) 멀쩡한(?) 동아일보 중앙일보 사설.jpg,id:fantak,2026-01-22 07:53:35,6,6,0,2026-01-22 07:59:02,2026-01-22 09:36:13,5.45,49.266666666666666,0.0
18135977,"돈 운영에는 감정을 넣으면 안되는데, 2찍들중 한심한 인간들 많은듯",id:blue123,2026-01-27 17:36:02,6,6,0,2026-01-27 17:41:17,2026-01-27 18:54:56,5.25,13.850000000000001,0.0
18147075,매불쇼 보니 전준철 변호사는 문제가 있어 보이네요,id:nox911,2026-02-09 16:16:09,6,6,0,2026-02-09 16:21:10,2026-02-09 17:46:01,5.016666666666667,14.875,0.0
18147577,이재명은 근본이 없습니다.,id:hudson8866,2026-02-09 23:56:16,6,6,0,2026-02-10 00:04:22,2026-02-10 07:32:48,8.1,379.4333333333333,0.0
18149330,2분뉴스에서 유튜버들 포섭하는 세력이 있다고함,id:yally1010,2026-02-11 04:18:19,6,6,0,2026-02-11 04:25:26,2026-02-11 07:59:45,7.116666666666666,68.81666666666666,0.0
18153436,송영길은 서울시장 선거는 왜 나갔나요?,id:malwool,2026-02-16 06:56:32,6,6,0,2026-02-16 07:02:58,2026-02-16 10:09:23,6.433333333333334,45.19166666666666,0.0
18153460,PIC) 문재인 전 대통령님 설 인사,id:wind1123,2026-02-16 08:52:28,6,6,0,2026-02-16 09:22:50,2026-02-16 11:22:33,30.366666666666667,57.275000000000006,0.0
18163897,검찰개혁을 단계적으로 힘을 빼서 한다는데요,id:hodoeel,2026-02-28 12:49:05,6,6,0,2026-02-28 12:54:36,2026-02-28 13:14:05,5.516666666666667,14.041666666666668,0.0
18170922,이재명 대통령의 현 상황을 어떻게 봐야 하는가.,id:impactx84,2026-03-06 05:26:59,6,6,0,2026-03-06 05:36:22,2026-03-06 08:15:36,9.383333333333333,75.99166666666667,0.0
18192986,2찍들 대선에서 출구조사원 속인게 진짜 황당,id:6830,2026-03-25 00:04:55,6,6,0,2026-03-25 00:10:21,2026-03-25 08:10:59,5.433333333333334,32.75,0.0
18211629,요즘 겸공 못보겠음..,id:cydia14,2026-04-15 07:14:08,6,6,0,2026-04-15 07:21:56,2026-04-15 08:05:39,7.8,11.733333333333334,0.0
18103142,"이재명 대통령, 내년 국빈 방중에 이창호 9단 동행",id:pearson19,2025-12-20 11:44:53,5,5,0,2025-12-20 11:57:13,2025-12-20 12:25:49,12.333333333333334,19.35,0.0
18112453,이재명 대통령 취임한지 이제 6개월 조금 넘었습니다...,id:cainyuio,2025-12-31 09:46:31,5,5,0,2025-12-31 09:54:07,2025-12-31 10:20:28,7.6,15.233333333333333,0.0
18114276,맘다니를 보면 미국 민주당은 사람들이 공감하는 부분을 파고들면 됐는데..,id:hyeok497,2026-01-02 15:21:05,5,5,0,2026-01-02 15:27:50,2026-01-02 16:40:59,6.75,13.85,0.0
18114745,김종배의 시선집중) 이혜훈은 장관 업무를 잘(?) 할 것인가? (+ 몇 가지 이야기),id:kaizennf,2026-01-03 10:24:23,5,5,0,2026-01-03 10:33:26,2026-01-03 11:11:14,9.05,19.766666666666666,0.0
18115518,저런 보험료를 내고 미국인들은 앞으로 어떻게 살랑가?,id:blue123,2026-01-04 13:06:20,5,5,0,2026-01-04 13:14:18,2026-01-04 15:58:44,7.966666666666667,30.633333333333333,0.0
18131340,왜 또 급발진 하시는분들이 많으실까...적당히 하세요.,id:ysy1214,2026-01-22 02:21:20,5,5,0,2026-01-22 02:33:55,2026-01-22 10:07:14,12.583333333333334,288.48333333333335,0.0
18131598,저는 합당 반대에요. 민주당과 대통령을 신용할 수 없음,id:rera,2026-01-22 11:24:49,5,5,0,2026-01-22 11:35:03,2026-01-22 18:21:03,10.233333333333333,304.15,0.0
18147629,이재명대통령이 이혜훈 지명한게 당원들한테 더 못할질 한거 아닌가?,id:yally1010,2026-02-10 06:43:28,5,4,0,2026-02-10 06:49:04,2026-02-10 08:37:29,5.6,15.683333333333334,0.0
18148290,이재명 대통령이 통인시장 가서 시민들에게 체감되는게 없다고 말했는데,id:impactx84,2026-02-10 17:08:59,5,4,0,2026-02-10 17:17:11,2026-02-10 17:23:15,8.2,12.716666666666667,0.0
18151374,이동형채널에 가장 최근 이재명 출연했을때였나??,id:rainshowerkk,2026-02-12 21:54:12,5,5,0,2026-02-12 21:59:30,2026-02-12 22:14:44,5.3,10.083333333333334,0.0
18154121,ytb)정준희가 보는 민주당,id:Tenhag,2026-02-16 23:21:28,5,5,0,2026-02-16 23:31:05,2026-02-17 06:58:19,9.616666666666667,58.6,0.0
18155034,닉언 죄송합니다.,id:j8wkfn,2026-02-18 02:35:35,5,2,0,2026-02-18 02:46:40,2026-02-18 03:18:26,11.083333333333334,16.25,0.0
18157500,뉴이재명 실체 작세라고 봐야할듯요,id:realysoccer,2026-02-20 23:31:08,5,5,0,2026-02-20 23:37:12,2026-02-21 00:32:46,6.066666666666666,17.916666666666668,0.0
18160025,"의원들은 민주당 내의 ‘하나회’, 공소취소모임에서 이탈하라.",id:bluepillz,2026-02-23 22:12:09,5,5,0,2026-02-23 22:25:17,2026-02-24 01:03:05,13.133333333333333,21.666666666666668,0.0
18162964,"이 대통령 ""이재명은 합니다…투자·투기용 1주택도 보유보다 매각 유리하게 할 것""",id:purelife,2026-02-27 10:07:57,5,5,0,2026-02-27 10:14:54,2026-02-27 12:57:08,6.95,40.666666666666664,0.0
18163766,이재명 대통령은 안동 가려나요?,id:bulbol,2026-02-28 09:07:53,5,5,0,2026-02-28 09:15:01,2026-02-28 09:43:10,7.133333333333334,10.366666666666667,0.0
18171853,pic) mbc 뉴스에 나온 뉴이재명 에 대해서 알아보자,id:soccerfw16,2026-03-06 23:00:00,5,5,0,2026-03-06 23:12:43,2026-03-07 06:50:48,12.716666666666667,63.983333333333334,0.0
18173215,딴지 운영자 지금 심각한 게,id:kglite,2026-03-08 03:24:07,5,5,0,2026-03-08 03:32:31,2026-03-08 09:20:31,8.4,18.966666666666665,0.0
18173555,"추미애 ""검찰개혁, 법사위에 맡겨라""‥한준호 ""대통령에 각 세우면 안 돼""",id:tkrhdgus1,2026-03-08 13:48:22,5,5,0,2026-03-08 13:55:25,2026-03-08 15:13:18,7.05,9.216666666666667,0.0
18179866,익명의 민주당의원이 말하는 기존지지층과 뉴이재명의 차이,id:euji,2026-03-13 17:19:39,5,5,0,2026-03-13 17:28:22,2026-03-13 17:42:36,8.716666666666667,11.45,0.0
18180316,재명이 덕에 아~~~주 명확해지는 게 있네요. 뭐 다들 아시겠지만.,id:colacup,2026-03-13 23:44:36,5,5,0,2026-03-13 23:55:40,2026-03-14 01:11:20,11.066666666666666,33.5,0.0
18183977,pic) 전현희 진짜 ㅋㅋㅋㅋㅋ,id:snakeheads,2026-03-17 04:44:01,5,5,0,2026-03-17 05:24:38,2026-03-17 11:55:22,40.61666666666667,226.51666666666668,0.0
18189649,이재명 주변으로 돌아가는 꼴이 박근혜 때 보는듯,id:deportivo7,2026-03-21 10:55:01,5,5,0,2026-03-21 11:00:03,2026-03-21 11:19:12,5.033333333333333,9.85,0.0
18195574,근데 미국 민주당은 뭐하나요....,id:hypeboy,2026-03-28 09:01:52,5,5,0,2026-03-28 09:08:58,2026-03-28 09:34:34,7.1,12.883333333333333,0.0
18216689,부동산)또다시 엇갈리는 당정청 대통령의 SNS와 지금이 진짜 최악의 상황인이유,id:qnflsdl,2026-04-20 13:28:43,5,5,0,2026-04-20 13:34:11,2026-04-20 13:54:57,5.466666666666667,12.25,0.0
18221916,오늘자 클로드가 정리한 사커라인 상황(4/27),id:opopgogo,2026-04-27 09:50:30,5,5,0,2026-04-27 09:56:00,2026-04-27 10:40:48,5.5,25.75,0.0
18223900,이제 국장에서 개별주의 상승 이유를 찾는 건 무의미합니다.,id:hudson8866,2026-04-29 16:04:16,5,5,0,2026-04-29 16:18:46,2026-04-29 16:35:14,14.5,28.216666666666665,0.0
18226474,pd수첩)외국 호텔에서 슬리퍼 끌고 일장 훈시한 김건희,id:sanapati,2026-05-03 08:22:39,5,4,0,2026-05-03 08:28:06,2026-05-03 09:49:59,5.45,64.83333333333333,0.0
18228663,뉴재명들은 송영길이 문재인 정청래 까면 그게 좋나?,id:bugfix,2026-05-05 17:02:39,5,5,0,2026-05-05 17:08:15,2026-05-05 17:19:38,5.6,8.033333333333333,0.0
18109430,여기서 민주당이 이혜훈을 어떻게 부적격을 때려요,id:FeelingGood,2025-12-28 17:02:03,4,4,0,2025-12-28 17:07:32,2025-12-28 17:32:27,5.483333333333333,23.049999999999997,0.0
18112035,그냥 이재명정부를 응원하는 마음이 사라졌습니다.,id:zkdltmffks,2025-12-30 21:37:24,4,4,0,2025-12-30 22:07:03,2025-12-30 22:22:33,29.65,33.30833333333334,0.0
18112123,참으로 관대하신 대통령 각하,id:messiya2022,2025-12-30 23:12:05,4,4,0,2025-12-30 23:27:26,2025-12-31 04:09:05,15.35,27.016666666666666,0.0
18121077,"[다소 주식] 북극항로와 미국, 중국, 러시아",id:flypcs20,2026-01-11 09:49:30,4,3,0,2026-01-11 09:56:40,2026-01-11 10:40:42,7.166666666666667,20.391666666666666,0.0
18122057,검찰개혁을 행정으로 보느냐 정치로 보느냐,id:modern21,2026-01-12 12:15:03,4,4,0,2026-01-12 12:22:03,2026-01-12 12:48:52,7.0,11.475,0.0
18122935,레드팀이 있어야 할곳은 청와대와 민주당임,id:bulbol,2026-01-13 05:46:16,4,4,0,2026-01-13 05:53:29,2026-01-13 07:14:20,7.216666666666667,13.833333333333334,0.0
18124909,"갈상돈 민주당 진주갑 위원장 ""최구식 입당 신청은 예의 없다""",id:bulbol,2026-01-14 20:34:10,4,4,0,2026-01-14 20:47:05,2026-01-14 20:55:35,12.916666666666666,18.491666666666667,0.0
18126764,이재명 대통령님의 이혜훈 지명에 대한 인식,id:bluepillz,2026-01-16 23:55:14,4,4,0,2026-01-17 00:04:25,2026-01-17 01:07:12,9.183333333333334,42.475,0.0
18126919,이동형은 싫어하고 그럴 문제가 아니라 위험 요소에요,id:hodoeel,2026-01-17 11:28:38,4,3,0,2026-01-17 11:40:49,2026-01-17 13:41:15,12.183333333333334,85.50833333333334,0.0
18132269,인간의 품격은 높은곳이 아니라 낮은곳에세 드러남,id:dosa0705,2026-01-23 04:24:14,4,4,0,2026-01-23 04:41:48,2026-01-23 12:25:53,17.566666666666666,240.275,0.0
18132319,여조 꽃은 근데 하우스 이펙트 너무심한거 같음,id:yally1010,2026-01-23 08:47:16,4,4,0,2026-01-23 08:56:24,2026-01-23 09:38:22,9.133333333333333,25.741666666666667,0.0
18132766,"pic)최민희 의원, 딸 축의금 관련 사진.",id:vincent85,2026-01-23 18:17:42,4,4,0,2026-01-23 18:24:46,2026-01-24 00:23:34,7.066666666666666,181.45000000000002,0.0
18133184,합당하면 박은정은 민주당에 계속 눌러앉혀놓으면 좋겠는데요,id:jun2312,2026-01-24 09:37:13,4,4,0,2026-01-24 10:03:07,2026-01-24 10:34:16,25.9,38.025,0.0
18134215,Pic)문재인 전 대통령 페북,id:regions,2026-01-25 18:44:44,4,4,0,2026-01-25 18:56:32,2026-01-25 19:29:34,11.8,30.383333333333333,0.0
18134772,pic) 조중동에서 '조선'을 분리해야 하는 이유.jpg,id:fantak,2026-01-26 08:56:20,4,4,0,2026-01-26 09:01:22,2026-01-26 10:43:12,5.033333333333333,57.41666666666667,0.0
18134775,트럼프도 지금 하는 짓거리보면 중간선거같은거 어쩌라고 중인거같은데,id:typoonj2,2026-01-26 09:03:59,4,4,0,2026-01-26 09:13:25,2026-01-26 09:53:23,9.433333333333334,25.358333333333334,0.0
18134820,"""상속세 0원"" 꼼수 빵집…이 대통령 지시에 국세청 전격 조사",id:kimdel77,2026-01-26 10:19:14,4,4,0,2026-01-26 10:24:28,2026-01-26 10:36:52,5.233333333333333,9.899999999999999,0.0
18135946,미국 민주당이 망한 원인들 간단하게 보자면 이게 아닌가 싶음.,id:big4587,2026-01-27 17:14:25,4,4,0,2026-01-27 17:21:01,2026-01-27 17:31:14,6.6,12.6,0.0
18137637,안농운이 할건 창당이나 개혁신당 가는건데,id:impactx84,2026-01-29 10:20:05,4,4,0,2026-01-29 10:27:42,2026-01-29 11:03:13,7.616666666666666,15.908333333333335,0.0
18139848,"이제 안철수나 이준석 같은 이과가 해야 돼, 똑똑하잖아",id:rascol,2026-02-01 11:19:32,4,4,0,2026-02-01 11:24:45,2026-02-01 13:21:25,5.216666666666667,26.033333333333335,0.0
18140982,개인적으로 민주당 시장 나오실 분들은 뭐 크게 짓는다 이거 남발 안했으면 하는게,id:impactx84,2026-02-02 17:54:34,4,4,0,2026-02-02 17:59:50,2026-02-02 18:13:19,5.266666666666667,7.325,0.0
18142630,NHK) 일본 정당 지지율,id:pearson19,2026-02-04 13:41:13,4,4,0,2026-02-04 14:08:08,2026-02-04 15:03:16,26.916666666666668,54.84166666666667,0.0
18144113,"pic) '2차 종합 특검' 권창영 ""정의가 강물처럼 흐르도록 최선 다할 것""",id:fantak,2026-02-06 11:15:33,4,4,0,2026-02-06 11:20:47,2026-02-06 12:15:48,5.233333333333333,13.883333333333333,0.0
18144744,저도 이재명 대통령에 실망중이지만,id:Pacojung102,2026-02-07 00:04:32,4,3,0,2026-02-07 00:19:56,2026-02-07 00:30:32,15.4,17.3,0.0
18147041,합당 문제부터 검찰개혁까지 솔직히 조금 괴롭네요,id:ehdtks9286,2026-02-09 15:39:52,4,4,0,2026-02-09 15:47:34,2026-02-09 16:24:00,7.7,14.125,0.0
18149344,설마 통진당하고 경기동부가 다시 붙은건 아니겠죠?,id:jiyoun1227,2026-02-11 05:43:40,4,2,0,2026-02-11 06:39:08,2026-02-11 07:07:30,55.46666666666667,76.20833333333333,0.0
18150506,이재명정부가 실용주의에 함몰되어 간다는 느낌을 지울수가 없네요..,id:say1673,2026-02-12 03:11:53,4,4,0,2026-02-12 05:20:56,2026-02-12 11:06:06,129.05,227.99166666666667,0.0
18151433,대표 흔들기는 민주당 유구한 역사 ㅋㅋㅋㅋ,id:malwool,2026-02-12 23:19:34,4,4,0,2026-02-12 23:26:07,2026-02-12 23:29:27,6.55,7.95,0.0
18151696,중국몽 타령하던 것들이랑 똑같은 능지.,id:lfcthismeans,2026-02-13 10:48:16,4,4,0,2026-02-13 10:58:15,2026-02-13 11:05:21,9.983333333333333,13.616666666666667,0.0
18152324,12년이나 17년이나 선거에 진건 일단 후보탓입니다.,id:ifleet,2026-02-14 06:41:14,4,4,0,2026-02-14 06:47:39,2026-02-14 07:16:13,6.416666666666667,27.85,0.0
18152329,민주당 대선은 정동영 빼고 다 대선후보들 제몫다함,id:impactx84,2026-02-14 07:09:40,4,4,0,2026-02-14 07:21:52,2026-02-14 09:14:32,12.2,40.21666666666667,0.0
18152915,"유튜브로 최강욱, 유시민 검색해보니..",id:roe2k,2026-02-15 02:42:15,4,4,0,2026-02-15 03:11:30,2026-02-15 10:42:05,29.25,311.4,0.0
18153437,청년들이 민주당에 등 돌린다는 말자체가 프레임이죠,id:impactx84,2026-02-16 07:00:58,4,4,0,2026-02-16 07:22:57,2026-02-16 08:40:29,21.983333333333334,42.275000000000006,0.0
18154162,싸줄에 잠입한 뉴명충 입장에선 당황스러울듯,id:xxvxx,2026-02-17 01:19:41,4,4,0,2026-02-17 01:25:30,2026-02-17 05:18:42,5.816666666666666,40.93333333333334,0.0
18156744,pic) 지귀연도 종교가 그쪽인가 ㄷㄷ,id:fantak,2026-02-19 21:51:18,4,4,0,2026-02-19 22:03:22,2026-02-20 00:20:12,12.066666666666666,55.525000000000006,0.0
18158352,손가혁들 과거 일베가 오유에게 하던 짓이 똑같아요,id:hodoeel,2026-02-22 10:35:29,4,4,0,2026-02-22 10:43:58,2026-02-22 11:56:47,8.483333333333333,19.166666666666668,0.0
18159819,오늘 홍사훈쇼 너무 씁쓸하네요..,id:euji,2026-02-23 17:59:50,4,4,0,2026-02-23 18:06:33,2026-02-23 18:22:42,6.716666666666667,9.516666666666666,0.0
18162042,"③민주 차기 당대표 3자대결, 정청래·송영길·김민석 '접전'",id:rascol,2026-02-26 09:46:27,4,4,0,2026-02-26 09:51:58,2026-02-26 10:17:19,5.516666666666667,10.8,0.0
18163793,섹백이 설마 '내란' 은 탄핵이 아니란 주장을 하는건가요,id:lfcthismeans,2026-02-28 09:55:25,4,4,0,2026-02-28 10:01:48,2026-02-28 10:33:54,6.383333333333334,9.991666666666667,0.0
18166790,이런 상황 어느 정도는 예상했었는데,id:mnyj,2026-03-02 21:36:07,4,4,0,2026-03-02 21:41:16,2026-03-02 21:49:51,5.15,7.208333333333333,0.0
18170934,법왜곡죄로 충분하다 판단한 건 아닐까요?,id:kp5189jp,2026-03-06 05:47:58,4,4,0,2026-03-06 06:08:58,2026-03-06 06:57:22,21.0,54.05833333333334,0.0
18173206,문통은 그냥 제 인생 goat임,id:hobro,2026-03-08 02:15:34,4,4,0,2026-03-08 02:25:56,2026-03-08 08:41:38,10.366666666666667,20.85,0.0
18174694,부동산)이재명 정부의 부동산 정책실패에 속고 있는 주요사항들 두번째 이야기,id:qnflsdl,2026-03-09 12:12:54,4,4,0,2026-03-09 12:21:23,2026-03-09 12:50:22,8.483333333333333,19.991666666666667,0.0
18177004,어제 김규현이 한 말이 어떤 거와 똑같냐면요,id:kglite,2026-03-11 09:34:23,4,4,0,2026-03-11 09:39:37,2026-03-11 09:56:45,5.233333333333333,10.291666666666668,0.0
18178077,임은정 검사의 문자는 정부안을 만든 주체가 이재명이 아닌 정성호라고 이야기하는 것 같네요.,id:roe2k,2026-03-12 00:38:24,4,4,0,2026-03-12 00:55:28,2026-03-12 12:51:03,17.066666666666666,421.73333333333335,0.0
18178586,대구에서 느끼는 이재명 지지율 상승요인..,id:yeodarl,2026-03-12 14:09:28,4,3,0,2026-03-12 14:14:43,2026-03-12 14:26:16,5.25,10.158333333333333,0.0
18180113,이재명 대통령은 누가 진정 자기를 위하는건지 판단해야야함,id:edh2och,2026-03-13 20:46:29,4,4,0,2026-03-13 20:53:44,2026-03-13 21:13:15,7.25,18.7,0.0
18189181,그알 제작진 이재명 조폭연루방송 공식사과 했네요,id:rukk7812,2026-03-20 20:23:18,4,4,0,2026-03-20 20:34:39,2026-03-20 20:47:39,11.35,14.916666666666668,0.0
18189465,박찬대는 씁쓸하겠네요,id:bookae1,2026-03-21 02:50:58,4,4,0,2026-03-21 02:56:37,2026-03-21 10:39:15,5.65,456.7583333333333,0.0
18190529,B들은 ‘검찰개혁’ 이나 ‘유시민’ 이 가지는 의미를 모르는듯,id:mmq0626,2026-03-22 01:11:23,4,4,0,2026-03-22 08:20:57,2026-03-22 09:59:33,429.56666666666666,464.93333333333334,0.0
18190913,정민철인가 그거 전체 발언 들어보려고,id:lfcthismeans,2026-03-22 15:49:27,4,4,0,2026-03-22 16:03:20,2026-03-22 16:25:28,13.883333333333333,25.40833333333333,0.0
18192084,한준호는 젊은 나이에 여당 최고위원하고 이미지 좋고,id:hypeboy,2026-03-23 21:10:07,4,4,0,2026-03-23 21:15:33,2026-03-24 00:56:13,5.433333333333334,18.408333333333335,0.0
18193039,민주진영의 인물들을 상대로 된 공격이 선거와 너무 시기적으로 맞물려요,id:impactx84,2026-03-25 07:31:06,4,4,0,2026-03-25 07:41:09,2026-03-25 09:52:40,10.05,19.266666666666666,0.0
18193473,개인적으로 이 정권 들어 이해안가는 부분이 지지율 뽕입니다,id:stynerkn,2026-03-25 16:45:29,4,4,0,2026-03-25 16:56:20,2026-03-25 17:37:28,10.85,14.625,0.0
18193507,전국언론노조 성명문,id:bulbol,2026-03-25 17:29:24,4,4,0,2026-03-25 17:39:41,2026-03-25 17:55:24,10.283333333333333,15.791666666666668,0.0
18194472,뉴공 이재석 방송에서 드러난 기자 수준 KBS>MBC>한겨레>프리랜서>경향,id:wjqslek,2026-03-26 19:23:42,4,3,0,2026-03-26 19:30:53,2026-03-26 19:52:06,7.183333333333334,12.708333333333334,0.0
18194956,pic) 이재명 sns,id:summernight,2026-03-27 11:21:03,4,4,0,2026-03-27 11:28:45,2026-03-27 11:50:16,7.7,13.608333333333334,0.0
18201020,YTB) 실제 대선 캠프에서 활동한 조폭 '성남 국제마피아 파',id:wind1123,2026-04-02 12:36:13,4,4,0,2026-04-02 12:50:47,2026-04-02 19:47:47,14.566666666666666,17.391666666666666,0.0
18202386,한국에서 미국 정치에서의 유대계 미국인들을 오해하는 경우가 많은듯,id:Cvc77777,2026-04-04 02:27:48,4,4,0,2026-04-04 03:14:52,2026-04-04 07:38:16,47.06666666666667,68.51666666666667,0.0
18202969,"월말 김어준, 간부정당에서 당원주권정당으로 (feat. 유시민, 정청래 내용 약간)",id:oasiticjoo19,2026-04-04 20:08:18,4,4,0,2026-04-04 20:15:06,2026-04-04 20:24:50,6.8,9.308333333333334,0.0
18207250,유시민과 박주민 대담 재밌네요 행정과 정치가 뭐가 다르냐 부분에서,id:rukk7812,2026-04-10 09:26:17,4,4,0,2026-04-10 09:32:08,2026-04-10 10:05:02,5.85,14.75,0.0
18209920,이스라엘이 K-방산 소프트웨어에 큰 도움이 되는 건 사실,id:toninho07,2026-04-13 09:36:26,4,4,0,2026-04-13 09:43:30,2026-04-13 11:36:16,7.066666666666666,21.833333333333332,0.0
18210678,"jpg) 민주당 의원 10여명 출동... ""김용은 무죄다""",id:bugfix,2026-04-14 06:40:56,4,4,0,2026-04-14 06:57:43,2026-04-14 08:24:23,16.783333333333335,27.4,0.0
18216851,저는 이재명 정부 성공을 바랍니다,id:makaloni,2026-04-20 17:40:22,4,4,0,2026-04-20 17:47:38,2026-04-20 18:05:40,7.266666666666667,10.358333333333334,0.0
18218061,오늘자 클로드가 정리한 사커라인 상황(4/22),id:opopgogo,2026-04-22 11:35:47,4,4,0,2026-04-22 11:43:44,2026-04-22 13:04:07,7.95,17.941666666666666,0.0
18226585,pic)민주당은 항상 대규모 참사가 일어날 때 마다 진상규명이라는 말을 되풀이한다,id:bundes1,2026-05-03 12:57:37,4,4,0,2026-05-03 13:07:51,2026-05-03 13:38:38,10.233333333333333,25.15,0.0
18227099,트럼프의 유럽산 자동차에 25프로 관세부과가 현실화된다면,id:blue123,2026-05-03 21:51:50,4,4,0,2026-05-03 22:01:31,2026-05-03 22:50:01,9.683333333333334,23.258333333333333,0.0
18227843,개인적으로 오늘 최욱 최악의 발언,id:hopes,2026-05-04 16:01:07,4,4,0,2026-05-04 16:07:53,2026-05-04 16:23:27,6.766666666666667,12.891666666666666,0.0
18104728,pic) 현 20대의 모습은 10년전에 이미 예견된거임,id:ngis11,2025-12-22 14:46:11,3,3,0,2025-12-22 15:03:21,2025-12-22 15:14:59,17.166666666666668,25.916666666666668,0.0
18111631,"김병기 사퇴' 민주, 내달 11일 최고위원·원내대표 보선 함께 치른다",id:bvbreus11,2025-12-30 14:35:43,3,3,0,2025-12-30 14:43:18,2025-12-30 15:06:22,7.583333333333333,8.866666666666667,0.0
18113500,잇싸라고 확신되는 애들 주시하는데.,id:hodoeel,2026-01-01 12:29:19,3,3,0,2026-01-01 12:42:17,2026-01-01 13:18:54,12.966666666666667,22.383333333333333,0.0
18114613,이재명...이런거보면 대단하긴 함,id:hypeboy,2026-01-02 23:29:28,3,3,0,2026-01-02 23:35:09,2026-01-03 07:00:44,5.683333333333334,16.266666666666666,0.0
18114709,차기 민주당 원내사령탑은 누구일까…박정·백혜련·진성준·한병도 ‘4파전’,id:naco16,2026-01-03 08:17:07,3,3,0,2026-01-03 08:52:33,2026-01-03 10:40:18,35.43333333333333,90.18333333333334,0.0
18118385,"[단독]尹, 2022년 국정원장에 ‘서해 피격 고발하라’ 지시",id:regions,2026-01-07 19:59:38,3,3,0,2026-01-07 20:04:50,2026-01-07 20:22:31,5.2,8.666666666666666,0.0
18120075,어수룩 주의) 형님들 주담대 4.08이면 괜찮은건가유...,id:kim2pac,2026-01-09 20:01:40,3,3,0,2026-01-09 20:21:11,2026-01-09 20:49:57,19.516666666666666,39.11666666666667,0.0
18121395,내일 발표될 중수청 법안 내용이 조금씩 기사로 흘러나오고 있는데,id:bulbol,2026-01-11 18:00:56,3,3,0,2026-01-11 18:14:18,2026-01-11 19:04:19,13.366666666666667,15.766666666666667,0.0
18122339,제가 보는 커뮤에서는 대통령 해외순방가니,id:jj1211,2026-01-12 16:18:20,3,3,0,2026-01-12 16:27:42,2026-01-12 16:55:13,9.366666666666667,33.9,0.0
18123969,역시나 남천동 검찰개혁 이야기 할 꺼 같았는데,id:alfatini,2026-01-13 21:20:24,3,3,0,2026-01-13 21:29:37,2026-01-13 22:19:30,9.216666666666667,17.116666666666667,0.0
18124423,이재명의 검찰은 다르다' 워딩에 놀랄 필요없어요,id:itaibogi,2026-01-14 09:27:21,3,3,0,2026-01-14 09:32:31,2026-01-14 09:40:54,5.166666666666667,5.95,0.0
18131069,계속 정부 개혁안으로 가는걸로 결정되면 막을수 없습니다,id:solution78,2026-01-21 19:40:56,3,3,0,2026-01-21 20:00:15,2026-01-22 14:34:02,19.316666666666666,249.21666666666667,0.0
18131790,"""성적 좋아도 소용없다""…KAIST도 학폭 지원자 전원 탈락",id:regions,2026-01-22 14:39:03,3,3,0,2026-01-22 14:45:49,2026-01-22 14:57:01,6.766666666666667,17.433333333333334,0.0
18133593,가족이랑 검찰개혁으로 설전 벌였습니다,id:hodoeel,2026-01-24 19:58:25,3,3,0,2026-01-24 20:06:16,2026-01-24 20:15:17,7.85,9.4,0.0
18133714,(유튭)환율이 올라간 이유(1500원이상이 정상),id:mhp3rd,2026-01-25 00:00:48,3,3,0,2026-01-25 00:06:57,2026-01-25 08:09:35,6.15,279.5833333333333,0.0
18141225,그러니까 처음부터 이럴 작정이었던거죠,id:todfndl12,2026-02-02 21:03:18,3,3,0,2026-02-02 21:08:25,2026-02-02 21:11:46,5.116666666666666,5.6,0.0
18144213,아래 글에서 호벤저스+ 찰쓰 일당 보다,id:cytokine1234,2026-02-06 13:04:30,3,3,0,2026-02-06 13:09:55,2026-02-06 13:20:22,5.416666666666667,14.916666666666666,0.0
18144761,문재인대통령때 신나게 대통령까던 인간들이,id:Webhead,2026-02-07 00:43:57,3,3,0,2026-02-07 01:18:34,2026-02-07 01:50:32,34.61666666666667,36.833333333333336,0.0
18144799,찬반 투표를 하면 다 찬성인데 무슨 의미가 있느냐. 그게 대표적인 중우정치,id:bulbol,2026-02-07 05:39:42,3,3,0,2026-02-07 06:06:58,2026-02-07 06:30:03,27.266666666666666,42.56666666666667,0.0
18144939,정부 부동산 정책 안먹힌다는것도 부동산 팔이들 허상인 이유,id:kanginmom,2026-02-07 11:53:12,3,2,0,2026-02-07 12:34:25,2026-02-07 12:40:14,41.21666666666667,44.733333333333334,0.0
18144946,이해찬 회고록,id:authur,2026-02-07 11:56:57,3,3,0,2026-02-07 12:14:43,2026-02-07 12:45:40,17.766666666666666,41.78333333333333,0.0
18145240,이재명 대통령 쉴드하시는 분들은 '이혜훈 임명한 업보' 라고 생각하십시오,id:wind1123,2026-02-07 21:36:55,3,2,0,2026-02-07 21:42:51,2026-02-07 22:10:19,5.933333333333334,26.0,0.0
18145528,우리가 까고 싶어서 까는줄 아냐 ?,id:lfcthismeans,2026-02-08 00:48:27,3,3,0,2026-02-08 01:03:18,2026-02-08 04:01:33,14.85,107.01666666666667,0.0
18146283,확실한 것은 역대 민주당 정부 중에서 가장 저렴한 청와대 수준,id:juventus82,2026-02-08 21:16:46,3,3,0,2026-02-08 21:23:08,2026-02-08 22:56:06,6.366666666666666,21.033333333333335,0.0
18147087,지금 정부의 정책과 경제 상황이 좀 매우 위태해 보이고 불만입니다.,id:qnflsdl,2026-02-09 16:33:34,3,3,0,2026-02-09 16:38:40,2026-02-09 16:48:03,5.1,14.35,0.0
18149331,MBC에 대한 단상,id:hs10107,2026-02-11 04:30:00,3,3,0,2026-02-11 05:06:09,2026-02-11 07:48:20,36.15,174.21666666666667,0.0
18150608,매불쇼 어제자 라이브 영상 댓글창이 진짜 레전드긴 하네요,id:hannavi814,2026-02-12 09:01:17,3,3,0,2026-02-12 09:07:27,2026-02-12 09:22:53,6.166666666666667,8.35,0.0
18153014,권력의 꿀이 얼마나 달콤한지 명파리들이 들끓네요,id:todfndl12,2026-02-15 10:46:40,3,3,0,2026-02-15 11:03:30,2026-02-15 12:05:44,16.833333333333332,40.46666666666667,0.0
18153352,한동훈 설치는거 넘 꼴보기 싫은데,id:LJM1389,2026-02-15 22:36:35,3,3,0,2026-02-15 22:42:10,2026-02-16 00:23:31,5.583333333333333,12.25,0.0
18154106,정치인의 평가잣대중 철학이 0순위가 될수밖에 없는이유,id:ManU01,2026-02-16 22:52:31,3,3,0,2026-02-16 22:58:39,2026-02-16 23:13:31,6.133333333333334,9.4,0.0
18154184,김민석이 이재명 통수친 게 밝혀지면서 버림 당했나보네요,id:ejirall,2026-02-17 06:09:41,3,3,0,2026-02-17 07:52:38,2026-02-17 13:29:36,102.95,266.8333333333333,0.0
18154512,이재명 갈라치기인가 이재명박의 시작인가..,id:armwear,2026-02-17 15:10:07,3,3,0,2026-02-17 15:23:24,2026-02-17 15:54:51,13.283333333333333,42.68333333333333,0.0
18155118,해시티비 댓글창만 봐도 대번에 알수 있는 사실.,id:lfcthismeans,2026-02-18 09:19:53,3,3,0,2026-02-18 09:25:56,2026-02-18 09:38:04,6.05,7.083333333333333,0.0
18155386,누가 나 박제.저격까지 했네. 아니 누굴 올려치든 메세지가 맘에 안들면 메세지를 공격하세요,id:armwear,2026-02-18 15:41:00,3,3,0,2026-02-18 15:54:07,2026-02-18 16:06:31,13.116666666666667,15.45,0.0
18155399,이재명이 공약대로 검찰개혁 했으면 현 민주당 내 갈등은 안 생겼을 듯,id:6830,2026-02-18 16:00:08,3,3,0,2026-02-18 16:36:25,2026-02-18 16:50:27,36.28333333333333,38.06666666666667,0.0
18156853,양이원영이 이언주 복당때 유일하게 사과하라고 함,id:bulbol,2026-02-20 02:51:25,3,3,0,2026-02-20 02:57:35,2026-02-20 04:41:19,6.166666666666667,40.11666666666667,0.0
18157608,pic) 뉴이재명 그룹 페북 관리자(펌),id:pearson19,2026-02-21 09:10:54,3,3,0,2026-02-21 09:36:15,2026-02-21 10:01:39,25.35,29.366666666666667,0.0
18157648,[pic] 민주당 공소취소 촉구는 모임을 만든 게 문제인거죠?,id:yoon4859,2026-02-21 10:13:31,3,3,0,2026-02-21 10:19:51,2026-02-21 10:57:57,6.333333333333333,8.7,0.0
18159173,민주당 시끄럽나보네요.,id:twija100,2026-02-23 08:22:21,3,3,0,2026-02-23 08:28:06,2026-02-23 09:30:26,5.75,26.433333333333334,0.0
18159497,검찰 개혁,id:j8wkfn,2026-02-23 13:19:21,3,2,0,2026-02-23 13:30:37,2026-02-23 13:39:55,11.266666666666667,12.966666666666667,0.0
18159810,"""재판소원은 헌법 27조 위반""…법원서 “헌재와 교류 끊자” 목소리",id:pucrinyesir,2026-02-23 17:43:42,3,3,0,2026-02-23 17:51:21,2026-02-23 18:24:46,7.65,29.05,0.0
18160260,이재명이 던져다주는건 죄다 씨레기 뿐이네,id:jeffkent,2026-02-24 09:51:00,3,3,0,2026-02-24 10:01:12,2026-02-24 10:02:39,10.2,11.1,0.0
18160897,왜 이렇게 정신들 못차리지..?,id:ttkwnffj,2026-02-24 22:27:31,3,3,0,2026-02-24 22:34:08,2026-02-24 22:48:02,6.616666666666666,7.033333333333333,0.0
18160976,장문) 문통 지지자들이 얼마나 훌륭한지 알 수 있는 요즘입니다,id:qhdtlsdl,2026-02-24 23:56:17,3,3,0,2026-02-25 00:02:48,2026-02-25 00:10:53,6.516666666666667,14.3,0.0
18161708,"美 국무부 고위인사들, 손현보 목사 면담…""소통의 일환""",id:grit,2026-02-25 18:55:31,3,3,0,2026-02-25 19:04:08,2026-02-25 23:24:35,8.616666666666667,18.583333333333332,0.0
18163026,오창석때문에 장르만여의도 풀영상 봤는데,id:geni0,2026-02-27 11:02:21,3,3,0,2026-02-27 11:08:19,2026-02-27 11:11:55,5.966666666666667,7.75,0.0
18163401,PIC) 이재명 아파트 엠베 반응,id:PabloGavi,2026-02-27 18:19:50,3,3,0,2026-02-27 18:27:53,2026-02-27 18:48:56,8.05,15.25,0.0
18168298,이재명은 그냥 공무원들 조지는 영상만 올라오면된다고 생각하는듯,id:FeelingGood,2026-03-04 10:48:07,3,3,0,2026-03-04 11:13:25,2026-03-04 11:26:28,25.3,29.95,0.0
18172082,이재명 연임이 대통령 연임보다는 내각제 개헌한후 총리로 한번 더 해먹는다 뭐 이런거라고,id:rukk7812,2026-03-07 10:47:21,3,3,0,2026-03-07 10:52:27,2026-03-07 12:22:12,5.1,13.266666666666667,0.0
18172681,당원들 뒷통수 치고 무시하는 아주 토나오는 2월 의원총회에서의 정청래의 발언,id:zero080,2026-03-07 20:22:00,3,3,0,2026-03-07 20:28:34,2026-03-07 20:55:01,6.566666666666666,22.4,0.0
18172713,[단독] 정준호 민주당 의원 '900억 폰지사기범'으로부터 거액 수수 의혹,id:zero080,2026-03-07 20:46:48,3,3,0,2026-03-07 20:58:38,2026-03-07 21:34:55,11.833333333333334,18.583333333333332,0.0
18176912,검찰개혁 못하면 결국 정권재창출도 힘들어짐,id:yo821281,2026-03-11 08:01:33,3,3,0,2026-03-11 08:13:41,2026-03-11 09:41:27,12.133333333333333,24.1,0.0
18177632,이재명 행보가 어렴풋이 이해되는 듯,id:kakaka10,2026-03-11 18:28:20,3,2,0,2026-03-11 18:34:06,2026-03-11 18:44:13,5.766666666666667,10.2,0.0
18178100,이동형 저새끼는 역대 최악의 플레이어,id:solution78,2026-03-12 01:37:53,3,3,0,2026-03-12 01:57:23,2026-03-12 03:47:23,19.5,57.03333333333333,0.0
18181007,Pic) 문재인 욕하는 송영길이 좋아하는 정치인,id:hyeok497,2026-03-14 19:13:07,3,3,0,2026-03-14 19:19:34,2026-03-14 19:38:52,6.45,17.1,0.0
18181355,문통탓 그만쫌 쳐해라 정치혐오 올거같음(댓글 오류 땜에 다시 작성),id:acerbong,2026-03-15 02:35:29,3,3,0,2026-03-15 02:57:03,2026-03-15 09:25:18,21.566666666666666,218.81666666666666,0.0
18182010,싸줄 변했네요 = 내가 좋아 죽겠는 이재명 욕하지마 쒸익쒸익!,id:horizon,2026-03-15 19:45:52,3,2,0,2026-03-15 19:53:15,2026-03-15 20:03:11,7.383333333333334,12.2,0.0
18182839,어후 출근길에 민주당 지선예비후보들 보는데 천불이남,id:rhcp11,2026-03-16 07:49:18,3,3,0,2026-03-16 08:00:15,2026-03-16 08:02:25,10.95,11.866666666666667,0.0
18183967,무려 17년의 기다림입니다.,id:dleoduq1234,2026-03-17 01:22:44,3,2,0,2026-03-17 02:16:40,2026-03-17 05:43:08,53.93333333333333,56.28333333333333,0.0
18185383,이재명이 sns로 정청래 치하한적이 한 번이라도 있나요??,id:horizon,2026-03-18 07:54:58,3,2,0,2026-03-18 08:00:15,2026-03-18 08:05:55,5.283333333333333,6.25,0.0
18188212,섹백이 저거 심각한 실언인게,id:kglite,2026-03-20 06:38:10,3,3,0,2026-03-20 06:44:51,2026-03-20 06:56:09,6.683333333333334,8.483333333333333,0.0
18188984,경상도 2찍놈들이 A다?저는 동의 안합니다.,id:KINGBATI,2026-03-20 16:50:04,3,3,0,2026-03-20 16:59:16,2026-03-20 17:18:02,9.2,23.55,0.0
18190683,딴지정도가 탄핵여론 조장이면.. 싸커라인은 진짜 뒤집어 질텐데,id:dleoduq1234,2026-03-22 11:04:44,3,3,0,2026-03-22 11:18:03,2026-03-22 12:04:54,13.316666666666666,58.766666666666666,0.0
18190691,딴지 탁핵이야긴 전형적인 프레임질임,id:impactx84,2026-03-22 11:16:32,3,3,0,2026-03-22 11:30:00,2026-03-22 12:10:33,13.466666666666667,31.616666666666667,0.0
18192980,"검찰, 김정숙 여사 '특활비로 옷 구매 의혹' 무혐의 종결",id:tkrhdgus1,2026-03-24 23:55:35,3,3,0,2026-03-25 00:00:43,2026-03-25 00:08:07,5.133333333333334,9.383333333333333,0.0
18193057,pic) 민주당 어르신 생활수리 '그냥해드림센터' 전국 설치 추진,id:dadoocom,2026-03-25 08:12:23,3,3,0,2026-03-25 08:47:52,2026-03-25 08:59:11,35.483333333333334,38.36666666666667,0.0
18193525,그것이 알고 싶다는 진짜 폐지 했으면 합니다,id:makaloni,2026-03-25 17:59:23,3,3,0,2026-03-25 18:08:07,2026-03-25 18:16:53,8.733333333333333,15.616666666666667,0.0
18194924,계곡 상인과 전격전 총력전 중인 짬통 정부 근황,id:cytokine1234,2026-03-27 10:54:02,3,3,0,2026-03-27 11:00:03,2026-03-27 11:03:05,6.016666666666667,7.066666666666666,0.0
18194973,서브 퀘스트만 존나게 하는 느낌.,id:lfcthismeans,2026-03-27 11:39:52,3,3,0,2026-03-27 11:46:30,2026-03-27 12:17:36,6.633333333333334,24.533333333333335,0.0
18195564,이재명 대통령 “다주택 공직자에 매각 강요 없다…집값 안정은 정책으로 충분”,id:bulbol,2026-03-28 08:33:35,3,3,0,2026-03-28 08:53:02,2026-03-28 09:10:45,19.45,21.883333333333333,0.0
18196030,(pic) 유시민이 설명하는 당원 민주주의가 왜 중요한가,id:rukk7812,2026-03-28 18:58:49,3,3,0,2026-03-28 19:03:53,2026-03-28 19:37:19,5.066666666666666,5.633333333333334,0.0
18204282,제2의 종편을 꿈꾸는 곳이 있다네요,id:whddlqlgodrl,2026-04-06 17:36:25,3,3,0,2026-04-06 17:45:23,2026-04-06 17:47:36,8.966666666666667,9.766666666666667,0.0
18205060,"국민의힘, 李 대통령에 ""개헌 전 중임·연임 않겠다"" 선언 요구",id:joohakmoo,2026-04-07 16:43:29,3,3,0,2026-04-07 16:56:00,2026-04-07 17:14:00,12.516666666666667,16.033333333333335,0.0
18205624,정원오: 내가 가장 민주당스러운 후보다,id:rukk7812,2026-04-08 08:43:20,3,3,0,2026-04-08 08:55:30,2026-04-08 09:51:03,12.166666666666666,23.716666666666665,0.0
18206840,전한길피셜 순복음교회는 좌파교회 ㅋㅋㅋ,id:pearson19,2026-04-09 16:50:14,3,3,0,2026-04-09 17:03:11,2026-04-09 17:22:27,12.95,20.983333333333334,0.0
18208515,[정잘알] 갈라쳐지는게 싫으면 이재명이 해야되는건 간단함,id:donka,2026-04-11 17:57:17,3,3,0,2026-04-11 18:04:00,2026-04-11 18:16:48,6.716666666666667,6.9,0.0
18210715,짬통은 역대 민주당 대통령들에 비해 말솜씨든 표현력이든 많이 부족함.,id:KINGBATI,2026-04-14 08:31:07,3,3,0,2026-04-14 08:40:43,2026-04-14 09:37:32,9.6,14.816666666666666,0.0
18216995,이재명 정부의 외교 방향은 먼가요,id:FeelingGood,2026-04-20 21:06:56,3,3,0,2026-04-20 21:26:16,2026-04-20 22:26:33,19.333333333333332,31.433333333333334,0.0
18218145,(번역) 기독교 내셔널리즘의 균열: 제국 쇠퇴기의 파시즘적 종교현상,id:pearson19,2026-04-22 13:49:42,3,3,0,2026-04-22 14:03:24,2026-04-22 15:18:38,13.7,21.683333333333334,0.0
18222139,pic) 오은영이 체벌을 반대하는 이유,id:radioshot1,2026-04-27 15:48:55,3,3,0,2026-04-27 16:05:05,2026-04-27 16:15:00,16.166666666666668,23.283333333333335,0.0
18222473,평택 단일화 실패하면 의석은 사실상 날라간다고 보고,id:juventus82,2026-04-27 23:33:15,3,3,0,2026-04-28 02:05:51,2026-04-28 06:04:00,152.6,295.0,0.0
18223865,만약에 평택을 3인 후보들이 단일화를 위한 투표를 한다고 하면.....,id:ifleet,2026-04-29 15:08:18,3,3,0,2026-04-29 15:14:16,2026-04-29 15:46:04,5.966666666666667,23.633333333333333,0.0
18224473,"PASOK화, 유럽 중도좌파의 흥미로운 죽음",id:pearson19,2026-04-30 12:24:44,3,3,0,2026-04-30 12:29:56,2026-04-30 12:37:33,5.2,6.55,0.0
18225585,"펌) 전한길과 절교했던 김호창씨,이정주 기자 극딜(토론제안)",id:bugfix,2026-05-02 05:56:25,3,3,0,2026-05-02 06:43:16,2026-05-02 08:28:51,46.85,139.88333333333333,0.0
18226459,정청래를 쳐내는게 아니라 과도한 선해까지 해줄 필요가 있냐는 말입니다.,id:bulbol,2026-05-03 06:54:01,3,3,0,2026-05-03 07:40:35,2026-05-03 08:00:00,46.56666666666667,59.71666666666667,0.0
18226764,"소비 살아났다며? 돈 다 어디로?""…장사 안되는 이유[세쓸통]",id:blue123,2026-05-03 16:38:52,3,3,0,2026-05-03 16:44:57,2026-05-03 16:55:35,6.083333333333333,7.733333333333333,0.0
18101716,"[단독] 윤영호-한학자 대화 녹음 ""윤석열 밀었는데, 이재명 됐으면 작살났다""",id:snap23,2025-12-18 06:10:44,2,2,0,2025-12-18 07:53:06,2025-12-18 08:57:22,102.36666666666666,134.5,0.0
18103106,현직 쿠팡 (파트타임) 일용직 노동자로 개소리들 반박,id:Grassland,2025-12-20 10:39:55,2,2,0,2025-12-20 10:51:34,2025-12-20 11:00:23,11.65,16.058333333333334,0.0
18106317,김건희는 얼굴보면 성형 엄청나게 한 티가 나긴하네요,id:joohakmoo,2025-12-24 13:52:34,2,2,0,2025-12-24 14:03:33,2025-12-24 14:07:54,10.983333333333333,13.158333333333333,0.0
18106486,쿠팡 물류센터 구급차 출동 올해 384건…3년새 98건 늘었다,id:regions,2025-12-24 16:29:08,2,2,0,2025-12-24 16:34:20,2025-12-25 20:28:32,5.2,842.3000000000001,0.0
18107323,문진석 '인사청탁'·김병기 '숙박권'에 다 조용···민주당의 '제 식구 감싸기',id:bulbol,2025-12-25 21:49:07,2,2,0,2025-12-25 22:06:29,2025-12-25 22:11:46,17.366666666666667,20.008333333333333,0.0
18108059,동작구는 진짜 국회의원 복이 없는 듯,id:yp107,2025-12-26 22:38:54,2,2,0,2025-12-26 22:49:09,2025-12-26 23:13:16,10.25,22.308333333333334,0.0
18108173,"[사설] ‘서해 공무원 사건’ 전원 무죄, 이런 검찰에 수사권 남길 건가",id:bulbol,2025-12-27 08:42:03,2,2,0,2025-12-27 09:00:41,2025-12-27 09:31:39,18.633333333333333,34.11666666666667,0.0
18108678,"[단독] ""김병기, 아들 예비군 훈련 연기하라고…모멸감""",id:naco16,2025-12-27 22:02:57,2,2,0,2025-12-27 22:09:03,2025-12-27 22:10:36,6.1,6.875,0.0
18109779,그냥 대시민 말만 들으면 되는데,id:messiya2022,2025-12-28 21:46:42,2,2,0,2025-12-28 21:51:52,2025-12-28 22:06:30,5.166666666666667,12.483333333333334,0.0
18111963,대통령 입에서 통합이란 말이 나왔는데 누구랑 통합함?,id:juventus82,2025-12-30 20:27:13,2,2,0,2025-12-30 20:36:31,2025-12-30 20:38:49,9.3,10.45,0.0
18112116,Pic) 이재명의 백악관 황금열쇠 언박싱,id:hyeok497,2025-12-30 23:09:02,2,2,0,2025-12-30 23:30:25,2025-12-30 23:58:57,21.383333333333333,35.65,0.0
18112415,이혜훈 뭐 억지로 쓰려면 국민들께 공손하게 읍소라도 하든가 했어야죠.,id:rukk7812,2025-12-31 08:51:17,2,2,0,2025-12-31 08:57:33,2025-12-31 09:04:53,6.266666666666667,9.933333333333334,0.0
18112618,쿠팡 로저스 대표 택배체험하자는 제안에 대해 하겠다고 대답,id:adkse,2025-12-31 12:26:50,2,2,0,2025-12-31 12:39:33,2025-12-31 12:45:56,12.716666666666667,15.908333333333335,0.0
18112716,이재명 대통령에게 실망했어요.,id:kohs98,2025-12-31 14:30:50,2,2,0,2025-12-31 14:53:53,2025-12-31 15:06:17,23.05,29.25,0.0
18113640,"[속보] 정청래 ""끊어낼 것은 끊어야""…'김병기 비공개 윤리감찰' 공개",id:bvbreus11,2026-01-01 15:44:40,2,2,0,2026-01-01 16:07:33,2026-01-01 16:14:28,22.883333333333333,26.34166666666667,0.0
18114113,이혜훈 반응만 보더라도 공작이 심각한지..,id:hodoeel,2026-01-02 11:18:00,2,2,0,2026-01-02 11:35:47,2026-01-02 11:54:52,17.783333333333335,27.325000000000003,0.0
18114227,민주당 자체적으론 지방선거 분위기 괜찮나 봄,id:alfatini,2026-01-02 14:13:48,2,2,0,2026-01-02 14:24:42,2026-01-02 14:31:27,10.9,14.274999999999999,0.0
18115436,pic) 어제 스칸디나비아 정치 번역글 이해를 위한 정당 간략 소개,id:pearson19,2026-01-04 10:50:27,2,2,0,2026-01-04 11:31:48,2026-01-04 12:12:06,41.35,61.5,0.0
18116354,"조선일보 때린 장예찬의 훈계 ""논설위원들, 누구 가르치기 전에 자신부터 돌아봐라""",id:bulbol,2026-01-05 11:46:27,2,2,0,2026-01-05 11:55:12,2026-01-05 11:56:26,8.75,9.366666666666667,0.0
18116891,#2. 이혜훈이 임명 후에 고발/기소되면 어쩌려고 이러나..,id:bluepillz,2026-01-05 21:11:25,2,2,0,2026-01-05 21:26:55,2026-01-05 21:45:41,15.5,24.883333333333333,0.0
18117039,pic 실베 신인규 글을 보고 해당 영상 올라온 유튜브 채널을 보는데,id:impactx84,2026-01-06 06:25:19,2,2,0,2026-01-06 07:37:42,2026-01-06 08:49:45,72.38333333333334,108.40833333333333,0.0
18117339,pic 중국도 자국 브랜드 의전 차량 보면 뿌듯하겠죠?,id:BongGu1103,2026-01-06 14:57:58,2,2,0,2026-01-06 15:03:01,2026-01-06 15:06:08,5.05,6.6083333333333325,0.0
18118383,[단독] 장동혁표 ‘당심 70%’ 룰 좌초?…송언석·김도읍 강한 반대 있었다,id:heherald,2026-01-07 19:55:19,2,2,0,2026-01-07 20:00:42,2026-01-08 00:19:15,5.383333333333334,134.65833333333333,0.0
18118983,"외교는 정말 기대이상인데 젤 염원하던 개혁, 인사가 참으로 문제네요...",id:gum0510,2026-01-08 17:26:34,2,2,0,2026-01-08 17:32:05,2026-01-08 17:42:40,5.516666666666667,10.808333333333334,0.0
18119116,"다음 정권을 민주당이 잡는 건 걱정하지 않는데, 무서운건 당안의 괴물이죠.",id:kaizennf,2026-01-08 20:31:05,2,2,0,2026-01-08 20:40:22,2026-01-08 20:45:45,9.283333333333333,11.975,0.0
18119390,잼통도 시행착오를 겪으믄서 여기까지 왔는뎅,id:rhcp11,2026-01-09 00:50:41,2,2,0,2026-01-09 01:23:34,2026-01-09 03:04:11,32.88333333333333,83.19166666666666,0.0
18119656,언론은 윤석열 검찰 구형을 한덕수 참고하여 무기징역 선고를 예상하네요,id:Rojiblanco,2026-01-09 11:10:49,2,2,0,2026-01-09 11:19:27,2026-01-09 11:42:47,8.633333333333333,20.299999999999997,0.0
18119939,다시는 정치경험 없는 자가 특정 이미지만 가지고 대선후보가 되지 않기를 바람,id:blue123,2026-01-09 17:19:11,2,2,0,2026-01-09 17:27:24,2026-01-09 18:12:05,8.216666666666667,30.558333333333334,0.0
18122611,이혜훈 지명건도 이해했는데,id:ashluna,2026-01-12 20:28:10,2,2,0,2026-01-12 20:35:47,2026-01-12 20:39:46,7.616666666666666,9.608333333333333,0.0
18123291,이재명 대통령의 간보기?는 좀 이상한 듯..,id:BlackEyes23,2026-01-13 11:52:34,2,2,0,2026-01-13 11:57:41,2026-01-13 12:00:21,5.116666666666666,6.449999999999999,0.0
18123361,시기가 참 교묘한거죠 당장 5개월뒤에 지방선거에 우르르 나가야하는데,id:modern21,2026-01-13 12:31:52,2,2,0,2026-01-13 12:37:40,2026-01-13 12:45:09,5.8,9.541666666666666,0.0
18123435,펌) 유능한 리더가 망가지는 과정,id:kicheon,2026-01-13 13:15:02,2,2,0,2026-01-13 13:25:46,2026-01-13 13:31:08,10.733333333333333,13.416666666666668,0.0
18123526,정부안은 수정하면 된다라... 정부에서 추구하는 검찰개혁안과,id:FeelingGood,2026-01-13 14:36:22,2,2,0,2026-01-13 14:44:51,2026-01-13 14:46:26,8.483333333333333,9.274999999999999,0.0
18123839,북유럽 정치 번역 연재 소감,id:pearson19,2026-01-13 19:25:30,2,2,0,2026-01-13 19:31:04,2026-01-13 20:36:32,5.566666666666666,38.3,0.0
18124519,pic) 내란수괴 윤석열 사형 구형.gif,id:fantak,2026-01-14 11:35:42,2,2,0,2026-01-14 11:48:20,2026-01-14 18:08:39,12.633333333333333,202.79166666666666,0.0
18124643,어제 어느분이 글 썼던거같은데 이번 검찰개혁법안관련 대통령포함,id:modern21,2026-01-14 14:51:58,2,2,0,2026-01-14 15:03:35,2026-01-14 15:08:08,11.616666666666667,13.891666666666667,0.0
18124810,검찰 개혁을 성공한다고 해도 공은 이재명과 김민석에겐 없을 듯,id:juventus82,2026-01-14 18:23:46,2,2,0,2026-01-14 18:32:35,2026-01-14 18:37:41,8.816666666666666,11.366666666666667,0.0
18125060,"pic) 윤석열 ""사형제 폐지 반대""",id:hypeboy,2026-01-14 23:06:58,2,2,0,2026-01-14 23:18:50,2026-01-15 01:19:27,11.866666666666667,72.175,0.0
18125689,유시민님은 이재명 대통령을 여전히 믿고 있는듯합니다.,id:sobad,2026-01-15 17:54:59,2,2,0,2026-01-15 18:09:30,2026-01-15 18:30:15,14.516666666666667,24.891666666666666,0.0
18126187,이광재 강원지사 뜻 있을까요?,id:sugarlim,2026-01-16 12:56:41,2,2,0,2026-01-16 13:05:08,2026-01-16 13:14:29,8.45,13.125,0.0
18126950,이동형 잇싸 문제가 얼마나 큰지는 단 한문장으로 가능함,id:alfatini,2026-01-17 12:37:48,2,2,0,2026-01-17 12:42:54,2026-01-17 13:01:54,5.1,14.600000000000001,0.0
18126961,사실 대선이 정상적으로 민주당 된게 24년전이죠...,id:gum0510,2026-01-17 12:48:52,2,2,0,2026-01-17 12:58:39,2026-01-17 13:14:02,9.783333333333333,17.475,0.0
18128355,"정청래 당대표,추미애 법사위가 정부안 폐기해야 됨",id:solution78,2026-01-18 21:38:45,2,2,0,2026-01-18 22:32:58,2026-01-18 23:26:24,54.21666666666667,80.93333333333334,0.0
18129336,"與, '1인1표제 충돌' 봉합…강득구 ""지도부 더 단합하는 계기 될 것""",id:naco16,2026-01-20 09:25:41,2,2,0,2026-01-20 09:31:03,2026-01-20 09:32:20,5.366666666666666,6.008333333333333,0.0
18129501,보통은 정권 바뀌면 알아서 사퇴하는게 국룰이었는데,id:impactx84,2026-01-20 13:34:49,2,2,0,2026-01-20 13:45:48,2026-01-20 14:26:22,10.983333333333333,31.266666666666666,0.0
18131125,(검찰개혁)조국건으로 검찰이 우리나라 권력서열 1위 확인시킴,id:mhp3rd,2026-01-21 20:51:43,2,2,0,2026-01-21 21:00:15,2026-01-21 21:02:22,8.533333333333333,9.591666666666667,0.0
18131301,민주당 오래 지지하신 분들에게 검찰은 그냥 없어져야 할 집단,id:kyoijjoo,2026-01-21 23:56:55,2,2,0,2026-01-22 00:03:25,2026-01-22 00:06:09,6.5,7.866666666666666,0.0
18131698,만약 조국 대표가 민주당 들어와,id:cytokine1234,2026-01-22 12:50:58,2,2,0,2026-01-22 12:56:00,2026-01-22 13:00:48,5.033333333333333,7.433333333333334,0.0
18131818,합당을 해야되는 이유중 하나.txt,id:naco16,2026-01-22 15:11:42,2,2,0,2026-01-22 15:18:33,2026-01-22 15:38:27,6.85,16.8,0.0
18131830,"[단독] 조국혁신당, 26일 당무위 열고 '민주당 합당' 논의한다",id:regions,2026-01-22 15:25:37,2,2,0,2026-01-22 15:31:03,2026-01-22 15:33:28,5.433333333333334,6.641666666666667,0.0
18132417,정청래는 윤미향 난도질 당할때도 손 잡아준 사람입니다.,id:horizon,2026-01-23 11:02:31,2,2,0,2026-01-23 11:09:42,2026-01-23 11:36:44,7.183333333333334,20.700000000000003,0.0
18132586,"박지원, 이언주 복당을 같은 케이스로 보면 안되는거죠.",id:lfcthismeans,2026-01-23 14:26:53,2,2,0,2026-01-23 15:12:18,2026-01-23 16:24:36,45.416666666666664,81.56666666666666,0.0
18132588,이언주 기자회견 보니 진짜 역겹네요,id:geni0,2026-01-23 14:29:00,2,2,0,2026-01-23 14:36:49,2026-01-23 15:10:45,7.816666666666666,24.78333333333333,0.0
18132731,문재인 대통령님 근황,id:cytokine1234,2026-01-23 17:38:21,2,2,0,2026-01-23 18:03:55,2026-01-23 18:38:27,25.566666666666666,42.833333333333336,0.0
18133053,"李대통령, 이해찬 前총리 위독에 조정식 정무특보 베트남 급파",id:bulbol,2026-01-24 01:37:45,2,2,0,2026-01-24 01:47:20,2026-01-24 09:46:16,9.583333333333334,249.04999999999998,0.0
18133226,부동산(서울 아파트) 값 오른다고 부동산 정책이 실패한거 아닙니다 흔들리면 안됩니다.,id:kanginmom,2026-01-24 10:59:05,2,2,0,2026-01-24 11:45:51,2026-01-25 14:11:52,46.766666666666666,839.775,0.0
18133414,"지금 민주당이 거의 1.5당이 된건, 도리어 한나라당의 권력이 강고했기 때문",id:pedogogist,2026-01-24 15:38:14,2,2,0,2026-01-24 15:47:00,2026-01-24 15:50:01,8.766666666666667,10.275,0.0
18133790,대통령빼고 다해본 인물들,id:jordineducas,2026-01-25 03:51:08,2,2,0,2026-01-25 05:49:11,2026-01-25 06:18:50,118.05,132.875,0.0
18134000,부동산 전문가 모두가 보유세 올리고 거래세 깎아야 한다는데 안되는 이유,id:bulbol,2026-01-25 14:29:46,2,2,0,2026-01-25 14:42:58,2026-01-25 20:11:53,13.2,177.65833333333333,0.0
18136049,멕시코 대통령이 공개 기자회견에서 BTS 추가 공연 요청을 했다고 밝힌거네요,id:blue123,2026-01-27 19:19:00,2,2,0,2026-01-27 19:54:15,2026-01-27 20:01:01,35.25,38.63333333333333,0.0
18140560,출근하면서 겸공 유작가 말씀 듣는데 내용 참 좋군요,id:shkj22,2026-02-02 09:01:34,2,2,0,2026-02-02 09:07:59,2026-02-02 09:46:16,6.416666666666667,25.558333333333334,0.0
18141775,4050 세대도 언젠가 극노인층 되고 허약해질텐데 걱정입니다...,id:gum0510,2026-02-03 13:17:57,2,2,0,2026-02-03 13:25:28,2026-02-03 13:35:08,7.516666666666667,12.35,0.0
18143960,대통령의 모든 언행은 의미가 있는건데,id:bulbol,2026-02-06 08:03:55,2,2,0,2026-02-06 08:19:00,2026-02-06 08:29:00,15.083333333333334,20.083333333333332,0.0
18144390,"대통령이 물가를 잡기위해 가격조정 명령제도를 활용하겠다, 초강수네요",id:blue123,2026-02-06 16:29:56,2,2,0,2026-02-06 16:39:38,2026-02-06 16:41:40,9.7,10.716666666666665,0.0
18144764,"끝나지도 않은 검찰개혁 가지고 보챈다, 이렇게 말할 일은 아닌 것 같습니다.",id:horizon,2026-02-07 00:54:28,2,2,0,2026-02-07 00:59:55,2026-02-07 04:56:47,5.45,123.88333333333333,0.0
18145054,"문정부때 고위직, 의원들 재산 정보를 본적이 있는데",id:bulbol,2026-02-07 15:03:50,2,2,0,2026-02-07 15:10:24,2026-02-07 15:17:55,6.566666666666666,10.325,0.0
18145384,문재인 정부 대부분의 오점은 낙지를 차기로 밀었던 세력 때문,id:wind1123,2026-02-07 23:02:59,2,2,0,2026-02-07 23:11:09,2026-02-07 23:42:23,8.166666666666666,23.78333333333333,0.0
18146128,검찰개혁 왜 반대하나 했는데,id:kakaka10,2026-02-08 18:29:29,2,2,0,2026-02-08 18:41:57,2026-02-08 18:56:25,12.466666666666667,19.7,0.0
18146390,어제 오늘 청와대 관계자 기사는 그냥 대통령 기분 줮같다 이거,id:juventus82,2026-02-08 23:07:15,2,2,0,2026-02-08 23:16:40,2026-02-08 23:55:31,9.416666666666666,28.841666666666665,0.0
18146638,루리웹에 갑자기 문어게인 타령라는 정신병자들이 있어서,id:impactx84,2026-02-09 08:49:38,2,2,0,2026-02-09 08:54:52,2026-02-09 08:54:53,5.233333333333333,5.241666666666667,0.0
18146752,장문주의)어제 알바 몰이 한 인간에 대해서 회의감 느껴서 적을게요,id:hodoeel,2026-02-09 10:50:31,2,2,0,2026-02-09 10:58:07,2026-02-10 17:35:55,7.6,926.5,0.0
18148845,와 역시 멍청한 아군이 제일 위험함ㅋㅋㅋㅋ(feat. 윤후덕),id:grit,2026-02-10 20:55:01,2,2,0,2026-02-10 21:08:08,2026-02-10 21:23:32,13.116666666666667,20.816666666666666,0.0
18149983,격노설로 청와대가 얻은건 서열 확인 밖에 없음,id:bulbol,2026-02-11 15:11:55,2,2,0,2026-02-11 15:17:11,2026-02-11 15:18:25,5.266666666666667,5.883333333333333,0.0
18150063,민주당 출신 대통령이 당무개입으로 탄핵될 건수를 만들었던거 자체가,id:FeelingGood,2026-02-11 16:21:01,2,2,0,2026-02-11 16:27:48,2026-02-11 16:38:36,6.783333333333333,12.183333333333334,0.0
18150450,스티커가 조국 혁신당에 유독 적대적인 이유에 대한 추측,id:horizon,2026-02-11 23:25:16,2,2,0,2026-02-11 23:30:36,2026-02-11 23:31:35,5.333333333333333,5.824999999999999,0.0
18150488,이동형은 왜 이재명을 밀었을까,id:LJM1389,2026-02-12 00:35:31,2,2,0,2026-02-12 02:50:36,2026-02-12 08:16:05,135.08333333333334,297.825,0.0
18151492,이동형같은 부류들이 전형적인 민주당 기득권되니 들러붙는 스타일인듯,id:jeep126,2026-02-13 02:43:29,2,2,0,2026-02-13 03:54:11,2026-02-13 08:17:08,70.7,202.17499999999998,0.0
18151731,구 손가혁 뉴 잇베충의 세계관에서 문재인은 그냥 주적임,id:todfndl12,2026-02-13 11:25:53,2,2,0,2026-02-13 11:31:39,2026-02-13 12:26:28,5.766666666666667,33.175000000000004,0.0
18151939,청와대 명절 선물 받은 제이컴퍼니 수준 ㅋ,id:horizon,2026-02-13 15:49:25,2,2,0,2026-02-13 16:03:20,2026-02-13 16:04:22,13.916666666666666,14.433333333333334,0.0
18153011,Pic) 손가혁이 수박 타령하는건 솔직히 많이 웃긴듯,id:hyeok497,2026-02-15 10:43:07,2,2,0,2026-02-15 11:00:38,2026-02-15 12:06:13,17.516666666666666,50.30833333333333,0.0
18153058,국힘에 또 세력들이 잔뜩 들어온거 같은데,id:blue123,2026-02-15 12:41:36,2,2,0,2026-02-15 12:54:47,2026-02-15 13:44:50,13.183333333333334,38.208333333333336,0.0
18153136,부동산 문제에 대처하는 이재명의 자세에 대해서 저는 긍정적으로 보는게,id:blue123,2026-02-15 15:49:26,2,2,0,2026-02-15 16:15:58,2026-02-15 16:27:41,26.533333333333335,32.391666666666666,0.0
18153481,제 느낌으로는 신천지보다 연배가 높은거같음,id:YoLaTengo,2026-02-16 09:54:26,2,2,0,2026-02-16 10:32:29,2026-02-16 10:41:29,38.05,42.55,0.0
18153716,전 이재명 대통령의 능력중 정치력을 가장 낮게 보고 있었는데,id:Milner7,2026-02-16 17:45:01,2,2,0,2026-02-16 17:50:05,2026-02-16 18:01:56,5.066666666666666,10.991666666666667,0.0
18154183,송영길이 찐명이고 고발뉴스 더탐사가 진짜 언론,id:impactx84,2026-02-17 05:17:07,2,2,0,2026-02-17 05:27:46,2026-02-17 05:56:28,10.65,25.0,0.0
18154490,자꾸 발언 운운하는데 그짝은 윤석열이가 나라를 위해서 계엄했다고 믿으시나봐요?,id:lovedavich,2026-02-17 14:46:48,2,2,0,2026-02-17 14:57:07,2026-02-17 15:05:47,10.316666666666666,14.65,0.0
18154496,마음 가라 앉히고 최대한 좋게 보려고 노력을 해도,id:lfcthismeans,2026-02-17 14:55:10,2,2,0,2026-02-17 15:15:23,2026-02-17 15:34:28,20.216666666666665,29.758333333333333,0.0
18154508,이재명 대통령 지지율 가지고 난리 치는건 왜 그런지 궁금함,id:alfatini,2026-02-17 15:03:48,2,2,0,2026-02-17 15:11:32,2026-02-17 15:13:16,7.733333333333333,8.6,0.0
18154541,문재인 패서 얻는 게 있나,id:potatochip1,2026-02-17 15:47:01,2,2,0,2026-02-17 15:55:07,2026-02-17 16:20:11,8.1,20.633333333333333,0.0
18155057,ytb)안철수가 설명하는 친문패권 사례,id:bulbol,2026-02-18 05:30:50,2,2,0,2026-02-18 05:42:07,2026-02-18 06:53:17,11.283333333333333,46.86666666666667,0.0
18155094,연휴간 파이어난 부동산글들 복습하고 느낀점과 정책이야기,id:qnflsdl,2026-02-18 08:25:56,2,2,0,2026-02-18 08:33:14,2026-02-18 09:33:39,7.3,37.50833333333333,0.0
18155370,캬 민주당에 이승만 정신이 이렇게 무장된 분이 있었다니.jpg,id:ninety5mph,2026-02-18 15:17:27,2,2,0,2026-02-18 15:30:08,2026-02-18 17:11:34,12.683333333333334,63.4,0.0
18155408,역설적으로 이재명은 뉴이재명과 선긋기 안하면 망할듯,id:kopluke,2026-02-18 16:20:50,2,2,0,2026-02-18 16:26:23,2026-02-18 16:29:57,5.55,7.333333333333334,0.0
18155441,pic)혁신당 정춘생 의원 페북,id:bulbol,2026-02-18 17:20:31,2,2,0,2026-02-18 17:44:03,2026-02-18 18:04:17,23.533333333333335,33.65,0.0
18155513,TK당으로 쪼그라들 국힘의 위기감,id:blue123,2026-02-18 19:16:25,2,2,0,2026-02-18 19:24:46,2026-02-18 19:45:01,8.35,18.475,0.0
18155779,오늘 윤석열 1심 선고날이군요 ㄷㄷ,id:jun2312,2026-02-19 07:25:12,2,2,0,2026-02-19 07:40:26,2026-02-19 07:49:20,15.233333333333333,19.683333333333334,0.0
18156606,연휴 지나니까 유튜브 댓글은 다시 곱창났군요 ㅋㅋ,id:Tenhag,2026-02-19 19:05:05,2,2,0,2026-02-19 19:42:37,2026-02-19 20:08:13,37.53333333333333,50.33333333333333,0.0
18156855,심각하다... 질문들 유툽 댓글만 봐도 이게 2찍인지 대통령 지지자들인지 이게 뭐지?,id:say1673,2026-02-20 05:01:54,2,2,0,2026-02-20 05:46:22,2026-02-20 06:00:07,44.46666666666667,51.34166666666667,0.0
18156902,내란 이전에도 역사강의는 고종훈이 전한길보다 더 잘했음,id:adkse,2026-02-20 08:40:35,2,2,0,2026-02-20 08:46:22,2026-02-20 09:38:04,5.783333333333333,31.633333333333333,0.0
18156972,두창이 판결에 장동혁 입장문 ㅋㅋㅋㅋㅋ,id:rukk7812,2026-02-20 10:36:28,2,2,0,2026-02-20 10:42:56,2026-02-20 13:47:06,6.466666666666667,98.55,0.0
18157191,뭔가 문통떄도 그렇고 이재명 대통령때도 그런데,id:typoonj2,2026-02-20 15:24:43,2,2,0,2026-02-20 15:35:04,2026-02-20 15:52:01,10.35,18.825,0.0
18157489,아직 다음 대권까지 시간이 있지만..점점,id:roe2k,2026-02-20 23:00:39,2,2,0,2026-02-20 23:11:09,2026-02-20 23:22:07,10.5,15.983333333333333,0.0
18157504,송영길한테는 참 스윗한 검찰인데,id:dlawls,2026-02-20 23:47:40,2,2,0,2026-02-21 00:21:47,2026-02-21 00:31:52,34.11666666666667,39.15833333333333,0.0
18159141,"지금까지 나온 중수청, 공소청 법안 관련 뉴스 종합",id:bulbol,2026-02-23 07:03:25,2,2,0,2026-02-23 07:12:19,2026-02-23 07:14:38,8.9,10.058333333333334,0.0
18159523,부동산]전월세의 구조적인 시한폭탄이 다가오는 상황과 양극화된 시장상황,id:qnflsdl,2026-02-23 13:42:54,2,2,0,2026-02-23 13:56:31,2026-02-23 14:08:27,13.616666666666667,19.583333333333336,0.0
18159823,(번역/장문) 효율성 담론을 진보로 가져오려는 조란 맘다니,id:pearson19,2026-02-23 18:12:16,2,2,0,2026-02-23 18:23:17,2026-02-23 18:33:06,11.016666666666667,15.925,0.0
18159927,이재명이 검찰에 목줄 잡힌게 있으면 진작에 날아갔지,id:LJM1389,2026-02-23 20:14:14,2,2,0,2026-02-23 20:26:13,2026-02-23 20:27:45,11.983333333333333,12.75,0.0
18160084,이재명 비판 확실히 입장 전달을 이제 해야 할 때에요,id:hodoeel,2026-02-23 23:34:22,2,2,0,2026-02-23 23:40:21,2026-02-24 05:54:59,5.983333333333333,193.3,0.0
18160428,조국 대표 인스타,id:cytokine1234,2026-02-24 13:20:27,2,2,0,2026-02-24 13:34:51,2026-02-24 15:05:14,14.4,59.59166666666667,0.0
18160584,"강득구,이언주가 아니었으면 정청래 정치생명이 끝났음",id:hobro,2026-02-24 16:15:22,2,2,0,2026-02-24 16:37:02,2026-02-24 17:32:38,21.666666666666668,49.46666666666667,0.0
18161059,하루종일 이재명 욕하는 자 보거라,id:ttkwnffj,2026-02-25 07:04:36,2,2,0,2026-02-25 07:11:13,2026-02-25 07:49:38,6.616666666666666,25.825,0.0
18161109,걍 전체적으로 요 며칠동안 뉴이재명세력이 밀려나는 형국이긴함,id:typoonj2,2026-02-25 09:02:49,2,2,0,2026-02-25 09:14:43,2026-02-25 09:25:50,11.9,17.458333333333332,0.0
18161262,저쪽당 근황(대구 경북 통합 관련),id:ehdtks9286,2026-02-25 11:30:47,2,2,0,2026-02-25 11:39:25,2026-02-25 11:55:32,8.633333333333333,16.691666666666666,0.0
18162282,pic) 법왜곡죄 관련 조국,id:bulbol,2026-02-26 13:37:26,2,2,0,2026-02-26 13:45:31,2026-02-26 13:52:20,8.083333333333334,11.491666666666667,0.0
18162863,공정위원장 약탈적행위 운운하더니 과징금 21억 ㅋㅋ,id:epist,2026-02-27 08:03:51,2,2,0,2026-02-27 08:15:50,2026-02-27 08:41:21,11.983333333333333,24.741666666666667,0.0
18163029,뭐 이재명이 대단하다고 시파 진짜,id:ffk12349,2026-02-27 11:05:07,2,2,0,2026-02-27 11:32:58,2026-02-27 12:04:23,27.85,43.55833333333334,0.0
18163049,박시영도 어제 이동형 대놓고 개같이 깠었음ㅋㅋㅋㅋㅋㅋ,id:rainshowerkk,2026-02-27 11:29:44,2,2,0,2026-02-27 11:40:08,2026-02-27 11:46:47,10.4,13.725000000000001,0.0
18164327,"avi)국힘 패널 ""이재명 정치 x같이 하네"".avi",id:veratis,2026-02-28 19:02:48,2,2,0,2026-02-28 19:09:36,2026-02-28 19:48:14,6.8,26.116666666666664,0.0
18165331,"아니 오창석, 이동형, 돼지목사 이놈들의 가장큰 문제는 지들이 문재인 우상화 하지말라며,",id:kokomong,2026-03-01 19:09:53,2,1,0,2026-03-01 19:15:16,2026-03-01 19:16:45,5.383333333333334,6.125,0.0
18167125,이재명 끝이 엄청 안좋을것 같은데..,id:dadoocom,2026-03-03 09:34:36,2,2,0,2026-03-03 09:39:55,2026-03-03 09:43:00,5.316666666666666,6.858333333333333,0.0
18167321,"팬데믹 기점으로 트럼프 호감도, 극우 방화벽이 달라짐",id:pearson19,2026-03-03 12:58:20,2,2,0,2026-03-03 13:12:34,2026-03-03 13:22:09,14.233333333333333,19.025,0.0
18167364,제 생각이지만 친명 지지자분들은 지금 자중하시는게 맞음.,id:kimpo,2026-03-03 13:42:14,2,2,0,2026-03-03 14:14:45,2026-03-03 14:47:17,32.516666666666666,48.78333333333333,0.0
18168342,경제는 심리) 이쯤되면 이재명 대통령이나 김민석 총리가 나와야 되는데...,id:kaizennf,2026-03-04 11:34:28,2,2,0,2026-03-04 11:50:54,2026-03-04 11:51:00,16.433333333333334,16.483333333333334,0.0
18168579,저도 현 정부의 중도실용주의 노선 지지하는 사람입니다만 자제합시다..,id:kimpo,2026-03-04 14:04:16,2,2,0,2026-03-04 14:20:20,2026-03-04 15:21:38,16.066666666666666,46.71666666666666,0.0
18168856,실베 답답한 새기 글 제미나이 분석,id:Volvo,2026-03-04 18:40:20,2,2,0,2026-03-04 18:50:17,2026-03-04 18:52:32,9.95,11.075,0.0
18170349,"쇼츠) 유시민 ""우리 칼 써. 검찰의 유혹은 독배""",id:kicheon,2026-03-05 19:54:31,2,2,0,2026-03-05 20:05:03,2026-03-05 20:09:39,10.533333333333333,12.833333333333332,0.0
18170993,어제부터 이재명 억까글도 보이긴 하는데 ㅋㅋㅋ,id:kim2pac,2026-03-06 07:53:25,2,2,0,2026-03-06 07:59:18,2026-03-06 08:39:01,5.883333333333334,25.741666666666667,0.0
18171666,진짜 이거 해결하는거 너무 숴움. 민주당 조혁당 검찰개혁법,id:Clocks,2026-03-06 19:34:58,2,2,0,2026-03-06 19:42:19,2026-03-06 19:52:53,7.35,12.633333333333333,0.0
18171740,이재명 악마화만큼 웃긴 소리가 없음,id:todfndl12,2026-03-06 20:48:14,2,2,0,2026-03-06 20:55:05,2026-03-06 21:18:21,6.85,18.483333333333334,0.0
18172071,이재명표 쓰레기 검찰개혁법 철회하라 정청래 사퇴하라,id:mirissoul2,2026-03-07 10:30:33,2,2,0,2026-03-07 10:47:40,2026-03-07 11:04:59,17.116666666666667,25.775,0.0
18172099,(pic) 더민주 코어층이 토사구팽 당하는 것은 예견된 일,id:deportivo7,2026-03-07 11:03:30,2,2,0,2026-03-07 11:11:52,2026-03-07 11:31:40,8.366666666666667,18.266666666666666,0.0
18172460,오랜만에 정치좀봤는데 난리네요,id:rrlatls18,2026-03-07 17:11:48,2,2,0,2026-03-07 17:30:58,2026-03-07 17:48:20,19.166666666666668,27.85,0.0
18172521,이재명 진짜 뭐 이딴놈이 다 있지,id:rukk7812,2026-03-07 18:07:55,2,2,0,2026-03-07 18:13:07,2026-03-07 18:15:18,5.2,6.291666666666667,0.0
18172581,동묘 다녀와서 막걸리 한 잔 중인데요,id:cafetango,2026-03-07 18:40:23,2,2,0,2026-03-07 18:45:48,2026-03-07 19:19:47,5.416666666666667,22.40833333333333,0.0
18172733,생각하면 할수록 이재명 너무 비겁하고 괘씸함,id:6830,2026-03-07 21:06:58,2,2,0,2026-03-07 21:19:44,2026-03-07 21:28:03,12.766666666666667,16.925,0.0
18172749,"자꾸 김어준,유시민한테 의지하게 되네ㅠㅠ",id:againstwin80,2026-03-07 21:16:02,2,2,0,2026-03-07 21:21:47,2026-03-07 21:25:57,5.75,7.833333333333333,0.0
18173172,"오창석, 민동기 이런 새 ㄲ ㅣ 들이 안면몰수하고 빠니까 겁을 상실한 거",id:horizon,2026-03-08 01:13:55,2,2,0,2026-03-08 01:19:07,2026-03-08 04:12:42,5.2,91.99166666666666,0.0
18173330,싸줄 글 읽다보니 문재인.이재명 끕 차이 정말 크네여,id:jeffkent,2026-03-08 10:14:33,2,2,0,2026-03-08 10:22:00,2026-03-08 10:33:29,7.45,13.191666666666666,0.0
18173469,딴지는 정청래 말 듣고 흐린눈 하고 있네요,id:yo821281,2026-03-08 12:17:10,2,2,0,2026-03-08 12:27:35,2026-03-08 12:28:22,10.416666666666666,10.808333333333334,0.0
18174063,20대 대선 패배는 30대 여자 못잡은게 컸음,id:kglite,2026-03-08 21:16:44,2,2,0,2026-03-08 21:28:12,2026-03-08 21:44:43,11.466666666666667,19.725,0.0
18174210,클로드 오퍼스 4.6은 비판을 할 때 뼈를 때립니다.,id:bluepillz,2026-03-09 00:51:14,2,2,0,2026-03-09 01:05:43,2026-03-09 01:17:37,14.483333333333333,20.433333333333334,0.0
18174400,뭔가 촉이 쎄하면 늘 그 촉이 맞더라구요,id:golfking,2026-03-09 08:56:05,2,1,0,2026-03-09 09:03:30,2026-03-09 09:04:39,7.416666666666667,7.991666666666667,0.0
18174432,이재명 정부의 큰 시험대가 올듯,id:hjsa2004,2026-03-09 09:28:10,2,2,0,2026-03-09 09:36:02,2026-03-09 09:36:24,7.866666666666666,8.049999999999999,0.0
18174727,"이재명의 정치, 행정을 보면 핀포인트가 아니라 머지포인트임",id:xxvxx,2026-03-09 12:48:25,2,2,0,2026-03-09 12:59:22,2026-03-09 13:01:25,10.95,11.975,0.0
18174840,이재명이 우리에게 준 교훈 : “민주당 그 좋은 그릇을 왜 버립니까?”,id:deportivo7,2026-03-09 14:08:29,2,2,0,2026-03-09 14:14:24,2026-03-09 14:17:54,5.916666666666667,7.666666666666666,0.0
18175183,pic) 뽐뿌에는 이제 2찍몰이 하는 인간이 많네요,id:sc1984,2026-03-09 19:37:34,2,2,0,2026-03-09 19:44:35,2026-03-09 19:46:36,7.016666666666667,8.025,0.0
18175338,정성호도 페북에서 거짓말만 하네요..,id:erec,2026-03-09 22:16:51,2,2,0,2026-03-09 22:32:17,2026-03-09 23:54:52,15.433333333333334,56.725,0.0
18176408,세상이 변했고 검찰은 더 이상 국힘 편이 아닙니다.,id:makaloni,2026-03-10 19:28:10,2,2,0,2026-03-10 19:39:12,2026-03-10 19:44:31,11.033333333333333,13.691666666666666,0.0
18176455,목사 김용민 뭐하나 보니까,id:bulbol,2026-03-10 20:04:17,2,2,0,2026-03-10 20:14:52,2026-03-10 20:34:37,10.583333333333334,20.458333333333332,0.0
18176799,애초에 문재인과 이재명을 같이 좋아하는사람이,id:rrlatls18,2026-03-11 02:20:06,2,2,0,2026-03-11 02:27:26,2026-03-11 02:33:20,7.333333333333333,10.283333333333333,0.0
18177364,내란의 완성을 민주당이 해주네요,id:Mobaraeram,2026-03-11 14:23:17,2,2,0,2026-03-11 14:31:15,2026-03-11 14:33:12,7.966666666666667,8.941666666666666,0.0
18178717,제 인생에서 최고의 대통령은 노통과 문통입니다.,id:kokomong,2026-03-12 16:00:24,2,2,0,2026-03-12 16:07:39,2026-03-12 16:17:57,7.25,12.4,0.0
18179463,정치 저관여층은 나중에 여론 따라 가게 되어 있습니다.,id:lfcthismeans,2026-03-13 11:26:09,2,2,0,2026-03-13 11:31:46,2026-03-13 11:32:39,5.616666666666666,6.058333333333334,0.0
18180354,같은 민주당 의원들 상대로 이러는거 정상아님,id:impactx84,2026-03-14 04:16:44,2,2,0,2026-03-14 04:36:15,2026-03-14 09:07:47,19.516666666666666,155.28333333333333,0.0
18180686,"예비후보 문자 오는 것 보니, 분위기를 대충 알겠네요",id:arteta8,2026-03-14 14:08:39,2,2,0,2026-03-14 14:16:05,2026-03-14 14:29:18,7.433333333333334,14.041666666666666,0.0
18180702,지난대선에서 지인피셜 이재명이 조선일보에 딜쳤다고 듣긴했었는데,id:dt4evamore,2026-03-14 14:27:06,2,2,0,2026-03-14 14:32:29,2026-03-14 14:55:00,5.383333333333334,16.641666666666666,0.0
18181451,이재명 지지자들이 이재명은 입장 바뀐적 없다고 올리는 영상,id:bulbol,2026-03-15 09:50:52,2,2,0,2026-03-15 10:16:47,2026-03-15 13:00:15,25.916666666666668,107.64999999999999,0.0
18181780,일본 자민당 정무조사회장: 호르무즈 군함 파견 가능성 높다,id:pearson19,2026-03-15 16:35:03,2,2,0,2026-03-15 16:41:46,2026-03-15 16:46:51,6.716666666666667,9.258333333333333,0.0
18182541,검찰개혁 안하겠다고 대놓고 표현해서 놀랍지는 않네요,id:zkdltmffks,2026-03-15 23:49:51,2,2,0,2026-03-15 23:55:05,2026-03-16 00:05:04,5.233333333333333,10.225,0.0
18182564,재판중지법 중단시킨 거 객관강박이라 그런가보다 좋게 생각했는데,id:masterplan5,2026-03-16 00:03:25,2,2,0,2026-03-16 00:11:17,2026-03-16 00:11:28,7.866666666666666,7.958333333333334,0.0
18183075,싸줄은 이재명 비판으로 다시 돌아왔군요,id:whddlqlgodrl,2026-03-16 10:45:37,2,2,0,2026-03-16 10:51:37,2026-03-16 10:56:52,6.0,8.625,0.0
18183194,지금이 이재명 정부의 가장 지지율이 좋을떄에요 굳이 그걸 인정안할필요도 없죠,id:impactx84,2026-03-16 12:36:13,2,2,0,2026-03-16 12:44:38,2026-03-16 12:49:40,8.416666666666666,10.933333333333334,0.0
18183947,짝퉁명박 지지율 올해 다 빠질듯,id:mhp3rd,2026-03-16 23:59:46,2,2,0,2026-03-17 00:40:00,2026-03-17 01:35:43,40.233333333333334,68.09166666666667,0.0
18184240,20년간 준비해온 검찰개혁법안은 그냥 나가리된거죠 뭐,id:FeelingGood,2026-03-17 10:33:36,2,2,0,2026-03-17 10:42:17,2026-03-17 12:12:22,8.683333333333334,53.725,0.0
18186808,함돈균 이사람은 8.16 독립운동가 인가요?,id:whddlqlgodrl,2026-03-19 00:54:40,2,2,0,2026-03-19 01:11:11,2026-03-19 02:35:04,16.516666666666666,58.458333333333336,0.0
18186812,이재명은 유시민 고마운줄 알아야 한다,id:bookae1,2026-03-19 01:21:33,2,2,0,2026-03-19 01:45:24,2026-03-19 02:34:21,23.85,48.325,0.0
18188018,B동형이 했다는 친문 부활론 말이에요,id:luna7742,2026-03-19 22:21:32,2,2,0,2026-03-19 23:23:23,2026-03-19 23:30:07,61.85,65.21666666666667,0.0
18189273,근데 친문 부활하면 안되나요? 뭐가 문제죠?,id:dlawls,2026-03-20 22:13:05,2,2,0,2026-03-20 22:20:03,2026-03-20 22:20:52,6.966666666666667,7.375,0.0
18190723,정민철 개실망이네,id:millano,2026-03-22 12:33:10,2,2,0,2026-03-22 12:42:58,2026-03-22 12:52:46,9.8,14.700000000000001,0.0
18194018,저들의 목적은 이재명과 이전 민주당 대통령의 분리입니다,id:ManU01,2026-03-26 09:42:44,2,2,0,2026-03-26 09:52:33,2026-03-26 09:59:22,9.816666666666666,13.225,0.0
18194036,pic) 김필성 변호사 sns,id:radioshot1,2026-03-26 09:59:51,2,2,0,2026-03-26 10:08:57,2026-03-26 10:55:20,9.1,32.291666666666664,0.0
18195037,"""당대표 오라는 곳이 없어‥'지역행사 0' 위기의 장동혁",id:bulbol,2026-03-27 13:03:38,2,2,0,2026-03-27 13:10:34,2026-03-27 13:27:51,6.933333333333334,15.575,0.0
18195563,변한건 싸줄러가 아니라 '이재명'입니다. 그리고 더 문제는 싸줄이 변했다고 하는 당신입니다,id:claralike123,2026-03-28 08:32:06,2,2,0,2026-03-28 09:01:13,2026-03-28 09:29:38,29.116666666666667,43.325,0.0
18197412,pic)해외 진출한 희두쓰.,id:sounited13,2026-03-29 17:45:28,2,2,0,2026-03-29 17:52:03,2026-03-29 18:20:03,6.583333333333333,20.583333333333336,0.0
18198299,"이 대통령 ""국가폭력 범죄 재발 않도록 공소시효 폐지할 것‥배상도 해야""",id:Clocks,2026-03-30 19:48:11,2,2,0,2026-03-30 19:58:05,2026-03-30 20:03:36,9.9,12.658333333333333,0.0
18201568,한국 국힘 vs 미국 민주당,id:hypeboy,2026-04-02 23:02:28,2,2,0,2026-04-02 23:10:57,2026-04-02 23:19:01,8.483333333333333,12.516666666666666,0.0
18203958,여조만 믿으면 안될 것 같긴 해요,id:rkarlaos1,2026-04-06 10:55:47,2,2,0,2026-04-06 11:01:16,2026-04-06 11:24:44,5.483333333333333,17.216666666666665,0.0
18206127,"ytb) 김부겸 지지 홍준표, 추미애 당선 질문에 ""국민의힘 경기 조직 다 붕괴",id:cho1250,2026-04-08 17:59:03,2,2,0,2026-04-08 18:22:53,2026-04-08 18:27:25,23.833333333333332,26.1,0.0
18206984,저는 반국힘 하나만 봅니다,id:sm101v,2026-04-09 19:31:16,2,2,0,2026-04-09 19:49:34,2026-04-09 19:55:01,18.3,21.025,0.0
18209040,배우 정준호 전북도지사 후보 안호영 응원영상있네요,id:kimdel77,2026-04-12 10:38:39,2,2,0,2026-04-12 10:46:53,2026-04-12 10:53:02,8.233333333333333,11.308333333333334,0.0
18210298,저는 여전히 이재명 대통령을 지지합니다.,id:fordebby,2026-04-13 16:44:55,2,2,0,2026-04-13 17:35:14,2026-04-13 17:52:08,50.31666666666667,58.766666666666666,0.0
18210686,김건희가 김혜경 여사 수사 지휘? 박성재와 텔레그램,id:bugfix,2026-04-14 07:24:08,2,2,0,2026-04-14 07:32:11,2026-04-14 07:53:44,8.05,18.825000000000003,0.0
18211060,쟤들 웃긴게 말투가지고만 지적함,id:dleoduq1234,2026-04-14 15:26:18,2,2,0,2026-04-14 15:31:45,2026-04-14 15:53:24,5.45,16.275000000000002,0.0
18211662,새로 임명된 주한미국대사가 문재인을 깠다구요?,id:KINGBATI,2026-04-15 08:17:34,2,2,0,2026-04-15 08:23:20,2026-04-15 08:57:38,5.766666666666667,22.916666666666668,0.0
18218443,??? : 김남국 대변인직은 민주당에서 줬는데 왜 대통령한테 뭐라해요??,id:dleoduq1234,2026-04-22 19:39:06,2,2,0,2026-04-22 19:56:10,2026-04-22 20:04:12,17.066666666666666,21.083333333333336,0.0
18218452,"민주당, ‘보수정당 출신’ 김용남 전략공천 검토…계양을 김남준·안산갑 김남국 사실상 확정",id:yo821281,2026-04-22 19:45:55,2,2,0,2026-04-22 20:04:03,2026-04-22 20:20:23,18.133333333333333,26.3,0.0
18218697,"단독] 대통령 '엄정 감찰' 지시 수원지검 검사 퇴정, 대검 감찰위서 부결",id:bugfix,2026-04-23 05:57:14,2,2,0,2026-04-23 06:36:59,2026-04-23 07:53:41,39.75,78.1,0.0
18221856,"부산 북갑, 하정우 35.5%-한동훈 28.5%-박민식 26.0%",id:yo821281,2026-04-27 07:44:18,2,2,0,2026-04-27 08:42:56,2026-04-27 10:11:50,58.63333333333333,103.08333333333333,0.0
18222640,코로나시절 정확히 기억하고 있는 백신관련 기사와 국민여론,id:addedtime,2026-04-28 10:40:03,2,2,0,2026-04-28 10:46:26,2026-04-28 18:08:02,6.383333333333334,227.18333333333334,0.0
18223195,"pic) ""징역 4년"" 선고에 표정 굳은 김건희, 이번엔 판사에게 인사도 안 했다",id:snap23,2026-04-28 20:31:01,2,2,0,2026-04-28 20:41:54,2026-04-28 21:02:26,10.883333333333333,21.15,0.0
18224758,(번역) 반-멜로니 이탈리아 좌파의 인물로 부상한 전직 해머던지기 선수,id:pearson19,2026-04-30 19:17:15,2,2,0,2026-04-30 19:22:29,2026-04-30 19:28:43,5.233333333333333,8.35,0.0
18225434,의견이 다를 수 있습니다,id:mrnohsr,2026-05-01 20:50:03,2,2,0,2026-05-01 20:56:55,2026-05-01 20:58:08,6.866666666666666,7.475,0.0
18226116,이재명 이동형 토나옴,id:salrara123,2026-05-02 19:49:48,2,2,0,2026-05-02 20:13:47,2026-05-02 20:37:08,23.983333333333334,35.65833333333333,0.0
18227594,극우의 질문 “주적이 누구죠?”,id:bugfix,2026-05-04 11:14:20,2,2,0,2026-05-04 11:29:01,2026-05-04 11:52:00,14.683333333333334,26.174999999999997,0.0
18229029,대선 때 입 잘못 놀려서 집토끼 다 놓치고,id:kakaka10,2026-05-05 21:24:10,2,2,0,2026-05-05 21:37:33,2026-05-05 21:52:20,13.383333333333333,20.775,0.0
18101304,"이 대통령, 이학재 겨냥 “도둑놈 심보…권한만큼 책임 안 지려면 나가라”",id:ehdtks9286,2025-12-17 15:16:33,1,1,0,2025-12-17 15:22:51,2025-12-17 15:22:51,6.3,6.3,0.0
18101440,"배경훈 부총리, 쿠팡 영업정지 적극 논의하겠다",id:blue123,2025-12-17 17:44:51,1,1,0,2025-12-17 17:51:13,2025-12-17 17:51:13,6.366666666666666,6.366666666666666,0.0
18101493,"pic)김건희 특검, '통일교 1억 수수' 권성동 징역 4년 구형",id:vincent85,2025-12-17 18:48:05,1,1,0,2025-12-17 19:18:43,2025-12-17 19:18:43,30.633333333333333,30.633333333333333,0.0
18102678,"패트 충돌' 민주당 전현직 의원 ""정치검찰의 보복적 기소“",id:regions,2025-12-19 15:19:31,1,1,0,2025-12-19 15:55:02,2025-12-19 15:55:02,35.516666666666666,35.516666666666666,0.0
18103777,"이진숙이 말한 ""탄핵 29건, 민주당 인사권 무력화"" 가 개소리잉 이유",id:soccerlineid,2025-12-21 09:33:02,1,1,0,2025-12-21 09:54:46,2025-12-21 09:54:46,21.733333333333334,21.733333333333334,0.0
18103785,퀘존에 일베 펨코 드글드글 하군요.,id:hodoeel,2025-12-21 09:51:43,1,1,0,2025-12-21 10:12:43,2025-12-21 10:12:43,21.0,21.0,0.0
18103889,가발이 ㅋㅋㅋㅋ 오늘 토크콘서트하네 ㅋㅋㅋㅋ,id:kokomong,2025-12-21 12:45:35,1,1,0,2025-12-21 12:50:38,2025-12-21 12:50:38,5.05,5.05,0.0
18104460,"민주당 ""통일교 특검 제안…여야 정치인 예외 없이 모두 포함""",id:rukk7812,2025-12-22 09:26:45,1,1,0,2025-12-22 09:38:47,2025-12-22 09:38:47,12.033333333333333,12.033333333333333,0.0
18104470,"이 대통령 “성평등가족부, 반려동물 업무 맡을 수 있나”",id:yp107,2025-12-22 09:39:58,1,1,0,2025-12-22 09:47:55,2025-12-22 09:47:55,7.95,7.95,0.0
18104580,예전에 이거보고 대선 쉽게 가는줄.,id:yhtuos,2025-12-22 11:49:24,1,1,0,2025-12-22 12:26:28,2025-12-22 12:26:28,37.06666666666667,37.06666666666667,0.0
18107016,민주당 정책 이야기 하면 제일 먼저 봐야 할게,id:bulbol,2025-12-25 12:59:54,1,1,0,2025-12-25 13:06:04,2025-12-25 13:06:04,6.166666666666667,6.166666666666667,0.0
18107095,뉴스타파가 변기 보도할 때 욕 많이 했죠.,id:Tenhag,2025-12-25 15:29:53,1,1,0,2025-12-25 15:40:47,2025-12-25 15:40:47,10.9,10.9,0.0
18107104,원내지도부) 민주당 보좌진협의회장(민보협)에 고건민 허영 의원실 보좌관,id:naco16,2025-12-25 15:50:50,1,1,0,2025-12-25 16:16:13,2025-12-25 16:16:13,25.383333333333333,25.383333333333333,0.0
18107792,pic)李 대통령 부친 허위사실 책 출간 유포 혐의..서명수 매일신문 객원 검찰 송치,id:vincent85,2025-12-26 16:52:05,1,1,0,2025-12-26 17:04:11,2025-12-26 17:04:11,12.1,12.1,0.0
18107823,"[속보] 공수처, ‘통일교 편파 수사 의혹’ 김건희 특검 압수수색",id:snap23,2025-12-26 17:20:30,1,1,0,2025-12-26 17:28:29,2025-12-26 17:28:29,7.983333333333333,7.983333333333333,0.0
18108199,윤석열 “계엄 끝났는데 관저 밀고 들어와···대통령 가볍게 봐”,id:pucrinyesir,2025-12-27 09:49:43,1,1,0,2025-12-27 13:02:44,2025-12-27 13:02:44,193.01666666666668,193.01666666666668,0.0
18109285,지지한다고 했지 맘대로 하라는 게 아닌데 ㅋㅋ,id:juventus82,2025-12-28 15:23:02,1,1,0,2025-12-28 15:29:18,2025-12-28 15:29:18,6.266666666666667,6.266666666666667,0.0
18109465,딴지에서 이재명 대통령이 조국혁신당 사람은 너무 안쓴다고 하자,id:adkse,2025-12-28 17:35:01,1,1,0,2025-12-28 17:50:27,2025-12-28 17:50:27,15.433333333333334,15.433333333333334,0.0
18109962,그냥 다른 해석 필요없이 통합 탕평인사죠.,id:bulbol,2025-12-29 00:06:03,1,1,0,2025-12-29 00:17:11,2025-12-29 00:17:11,11.133333333333333,11.133333333333333,0.0
18110076,만약 그래도 강행한다?저는 이재명 지지하기 힘드네요,id:KINGBATI,2025-12-29 07:49:17,1,1,0,2025-12-29 07:57:36,2025-12-29 07:57:36,8.316666666666666,8.316666666666666,0.0
18110106,"이혜훈 건은 웃기게 돌아가긴 하네요 이언주, 김용남이 반대하고",id:hyeok497,2025-12-29 08:43:20,1,1,0,2025-12-29 09:10:02,2025-12-29 09:10:02,26.7,26.7,0.0
18110127,강준욱 사례보면 지명 철회 절대 안 할 거 같다는 게 ..,id:bundes1,2025-12-29 09:17:26,1,1,0,2025-12-29 09:23:37,2025-12-29 09:23:37,6.183333333333334,6.183333333333334,0.0
18110348,진짜 이러다가 한동훈 법무부장관 홍준표 총리 이준석 가족부장관도 나올듯,id:kokomong,2025-12-29 12:32:02,1,1,0,2025-12-29 12:39:27,2025-12-29 12:39:27,7.416666666666667,7.416666666666667,0.0
18110454,이재명대통령은 내란종식 걸지 않았던가요?,id:Rojiblanco,2025-12-29 14:10:47,1,1,0,2025-12-29 14:16:30,2025-12-29 14:16:30,5.716666666666667,5.716666666666667,0.0
18110932,김병기가 저런데 민주당 내부에서 이때까지 조용했던거죠??,id:cydia14,2025-12-29 21:47:30,1,1,0,2025-12-29 21:57:38,2025-12-29 21:57:38,10.133333333333333,10.133333333333333,0.0
18110934,손가혁때문에 이재명 극혐하다가,id:ashluna,2025-12-29 21:48:45,1,1,0,2025-12-29 22:29:21,2025-12-29 22:29:21,40.6,40.6,0.0
18110970,근데 이혜훈은 저렇게 커버란 커버 다치고 강선우 한테는 왜저러는거임,id:kokomong,2025-12-29 22:38:48,1,1,0,2025-12-29 22:50:43,2025-12-29 22:50:43,11.916666666666666,11.916666666666666,0.0
18111022,덜컥 겁이나서 이러는겁니다,id:leoperiseus,2025-12-29 23:24:23,1,1,0,2025-12-29 23:43:13,2025-12-29 23:43:13,18.833333333333332,18.833333333333332,0.0
18111031,저는 이런 갈등이 생길거라고 예상한게,id:bulbol,2025-12-29 23:36:50,1,1,0,2025-12-30 00:01:24,2025-12-30 00:01:24,24.566666666666666,24.566666666666666,0.0
18111059,이렇게까지 불 안탈 수도 있었는데 점령군 행세하던 명팔이나 잇박견들이 일 키웠죠,id:blacktube23,2025-12-30 00:25:54,1,1,0,2025-12-30 00:36:14,2025-12-30 00:36:14,10.333333333333334,10.333333333333334,0.0
18111092,노상원 수첩 내용 보면 내란옹호 이혜훈 임명한 이재명이 얼마나 미친짓을 했는지 느껴집니다,id:summernight,2025-12-30 02:39:40,1,1,0,2025-12-30 02:50:31,2025-12-30 02:50:31,10.85,10.85,0.0
18111320,본인은 16년 대선 경선때 지지자들 갈라치기 해놓고,id:xxvxx,2025-12-30 11:14:59,1,1,0,2025-12-30 14:24:38,2025-12-30 14:24:38,189.65,189.65,0.0
18112167,그냥 이혜훈 꽂으면 모르는데 굳이 기재부 쪼개고 꽂았다는 게,id:toninho07,2025-12-31 00:14:31,1,1,0,2025-12-31 02:05:43,2025-12-31 02:05:43,111.2,111.2,0.0
18112532,이재명에 대한 실망은 문재인과의 대비효과도 있다고 봅니다,id:byh3718,2025-12-31 11:06:11,1,1,0,2025-12-31 11:21:05,2025-12-31 11:21:05,14.9,14.9,0.0
18112682,"주철현 ""현수막 훼손 사주 보좌관 면직...신정훈 의원께 죄송""",id:bulbol,2025-12-31 14:01:32,1,1,0,2025-12-31 14:18:57,2025-12-31 14:18:57,17.416666666666668,17.416666666666668,0.0
18113214,"김대중, 노무현, 문재인 이 세분은 정말 절제력이 강한 분들이었죠",id:Bluewings21,2025-12-31 23:34:20,1,1,0,2025-12-31 23:59:21,2025-12-31 23:59:21,25.016666666666666,25.016666666666666,0.0
18114103,김어준 말도 결국 대통령에게 악의가 있다고 보진 말자는거죠,id:bulbol,2026-01-02 11:02:19,1,1,0,2026-01-02 11:18:00,2026-01-02 11:18:00,15.683333333333334,15.683333333333334,0.0
18115156,문통때 민주당 통합 잡도리가 됐으니까 이혜훈까지 해주냐 마냐가 나오는거지,id:hyeok497,2026-01-03 22:05:44,1,1,0,2026-01-03 23:27:52,2026-01-03 23:27:52,82.13333333333334,82.13333333333334,0.0
18115473,민주당 원내대표 후보 고만고만한 느낌이라 당원표에서 같릴수도 있으려나요,id:yoon4859,2026-01-04 11:49:44,1,1,0,2026-01-04 11:59:35,2026-01-04 11:59:35,9.85,9.85,0.0
18115700,팩트체크: 마두로 영화 상영은 민주노총 주관은 아님,id:dialine,2026-01-04 18:08:03,1,1,0,2026-01-04 18:16:45,2026-01-04 18:16:45,8.7,8.7,0.0
18116475,미국이나 중국 슈퍼마켓 유형별로 가보면 가관인게,id:joohakmoo,2026-01-05 14:00:08,1,1,0,2026-01-05 15:22:12,2026-01-05 15:22:12,82.06666666666666,82.06666666666666,0.0
18116593,"이수진 前의원 ""김병기 공천헌금 탄원서, 김현지 보고 녹취""",id:naco16,2026-01-05 16:26:17,1,1,0,2026-01-05 16:34:15,2026-01-05 16:34:15,7.966666666666667,7.966666666666667,0.0
18116861,제일 문제는 극우 유튜버라고 생각합니다,id:blue123,2026-01-05 20:54:58,1,1,0,2026-01-05 21:08:55,2026-01-05 21:08:55,13.95,13.95,0.0
18117212,갈라치기 스플래쉬 데미지에 물들지 마세요.,id:darkchoco,2026-01-06 12:25:30,1,1,0,2026-01-06 12:34:06,2026-01-06 12:34:06,8.6,8.6,0.0
18117630,pic) [단독] 김건희 일가 '양평 문건' 확보…땅값 넘어 '사업 특혜' 노린 정황,id:snap23,2026-01-06 20:37:31,1,1,0,2026-01-06 21:50:47,2026-01-06 21:50:47,73.26666666666667,73.26666666666667,0.0
18118408,"안중근 의사 유해 발굴은 노무현, 문재인 정부에서도 추진했었습니다",id:summernight,2026-01-07 20:32:15,1,1,0,2026-01-07 20:49:47,2026-01-07 20:49:47,17.533333333333335,17.533333333333335,0.0
18119016,"pic) 한동훈 ""장동혁은 내 스태프였다..""",id:pearson19,2026-01-08 17:59:25,1,1,0,2026-01-08 18:07:19,2026-01-08 18:07:19,7.9,7.9,0.0
18120203,"민주당, 윤석열 구형 연기에 '유감'…""내란 잔당 법정 필리버스터에 재판부가 굴복""",id:bvbreus11,2026-01-09 22:55:25,1,1,0,2026-01-09 23:32:37,2026-01-09 23:32:37,37.2,37.2,0.0
18120481,민주당 최고의원 투표 완료했습니다.,id:itaibogi,2026-01-10 13:38:26,1,1,0,2026-01-10 15:27:38,2026-01-10 15:27:38,109.2,109.2,0.0
18121888,이재명 대통령 국정 지지율 57%…두달만에 최고치 찍었다,id:naco16,2026-01-12 10:13:25,1,1,0,2026-01-12 10:26:42,2026-01-12 10:26:42,13.283333333333333,13.283333333333333,0.0
18121950,검찰개혁자문위원회 이런 것을 만들고 개판을 치는 것이 스타트였죠,id:zero080,2026-01-12 11:02:47,1,1,0,2026-01-12 11:11:39,2026-01-12 11:11:39,8.866666666666667,8.866666666666667,0.0
18121976,"그나저나 해외순방 성과 묻히지 않게 해달라더니, 검찰개혁 정부안은 왜 오늘 공개죠?",id:naco16,2026-01-12 11:19:11,1,1,0,2026-01-12 11:24:45,2026-01-12 11:24:45,5.566666666666666,5.566666666666666,0.0
18121980,지지자들 통수까고 엿맥이면 비난 받아도 마땅함,id:xxvxx,2026-01-12 11:24:13,1,1,0,2026-01-12 11:31:47,2026-01-12 11:31:47,7.566666666666666,7.566666666666666,0.0
18122259,걍 이재명이 이번주내로 현 검찰개혁 관련 찬성한다고 차라리 발표 했으면,id:ddongbada,2026-01-12 15:21:09,1,1,0,2026-01-12 15:27:51,2026-01-12 15:27:51,6.7,6.7,0.0
18122418,아니 근데 검찰출신이 대통령되서 친위쿠데타로 나라 작살낼뻔했는데도 못바꾸면,id:pjhwinner,2026-01-12 17:27:34,1,1,0,2026-01-12 17:34:41,2026-01-12 17:34:41,7.116666666666666,7.116666666666666,0.0
18122507,검찰개혁안을 12월에 낸다고 해서 기다리고 있었는데,id:FeelingGood,2026-01-12 18:38:03,1,1,0,2026-01-12 18:52:27,2026-01-12 18:52:27,14.4,14.4,0.0
18123179,법무장관은 무능한게 맞는게,id:modern21,2026-01-13 10:44:31,1,1,0,2026-01-13 10:50:19,2026-01-13 10:50:19,5.8,5.8,0.0
18123184,"말하자면, 윤퐁퐁이랑 한뚜껑도 문재인 정부 검찰이었는데",id:icarus4301,2026-01-13 10:47:12,1,1,0,2026-01-13 10:54:42,2026-01-13 10:54:42,7.5,7.5,0.0
18123286,저는 이 사태가 패권경쟁의 성격도 있다고 봅니다.,id:rhcp11,2026-01-13 11:50:19,1,1,0,2026-01-13 12:04:43,2026-01-13 12:04:43,14.4,14.4,0.0
18123402,"(번역/장문) 스웨덴 좌파의 귀환인가, 혼돈의 재림인가?",id:pearson19,2026-01-13 12:53:58,1,1,0,2026-01-13 13:00:16,2026-01-13 13:00:16,6.3,6.3,0.0
18123670,"이재명 캐비넷, 목줄 잡힌 거란 추측은",id:bald80,2026-01-13 16:57:52,1,1,0,2026-01-13 17:14:10,2026-01-13 17:14:10,16.3,16.3,0.0
18123707,"검찰한테 조국, 추미애 두명이 연장질 당했었죠.",id:jiyoun1227,2026-01-13 17:22:03,1,1,0,2026-01-13 17:27:08,2026-01-13 17:27:08,5.083333333333333,5.083333333333333,0.0
18123997,이명박이랑 윤석열은 목소리만 들어도 개빡침,id:yumyum,2026-01-13 21:32:50,1,1,0,2026-01-13 21:38:53,2026-01-13 21:38:53,6.05,6.05,0.0
18124453,한동훈 제일 ㅂㅅ짓은 최악보단 차악 드립입니다.,id:rascol,2026-01-14 10:14:46,1,1,0,2026-01-14 10:21:27,2026-01-14 10:21:27,6.683333333333334,6.683333333333334,0.0
18124791,"ytb)""물청소 경찰 신원 확보""..'이재명 당대표 피습사건' 재수사 촉구",id:vincent85,2026-01-14 18:00:20,1,1,0,2026-01-14 18:09:07,2026-01-14 18:09:07,8.783333333333333,8.783333333333333,0.0
18124879,민주당 고쳐쓰는 수밖에 없죠 뭐.,id:rukk7812,2026-01-14 19:49:18,1,1,0,2026-01-14 19:58:26,2026-01-14 19:58:26,9.133333333333333,9.133333333333333,0.0
18125023,"윤어게인들, 윤석렬은 할례를 다시 받아라 ㅋㅋㅋㅋㅋ",id:rascol,2026-01-14 22:23:07,1,1,0,2026-01-14 23:10:40,2026-01-14 23:10:40,47.55,47.55,0.0
18125051,몇달동안 고생해서 만든 검찰개혁법안이 하루아침에 사라지는 해프닝,id:bookae1,2026-01-14 22:49:28,1,1,0,2026-01-14 23:01:15,2026-01-14 23:01:15,11.783333333333333,11.783333333333333,0.0
18126498,내란 할만하네?!,id:kuo13,2026-01-16 17:49:17,1,1,0,2026-01-16 18:20:52,2026-01-16 18:20:52,31.583333333333332,31.583333333333332,0.0
18128062,이혜훈 청문보고서 채택 정부 검찰개혁안 폐기,id:alfatini,2026-01-18 15:01:30,1,1,0,2026-01-18 15:09:09,2026-01-18 15:09:09,7.65,7.65,0.0
18128366,아마 이재명 이라는 사람은 고쳐서 쓸수있다가 기본적으로 깔려있는지라..,id:typoonj2,2026-01-18 21:48:29,1,1,0,2026-01-18 21:55:53,2026-01-18 21:55:53,7.4,7.4,0.0
18129183,이번주 자사주 소각 의무화 법사위 심사가 있음,id:FeelingGood,2026-01-19 22:42:09,1,1,0,2026-01-19 23:52:42,2026-01-19 23:52:42,70.55,70.55,0.0
18129399,검찰개혁가지고 아직도 공청회하는게 신기하다,id:FeelingGood,2026-01-20 10:55:15,1,1,0,2026-01-20 11:00:57,2026-01-20 11:00:57,5.7,5.7,0.0
18129789,정계은퇴가 시급한 민주당 정치인,id:naco16,2026-01-20 20:02:54,1,1,0,2026-01-20 20:23:56,2026-01-20 20:23:56,21.033333333333335,21.033333333333335,0.0
18130305,부동산 세금 정책 안펴겠다는 생각 바꿨네요,id:bulbol,2026-01-21 10:32:56,1,1,0,2026-01-21 10:41:44,2026-01-21 10:41:44,8.8,8.8,0.0
18130941,10월 까지 기다려달라 = 지금 최고위랑 법사위로 나는 안한다,id:gum0510,2026-01-21 17:10:04,1,1,0,2026-01-21 17:31:56,2026-01-21 17:31:56,21.866666666666667,21.866666666666667,0.0
18131214,(pic) 23년 장동혁이 했던 이재명 단식 비하조롱,id:Rojiblanco,2026-01-21 22:15:48,1,1,0,2026-01-21 23:25:32,2026-01-21 23:25:32,69.73333333333333,69.73333333333333,0.0
18131469,pic 이재명 200년 집권 기원하는 펨코 feat.펨통령,id:leed7584,2026-01-22 09:20:44,1,1,0,2026-01-22 10:46:07,2026-01-22 10:46:07,85.38333333333334,85.38333333333334,0.0
18131611,일단 민주당 정치 스펙트럼이 너무 넓어요,id:wind1123,2026-01-22 11:36:54,1,1,0,2026-01-22 12:03:43,2026-01-22 12:03:43,26.816666666666666,26.816666666666666,0.0
18131717,지선 전에 조혁당 합당 괜찮은거같음,id:YoLaTengo,2026-01-22 13:12:59,1,1,0,2026-01-22 13:25:00,2026-01-22 13:25:00,12.016666666666667,12.016666666666667,0.0
18131731,저는 정청래 대표가 이번 합당 이슈 잘꺼냈다고 봅니다.,id:radioshot1,2026-01-22 13:23:41,1,1,0,2026-01-22 13:34:57,2026-01-22 13:34:57,11.266666666666667,11.266666666666667,0.0
18131808,김건희 선고일!!,id:jseric,2026-01-22 15:06:41,1,1,0,2026-01-22 15:43:31,2026-01-22 15:43:31,36.833333333333336,36.833333333333336,0.0
18132170,[지표도르] 솔직히 조혁당이 3지대로서 역할을 해주길 바랬었는데,id:donka,2026-01-22 22:24:40,1,1,0,2026-01-22 22:43:23,2026-01-22 22:43:23,18.716666666666665,18.716666666666665,0.0
18132208,요즘 잇박이들 보니까 지금까지하고 다른걸 느끼긴 하나 봄,id:Milner7,2026-01-22 23:01:57,1,1,0,2026-01-22 23:09:58,2026-01-22 23:09:58,8.016666666666667,8.016666666666667,0.0
18132936,"이혜훈 아들 부정입학, 청약 의혹",id:bulbol,2026-01-23 21:57:18,1,1,0,2026-01-23 22:02:36,2026-01-23 22:02:36,5.3,5.3,0.0
18133321,슈카ㅋㅋ 싸줄 포함 어느 커뮤든 쉴드 친다고 다른 사람들 조롱하던 인간들 한 트럭이었는데,id:joohakmoo,2026-01-24 13:00:53,1,1,0,2026-01-24 13:14:54,2026-01-24 13:14:54,14.016666666666667,14.016666666666667,0.0
18133445,한동훈 징계철회 촉구 집회 발언자들 특징,id:hypeboy,2026-01-24 16:40:37,1,1,0,2026-01-24 16:47:12,2026-01-24 16:47:12,6.583333333333333,6.583333333333333,0.0
18134171,민주당 원로 정치인들중 상당수가 변절하거나 지지자와는 동떨어진 생각으로 정치를 마감하는데,id:bulbol,2026-01-25 17:44:21,1,1,0,2026-01-25 18:56:07,2026-01-25 18:56:07,71.76666666666667,71.76666666666667,0.0
18134724,pic) '민주당과 조국혁신당의 합당에 대해 어떻게 생각하십니까?',id:fantak,2026-01-26 07:26:58,1,1,0,2026-01-26 07:32:30,2026-01-26 07:32:30,5.533333333333333,5.533333333333333,0.0
18135551,이해찬옹이 마지막으로 민주당 대표 였을때,id:FeelingGood,2026-01-27 08:54:47,1,1,0,2026-01-27 09:11:12,2026-01-27 09:11:12,16.416666666666668,16.416666666666668,0.0
18136173,윤석열은 욕하면서 한동훈 지지한다는게 참 이해가 안갔는데,id:kiriman,2026-01-27 22:00:50,1,1,0,2026-01-27 22:16:20,2026-01-27 22:16:20,15.5,15.5,0.0
18136924,이정도면 김건희가 v0 확정인거죠?,id:sonhh,2026-01-28 15:38:56,1,1,0,2026-01-28 15:46:21,2026-01-28 15:46:21,7.416666666666667,7.416666666666667,0.0
18136992,판결이 어떻게 나오든.....,id:soul33y,2026-01-28 16:27:09,1,1,0,2026-01-28 16:34:19,2026-01-28 16:34:19,7.166666666666667,7.166666666666667,0.0
18137274,헬마가 취재하며 알아낸 김건희 무죄 이유,id:chun1149,2026-01-28 21:35:17,1,1,0,2026-01-28 21:40:28,2026-01-28 21:40:28,5.183333333333334,5.183333333333334,0.0
18137584,"[이해찬 추모] ""나는 시대의 포로였다""… '심심한 천국'보다 치열했던 삶을 마감하며",id:grit,2026-01-29 09:13:29,1,1,0,2026-01-29 09:22:16,2026-01-29 09:22:16,8.783333333333333,8.783333333333333,0.0
18137666,"與 ""국힘 '비준 족쇄'는 자해…대미투자특별법 협조를""",id:bulbol,2026-01-29 10:57:00,1,1,0,2026-01-29 11:02:38,2026-01-29 11:02:38,5.633333333333334,5.633333333333334,0.0
18137724,부동산은 서로 wwe하는거라고 생각하시면 됩니다.,id:kanginmom,2026-01-29 12:11:16,1,1,0,2026-01-29 12:25:52,2026-01-29 12:25:52,14.6,14.6,0.0
18138439,pic) 오늘자 갤럽 여조에서 특이점.jpg,id:fantak,2026-01-30 10:37:01,1,1,0,2026-01-30 12:08:43,2026-01-30 12:08:43,91.7,91.7,0.0
18139389,(슈카)슈카 극우 성향인건 애초에 쉴드 불가,id:mhp3rd,2026-01-31 18:07:47,1,1,0,2026-01-31 18:28:23,2026-01-31 18:28:23,20.6,20.6,0.0
18140088,결국 검찰개혁 안 하나요?,id:dlawls,2026-02-01 17:10:58,1,1,0,2026-02-01 17:31:22,2026-02-01 17:31:22,20.4,20.4,0.0
18141125,"내가' 역사에 남을 대통령이 되기 위해서는 검찰이라는 칼이 필요하다, 이런 생각인가?",id:horizon,2026-02-02 19:58:04,1,1,0,2026-02-02 20:05:42,2026-02-02 20:05:42,7.633333333333334,7.633333333333334,0.0
18141348,오늘 최고위 회의로 당원들은 더 뭉쳤고 대통령의 SNS에,id:gum0510,2026-02-02 22:49:33,1,1,0,2026-02-02 23:36:37,2026-02-02 23:36:37,47.06666666666667,47.06666666666667,0.0
18141771,대통령의 착각은 이게 아닐지,id:Bluewings21,2026-02-03 13:16:01,1,1,0,2026-02-03 13:24:40,2026-02-03 13:24:40,8.65,8.65,0.0
18142015,합당으로 왜들 옘병이지 했더만,id:mnyj,2026-02-03 18:00:37,1,1,0,2026-02-03 18:08:03,2026-02-03 18:08:03,7.433333333333334,7.433333333333334,0.0
18143175,YTB) 다주택자 양도세 중과 유예 종료 발표 이후의 현재 부동산,id:wind1123,2026-02-05 00:30:02,1,1,0,2026-02-05 01:46:01,2026-02-05 01:46:01,75.98333333333333,75.98333333333333,0.0
18143332,낙찬대 모가지를 치는것이 민주당이 살 길,id:simbae1,2026-02-05 10:57:39,1,1,0,2026-02-05 11:03:07,2026-02-05 11:03:07,5.466666666666667,5.466666666666667,0.0
18143411,부동산 정책먹힐라나요 6개월 이후 최고 지지율 나왔네요,id:yun9h1,2026-02-05 12:21:46,1,1,0,2026-02-05 12:33:28,2026-02-05 12:33:28,11.7,11.7,0.0
18143789,깨알 여초도 언급 ㅋㅋㅋ,id:Tenhag,2026-02-05 21:11:01,1,1,0,2026-02-05 21:17:28,2026-02-05 21:17:28,6.45,6.45,0.0
18144307,잇박이들 너무 무시하지마세요,id:hodoeel,2026-02-06 14:58:29,1,1,0,2026-02-06 15:04:55,2026-02-06 15:04:55,6.433333333333334,6.433333333333334,0.0
18144401,"""경찰 수사가 완벽할 수 없어… 보완 대책 있어야 피해자 안 나와""",id:FeelingGood,2026-02-06 16:49:35,1,1,0,2026-02-06 16:59:16,2026-02-06 16:59:16,9.683333333333334,9.683333333333334,0.0
18144679,폴리티코) 프랑스 극우파들은 르 펜보다 바르델라가 강한후보라 본다,id:pearson19,2026-02-06 22:01:25,1,1,0,2026-02-06 22:09:09,2026-02-06 22:09:09,7.733333333333333,7.733333333333333,0.0
18144697,한국의 보수 진영이 중국에 가지고 있는 딜레마,id:6830,2026-02-06 22:17:28,1,1,0,2026-02-06 22:38:45,2026-02-06 22:38:45,21.283333333333335,21.283333333333335,0.0
18144755,ㅋㅋ 실베 정청래 악마화 글 보고 느낀게 우리가 이런거 하루이틀 당하는줄 아나??ㅋㅋ,id:sta0505,2026-02-07 00:29:15,1,1,0,2026-02-07 01:02:57,2026-02-07 01:02:57,33.7,33.7,0.0
18144855,지역구 물갈이 해서 뽑아놓은 놈들도 별다를바가 없음 ㅋㅋㅋ,id:impactx84,2026-02-07 09:15:33,1,1,0,2026-02-07 10:10:06,2026-02-07 10:10:06,54.55,54.55,0.0
18145047,"이재명 ""도 소속 4급 이상 공무원 다주택자면 인사 불이익""",id:bulbol,2026-02-07 14:44:48,1,1,0,2026-02-07 14:53:20,2026-02-07 14:53:20,8.533333333333333,8.533333333333333,0.0
18145110,이 대통령 “대한상의가 이런 짓을···엄정하게 책임 물을 것”,id:naco16,2026-02-07 18:19:16,1,1,0,2026-02-07 18:24:44,2026-02-07 18:24:44,5.466666666666667,5.466666666666667,0.0
18145199,뭐 이대통령이 민주당 특검 추천 후보 질타 할수 있죠 근데,id:solution78,2026-02-07 20:57:23,1,1,0,2026-02-07 21:03:52,2026-02-07 21:03:52,6.483333333333333,6.483333333333333,0.0
18145282,내란 옹호한 이혜훈은 되고 김성태 변호한 전준철은 안됨,id:summernight,2026-02-07 22:02:46,1,1,0,2026-02-07 22:15:21,2026-02-07 22:15:21,12.583333333333334,12.583333333333334,0.0
18145628,지금 상황보면 단순히 몇몇애들이 권력에 눈 돌아가서 이러는게 아님,id:todfndl12,2026-02-08 08:37:05,1,1,0,2026-02-08 10:05:36,2026-02-08 10:05:36,88.51666666666667,88.51666666666667,0.0
18145823,조국 대통령 할 인물이라고 10년 전부터 생각했지만 이제는,id:urmyboo,2026-02-08 13:20:42,1,1,0,2026-02-08 13:30:51,2026-02-08 13:30:51,10.15,10.15,0.0
18145853,갑질뇌물 국힘에게 청탁 의뢰한 김병기는 절대수호 vs 합당제안 정청래는 사퇴해야,id:ninety5mph,2026-02-08 13:42:17,1,1,0,2026-02-08 15:11:50,2026-02-08 15:11:50,89.55,89.55,0.0
18145856,이재명은 원래 그런 사람이었죠,id:summernight,2026-02-08 13:44:38,1,1,0,2026-02-08 14:00:20,2026-02-08 14:00:20,15.7,15.7,0.0
18145960,Pic) 상의도 없이 민주당과 합당해서 들어온 사람,id:hyeok497,2026-02-08 15:17:09,1,1,0,2026-02-08 15:24:18,2026-02-08 15:24:18,7.15,7.15,0.0
18145992,조국 모두발언 전문,id:bulbol,2026-02-08 16:09:28,1,1,0,2026-02-08 16:20:13,2026-02-08 16:20:13,10.75,10.75,0.0
18146034,"이언주 수석, 배신의 이중극점 초식 잘 봤습니다.",id:bluepillz,2026-02-08 17:05:42,1,1,0,2026-02-08 17:34:02,2026-02-08 17:34:02,28.333333333333332,28.333333333333332,0.0
18146076,머리를 식히면 알바와 잇박들에게 그만 놀아날 수 있음,id:ttkwnffj,2026-02-08 17:49:12,1,1,0,2026-02-08 17:59:31,2026-02-08 17:59:31,10.316666666666666,10.316666666666666,0.0
18146079,다소 장문) 몇 자 적어봅니다,id:tmclaah5531,2026-02-08 17:50:27,1,1,0,2026-02-08 18:07:25,2026-02-08 18:07:25,16.966666666666665,16.966666666666665,0.0
18146147,이재명은 개버릇 남못주네요..,id:liking83,2026-02-08 18:53:13,1,1,0,2026-02-08 19:15:08,2026-02-08 19:15:08,21.916666666666668,21.916666666666668,0.0
18146218,더쿠로 대표되는 여초 애들 응원봉 들고 나갈 때부터 우려의 시선이 없진 않았죠,id:dadoocom,2026-02-08 20:09:25,1,1,0,2026-02-08 20:14:36,2026-02-08 20:14:36,5.183333333333334,5.183333333333334,0.0
18146297,"2주전) ""고환율 '한두 달' 새 진정?…이대통령 '1,400원' 콕 집은 배경은""",id:kaizennf,2026-02-08 21:32:42,1,1,0,2026-02-08 21:41:34,2026-02-08 21:41:34,8.866666666666667,8.866666666666667,0.0
18146307,역사를 잊은 민족에게 미래는 없다,id:chun1149,2026-02-08 21:43:47,1,1,0,2026-02-08 21:51:38,2026-02-08 21:51:38,7.85,7.85,0.0
18146311,갑자기 제가 다니는 커뮤들에서 온통 정청래 욕하는 사람이 많음.,id:darkchoco,2026-02-08 21:46:30,1,1,0,2026-02-08 21:55:18,2026-02-08 21:55:18,8.8,8.8,0.0
18146414,"이쯤해서 한씨, 이씨, 박씨의 미래는 어떻게 될까요?",id:boba1983,2026-02-08 23:38:00,1,1,0,2026-02-08 23:45:47,2026-02-08 23:45:47,7.783333333333333,7.783333333333333,0.0
18146777,이재명도 어지간히 답답했을거임ㅋㅋ,id:todfndl12,2026-02-09 11:02:58,1,1,0,2026-02-09 11:13:50,2026-02-09 11:13:50,10.866666666666667,10.866666666666667,0.0
18147290,이재명 관련 책 또는 굿즈,id:cytokine1234,2026-02-09 19:17:26,1,1,0,2026-02-09 19:24:16,2026-02-09 19:24:16,6.833333333333333,6.833333333333333,0.0
18147296,"안철수의 ""제가 민주당을 먹었습니다""가 부러웠나 보다",id:horizon,2026-02-09 19:21:07,1,1,0,2026-02-09 19:28:46,2026-02-09 19:28:46,7.65,7.65,0.0
18147451,내가 왜 거리에 나갔을까요,id:younggun,2026-02-09 21:17:19,1,1,0,2026-02-09 21:28:00,2026-02-09 21:28:00,10.683333333333334,10.683333333333334,0.0
18147537,정부안 나왔을 때부터 이미 이재명 의중이 나온 거였음.,id:cytokine1234,2026-02-09 22:49:02,1,1,0,2026-02-09 22:55:40,2026-02-09 22:55:40,6.633333333333334,6.633333333333334,0.0
18147584,국짐 정권에서나 보던 표현들이 민주당 대통령에게서..,id:sdh90,2026-02-10 00:12:16,1,1,0,2026-02-10 00:38:15,2026-02-10 00:38:15,25.983333333333334,25.983333333333334,0.0
18147635,이재명 대통령 공약집을 다시 봤음,id:roykie151,2026-02-10 07:21:33,1,1,0,2026-02-10 07:31:38,2026-02-10 07:31:38,10.083333333333334,10.083333333333334,0.0
18147650,근데 지금 민주당에 친문 누가있나요? 그놈의 친문친문,id:yally1010,2026-02-10 08:06:37,1,1,0,2026-02-10 08:21:28,2026-02-10 08:21:28,14.85,14.85,0.0
18147802,다른 인간이 아닌 이재명이라서 더 배신감 느껴자는거 같음,id:simbae1,2026-02-10 11:09:46,1,1,0,2026-02-10 11:17:53,2026-02-10 11:17:53,8.116666666666667,8.116666666666667,0.0
18148403,일주일 전에 이재명 사당화 우려했더니,id:rera,2026-02-10 18:56:05,1,1,0,2026-02-10 19:09:45,2026-02-10 19:09:45,13.666666666666666,13.666666666666666,0.0
18148995,김민석과 강득구는 이것도 다른 의미로,id:raulgonzo,2026-02-10 21:34:45,1,1,0,2026-02-10 21:43:50,2026-02-10 21:43:50,9.083333333333334,9.083333333333334,0.0
18149274,아이러니한 사실) 정작 정청래는 당무개입 논란될까 끝까지 입닫았는데 자칭 친명 강득구는,id:ninety5mph,2026-02-11 00:08:29,1,1,0,2026-02-11 01:00:12,2026-02-11 01:00:12,51.71666666666667,51.71666666666667,0.0
18149316,이재명은 입법부 존중하시라,id:malwool,2026-02-11 01:42:04,1,1,0,2026-02-11 02:22:40,2026-02-11 02:22:40,40.6,40.6,0.0
18149607,국힘이 답없으니깐. 민주당에 잠입해서 분열시키려는 세력이,id:Necovv,2026-02-11 11:08:12,1,1,0,2026-02-11 12:35:31,2026-02-11 12:35:31,87.31666666666666,87.31666666666666,0.0
18149614,기레기들 조용한게 좀 신기함,id:Bluewings21,2026-02-11 11:15:38,1,1,0,2026-02-11 11:24:25,2026-02-11 11:24:25,8.783333333333333,8.783333333333333,0.0
18149751,이재명 청와대가 특검 후보로 또 정청래 공격하는 이유,id:summernight,2026-02-11 12:34:21,1,1,0,2026-02-11 12:42:09,2026-02-11 12:42:09,7.8,7.8,0.0
18150135,유작가가 딱한번 나와서글치 한세번 나와서 쓴소리하면 달라짐,id:yally1010,2026-02-11 17:54:11,1,1,0,2026-02-11 18:07:05,2026-02-11 18:07:05,12.9,12.9,0.0
18150613,민주당 공천 진짜 문제임,id:malwool,2026-02-12 09:03:46,1,1,0,2026-02-12 09:16:08,2026-02-12 09:16:08,12.366666666666667,12.366666666666667,0.0
18150942,더민주전국혁신회의를 주도적으로 만든 김우영 의원이 뉴탐사에 나와서 한 말,id:bulbol,2026-02-12 13:54:26,1,1,0,2026-02-12 14:03:42,2026-02-12 14:03:42,9.266666666666667,9.266666666666667,0.0
18151011,김상욱이 민주당 전 대통령들 얘기하면서,id:malwool,2026-02-12 14:46:22,1,1,0,2026-02-12 14:52:40,2026-02-12 14:52:40,6.3,6.3,0.0
18151440,Pic) 돌이켜보면 저는 강산에 아저씨와 같은 스탠스였던듯,id:hyeok497,2026-02-12 23:33:59,1,1,0,2026-02-12 23:47:09,2026-02-12 23:47:09,13.166666666666666,13.166666666666666,0.0
18151484,김민새와 그 패거리들이 단단히 착각하는것 중 하나는,id:messiya2022,2026-02-13 01:59:04,1,1,0,2026-02-13 04:50:47,2026-02-13 04:50:47,171.71666666666667,171.71666666666667,0.0
18151950,송영길 씨가 현실정치복귀는 하지 않았으면 하는 이유,id:horizon,2026-02-13 16:01:11,1,1,0,2026-02-13 16:11:01,2026-02-13 16:11:01,9.833333333333334,9.833333333333334,0.0
18152214,장동혁 일 하나는 잘하네요,id:shin4687,2026-02-13 22:15:53,1,1,0,2026-02-13 22:32:02,2026-02-13 22:32:02,16.15,16.15,0.0
18152680,저는 반도체 회사들 떼돈 버는게 가장 기쁜 이유가 법인세 납부가 확 늘어날거라서 그래요,id:blue123,2026-02-14 17:26:43,1,1,0,2026-02-14 17:47:54,2026-02-14 17:47:54,21.183333333333334,21.183333333333334,0.0
18152797,"김병주,전현희,한준호는 왜? 최고위 사퇴하섰나요?",id:malwool,2026-02-14 20:49:51,1,1,0,2026-02-14 21:03:48,2026-02-14 21:03:48,13.95,13.95,0.0
18153159,"미국 민주당 하원 AOC: 소득 불평등과 대기업의 의사결정, 권위주의로의 흐름",id:pearson19,2026-02-15 16:44:33,1,1,0,2026-02-15 16:53:20,2026-02-15 16:53:20,8.783333333333333,8.783333333333333,0.0
18153601,언론이 민주당 지지층을 띄운다?,id:bulbol,2026-02-16 14:21:33,1,1,0,2026-02-16 14:41:23,2026-02-16 14:41:23,19.833333333333332,19.833333333333332,0.0
18153834,결국 개혁이 아니라 권력을 위해 대통령을 하고싶었던 것,id:Mkisduchang,2026-02-16 19:22:06,1,1,0,2026-02-16 19:32:41,2026-02-16 19:32:41,10.583333333333334,10.583333333333334,0.0
18153973,분당이야기가 제일 걱정된다고 말한게 한달도 안되었는데,id:impactx84,2026-02-16 20:57:53,1,1,0,2026-02-16 21:04:20,2026-02-16 21:04:20,6.45,6.45,0.0
18153990,실베 뉴가혁 모집글 이제 봤는데요.,id:lfcthismeans,2026-02-16 21:14:03,1,1,0,2026-02-16 21:19:31,2026-02-16 21:19:31,5.466666666666667,5.466666666666667,0.0
18153997,문재인이 그리 무섭나?,id:god18xx,2026-02-16 21:18:51,1,1,0,2026-02-16 21:26:24,2026-02-16 21:26:24,7.55,7.55,0.0
18154011,아니 지금 이재명 대통령 위기 상황도 아닌데,id:jun2312,2026-02-16 21:26:27,1,1,0,2026-02-16 21:45:12,2026-02-16 21:45:12,18.75,18.75,0.0
18154285,어떤 대응을 하라고 하는지 잘 모르겠네요.,id:lfcthismeans,2026-02-17 10:47:45,1,1,0,2026-02-17 10:56:16,2026-02-17 10:56:16,8.516666666666667,8.516666666666667,0.0
18154359,pic) 영국 대선처럼 양자대결시 노동당 51% vs 개혁uk 49%,id:pearson19,2026-02-17 12:01:53,1,1,0,2026-02-17 12:08:14,2026-02-17 12:08:14,6.35,6.35,0.0
18154406,이준석 지지자들은 제일 싫어하는게 한동훈이어서 웃김,id:blue123,2026-02-17 13:11:07,1,1,0,2026-02-17 13:17:22,2026-02-17 13:17:22,6.25,6.25,0.0
18154643,뉴이재명 이러는 타이밍도 좀 웃김,id:todfndl12,2026-02-17 17:48:25,1,1,0,2026-02-17 18:01:33,2026-02-17 18:01:33,13.133333333333333,13.133333333333333,0.0
18154724,검찰 개혁과 내란당 해체에 힘 써야할 마당에 뉴이재명이니 하는 소리가 존나 같잖음...,id:hanlobby,2026-02-17 19:10:48,1,1,0,2026-02-17 19:20:24,2026-02-17 19:20:24,9.6,9.6,0.0
18154729,이재명 대통령이 양다리 걸치고 있음.,id:Pacojung102,2026-02-17 19:13:07,1,1,0,2026-02-17 19:51:54,2026-02-17 19:51:54,38.78333333333333,38.78333333333333,0.0
18154916,대통령이 시작했으니 꼭 잡길 바람.,id:bulbol,2026-02-17 22:04:14,1,1,0,2026-02-17 22:21:51,2026-02-17 22:21:51,17.616666666666667,17.616666666666667,0.0
18154934,pic)얘는 문정부 청와대 비서관 출신이었네요,id:bulbol,2026-02-17 22:23:14,1,1,0,2026-02-17 23:22:10,2026-02-17 23:22:10,58.93333333333333,58.93333333333333,0.0
18155037,쇼츠) 뉴이재명..?? 이 무슨 개소리야? (feat. 정준희 교수),id:hjsa2004,2026-02-18 03:21:49,1,1,0,2026-02-18 07:38:14,2026-02-18 07:38:14,256.4166666666667,256.4166666666667,0.0
18155114,문재인식 갈라치기가 뭐냐면,id:impactx84,2026-02-18 09:12:28,1,1,0,2026-02-18 09:18:56,2026-02-18 09:18:56,6.466666666666667,6.466666666666667,0.0
18155147,검찰과 싸우고 있다는 생각이 듬,id:YoLaTengo,2026-02-18 10:05:22,1,1,0,2026-02-18 10:18:08,2026-02-18 10:18:08,12.766666666666667,12.766666666666667,0.0
18155156,이재명 부동산 정책의 실패를 대비해서 밑밥까는 느낌,id:ejirall,2026-02-18 10:23:33,1,1,0,2026-02-18 10:29:10,2026-02-18 10:29:10,5.616666666666666,5.616666666666666,0.0
18155179,문정권은 못했는데 이재명은 할 수 있는 이유,id:zirize,2026-02-18 10:47:01,1,1,0,2026-02-18 11:05:21,2026-02-18 11:05:21,18.333333333333332,18.333333333333332,0.0
18155265,원조 손가혁 출신인데요,id:hudson8866,2026-02-18 12:17:14,1,1,0,2026-02-18 12:22:26,2026-02-18 12:22:26,5.2,5.2,0.0
18155387,뉴재명은 아닌데 이재명이 지나치게 공격당해서 불편한 분들도 충분히 이해가는데,id:ninety5mph,2026-02-18 15:41:14,1,1,0,2026-02-18 15:48:53,2026-02-18 15:48:53,7.65,7.65,0.0
18155397,저는 결국 보완수사권을 포기하느냐가 이재명에 대한 바로미터가 될 거라고 봄,id:ninety5mph,2026-02-18 15:55:10,1,1,0,2026-02-18 16:01:45,2026-02-18 16:01:45,6.583333333333333,6.583333333333333,0.0
18155439,문통은 마지막까지 원칙을 지켰는데,id:kiriman,2026-02-18 17:16:11,1,1,0,2026-02-18 17:56:44,2026-02-18 17:56:44,40.55,40.55,0.0
18155647,질문들 보다가 중간에 피식 했던게,id:mcraky,2026-02-18 21:55:24,1,1,0,2026-02-18 22:01:30,2026-02-18 22:01:30,6.1,6.1,0.0
18155933,피고인 윤석열' 운명의 날…차벽 늘어선 서초동 긴장감 고조,id:leoperiseus,2026-02-19 11:55:36,1,1,0,2026-02-19 12:02:37,2026-02-19 12:02:37,7.016666666666667,7.016666666666667,0.0
18156752,싸줄러들의 선견지명에 늘 감탄함,id:skfkssutjr,2026-02-19 22:14:02,1,1,0,2026-02-20 01:08:06,2026-02-20 01:08:06,174.06666666666666,174.06666666666666,0.0
18156822,민주당 의원넘들 조용한것 보소,id:dlawls,2026-02-20 00:33:11,1,1,0,2026-02-20 00:51:39,2026-02-20 00:51:39,18.466666666666665,18.466666666666665,0.0
18156848,16년 김민석의 민주당 + 더불어민주당 합당 관련 사람들이 잘 모르는 사실,id:bulbol,2026-02-20 02:24:45,1,1,0,2026-02-20 06:14:15,2026-02-20 06:14:15,229.5,229.5,0.0
18156894,"""성공한 쿠데타는 처벌할 수 없다.""",id:snap23,2026-02-20 08:13:33,1,1,0,2026-02-20 08:49:10,2026-02-20 08:49:10,35.61666666666667,35.61666666666667,0.0
18156932,뉴이재명 팔이 놈들 숨어서 검찰개혁에도 비추만 누름,id:dlawls,2026-02-20 09:39:54,1,1,0,2026-02-20 09:45:01,2026-02-20 09:45:01,5.116666666666666,5.116666666666666,0.0
18157091,사관학교 통합하는건 위험해 보이는데,id:bulbol,2026-02-20 13:15:31,1,1,0,2026-02-20 13:37:04,2026-02-20 13:37:04,21.55,21.55,0.0
18157473,X에서 본 유럽진보들의 요즘 정치지형에 대한 의견들,id:pearson19,2026-02-20 22:15:18,1,1,0,2026-02-20 22:40:06,2026-02-20 22:40:06,24.8,24.8,0.0
18157565,"진종오, 고발인조사 출석…""김경, 김민석에 구청장자리 약속받아""",id:naco16,2026-02-21 07:32:56,1,1,0,2026-02-21 09:06:32,2026-02-21 09:06:32,93.6,93.6,0.0
18157766,이언주를 포함한 기회주의자들이 원하는건 의원 내각제 같은거죠,id:hodoeel,2026-02-21 13:22:08,1,1,0,2026-02-21 13:32:34,2026-02-21 13:32:34,10.433333333333334,10.433333333333334,0.0
18157767,"“바짝 엎드린 검찰, 순한 양처럼 보이나?” - 자문위 교수의 맹렬한 비판",id:deportivo7,2026-02-21 13:22:37,1,1,0,2026-02-21 13:28:34,2026-02-21 13:28:34,5.95,5.95,0.0
18157788,정원오가 어떤 그릇인지는 모르지만 내란당은 막고 봐야죠,id:rukk7812,2026-02-21 13:50:38,1,1,0,2026-02-21 14:39:58,2026-02-21 14:39:58,49.333333333333336,49.333333333333336,0.0
18158635,뉴이재명 현상을 긍정적으로 보도하는 언론이 생경한 이유,id:bulbol,2026-02-22 19:00:10,1,1,0,2026-02-22 19:44:24,2026-02-22 19:44:24,44.233333333333334,44.233333333333334,0.0
18158699,지금 나오는 기사들대로 간다면,id:kiriman,2026-02-22 20:11:36,1,1,0,2026-02-22 20:22:51,2026-02-22 20:22:51,11.25,11.25,0.0
18158912,민주진영의 비상사태의 전조라고 봅니다,id:hodoeel,2026-02-23 00:09:19,1,1,0,2026-02-23 00:15:36,2026-02-23 00:15:36,6.283333333333333,6.283333333333333,0.0
18159793,"pic) 오늘자 국힘 총회 사진(배현진, 장동혁)",id:ehdtks9286,2026-02-23 17:17:13,1,1,0,2026-02-23 17:33:32,2026-02-23 17:33:32,16.316666666666666,16.316666666666666,0.0
18159858,정청래 제명하라고 쫓아다니는 양반들 보면 노년층 많음,id:impactx84,2026-02-23 18:56:05,1,1,0,2026-02-23 19:04:50,2026-02-23 19:04:50,8.75,8.75,0.0
18159891,이재명 개혁관련 안움직이는건 딱 하나밖에 없는듯,id:junjung,2026-02-23 19:28:42,1,1,0,2026-02-23 19:35:44,2026-02-23 19:35:44,7.033333333333333,7.033333333333333,0.0
18160056,다소 뻘소리) 이재명에게 검찰은 조조에게 관우같은 존재일까요? (내용X),id:kaizennf,2026-02-23 22:56:36,1,1,0,2026-02-23 23:03:06,2026-02-23 23:03:06,6.5,6.5,0.0
18160125,pic) 박은정 누님이 유일한 희망인듯,id:hypeboy,2026-02-24 00:54:27,1,1,0,2026-02-24 01:58:15,2026-02-24 01:58:15,63.8,63.8,0.0
18160131,이재명은 노무현 문재인과 같은 민주적인방법은 정답이 아니다,id:koaie123,2026-02-24 01:39:36,1,1,0,2026-02-24 03:16:30,2026-02-24 03:16:30,96.9,96.9,0.0
18160156,"이재명 대통령, 2차 종합특검 특검보 4명 임명",id:snap23,2026-02-24 06:22:17,1,1,0,2026-02-24 06:28:32,2026-02-24 06:28:32,6.25,6.25,0.0
18160195,민주당은 언제부터인가 기득권입니다.,id:kkt1216,2026-02-24 07:15:40,1,1,0,2026-02-24 08:29:34,2026-02-24 08:29:34,73.9,73.9,0.0
18160586,오창석이든 명민준이든 누구든,id:radioshot1,2026-02-24 16:18:20,1,1,0,2026-02-24 16:29:45,2026-02-24 16:29:45,11.416666666666666,11.416666666666666,0.0
18160628,문통보고 쇼통령 타령하던 종자들 지금 정부보고 무슨 생각할지 궁금함,id:xxvxx,2026-02-24 17:12:20,1,1,0,2026-02-24 17:23:08,2026-02-24 17:23:08,10.8,10.8,0.0
18160845,지금 현 상황은 문통때 다 있었던 일이라는 생각이 듬,id:alfatini,2026-02-24 21:34:17,1,1,0,2026-02-24 21:42:41,2026-02-24 21:42:41,8.4,8.4,0.0
18161022,이재명의 두창화는 향후 민주정권이 압도적 힘을 가지는데 큰 장애물이 되겠네요,id:xxvxx,2026-02-25 00:59:49,1,1,0,2026-02-25 01:07:17,2026-02-25 01:07:17,7.466666666666667,7.466666666666667,0.0
18161024,솔직히 안희정이 건재했으면 21 경선 통과 못했을듯한..,id:hyeok497,2026-02-25 01:03:58,1,1,0,2026-02-25 07:09:24,2026-02-25 07:09:24,365.43333333333334,365.43333333333334,0.0
18161064,이진관은 김건희 샤넬백 유죄 인정,id:whoshot,2026-02-25 07:19:51,1,1,0,2026-02-25 07:26:03,2026-02-25 07:26:03,6.2,6.2,0.0
18161455,근데 뉴이재명 들어나고 봉지욱 한방멕이니,id:alfatini,2026-02-25 14:31:36,1,1,0,2026-02-25 14:40:04,2026-02-25 14:40:04,8.466666666666667,8.466666666666667,0.0
18161646,오세훈한테 징징대는 전한길,id:blue123,2026-02-25 17:50:04,1,1,0,2026-02-25 18:11:45,2026-02-25 18:11:45,21.683333333333334,21.683333333333334,0.0
18162103,ㅈㅅ기사) 보스턴다이내믹스가 상장한다면?,id:skfkssutjr,2026-02-26 10:40:07,1,1,0,2026-02-26 10:58:54,2026-02-26 10:58:54,18.783333333333335,18.783333333333335,0.0
18162545,PIC) 이재명 대통령의 매력,id:wind1123,2026-02-26 18:33:54,1,1,0,2026-02-26 18:39:43,2026-02-26 18:39:43,5.816666666666666,5.816666666666666,0.0
18162622,"강남3구,용산구가 2년만에 아파트 가격 하락세로 전환",id:blue123,2026-02-26 20:20:09,1,1,0,2026-02-26 20:44:50,2026-02-26 20:44:50,24.683333333333334,24.683333333333334,0.0
18163411,정청래 계파있죠.,id:sobad,2026-02-27 18:25:34,1,1,0,2026-02-27 18:52:54,2026-02-27 18:52:54,27.333333333333332,27.333333333333332,0.0
18163668,투기꾼들이 짜증나는 게 다 자기들처럼 부동산에 미쳐있다고 생각함,id:rascol,2026-02-27 23:31:19,1,1,0,2026-02-27 23:40:54,2026-02-27 23:40:54,9.583333333333334,9.583333333333334,0.0
18163774,"pic)조국 페북, 지방선거 연대 관련",id:bulbol,2026-02-28 09:18:50,1,1,0,2026-02-28 09:39:18,2026-02-28 09:39:18,20.466666666666665,20.466666666666665,0.0
18164244,신인규는 패널만이 아니라 당 행사까지 기웃거리려면 뭐 입당이라도 하든가,id:rukk7812,2026-02-28 17:48:55,1,1,0,2026-02-28 18:17:37,2026-02-28 18:17:37,28.7,28.7,0.0
18164425,YTB) 오늘 월말 김어준 꼭 들어보십쇼 (박구용),id:jeffkent,2026-02-28 20:47:26,1,1,0,2026-02-28 21:03:50,2026-02-28 21:03:50,16.4,16.4,0.0
18164683,2찍 등신들은 언제 이재명이 모가지 따러오나 학수고대 하겠네연,id:kaoruchan,2026-03-01 08:31:31,1,1,0,2026-03-01 09:11:30,2026-03-01 09:11:30,39.983333333333334,39.983333333333334,0.0
18164870,Pic) 오히려 이재명 리더쉽 위기마다 도와준게 문통이었는데,id:hyeok497,2026-03-01 13:16:20,1,1,0,2026-03-01 13:24:59,2026-03-01 13:24:59,8.65,8.65,0.0
18166311,이건 뭐 그러게 이혜훈 통과 시키지 그랬어 이러는듯?,id:KINGBATI,2026-03-02 16:09:27,1,1,0,2026-03-02 16:24:20,2026-03-02 16:24:20,14.883333333333333,14.883333333333333,0.0
18166666,(pic) 신인규: 뉴이재명 시대는 유능함 생산성 효능감으로 중도보수 확장,id:rukk7812,2026-03-02 19:41:22,1,1,0,2026-03-02 19:59:03,2026-03-02 19:59:03,17.683333333333334,17.683333333333334,0.0
18166856,무엇보다 뉴이재명<< 이미지 똥된거 속시원합니다,id:hobro,2026-03-02 22:35:04,1,1,0,2026-03-02 22:40:42,2026-03-02 22:40:42,5.633333333333334,5.633333333333334,0.0
18166998,예전에도 썼지만 국민통합위원회 위원장도 뉴라이트놈 임명했죠,id:sdh90,2026-03-03 00:14:50,1,1,0,2026-03-03 00:23:55,2026-03-03 00:23:55,9.083333333333334,9.083333333333334,0.0
18167000,이재명의 가장 큰 문제는 도덕성의 파괴임.,id:cytokine1234,2026-03-03 00:14:54,1,1,0,2026-03-03 00:21:41,2026-03-03 00:21:41,6.783333333333333,6.783333333333333,0.0
18167270,민주당 지지하면서 이렇게 정성스럽게 엿 먹긴 처음,id:shkj22,2026-03-03 12:04:15,1,1,0,2026-03-03 12:48:31,2026-03-03 12:48:31,44.266666666666666,44.266666666666666,0.0
18167469,pic)이재명식 실용이 터무니 없는 이유,id:simbae1,2026-03-03 14:56:14,1,1,0,2026-03-03 15:25:44,2026-03-03 15:25:44,29.5,29.5,0.0
18167916,우리 대통령님 다음번엔 어떤 씨레기를 던져주실까,id:jeffkent,2026-03-03 22:21:42,1,1,0,2026-03-03 22:27:31,2026-03-03 22:27:31,5.816666666666666,5.816666666666666,0.0
18168559,이재명 기자회견 코스피 관련 발언,id:ttangsoo6,2026-03-04 13:53:26,1,1,0,2026-03-04 13:58:47,2026-03-04 13:58:47,5.35,5.35,0.0
18169760,"[속보] 민주당, 6·3 지방선거 경남지사 후보 김경수 단수 공천",id:tkrhdgus1,2026-03-05 13:53:24,1,1,0,2026-03-05 13:59:06,2026-03-05 13:59:06,5.7,5.7,0.0
18169835,이 미친 새 ㄲ ㅣ는 지맘대로 하라고 사람들이 광장에 나간 줄 아나??,id:horizon,2026-03-05 14:49:26,1,1,0,2026-03-05 14:56:58,2026-03-05 14:56:58,7.533333333333333,7.533333333333333,0.0
18169954,나도 눈팅러인데...,id:leekh01,2026-03-05 15:48:14,1,1,0,2026-03-05 15:55:10,2026-03-05 15:55:10,6.933333333333334,6.933333333333334,0.0
18169959,이재명은 괴물 경찰 만들까봐 걱정한다더니 괴물 검찰을 2개로 만들어버리네 ㅋㅋㅋㅋㅋ,id:zero080,2026-03-05 15:50:09,1,1,0,2026-03-05 16:08:23,2026-03-05 16:08:23,18.233333333333334,18.233333333333334,0.0
18170259,이제는 호남에 혁신당도 인물 고만고만 할꺼다 소리도 안나올듯요,id:gum0510,2026-03-05 18:42:54,1,1,0,2026-03-05 18:52:20,2026-03-05 18:52:20,9.433333333333334,9.433333333333334,0.0
18170328,민주당새끼들 기존 당원들 다 내보내고 뉴재명으로 채우고싶나보네요,id:typoonj2,2026-03-05 19:37:13,1,1,0,2026-03-05 20:00:31,2026-03-05 20:00:31,23.3,23.3,0.0
18170384,이재명과 민주당의원들은 사다리 걷어차기를 할수있다고 착각하는 중,id:roe2k,2026-03-05 20:22:48,1,1,0,2026-03-05 20:29:15,2026-03-05 20:29:15,6.45,6.45,0.0
18170648,저 악개놈 어디서 왔는지 짐작이 가는 게,id:summernight,2026-03-05 22:28:38,1,1,0,2026-03-05 22:35:03,2026-03-05 22:35:03,6.416666666666667,6.416666666666667,0.0
18170902,복기해보면 유시민이 일찍 나왔으면 욕만 먹었을듯,id:armwear,2026-03-06 01:28:24,1,1,0,2026-03-06 01:56:48,2026-03-06 01:56:48,28.4,28.4,0.0
18170910,이해찬의 민주당은 이제 다시는 볼수없을지도 모르겠네요.,id:roe2k,2026-03-06 02:10:37,1,1,0,2026-03-06 02:20:37,2026-03-06 02:20:37,10.0,10.0,0.0
18171029,공소청법 쟁점별 입장 비교,id:solution78,2026-03-06 08:51:29,1,1,0,2026-03-06 09:00:21,2026-03-06 09:00:21,8.866666666666667,8.866666666666667,0.0
18171172,이재명 당선되면 전 정치에 관심 안가져도될거라고 생각했는데,id:typoonj2,2026-03-06 11:00:47,1,1,0,2026-03-06 11:06:51,2026-03-06 11:06:51,6.066666666666666,6.066666666666666,0.0
18171477,"靑 ""UAE 원유 600만 배럴 긴급 도입…에너지 수급 안정화""",id:naco16,2026-03-06 15:59:58,1,1,0,2026-03-06 16:11:42,2026-03-06 16:11:42,11.733333333333333,11.733333333333333,0.0
18171696,애초에 노통을 지지자들이 일치단결해서 지켜주지 못했다고 생각한다면,id:gerrard88,2026-03-06 20:05:55,1,1,0,2026-03-06 20:39:08,2026-03-06 20:39:08,33.21666666666667,33.21666666666667,0.0
18171730,멸칭이 보기 싫으면 이쪽이고 저쪽이고 사람인데 그러지 말자고 하던가,id:todfndl12,2026-03-06 20:36:40,1,1,0,2026-03-06 20:44:04,2026-03-06 20:44:04,7.4,7.4,0.0
18171731,개인적으로 민주당이 청와대를 너무 감싸고 돈다고 느낀 지점,id:bulbol,2026-03-06 20:37:14,1,1,0,2026-03-06 20:44:37,2026-03-06 20:44:37,7.383333333333334,7.383333333333334,0.0
18171761,문통이 호벤져스들 내보내고 민주당 청소했는데,id:LJM1389,2026-03-06 21:17:28,1,1,0,2026-03-06 21:32:44,2026-03-06 21:32:44,15.266666666666667,15.266666666666667,0.0
18172048,조국이 가장 문재인과 비슷함. 성격은 모르겠는데 정도만 걷는 인물,id:armwear,2026-03-07 10:01:46,1,1,0,2026-03-07 10:07:04,2026-03-07 10:07:04,5.3,5.3,0.0
18172073,(딴지펌) 문재인 대통령님 미국 PCI 행사 후기 (feat. 최종건 교수님),id:zero080,2026-03-07 10:32:32,1,1,0,2026-03-07 10:38:43,2026-03-07 10:38:43,6.183333333333334,6.183333333333334,0.0
18172106,조국당 머하는거지,id:mirissoul2,2026-03-07 11:12:17,1,1,0,2026-03-07 11:17:43,2026-03-07 11:17:43,5.433333333333334,5.433333333333334,0.0
18172136,이재명 뭔가 다른 스타일의 정치 혐오를 불러 일으키네요 ㅋㅋㅋㅋㅋ,id:colacup,2026-03-07 11:48:57,1,1,0,2026-03-07 11:59:31,2026-03-07 11:59:31,10.566666666666666,10.566666666666666,0.0
18172754,캐비넷 하나씩 열리나 보네요.,id:dlawls,2026-03-07 21:19:43,1,1,0,2026-03-07 21:28:54,2026-03-07 21:28:54,9.183333333333334,9.183333333333334,0.0
18172769,"if 정부안으로 통과 후, 언론 특보 “국민들 오랜 숙원 검찰개혁 이뤄낸 이재명 정부”",id:deportivo7,2026-03-07 21:30:58,1,1,0,2026-03-07 21:44:14,2026-03-07 21:44:14,13.266666666666667,13.266666666666667,0.0
18172859,이재명 SNS 제미나이 분석,id:Volvo,2026-03-07 22:23:29,1,1,0,2026-03-07 22:47:59,2026-03-07 22:47:59,24.5,24.5,0.0
18173166,뒤에 숨어서 이재명의 검찰에 대한 생각을 알 수가 없었는데 우상호 덕택에 알게 되었죠,id:zero080,2026-03-08 01:06:48,1,1,0,2026-03-08 01:21:43,2026-03-08 01:21:43,14.916666666666666,14.916666666666666,0.0
18173174,지지난 대선경선 추미애 밀었음,id:dlawls,2026-03-08 01:18:16,1,1,0,2026-03-08 01:24:24,2026-03-08 01:24:24,6.133333333333334,6.133333333333334,0.0
18173201,저 대통령 좋아했습니다.,id:ehsaksk,2026-03-08 02:10:16,1,1,0,2026-03-08 02:18:54,2026-03-08 02:18:54,8.633333333333333,8.633333333333333,0.0
18173212,뽐뿌는 자게 핫/인기글 전부 검찰개혁 정부안과 이재명 비토하는 글이네요,id:zero080,2026-03-08 02:51:36,1,1,0,2026-03-08 03:09:17,2026-03-08 03:09:17,17.683333333333334,17.683333333333334,0.0
18173318,Pic) ???: 인사 비난하지 마라. 문재인 정부는 그러다 망했다,id:hyeok497,2026-03-08 09:52:03,1,1,0,2026-03-08 09:59:01,2026-03-08 09:59:01,6.966666666666667,6.966666666666667,0.0
18173798,지금 이재명 글에 붙은 막타충 새끼들 이병태 까는놈이 단 한명도 없었음,id:lovedavich,2026-03-08 17:04:23,1,1,0,2026-03-08 17:10:57,2026-03-08 17:10:57,6.566666666666666,6.566666666666666,0.0
18174141,문통 깐거 자기 철새짓 당위성 부여하려고 저러는거예요.,id:lfcthismeans,2026-03-08 22:32:32,1,1,0,2026-03-08 22:45:43,2026-03-08 22:45:43,13.183333333333334,13.183333333333334,0.0
18174265,서울 지선 고민이네요,id:nike09,2026-03-09 02:57:27,1,1,0,2026-03-09 03:43:33,2026-03-09 03:43:33,46.1,46.1,0.0
18174290,pic) AI에게 물어본 이재명 대통령의 X.jpg,id:naco16,2026-03-09 06:23:25,1,1,0,2026-03-09 07:11:28,2026-03-09 07:11:28,48.05,48.05,0.0
18174365,이재명 체포동의안 발의됐을때 쫄아서 빌고 다녔는데,id:FeelingGood,2026-03-09 08:12:35,1,1,0,2026-03-09 08:22:54,2026-03-09 08:22:54,10.316666666666666,10.316666666666666,0.0
18174406,이재명식 증시안전자금 100조 어디감 ㅋㅋㅋㅋ,id:Tenhag,2026-03-09 09:03:27,1,1,0,2026-03-09 09:12:53,2026-03-09 09:12:53,9.433333333333334,9.433333333333334,0.0
18174441,"세계관이 뒤틀린 느낌. 친일 식근론 인사 비판, 검찰 개악 비판 = 2찍",id:bundes1,2026-03-09 09:33:04,1,1,0,2026-03-09 09:44:05,2026-03-09 09:44:05,11.016666666666667,11.016666666666667,0.0
18174540,유튜버 ‘정치쉽당‘은 일관되게 검찰 개혁을 말함 그리고,id:solution78,2026-03-09 10:33:54,1,1,0,2026-03-09 10:47:15,2026-03-09 10:47:15,13.35,13.35,0.0
18174629,그니깐 이재명이 원하는건 이거죠 ?,id:sugarlim,2026-03-09 11:19:08,1,1,0,2026-03-09 11:31:27,2026-03-09 11:31:27,12.316666666666666,12.316666666666666,0.0
18174932,(PIC) 이승만 정부의 친일파는 다르다!,id:kakaka10,2026-03-09 15:36:54,1,1,0,2026-03-09 16:00:21,2026-03-09 16:00:21,23.45,23.45,0.0
18175169,(pic) 이재명 “투옥 되면 전과 아닌가?” 전과로 이재명 까도 되는 이유,id:deportivo7,2026-03-09 19:27:45,1,1,0,2026-03-09 19:35:35,2026-03-09 19:35:35,7.833333333333333,7.833333333333333,0.0
18175223,와씨!!!!!!! 민졷당 진짜 개같다 개가튼 새끼들,id:Volvo,2026-03-09 20:07:59,1,1,0,2026-03-09 20:15:31,2026-03-09 20:15:31,7.533333333333333,7.533333333333333,0.0
18175312,통합하려면 진영내 통합을 먼저 해야지ㅋㅋㅋㅋ,id:Tenhag,2026-03-09 21:48:44,1,1,0,2026-03-09 21:55:31,2026-03-09 21:55:31,6.783333333333333,6.783333333333333,0.0
18175352,욕쳐먹을짓을 꾸준히 해서 욕하는건데 왜 그게 작업이고 테라포밍이라는건지,id:xxvxx,2026-03-09 22:31:13,1,1,0,2026-03-09 22:36:23,2026-03-09 22:36:23,5.166666666666667,5.166666666666667,0.0
18175379,"민주진영 or 이재명 개인, 뭘 더 우선하느냐에 따라 달리 보일 수 있죠",id:horizon,2026-03-09 22:54:49,1,1,0,2026-03-09 23:18:33,2026-03-09 23:18:33,23.733333333333334,23.733333333333334,0.0
18175459,다소 저격입니다만 카이저 소제가 다른 곳에 있는 게 아니었나 싶네요.,id:ninety5mph,2026-03-10 00:42:20,1,1,0,2026-03-10 03:01:57,2026-03-10 03:01:57,139.61666666666667,139.61666666666667,0.0
18175479,민주당 지지자들은 의리가 있는 사람을 좋아합니다,id:qhdtlsdl,2026-03-10 05:34:07,1,1,0,2026-03-10 05:39:39,2026-03-10 05:39:39,5.533333333333333,5.533333333333333,0.0
18175598,목줄이 잡힌거라 봐야할지 건내준거라 봐야할지,id:onana,2026-03-10 08:56:18,1,1,0,2026-03-10 09:05:14,2026-03-10 09:05:14,8.933333333333334,8.933333333333334,0.0
18175659,어찌저찌 본심 숨기고 버틴것도 대단하다 이재명씨,id:BongGu1103,2026-03-10 09:19:07,1,1,0,2026-03-10 09:27:49,2026-03-10 09:27:49,8.7,8.7,0.0
18175712,이재명한테 실망함,id:zavawork01,2026-03-10 09:44:19,1,1,0,2026-03-10 09:51:24,2026-03-10 09:51:24,7.083333333333333,7.083333333333333,0.0
18175847,"주변에 검사출신들, 전직 혹은 예비 수박들로 가득 채우니 이래 됨",id:armwear,2026-03-10 11:26:55,1,1,0,2026-03-10 11:32:52,2026-03-10 11:32:52,5.95,5.95,0.0
18175851,정청래 딴지글 이제봤는데 뭐하자는 거지?,id:kokomong,2026-03-10 11:32:17,1,1,0,2026-03-10 11:57:03,2026-03-10 11:57:03,24.766666666666666,24.766666666666666,0.0
18176075,민주당 의원들은 지지자를 바보로 아나봐요,id:malwool,2026-03-10 13:59:28,1,1,0,2026-03-10 14:04:33,2026-03-10 14:04:33,5.083333333333333,5.083333333333333,0.0
18176157,pic) 이재명 경기도 지사 시절 광고 집행비용 남경필의 두배 가까이,id:donka,2026-03-10 15:04:34,1,1,0,2026-03-10 15:10:12,2026-03-10 15:10:12,5.633333333333334,5.633333333333334,0.0
18176399,이재명은 왜 본인이 최대 피해자라고 하는지,id:asha7270,2026-03-10 19:21:26,1,1,0,2026-03-10 19:40:28,2026-03-10 19:40:28,19.033333333333335,19.033333333333335,0.0
18176531,이재명은 성찰보다 이 갈고 있을 거 같아서 ㄷㄷ...,id:Tenhag,2026-03-10 21:04:52,1,1,0,2026-03-10 21:10:50,2026-03-10 21:10:50,5.966666666666667,5.966666666666667,0.0
18176598,창슥이의 문재인 부동산 평가,id:Tenhag,2026-03-10 21:42:24,1,1,0,2026-03-10 21:48:28,2026-03-10 21:48:28,6.066666666666666,6.066666666666666,0.0
18176974,어제부터 계속 정권 유지하면 그게 개혁 성공이라고 말하는 종자들이 많나보네요,id:sta0505,2026-03-11 09:13:03,1,1,0,2026-03-11 09:20:12,2026-03-11 09:20:12,7.15,7.15,0.0
18177197,자현 중같은 사람들이 문재인 정부의 탈원전을 비난하며 하는 얘기가 영국의 토니 블레어,id:adkse,2026-03-11 11:54:39,1,1,0,2026-03-11 12:31:04,2026-03-11 12:31:04,36.416666666666664,36.416666666666664,0.0
18177213,늘 말하지만 문재인 끌어오는 이유는,id:impactx84,2026-03-11 12:01:04,1,1,0,2026-03-11 12:29:31,2026-03-11 12:29:31,28.45,28.45,0.0
18177233,털보가 명비어천가 가장 제대로 부르고 있는데,id:lfcthismeans,2026-03-11 12:12:58,1,1,0,2026-03-11 12:20:41,2026-03-11 12:20:41,7.716666666666667,7.716666666666667,0.0
18177298,반 한나라당 반 국민의 힘,id:djsi,2026-03-11 13:07:39,1,1,0,2026-03-11 13:14:13,2026-03-11 13:14:13,6.566666666666666,6.566666666666666,0.0
18177312,이명박이 그렇게 별로였어도 박근혜가 당선된건,id:Milner7,2026-03-11 13:19:42,1,1,0,2026-03-11 13:30:03,2026-03-11 13:30:03,10.35,10.35,0.0
18177447,오 드디어 밑에 투표포기는 하지말라는 글에 '2찍해야지'라는 댓글 출현,id:kiriman,2026-03-11 16:09:22,1,1,0,2026-03-11 16:16:06,2026-03-11 16:16:06,6.733333333333333,6.733333333333333,0.0
18177461,재명이 보면 결만 다르지 윤석열입니다.,id:Tenhag,2026-03-11 16:17:05,1,1,0,2026-03-11 16:54:21,2026-03-11 16:54:21,37.266666666666666,37.266666666666666,0.0
18177467,싸줄 오는 뉴재명충들이 윤석열이 정권 잡았다고 왜 그리 문통 까나 했더니.,id:sounited13,2026-03-11 16:24:36,1,1,0,2026-03-11 16:46:28,2026-03-11 16:46:28,21.866666666666667,21.866666666666667,0.0
18177603,이재명박은 최근에 내가 제일 먼저 씀,id:armwear,2026-03-11 18:01:57,1,1,0,2026-03-11 18:07:02,2026-03-11 18:07:02,5.083333333333333,5.083333333333333,0.0
18177986,이동형이나 다른 따까리들이 공소취소로 더 난리치는게,id:tjfghksss,2026-03-11 22:46:26,1,1,0,2026-03-11 22:54:44,2026-03-11 22:54:44,8.3,8.3,0.0
18178367,찬성이건 반대건 서로 악마화하지말고 건전한 토론하라는게 ㅋㅋㅋㅋ,id:kiriman,2026-03-12 10:07:28,1,1,0,2026-03-12 10:29:10,2026-03-12 10:29:10,21.7,21.7,0.0
18179063,"pic) 조갑제 ""오세훈 서울시장·한동훈 부산 보궐·이준석 경기지사 출마해야""",id:snap23,2026-03-12 21:37:27,1,1,0,2026-03-12 21:46:00,2026-03-12 21:46:00,8.55,8.55,0.0
18179554,3당 합당 이후 국짐이 이렇게까지 빈사상태인 적이 없는데,id:deportivo7,2026-03-13 12:39:45,1,1,0,2026-03-13 12:46:38,2026-03-13 12:46:38,6.883333333333334,6.883333333333334,0.0
18180031,요즘 코로나 오염 백신으로 빌드업 하던데,id:novacane,2026-03-13 19:37:04,1,1,0,2026-03-14 08:30:23,2026-03-14 08:30:23,773.3166666666667,773.3166666666667,0.0
18180174,단톡방에서 뭐라고 시부릴지 존나 궁금하네,id:cydia14,2026-03-13 21:48:06,1,1,0,2026-03-13 22:43:47,2026-03-13 22:43:47,55.68333333333333,55.68333333333333,0.0
18180203,해찬옹 타계하시고 본색을 드러낸 느낌,id:hopes,2026-03-13 22:08:08,1,1,0,2026-03-13 22:18:11,2026-03-13 22:18:11,10.05,10.05,0.0
18180414,이재명 업이 차곡 차곡 쌓이고 있습니다,id:solution78,2026-03-14 09:05:15,1,1,0,2026-03-14 10:04:11,2026-03-14 10:04:11,58.93333333333333,58.93333333333333,0.0
18180781,이재명 힘 실어준다고 친명무새들 잔뜩 살려놨더니,id:hyeok497,2026-03-14 15:43:06,1,1,0,2026-03-14 19:54:13,2026-03-14 19:54:13,251.11666666666667,251.11666666666667,0.0
18180878,언론개혁이라는 말이 나온게 언론이 자신들의 뜻을 관철하기 위해 왜곡하는걸 막기 위한,id:impactx84,2026-03-14 17:19:30,1,1,0,2026-03-14 17:32:19,2026-03-14 17:32:19,12.816666666666666,12.816666666666666,0.0
18180935,영기리 지 당대표때 개짓거리 생각안하나??,id:kokomong,2026-03-14 18:19:33,1,1,0,2026-03-14 19:48:21,2026-03-14 19:48:21,88.8,88.8,0.0
18181169,돌이켜보면 이재명한테 최면어플 당한듯,id:hyeok497,2026-03-14 21:42:12,1,1,0,2026-03-14 21:52:10,2026-03-14 21:52:10,9.966666666666667,9.966666666666667,0.0
18181215,싸줄 눈치 백단인 게,id:malwool,2026-03-14 22:22:54,1,1,0,2026-03-14 22:40:33,2026-03-14 22:40:33,17.65,17.65,0.0
18181263,이재명 쉴드 쳐줬다가 뮨파들과 척졌던 것도 김어준인데ㅋㅋ,id:hyeok497,2026-03-14 23:12:34,1,1,0,2026-03-14 23:55:13,2026-03-14 23:55:13,42.65,42.65,0.0
18181759,중임제든 내각제든 한번 더 하고 싶으면 꼬붕 정치인이 나서 운을 뗄텐데,id:boba1983,2026-03-15 16:11:57,1,1,0,2026-03-15 16:22:54,2026-03-15 16:22:54,10.95,10.95,0.0
18182399,혁신당이 지자체장은 후보 못내도 비례의원들은 꽤 많이 출마할 겁니다.,id:horizon,2026-03-15 23:04:14,1,1,0,2026-03-15 23:12:13,2026-03-15 23:12:13,7.983333333333333,7.983333333333333,0.0
18183090,정청래가 이재명에 대놓고 반기를 못들죠,id:whddlqlgodrl,2026-03-16 11:02:27,1,1,0,2026-03-16 11:10:20,2026-03-16 11:10:20,7.883333333333334,7.883333333333334,0.0
18183161,"가카 그리고 의원나으리들, 당원들이 호구같죠?",id:Mkisduchang,2026-03-16 11:59:25,1,1,0,2026-03-16 12:05:40,2026-03-16 12:05:40,6.25,6.25,0.0
18183223,메이저 언론이 잠잠하면 지지율은 높을수밖에 없음,id:gerrard88,2026-03-16 13:02:27,1,1,0,2026-03-16 13:15:32,2026-03-16 13:15:32,13.083333333333334,13.083333333333334,0.0
18183374,pic) 저쪽당 최신 근황,id:ehdtks9286,2026-03-16 15:31:25,1,1,0,2026-03-16 15:39:31,2026-03-16 15:39:31,8.1,8.1,0.0
18183506,상식적으로 이재명이 국힘 대선 후보도 아니고,id:novacane,2026-03-16 16:57:12,1,1,0,2026-03-16 17:07:06,2026-03-16 17:07:06,9.9,9.9,0.0
18183518,약점이 너무 많으셔서 무엇 때문에 저러는지 감도 안 오네.,id:djsi,2026-03-16 17:06:34,1,1,0,2026-03-16 17:13:22,2026-03-16 17:13:22,6.8,6.8,0.0
18183544,이재명 X 답글은 그래도 정상인이 많은듯,id:hjsa2004,2026-03-16 17:22:30,1,1,0,2026-03-16 17:29:40,2026-03-16 17:29:40,7.166666666666667,7.166666666666667,0.0
18183584,겸공 vs 정부. 싸우면 누가 이길까?,id:armwear,2026-03-16 17:42:25,1,1,0,2026-03-16 17:49:42,2026-03-16 17:49:42,7.283333333333333,7.283333333333333,0.0
18183789,돌아가는거 보니 합당 안된게 다행인거 같기도 하네요,id:kanginmom,2026-03-16 21:13:48,1,1,0,2026-03-16 21:20:06,2026-03-16 21:20:06,6.3,6.3,0.0
18184037,유시민이 내일 언급하기 전에 매듭지어라는 지시 ㅋㅋㅋ,id:solution78,2026-03-17 08:23:41,1,1,0,2026-03-17 08:33:31,2026-03-17 08:33:31,9.833333333333334,9.833333333333334,0.0
18184325,반성문 저거 한번 재미 본 작전이라 또 써먹는듯ㅋㅋ,id:todfndl12,2026-03-17 11:32:27,1,1,0,2026-03-17 12:02:33,2026-03-17 12:02:33,30.1,30.1,0.0
18185386,당대표 신나게 까던 사람들은 그래도 사과라도 하는게 맞지 않나싶은데,id:Groin,2026-03-18 07:57:30,1,1,0,2026-03-18 08:17:33,2026-03-18 08:17:33,20.05,20.05,0.0
18185426,최근 빡칠 일이 많긴 해도 분노가 기본 태도가 되진 않았으면 좋겠습니다,id:dadoocom,2026-03-18 08:23:23,1,1,0,2026-03-18 08:36:58,2026-03-18 08:36:58,13.583333333333334,13.583333333333334,0.0
18185609,검사 불러다가 정부안 만들어서 검찰개혁 개판쳐놓은게 이재명인데,id:summernight,2026-03-18 10:40:51,1,1,0,2026-03-18 10:47:26,2026-03-18 10:47:26,6.583333333333333,6.583333333333333,0.0
18185626,아니나 다를까 하루 지나니까 몇 명 몰려와서 어그로짓,id:zxcvbnm00765,2026-03-18 10:53:16,1,1,0,2026-03-18 11:02:25,2026-03-18 11:02:25,9.15,9.15,0.0
18185661,니들이 문재인은 뭐 특별히 잘못해서 깠냐?,id:ffk12349,2026-03-18 11:08:27,1,1,0,2026-03-18 11:14:32,2026-03-18 11:14:32,6.083333333333333,6.083333333333333,0.0
18185712,실물경제는 윤두창 시절보다 더 최악임.,id:BlackEyes23,2026-03-18 11:34:43,1,1,0,2026-03-18 11:42:33,2026-03-18 11:42:33,7.833333333333333,7.833333333333333,0.0
18185770,김건희 항소심 4월 28일 선고군요,id:jseric,2026-03-18 12:11:55,1,1,0,2026-03-18 12:22:55,2026-03-18 12:22:55,11.0,11.0,0.0
18186484,뉴이재명 현상이라는게 웃기죠 ㅋㅋㅋ 그논리면 뉴한동훈 도 있는거임?,id:whddlqlgodrl,2026-03-18 20:22:47,1,1,0,2026-03-18 20:40:12,2026-03-18 20:40:12,17.416666666666668,17.416666666666668,0.0
18186788,이동형식 갈라치기가 정말 나쁜점은,id:yoshiki2,2026-03-19 00:03:33,1,1,0,2026-03-19 00:18:18,2026-03-19 00:18:18,14.75,14.75,0.0
18187311,한준호 준B가 너무 안됐던데요,id:soparkbj,2026-03-19 11:28:39,1,1,0,2026-03-19 11:39:26,2026-03-19 11:39:26,10.783333333333333,10.783333333333333,0.0
18187367,한준호 솔직히 추의원이랑 엄대엄이었음 저런발언 했을까,id:mirissoul2,2026-03-19 12:09:27,1,1,0,2026-03-19 15:17:39,2026-03-19 15:17:39,188.2,188.2,0.0
18188213,"프레임 전쟁에서 유시민을 당할 사람이 없네요,",id:luminai,2026-03-20 06:43:50,1,1,0,2026-03-20 06:52:13,2026-03-20 06:52:13,8.383333333333333,8.383333333333333,0.0
18188682,진짜 유시민 이펙트 확실하네ㅋㅋ,id:hobro,2026-03-20 12:24:13,1,1,0,2026-03-20 12:39:50,2026-03-20 12:39:50,15.616666666666667,15.616666666666667,0.0
18188690,"[속보] 서울남부지법, 배현진 이어 김종혁 징계도 효력정지‥가처분 인용",id:bulbol,2026-03-20 12:26:27,1,1,0,2026-03-20 12:33:14,2026-03-20 12:33:14,6.783333333333333,6.783333333333333,0.0
18188756,겸공과 지지자들과 민주당,id:twija100,2026-03-20 13:10:46,1,1,0,2026-03-20 13:36:14,2026-03-20 13:36:14,25.466666666666665,25.466666666666665,0.0
18189216,요즘 언론보면 보수에 우호적인게 아니라,id:sis97y53,2026-03-20 21:19:00,1,1,0,2026-03-20 21:29:40,2026-03-20 21:29:40,10.666666666666666,10.666666666666666,0.0
18189276,오세훈 서울시 사업 백지화할 거냐 질문에 민주당 후보들 전부 yes,id:rukk7812,2026-03-20 22:14:23,1,1,0,2026-03-20 22:19:56,2026-03-20 22:19:56,5.55,5.55,0.0
18189436,대충 싸줄아저씨들(저포함)이 보는 이번정권에대한 감정을 감히 요약해보자면,id:modern21,2026-03-21 00:42:01,1,1,0,2026-03-21 00:59:15,2026-03-21 00:59:15,17.233333333333334,17.233333333333334,0.0
18189657,대통령이 유튜버랑 소통한다니...,id:kohs98,2026-03-21 11:05:42,1,1,0,2026-03-21 11:21:02,2026-03-21 11:21:02,15.333333333333334,15.333333333333334,0.0
18190380,한준호는 더민갤에서도 까이고 있네요,id:rukk7812,2026-03-21 22:40:10,1,1,0,2026-03-21 22:56:45,2026-03-21 22:56:45,16.583333333333332,16.583333333333332,0.0
18190616,지지율 떨어지면 이동형 게이트 터진다고 봄,id:kglite,2026-03-22 09:30:13,1,1,0,2026-03-22 09:50:16,2026-03-22 09:50:16,20.05,20.05,0.0
18191688,민주당 김현 의원이 페이스북에 국힘은 이진숙을 완전히 버렸다고 분석한것은 잘못인것임,id:adkse,2026-03-23 13:26:51,1,1,0,2026-03-23 14:54:27,2026-03-23 14:54:27,87.6,87.6,0.0
18191969,나도 이재명 밭갈때 비호감 이미지 때문에 많이 힘들었음...,id:dleoduq1234,2026-03-23 19:31:31,1,1,0,2026-03-23 19:58:04,2026-03-23 19:58:04,26.55,26.55,0.0
18192004,중앙일보 뭐하냐? JTBC 적자라는게 좀 도와줘라~~,id:hkwo031,2026-03-23 20:06:25,1,1,0,2026-03-23 20:15:11,2026-03-23 20:15:11,8.766666666666667,8.766666666666667,0.0
18192683,부산서 “민주당 뽑았냐” 묻고 택시기사 폭행 20대男 징역형,id:bulbol,2026-03-24 17:45:17,1,1,0,2026-03-24 19:09:06,2026-03-24 19:09:06,83.81666666666666,83.81666666666666,0.0
18192874,"쇼츠) 홍익표, ""ABC 갖고 왜 싸우는 지 모르겠다""",id:IGoHigh18,2026-03-24 21:13:09,1,1,0,2026-03-24 22:02:30,2026-03-24 22:02:30,49.35,49.35,0.0
18193478,친명들은 문제가 호들갑을 겁나게 떠는거가 문제같아요,id:tjdgh09123,2026-03-25 16:50:06,1,1,0,2026-03-25 18:22:51,2026-03-25 18:22:51,92.75,92.75,0.0
18193611,대구에선 주호영-한동훈 무소속 연대가 대두되고 있다던데...,id:sexline,2026-03-25 19:46:42,1,1,0,2026-03-25 19:51:55,2026-03-25 19:51:55,5.216666666666667,5.216666666666667,0.0
18193683,유시민이 아무 이유도 없이 갑자기 abc 론 가지고 나온게 아닌데,id:rukk7812,2026-03-25 20:54:54,1,1,0,2026-03-25 21:02:07,2026-03-25 21:02:07,7.216666666666667,7.216666666666667,0.0
18194009,pic) 유시민이 친노냐? 종결,id:radioshot1,2026-03-26 09:30:18,1,1,0,2026-03-26 09:38:01,2026-03-26 09:38:01,7.716666666666667,7.716666666666667,0.0
18194047,"지금와서 돌이켜보면 박원순,안희정,김경수 다 어처구니없게 날아가고",id:kiriman,2026-03-26 10:21:59,1,1,0,2026-03-26 11:01:24,2026-03-26 11:01:24,39.416666666666664,39.416666666666664,0.0
18194129,pic) TK 정치성향은 이제 이해하실 때도 되지 않았나요?,id:dadoocom,2026-03-26 11:45:38,1,1,0,2026-03-26 11:59:38,2026-03-26 11:59:38,14.0,14.0,0.0
18194154,유시민 선생님 존경합니다,id:makaloni,2026-03-26 12:12:18,1,1,0,2026-03-26 12:22:29,2026-03-26 12:22:29,10.183333333333334,10.183333333333334,0.0
18194294,뉴가혁과 동형류가 이재명을 더 멀어지게 만드는..,id:hyeok497,2026-03-26 15:03:19,1,1,0,2026-03-26 16:51:38,2026-03-26 16:51:38,108.31666666666666,108.31666666666666,0.0
18194649,제가 기억하기로 유시민 당선 자체를 싫어하는 사람 많았음,id:nikkohadal,2026-03-26 22:45:54,1,1,0,2026-03-26 22:59:37,2026-03-26 22:59:37,13.716666666666667,13.716666666666667,0.0
18194699,pic) 연임 말하는 놈들이 누구인가 잘 보면 보입니다..,id:lj0608,2026-03-27 00:18:21,1,1,0,2026-03-27 05:43:03,2026-03-27 05:43:03,324.7,324.7,0.0
18194718,"정승기 작가, ""법사위 쇼츠 정치 쇼하고 있다"" 라고 말하는 의원들이 정말 많다",id:oasiticjoo19,2026-03-27 02:10:44,1,1,0,2026-03-27 07:02:03,2026-03-27 07:02:03,291.31666666666666,291.31666666666666,0.0
18195528,이재명 대통령은 공약을 지키시길 바랍니다,id:roe2k,2026-03-28 06:00:25,1,1,0,2026-03-28 08:35:19,2026-03-28 08:35:19,154.9,154.9,0.0
18195613,이재명 일 잘한다는 사람들의 특징...,id:kaizennf,2026-03-28 10:03:49,1,1,0,2026-03-28 11:07:19,2026-03-28 11:07:19,63.5,63.5,0.0
18195701,이 시국에 윤석열이 무슨카르텔 척결 이러고 있었으면 개쌍욕 먹었을 것,id:rhcp11,2026-03-28 12:24:28,1,1,0,2026-03-28 12:38:53,2026-03-28 12:38:53,14.416666666666666,14.416666666666666,0.0
18195753,(Pic)현재 진행중인 아시안게임 e스포츠 격투게임 국대 선발전,id:jj1211,2026-03-28 13:34:02,1,1,0,2026-03-28 13:52:45,2026-03-28 13:52:45,18.716666666666665,18.716666666666665,0.0
18195975,"덴마크 사회민주당 전직 자문 ""트럼프 없었으면 선거 망첬다.""",id:pearson19,2026-03-28 17:46:24,1,1,0,2026-03-28 17:55:37,2026-03-28 17:55:37,9.216666666666667,9.216666666666667,0.0
18197859,프랑스 차기대선 좌우 양극단 대결시 71.5% vs 28.5%,id:pearson19,2026-03-30 10:32:42,1,1,0,2026-03-30 10:50:07,2026-03-30 10:50:07,17.416666666666668,17.416666666666668,0.0
18199058,민주당 지지자지만 한국의 미래를 어둡게 보는 분들,id:terry34,2026-03-31 17:19:06,1,1,0,2026-03-31 19:02:53,2026-03-31 19:02:53,103.78333333333333,103.78333333333333,0.0
18200372,B준호 뭐 앞으론 반드시 참석하겠다 그러지 않았나,id:lfcthismeans,2026-04-01 18:19:28,1,1,0,2026-04-01 18:26:59,2026-04-01 18:26:59,7.516666666666667,7.516666666666667,0.0
18201690,구교형이랑 송채경화는 김종배 라디오 나와서 지지자들끼리 갈등이라고 표현하네요,id:impactx84,2026-04-03 08:43:30,1,1,0,2026-04-03 09:02:49,2026-04-03 09:02:49,19.316666666666666,19.316666666666666,0.0
18201744,전남광주특별시장 민주당 본경선 투표 했습니다.,id:KINGBATI,2026-04-03 09:42:40,1,1,0,2026-04-03 09:47:44,2026-04-03 09:47:44,5.066666666666666,5.066666666666666,0.0
18202808,이동형이 문재인을 공격하는건,id:impactx84,2026-04-04 17:23:11,1,1,0,2026-04-04 18:51:20,2026-04-04 18:51:20,88.15,88.15,0.0
18202917,"(번역) ""공화당원이지만, 당신을 뽑겠어."" 아이오와 승리를 노리는 사슴 사냥꾼",id:pearson19,2026-04-04 19:06:27,1,1,0,2026-04-04 19:49:37,2026-04-04 19:49:37,43.166666666666664,43.166666666666664,0.0
18203119,현재로선 차기 미국 민주당 후보로는 뉴섬이 앞서 있는듯?,id:blue123,2026-04-04 22:51:07,1,1,0,2026-04-04 23:50:20,2026-04-04 23:50:20,59.21666666666667,59.21666666666667,0.0
18203154,국민의힘 경선 후보 부동산 살펴봤더니...,id:bulbol,2026-04-04 23:58:33,1,1,0,2026-04-05 00:19:29,2026-04-05 00:19:29,20.933333333333334,20.933333333333334,0.0
18204295,대통령 분당집도 29억에 팔렸다는데,id:bulbol,2026-04-06 17:56:13,1,1,0,2026-04-06 18:03:17,2026-04-06 18:03:17,7.066666666666666,7.066666666666666,0.0
18204866,임종석 밑에 있었다는건 박원순 밑에도 있었다는건데,id:Milner7,2026-04-07 13:09:48,1,1,0,2026-04-07 14:36:55,2026-04-07 14:36:55,87.11666666666666,87.11666666666666,0.0
18204913,서울시장 = 대권 구도 자꾸 만드는 사람은 누구?,id:nikkohadal,2026-04-07 13:38:46,1,1,0,2026-04-07 13:44:03,2026-04-07 13:44:03,5.283333333333333,5.283333333333333,0.0
18204923,"""여론조사 왜곡 아닌 민주당 경선룰 따른 것""…정원오, 여론조사 논란 해명",id:donka,2026-04-07 13:52:41,1,1,0,2026-04-07 14:01:05,2026-04-07 14:01:05,8.4,8.4,0.0
18205111,최민희 의원 차량 타이어에 '금속 젓가락'...경찰 수사,id:bvbreus11,2026-04-07 17:33:25,1,1,0,2026-04-07 20:12:17,2026-04-07 20:12:17,158.86666666666667,158.86666666666667,0.0
18205316,베팅 온 팩트 그냥 저냥 볼만하네요,id:mmq0626,2026-04-07 20:42:34,1,1,0,2026-04-07 20:48:53,2026-04-07 20:48:53,6.316666666666666,6.316666666666666,0.0
18205328,공화당 은퇴러쉬중인데 민주당은 주상하원 험지도 후보 다 채웠네요,id:pearson19,2026-04-07 20:53:48,1,1,0,2026-04-07 21:01:05,2026-04-07 21:01:05,7.283333333333333,7.283333333333333,0.0
18205417,개헌하면 평화통일의무 조항도 바꿔야 하지 않을까요?,id:kp5189jp,2026-04-07 22:24:08,1,1,0,2026-04-07 22:51:35,2026-04-07 22:51:35,27.45,27.45,0.0
18205469,한준호 라방 요약본 보고 애새끼즘이 50넘어서 까지 가면 딱 저거임,id:kokomong,2026-04-07 23:39:18,1,1,0,2026-04-07 23:45:03,2026-04-07 23:45:03,5.75,5.75,0.0
18205491,이미 문재인이 민주당원들 수준 높였죠,id:HONG43,2026-04-08 00:18:17,1,1,0,2026-04-08 00:38:34,2026-04-08 00:38:34,20.283333333333335,20.283333333333335,0.0
18207373,이재명이 엊그제 북한에게 무인기 유감 표시 했는데,id:bulbol,2026-04-10 12:28:55,1,1,0,2026-04-10 13:41:58,2026-04-10 13:41:58,73.05,73.05,0.0
18207620,잠실은 계속 민주당만 선거운동하고 있는중,id:Volvo,2026-04-10 19:07:07,1,1,0,2026-04-10 19:18:04,2026-04-10 19:18:04,10.95,10.95,0.0
18207849,쇼츠) 민주당 의원 총회 실태,id:bugfix,2026-04-11 05:38:03,1,1,0,2026-04-11 07:28:41,2026-04-11 07:28:41,110.63333333333334,110.63333333333334,0.0
18207893,근데 이재명 대통령은 원래 여기저기 연락해서 의견 물어보는걸로 유명한걸로 아는데,id:impactx84,2026-04-11 08:45:30,1,1,0,2026-04-11 09:23:02,2026-04-11 09:23:02,37.53333333333333,37.53333333333333,0.0
18207933,대통령을 보는 모든 기준은 저짝임..,id:taqerkim,2026-04-11 10:09:27,1,1,0,2026-04-11 10:19:48,2026-04-11 10:19:48,10.35,10.35,0.0
18207957,이재명은 문통외교때처럼 큰 그림같은건 없음,id:FeelingGood,2026-04-11 10:41:52,1,1,0,2026-04-11 10:48:40,2026-04-11 10:48:40,6.8,6.8,0.0
18208074,대통령의 언어라는게 따로 있습니다,id:LJM1389,2026-04-11 12:24:47,1,1,0,2026-04-11 12:31:38,2026-04-11 12:31:38,6.85,6.85,0.0
18208097,YTB) 대통령 성대모사 모음 (안윤상),id:tsee1569,2026-04-11 12:39:34,1,1,0,2026-04-11 12:50:45,2026-04-11 12:50:45,11.183333333333334,11.183333333333334,0.0
18208222,온갖 가짜뉴스가 넘쳐나는 SNS를 덮석 무는 대통령이나,id:juventus82,2026-04-11 14:34:53,1,1,0,2026-04-11 14:50:30,2026-04-11 14:50:30,15.616666666666667,15.616666666666667,0.0
18209413,민주당과 정부가 맛이가도 단단히 갔음,id:todfndl12,2026-04-12 18:51:15,1,1,0,2026-04-12 19:02:19,2026-04-12 19:02:19,11.066666666666666,11.066666666666666,0.0
18209450,뉴재명 분들은 ㅋㅋ 진짜 재밌네 ㅋㅋ,id:Cvc77777,2026-04-12 19:48:37,1,1,0,2026-04-12 19:57:12,2026-04-12 19:57:12,8.583333333333334,8.583333333333334,0.0
18209958,이재명 정부가 국제법이 아니라 레바논 얘기를 하는게 낫지 않았을지..,id:adkse,2026-04-13 10:28:05,1,1,0,2026-04-13 10:34:47,2026-04-13 10:34:47,6.7,6.7,0.0
18210264,"민주당 비판 시민에 “돌아이구나”…양승조 “혼잣말이었다, 사과”",id:adkse,2026-04-13 15:58:14,1,1,0,2026-04-13 17:03:27,2026-04-13 17:03:27,65.21666666666667,65.21666666666667,0.0
18210404,[속보] 민주당 대전시장 후보에 허태정... 장철민에 승리,id:bvbreus11,2026-04-13 19:02:54,1,1,0,2026-04-13 19:17:51,2026-04-13 19:17:51,14.95,14.95,0.0
18210692,"""윤석열 '현안대응TF'의 두갈래는, <문재인과 이재명 때려잡기>",id:bugfix,2026-04-14 07:36:55,1,1,0,2026-04-14 07:53:42,2026-04-14 07:53:42,16.783333333333335,16.783333333333335,0.0
18210703,가카 저 훈수발언은 민주당 지지자(뉴재명제외) 저격 아임?ㅋㅋ,id:Mkisduchang,2026-04-14 08:13:04,1,1,0,2026-04-14 09:13:25,2026-04-14 09:13:25,60.35,60.35,0.0
18210898,트두창 꼴을 보니 우리 통이 윤이었으면 진짜 한국에서 부정선거 있다 했을듯,id:ninety5mph,2026-04-14 12:05:47,1,1,0,2026-04-14 12:14:06,2026-04-14 12:14:06,8.316666666666666,8.316666666666666,0.0
18211041,반명이라 하는 님들아 내가 이재명 싫어하는거 맞다 근데 이재명을 위해서 뭘했는지 아,id:dleoduq1234,2026-04-14 15:05:40,1,1,0,2026-04-14 15:37:40,2026-04-14 15:37:40,32.0,32.0,0.0
18211339,오늘 xsfm 좀 충격.,id:lfcthismeans,2026-04-14 20:40:15,1,1,0,2026-04-14 20:53:06,2026-04-14 20:53:06,12.85,12.85,0.0
18211847,이병태를 도대체 왜 임명한거지??,id:kokomong,2026-04-15 12:40:55,1,1,0,2026-04-15 12:58:12,2026-04-15 12:58:12,17.283333333333335,17.283333333333335,0.0
18214029,진짜 지금 대통령 이낙연인가.,id:HONG43,2026-04-17 19:16:22,1,1,0,2026-04-17 19:26:01,2026-04-17 19:26:01,9.65,9.65,0.0
18216987,Ytb)SPC는 백날 안전관리에 투자해도 사고는 필연적이겠네요,id:sanapati,2026-04-20 20:53:02,1,1,0,2026-04-20 21:10:07,2026-04-20 21:10:07,17.083333333333332,17.083333333333332,0.0
18218853,근데 민주당은 득구랑 언주 저거 가만히 놔두나요?,id:KINGBATI,2026-04-23 10:44:29,1,1,0,2026-04-23 11:18:13,2026-04-23 11:18:13,33.733333333333334,33.733333333333334,0.0
18220240,저는 우리 회사 대표 대단함 feat. 퇴직연금,id:moonplay,2026-04-25 10:13:58,1,1,0,2026-04-25 13:25:42,2026-04-25 13:25:42,191.73333333333332,191.73333333333332,0.0
18223019,놀이라는 놈,id:spoops,2026-04-28 17:15:49,1,1,0,2026-04-28 17:21:22,2026-04-28 17:21:22,5.55,5.55,0.0
18223986,[그래픽] 윤석열 전 대통령 공수처 체포방해 등 혐의별 1·2심 판단,id:bvbreus11,2026-04-29 17:53:20,1,1,0,2026-04-29 18:12:43,2026-04-29 18:12:43,19.383333333333333,19.383333333333333,0.0
18225025,일부 2 4찍들이 이재명을 지지하는 이유를 알겠네,id:hypeboy,2026-05-01 10:15:25,1,1,0,2026-05-01 10:33:18,2026-05-01 10:33:18,17.883333333333333,17.883333333333333,0.0
18225037,김남국은 기회를 뭐 거의 차기 정치 지도자 육성하는 급으로 받음 ㅋㅋ,id:bundes1,2026-05-01 10:37:01,1,1,0,2026-05-01 11:34:05,2026-05-01 11:34:05,57.06666666666667,57.06666666666667,0.0
18225316,(번역) 버니 샌더스는 좌파의 배리 골드워터다,id:pearson19,2026-05-01 18:38:54,1,1,0,2026-05-02 03:28:24,2026-05-02 03:28:24,529.5,529.5,0.0
18226442,저는 아직 청래형 못까는게,id:htht709,2026-05-03 03:05:44,1,1,0,2026-05-03 07:33:41,2026-05-03 07:33:41,267.95,267.95,0.0
18226600,민주당이 귀책사유가 있는 평택에 후보를 내지 말았어야 했다는 사설이 잘 안보임,id:bulbol,2026-05-03 13:39:57,1,1,0,2026-05-03 13:45:03,2026-05-03 13:45:03,5.1,5.1,0.0
18226738,일본이랑 경제공동체를 한다고??ㅋㅋ,id:LJM1389,2026-05-03 16:17:25,1,1,0,2026-05-03 16:23:18,2026-05-03 16:23:18,5.883333333333334,5.883333333333334,0.0
18227673,조국 대표님은 정론만 말하는 느낌이 있음,id:htht709,2026-05-04 12:51:13,1,1,0,2026-05-04 13:31:42,2026-05-04 13:31:42,40.483333333333334,40.483333333333334,0.0
18227945,만약 김용남이 처음부터 민주당 소속이었다 해도,id:shkj22,2026-05-04 18:55:48,1,1,0,2026-05-04 19:01:28,2026-05-04 19:01:28,5.666666666666667,5.666666666666667,0.0
18228313,저뿐인가요 이재명 밑에 이재명짤 1번 끝에 빨간색이,id:FeelingGood,2026-05-05 08:46:24,1,1,0,2026-05-05 08:52:10,2026-05-05 08:52:10,5.766666666666667,5.766666666666667,0.0
18228335,뉴이재명들 부동산 두고 보라더니,id:spoops,2026-05-05 09:30:10,1,1,0,2026-05-05 09:51:51,2026-05-05 09:51:51,21.683333333333334,21.683333333333334,0.0
18228845,막말로 대표랑 전 대통령이 유세 돈다고 국힘 찍을 사람이면,id:masterplan5,2026-05-05 20:13:45,1,1,0,2026-05-05 20:20:40,2026-05-05 20:20:40,6.916666666666667,6.916666666666667,0.0
18228883,"두창이 이후로 싫어진 단어 공정, 짬통 이후로 진저리치게 된 단어 실용",id:horizon,2026-05-05 20:31:40,1,1,0,2026-05-05 20:40:21,2026-05-05 20:40:21,8.683333333333334,8.683333333333334,0.0
