PostAuthorKey,KeywordPostCount,FirstPostAt,LastPostAt,AuthorNames,AuthorIps,Keywords
id:bulbol,560,2025-12-17 20:45:04,2026-05-05 20:54:08,Sebastes,"112.156.***.22, 223.38.***.10, 223.38.***.100, 223.38.***.102, 223.38.***.103","국민의힘, 김건희, 대선, 문재인, 민주당, 윤석열, 이재명, 한동훈"
name:배수민,509,2025-03-20 00:00:00,2026-05-12 00:18:00,배수민,,"국민의힘, 김건희, 대선, 문재인, 민주당, 윤석열, 이재명, 한동훈"
name:효자신짱구,274,2025-03-24 00:00:00,2026-05-12 08:52:00,효자신짱구,,"국민의힘, 김건희, 대선, 문재인, 민주당, 윤석열, 이재명, 한동훈"
id:pearson19,266,2025-12-17 17:08:57,2026-05-05 21:23:15,배수민,"211.234.***.106, 211.234.***.107, 211.234.***.109, 211.234.***.112, 211.234.***.114","국민의힘, 김건희, 대선, 문재인, 민주당, 윤석열, 이재명, 한동훈"
id:impactx84,264,2025-12-17 19:13:58,2026-05-05 22:50:53,막노동자,"110.47.***.117, 115.137.***.69, 175.223.***.12, 175.223.***.133, 175.223.***.143","국민의힘, 김건희, 대선, 문재인, 민주당, 윤석열, 이재명"
name:피파광,254,2025-03-26 00:00:00,2026-05-12 06:37:00,피파광,,"국민의힘, 대선, 문재인, 민주당, 윤석열, 이재명, 한동훈"
name:팩트체크,248,2025-03-21 00:00:00,2026-01-19 00:00:00,팩트체크,,"국민의힘, 김건희, 대선, 문재인, 민주당, 윤석열, 이재명, 한동훈"
name:축신크로스,235,2025-04-01 00:00:00,2025-12-01 00:00:00,축신크로스,,"국민의힘, 김건희, 대선, 문재인, 민주당, 윤석열, 이재명, 한동훈"
name:황예지원,233,2025-03-21 00:00:00,2025-10-01 00:00:00,황예지원,,"국민의힘, 김건희, 대선, 문재인, 민주당, 윤석열, 이재명, 한동훈"
id:FeelingGood,222,2025-12-18 13:35:50,2026-05-05 08:46:24,효자신짱구,"115.138.***.17, 118.235.***.100, 118.235.***.101, 118.235.***.102, 118.235.***.110","국민의힘, 김건희, 대선, 문재인, 민주당, 윤석열, 이재명"
id:rukk7812,218,2025-12-21 10:03:40,2026-05-03 09:55:39,"김립, 김립왈재명아제발","106.101.***.124, 106.101.***.23, 106.101.***.34, 106.101.***.41, 106.101.***.53","국민의힘, 김건희, 대선, 문재인, 민주당, 윤석열, 이재명, 한동훈"
name:베텔,199,2025-03-26 00:00:00,2026-05-12 13:45:00,베텔,,"국민의힘, 김건희, 대선, 문재인, 민주당, 윤석열, 이재명, 한동훈"
id:naco16,183,2025-12-17 15:57:17,2026-03-10 21:41:28,반성중인신생팬,"112.164.***.20, 118.235.***.101, 118.235.***.112, 118.235.***.116, 118.235.***.123","국민의힘, 김건희, 대선, 문재인, 민주당, 윤석열, 이재명, 한동훈"
id:hyeok497,178,2025-12-19 16:14:46,2026-05-05 20:04:10,피파광,"110.70.***.97, 112.167.***.166, 118.131.***.120, 118.235.***.21, 118.235.***.54","국민의힘, 대선, 문재인, 민주당, 윤석열, 이재명"
name:시저스킥,176,2025-03-21 00:00:00,2026-05-12 11:50:00,시저스킥,,"국민의힘, 김건희, 대선, 문재인, 민주당, 윤석열, 이재명, 한동훈"
id:blue123,175,2025-12-17 17:44:51,2026-05-05 20:36:49,(新) 허정무,"14.33.***.21, 223.38.***.114, 223.38.***.119, 223.38.***.140, 223.38.***.144","국민의힘, 대선, 문재인, 민주당, 윤석열, 이재명, 한동훈"
name:PSG신생팬,174,2025-03-26 00:00:00,2025-09-05 00:00:00,PSG신생팬,,"국민의힘, 김건희, 대선, 문재인, 민주당, 윤석열, 이재명, 한동훈"
id:horizon,172,2025-12-28 20:45:52,2026-05-05 20:31:40,G.Gaudino,112.153.***.58,"국민의힘, 대선, 문재인, 민주당, 윤석열, 이재명, 한동훈"
name:손명수빌런컬렉터,168,2025-03-21 00:00:00,2026-05-12 07:29:00,손명수빌런컬렉터,,"국민의힘, 김건희, 대선, 문재인, 민주당, 윤석열, 이재명, 한동훈"
name:조희대아빠,154,2025-05-03 00:00:00,2025-12-16 00:00:00,조희대아빠,,"국민의힘, 김건희, 대선, 문재인, 민주당, 윤석열, 이재명, 한동훈"
name:하우,153,2025-03-21 00:00:00,2025-12-16 00:00:00,하우,,"국민의힘, 김건희, 대선, 문재인, 민주당, 윤석열, 이재명, 한동훈"
id:solution78,147,2025-12-23 22:00:58,2026-04-23 14:04:49,통일을꿈꾸며,"117.111.***.132, 117.111.***.133, 117.111.***.142, 117.111.***.144, 117.111.***.146","김건희, 대선, 문재인, 민주당, 윤석열, 이재명, 한동훈"
name:Sebastes,144,2025-04-06 00:00:00,2026-05-03 00:00:00,Sebastes,,"국민의힘, 김건희, 대선, 문재인, 민주당, 윤석열, 이재명, 한동훈"
name:AC 미를란,129,2025-03-21 00:00:00,2025-11-26 00:00:00,AC 미를란,,"국민의힘, 김건희, 대선, 문재인, 민주당, 윤석열, 이재명, 한동훈"
id:kokomong,127,2025-12-21 12:45:35,2026-05-05 20:38:04,손명수빌런컬렉터,"1.220.***.115, 106.255.***.20, 112.168.***.143, 112.186.***.175, 112.223.***.195","국민의힘, 김건희, 대선, 문재인, 민주당, 윤석열, 이재명, 한동훈"
name:펨학무극혐,127,2025-03-23 00:00:00,2026-04-18 00:00:00,펨학무극혐,,"국민의힘, 김건희, 대선, 문재인, 민주당, 윤석열, 이재명, 한동훈"
name:헤이맨,126,2025-03-24 00:00:00,2025-11-14 00:00:00,헤이맨,,"국민의힘, 김건희, 대선, 문재인, 민주당, 윤석열, 이재명, 한동훈"
name:막노동자,123,2025-03-24 00:00:00,2026-05-12 14:59:00,막노동자,,"국민의힘, 김건희, 대선, 문재인, 민주당, 윤석열, 이재명"
id:cytokine1234,121,2025-12-29 18:13:59,2026-05-03 12:15:25,조희대,"1.216.***.24, 104.28.***.40, 112.153.***.20, 118.47.***.22, 140.248.***.0","국민의힘, 김건희, 대선, 문재인, 민주당, 윤석열, 이재명"
id:zero080,118,2025-12-23 11:56:52,2026-04-30 10:14:13,"대우로얄즈, 맨체스터키",221.161.***.113,"국민의힘, 김건희, 대선, 문재인, 민주당, 윤석열, 이재명, 한동훈"
name:무민은귀여워,113,2025-03-21 00:00:00,2025-12-16 00:00:00,무민은귀여워,,"국민의힘, 김건희, 대선, 민주당, 윤석열, 이재명, 한동훈"
name:Xerox,111,2025-03-25 00:00:00,2025-12-13 00:00:00,Xerox,,"국민의힘, 김건희, 대선, 문재인, 민주당, 윤석열, 이재명, 한동훈"
id:modern21,110,2025-12-28 20:47:48,2026-05-05 07:07:59,Ekitike22,219.241.***.7,"김건희, 대선, 문재인, 민주당, 윤석열, 이재명, 한동훈"
name:용두왕,106,2025-03-21 00:00:00,2026-04-19 00:00:00,용두왕,,"국민의힘, 김건희, 대선, 문재인, 민주당, 윤석열, 이재명"
id:xxvxx,103,2025-12-28 22:29:52,2026-04-28 16:55:35,이준석장제원기원,"118.235.***.23, 118.235.***.24, 118.235.***.87, 169.213.***.52, 211.246.***.169","대선, 문재인, 민주당, 윤석열, 이재명, 한동훈"
name:cookie,99,2025-03-21 00:00:00,2026-05-04 00:00:00,cookie,,"국민의힘, 대선, 문재인, 민주당, 윤석열, 이재명, 한동훈"
id:cydia14,99,2025-12-22 21:07:26,2026-04-28 11:28:46,삼봉이,"104.28.***.42, 121.181.***.159, 121.181.***.22, 140.248.***.5, 140.248.***.6","국민의힘, 김건희, 대선, 문재인, 민주당, 윤석열, 이재명"
id:gum0510,98,2025-12-28 19:34:54,2026-04-28 16:52:37,설윤아,"118.235.***.100, 118.235.***.127, 118.235.***.128, 118.235.***.13, 118.235.***.155","김건희, 대선, 문재인, 민주당, 윤석열, 이재명"
name:내란당해체,97,2025-04-04 00:00:00,2025-11-27 00:00:00,내란당해체,,"대선, 문재인, 민주당, 윤석열, 이재명, 한동훈"
id:deportivo7,94,2025-12-30 11:06:53,2026-05-04 13:42:30,"데빌구, 신짱구","117.111.***.129, 117.111.***.25, 211.36.***.15, 211.36.***.170, 211.36.***.175","김건희, 대선, 문재인, 민주당, 윤석열, 이재명, 한동훈"
id:radioshot1,94,2025-12-23 11:04:36,2026-04-30 22:11:31,피폭된자,"1.242.***.73, 211.198.***.22, 223.38.***.12, 223.38.***.132, 223.38.***.157","국민의힘, 김건희, 대선, 문재인, 민주당, 윤석열, 이재명, 한동훈"
id:typoonj2,93,2025-12-22 14:19:25,2026-04-28 10:43:36,용두왕,"14.6.***.187, 211.224.***.102, 223.39.***.112, 223.39.***.130, 223.39.***.136","대선, 문재인, 민주당, 윤석열, 이재명"
name:축구허접,91,2025-03-21 00:00:00,2025-08-13 00:00:00,축구허접,,"국민의힘, 김건희, 대선, 문재인, 민주당, 윤석열, 이재명, 한동훈"
id:hodoeel,90,2025-12-17 18:48:30,2026-03-09 10:01:23,호도리,"106.101.***.109, 106.101.***.22, 106.101.***.80, 182.222.***.106, 182.222.***.107","국민의힘, 김건희, 대선, 문재인, 민주당, 윤석열, 이재명"
id:summernight,88,2025-12-28 15:10:50,2026-05-05 21:12:53,나들이,"110.70.***.143, 118.235.***.111, 118.235.***.126, 118.235.***.137, 118.235.***.151","국민의힘, 대선, 문재인, 민주당, 윤석열, 이재명"
id:alfatini,88,2025-12-28 22:58:53,2026-05-03 10:57:43,Steelers,"183.106.***.106, 211.235.***.100, 211.235.***.101, 211.235.***.104, 211.235.***.115","김건희, 대선, 문재인, 민주당, 윤석열, 이재명, 한동훈"
id:malwool,86,2026-02-08 19:05:22,2026-05-04 22:15:48,능떨,"121.161.***.21, 125.142.***.52","대선, 문재인, 민주당, 윤석열, 이재명"
id:fantak,86,2025-12-17 13:37:12,2026-04-28 16:33:12,시저스킥,"112.162.***.14, 14.46.***.35, 182.211.***.78","국민의힘, 김건희, 대선, 문재인, 민주당, 윤석열, 이재명, 한동훈"
id:lfcthismeans,84,2026-01-23 14:26:53,2026-05-05 12:56:31,에놀라,"106.101.***.118, 106.101.***.198, 106.101.***.20, 106.101.***.22, 106.101.***.24","대선, 문재인, 민주당, 윤석열, 이재명, 한동훈"
id:bvbreus11,84,2025-12-22 13:13:34,2026-04-30 17:15:18,베텔,"1.227.***.22, 117.111.***.24","국민의힘, 김건희, 대선, 문재인, 민주당, 윤석열, 이재명"
name:내란견패는김립,84,2025-05-08 00:00:00,2025-06-10 00:00:00,내란견패는김립,,"국민의힘, 김건희, 대선, 민주당, 이재명, 한동훈"
id:hypeboy,83,2025-12-28 15:22:45,2026-05-05 20:40:41,cookie,"103.135.***.81, 106.101.***.10, 106.101.***.106, 106.101.***.110, 106.101.***.119","국민의힘, 대선, 문재인, 민주당, 윤석열, 이재명, 한동훈"
id:BlackEyes23,77,2025-12-25 16:30:18,2026-04-11 17:29:10,"COYS프랭크, 뉴아스날우승기원, 투도르MAGIC, 프랭크경질기원","115.126.***.83, 121.142.***.145, 121.142.***.21, 121.143.***.23, 121.171.***.172","김건희, 대선, 민주당, 윤석열, 이재명"
name:피폭된자,76,2025-03-25 00:00:00,2026-05-12 10:25:00,피폭된자,,"국민의힘, 김건희, 대선, 문재인, 민주당, 윤석열, 이재명, 한동훈"
name:2025PL우승리버풀,76,2025-05-27 00:00:00,2025-08-13 00:00:00,2025PL우승리버풀,,"김건희, 대선, 문재인, 민주당, 윤석열, 이재명, 한동훈"
id:ManU01,75,2025-12-29 12:27:50,2026-05-01 19:21:39,"대박각, 알리오","118.235.***.136, 118.235.***.158, 118.235.***.20, 118.235.***.21, 118.235.***.86","국민의힘, 김건희, 대선, 문재인, 민주당, 윤석열, 이재명, 한동훈"
name:윤기중,75,2025-03-20 00:00:00,2025-05-03 00:00:00,윤기중,,"국민의힘, 김건희, 대선, 문재인, 민주당, 윤석열, 이재명, 한동훈"
name:KOLAROV,73,2025-03-26 00:00:00,2025-12-16 00:00:00,KOLAROV,,"국민의힘, 김건희, 대선, 문재인, 민주당, 윤석열, 이재명, 한동훈"
name:은둔슬롯,71,2025-03-21 00:00:00,2025-06-27 00:00:00,은둔슬롯,,"국민의힘, 김건희, 대선, 문재인, 민주당, 윤석열, 이재명, 한동훈"
id:novacane,70,2025-12-28 19:54:56,2026-05-04 15:05:30,맥밀러,"1.241.***.161, 110.70.***.116, 110.70.***.182, 110.70.***.186, 110.70.***.22","김건희, 대선, 문재인, 민주당, 윤석열, 이재명"
id:tjfghksss,69,2025-12-28 22:37:01,2026-05-04 20:55:06,"고소미가고소해, 슬빡이아웃","106.101.***.183, 106.101.***.21, 106.101.***.22, 106.101.***.23, 106.101.***.25","대선, 문재인, 민주당, 윤석열, 이재명, 한동훈"
id:snap23,69,2025-12-17 17:59:25,2026-04-28 20:31:01,팩트체크,"112.154.***.136, 125.250.***.42, 223.38.***.24, 223.38.***.33, 223.38.***.38","국민의힘, 김건희, 대선, 문재인, 민주당, 윤석열, 이재명, 한동훈"
name:사자,68,2025-04-04 00:00:00,2025-11-26 00:00:00,사자,,"국민의힘, 김건희, 대선, 민주당, 윤석열, 이재명, 한동훈"
id:bundes1,67,2025-12-28 15:23:35,2026-05-05 20:22:33,바이에른뮌헨,"104.28.***.38, 110.11.***.181, 140.248.***.0, 140.248.***.1, 211.234.***.11","대선, 문재인, 민주당, 윤석열, 이재명"
id:juventus82,67,2025-12-28 15:23:02,2026-04-27 23:33:15,카시라기,"115.139.***.165, 180.66.***.160","국민의힘, 대선, 문재인, 민주당, 윤석열, 이재명, 한동훈"
name:나들이,67,2025-03-21 00:00:00,2026-04-16 00:00:00,나들이,,"김건희, 대선, 문재인, 민주당, 윤석열, 이재명, 한동훈"
name:KingSaka,67,2025-03-20 00:00:00,2025-12-09 00:00:00,KingSaka,,"김건희, 대선, 민주당, 윤석열, 이재명, 한동훈"
name:브로델,67,2025-03-27 00:00:00,2025-12-02 00:00:00,브로델,,"김건희, 대선, 문재인, 민주당, 윤석열, 이재명"
id:Tenhag,66,2025-12-25 15:29:53,2026-05-04 21:52:41,"딸깍, 세슈코","1.176.***.162, 119.196.***.20, 14.36.***.120, 14.36.***.84, 210.105.***.35","국민의힘, 김건희, 대선, 문재인, 민주당, 윤석열, 이재명"
name:내란견아웃,65,2025-03-21 00:00:00,2025-12-08 00:00:00,내란견아웃,,"국민의힘, 김건희, 대선, 문재인, 민주당, 윤석열, 이재명, 한동훈"
name:CodyGakpo18,65,2025-04-04 00:00:00,2025-05-23 00:00:00,CodyGakpo18,,"국민의힘, 대선, 문재인, 민주당, 윤석열, 이재명, 한동훈"
id:todfndl12,64,2026-01-22 19:44:40,2026-04-12 18:51:15,화무십일홍,"104.28.***.160, 106.102.***.68, 117.111.***.22, 117.111.***.99, 117.55.***.162","대선, 문재인, 민주당, 윤석열, 이재명"
name:헬린이,64,2025-04-04 00:00:00,2026-02-25 00:00:00,헬린이,,"국민의힘, 김건희, 대선, 민주당, 윤석열, 이재명"
id:Volvo,63,2026-01-11 23:10:24,2026-05-05 20:02:46,Volvo,"1.242.***.26, 211.234.***.102, 211.234.***.116, 211.234.***.124, 211.234.***.125","국민의힘, 대선, 문재인, 민주당, 윤석열, 이재명"
id:ninety5mph,63,2025-12-28 18:19:36,2026-04-20 12:31:31,수박말살기원,"118.235.***.106, 118.235.***.110, 118.235.***.124, 118.235.***.127, 118.235.***.141","국민의힘, 대선, 문재인, 민주당, 윤석열, 이재명"
id:dlawls,61,2025-12-28 15:09:44,2026-04-27 20:11:30,dladla,"1.233.***.36, 1.233.***.61, 59.17.***.191","국민의힘, 김건희, 대선, 문재인, 민주당, 윤석열, 이재명"
name:도둑의왕,61,2025-05-06 00:00:00,2025-12-13 00:00:00,도둑의왕,,"국민의힘, 김건희, 대선, 문재인, 민주당, 윤석열, 이재명, 한동훈"
name:설윤아,61,2025-03-24 00:00:00,2025-10-18 00:00:00,설윤아,,"김건희, 대선, 문재인, 민주당, 윤석열, 이재명, 한동훈"
id:jeffkent,60,2025-12-29 12:29:52,2026-04-26 15:14:49,우족리자라쮜,"118.235.***.105, 118.235.***.124, 118.235.***.152, 118.235.***.166, 118.235.***.171","김건희, 대선, 문재인, 민주당, 윤석열, 이재명, 한동훈"
id:htht709,59,2025-12-25 20:36:20,2026-05-04 21:54:25,히울,"106.101.***.108, 106.101.***.124, 106.101.***.130, 106.101.***.14, 106.101.***.140","김건희, 민주당, 윤석열, 이재명"
name:코케,59,2025-03-25 00:00:00,2025-11-18 00:00:00,코케,,"김건희, 대선, 문재인, 민주당, 윤석열, 이재명, 한동훈"
id:joohakmoo,58,2025-12-19 14:47:27,2026-05-02 10:13:07,펨학무극혐,"106.101.***.75, 175.125.***.92, 180.67.***.68, 211.234.***.129, 211.234.***.14","국민의힘, 김건희, 대선, 문재인, 민주당, 윤석열, 이재명, 한동훈"
id:wind1123,58,2025-12-17 14:48:25,2026-04-23 10:28:36,개발우측풀백,"218.146.***.82, 218.153.***.10, 222.112.***.20, 222.112.***.21, 222.112.***.24","국민의힘, 김건희, 대선, 문재인, 민주당, 윤석열, 이재명, 한동훈"
name:Steelers,58,2025-03-24 00:00:00,2026-04-16 00:00:00,Steelers,,"김건희, 대선, 문재인, 민주당, 이재명, 한동훈"
name:돈더쿠만,58,2025-03-21 00:00:00,2025-09-17 00:00:00,돈더쿠만,,"김건희, 대선, 문재인, 민주당, 윤석열, 이재명, 한동훈"
id:bugfix,56,2026-04-08 02:17:15,2026-05-05 19:21:55,오전여섯시십팔분,"118.235.***.121, 118.235.***.134, 118.235.***.155, 118.235.***.171, 118.235.***.177","김건희, 대선, 문재인, 민주당, 윤석열, 이재명, 한동훈"
id:adkse,56,2025-12-19 09:43:32,2026-04-15 12:57:13,맹구인,"1.219.***.162, 1.219.***.163, 1.246.***.6","대선, 문재인, 민주당, 윤석열, 이재명"
name:불타는고구마,56,2025-03-25 00:00:00,2025-08-18 00:00:00,불타는고구마,,"국민의힘, 김건희, 대선, 민주당, 윤석열, 이재명, 한동훈"
name:오전여섯시십팔분,55,2026-03-19 00:00:00,2026-05-12 12:21:00,오전여섯시십팔분,,"김건희, 대선, 문재인, 민주당, 윤석열, 이재명, 한동훈"
id:ehdtks9286,55,2025-12-17 14:59:54,2026-04-28 16:37:47,KOLAROV,"118.235.***.115, 211.206.***.172, 58.234.***.22","국민의힘, 김건희, 대선, 문재인, 민주당, 윤석열, 이재명, 한동훈"
name:윤석열사형,55,2025-04-11 00:00:00,2025-11-18 00:00:00,윤석열사형,,"국민의힘, 김건희, 대선, 문재인, 민주당, 윤석열, 이재명"
name:반성중인신생팬,54,2025-10-20 00:00:00,2026-02-20 00:00:00,반성중인신생팬,,"국민의힘, 김건희, 문재인, 민주당, 윤석열, 이재명, 한동훈"
id:rhcp11,53,2026-01-09 00:50:41,2026-04-28 16:40:47,호잇김,"118.235.***.104, 118.235.***.105, 118.235.***.115, 118.235.***.14, 118.235.***.145","대선, 문재인, 민주당, 윤석열, 이재명"
name:우정귀연희대,52,2025-05-03 00:00:00,2026-05-12 09:44:00,우정귀연희대,,"국민의힘, 김건희, 대선, 문재인, 민주당, 윤석열, 이재명, 한동훈"
id:yo821281,52,2026-03-07 22:50:48,2026-05-01 14:48:54,"kqubv, sabju","115.92.***.199, 211.234.***.110, 211.234.***.126, 211.234.***.19, 211.234.***.25","국민의힘, 대선, 문재인, 민주당, 이재명, 한동훈"
name:힘내라정청래,51,2026-02-09 00:00:00,2026-03-09 00:00:00,힘내라정청래,,"국민의힘, 김건희, 대선, 문재인, 민주당, 윤석열, 이재명"
name:질문봇,51,2025-03-22 00:00:00,2025-12-14 00:00:00,질문봇,,"김건희, 대선, 민주당, 윤석열, 이재명, 한동훈"
id:hobro,50,2025-12-29 00:45:03,2026-04-20 18:11:29,호들갑금지,"211.235.***.12, 211.235.***.127, 211.235.***.144, 211.235.***.147, 211.235.***.149","김건희, 대선, 문재인, 민주당, 이재명, 한동훈"
name:우원식패는김립,50,2025-04-08 00:00:00,2025-05-07 00:00:00,우원식패는김립,,"김건희, 대선, 문재인, 민주당, 윤석열, 이재명, 한동훈"
id:6830,49,2025-12-24 22:47:27,2026-05-05 12:43:16,조희대아빠,"106.101.***.107, 106.101.***.11, 106.101.***.185, 106.101.***.27, 106.101.***.6","국민의힘, 대선, 문재인, 민주당, 윤석열, 이재명, 한동훈"
name:( -_-),48,2025-03-21 00:00:00,2026-05-12 09:09:00,( -_-),,"김건희, 대선, 민주당, 윤석열, 이재명, 한동훈"
id:whddlqlgodrl,48,2026-03-16 10:45:37,2026-05-04 21:25:56,종이비행기,"106.101.***.140, 106.101.***.187, 106.101.***.195, 106.101.***.98, 14.35.***.149","대선, 문재인, 민주당, 윤석열, 이재명, 한동훈"
id:say1673,48,2026-01-23 15:17:30,2026-04-28 11:26:58,선인장,"1.254.***.3, 211.235.***.169, 218.53.***.152, 223.38.***.166, 223.38.***.23","대선, 문재인, 민주당, 윤석열, 이재명"
name:알리오,48,2025-06-04 00:00:00,2025-12-17 00:00:00,알리오,,"국민의힘, 김건희, 대선, 문재인, 민주당, 윤석열, 이재명, 한동훈"
id:dleoduq1234,47,2026-01-19 17:50:17,2026-05-05 20:31:35,"사커먹는흰둥이, 서울FC팬, 흰둥","118.235.***.109, 118.235.***.156, 118.235.***.20, 118.235.***.21, 118.235.***.22","김건희, 문재인, 민주당, 윤석열, 이재명, 한동훈"
id:ejirall,46,2026-01-13 09:32:42,2026-05-05 20:24:48,술라불라,1.253.***.11,"국민의힘, 대선, 문재인, 민주당, 윤석열, 이재명, 한동훈"
id:kiriman,45,2025-12-29 22:30:51,2026-05-03 13:37:39,"현자, 현타","211.235.***.109, 221.141.***.46","국민의힘, 김건희, 대선, 문재인, 민주당, 윤석열, 이재명, 한동훈"
id:yally1010,45,2025-12-29 09:32:01,2026-03-20 18:18:35,과학수사,"106.101.***.12, 106.101.***.127, 106.101.***.132, 106.101.***.135, 106.101.***.144","김건희, 대선, 문재인, 민주당, 이재명, 한동훈"
id:regions,45,2025-12-19 15:13:06,2026-02-05 13:47:17,하우,"121.140.***.174, 175.198.***.189, 211.104.***.101, 211.234.***.122, 211.234.***.198","국민의힘, 김건희, 대선, 문재인, 민주당, 윤석열, 이재명, 한동훈"
name:김지주,45,2025-03-21 00:00:00,2025-12-03 00:00:00,김지주,,"김건희, 대선, 민주당, 윤석열, 이재명"
id:boba1983,44,2025-12-17 21:56:45,2026-05-05 21:20:49,황선홍명바태용,1.244.***.151,"대선, 문재인, 민주당, 윤석열, 이재명, 한동훈"
id:LJM1389,44,2025-12-23 22:13:06,2026-05-04 20:38:58,쿠쿠섬치킨,"123.214.***.8, 211.234.***.130, 211.234.***.148, 211.234.***.161, 211.234.***.35","대선, 문재인, 민주당, 윤석열, 이재명, 한동훈"
name:맨체스터키,44,2025-04-04 00:00:00,2026-03-06 00:00:00,맨체스터키,,"대선, 민주당, 윤석열, 이재명"
id:grit,44,2025-12-22 11:04:14,2026-03-01 20:59:35,몰입,"1.237.***.44, 1.237.***.62, 121.135.***.22, 14.33.***.21, 211.234.***.28","국민의힘, 김건희, 대선, 문재인, 민주당, 윤석열, 이재명, 한동훈"
name:중거리슛,44,2025-03-26 00:00:00,2025-11-26 00:00:00,중거리슛,,"김건희, 대선, 문재인, 민주당, 윤석열, 이재명, 한동훈"
id:roe2k,43,2025-12-29 22:43:04,2026-05-03 08:03:48,항문대장내시경,"117.111.***.155, 117.111.***.22, 117.111.***.26, 117.111.***.53, 117.111.***.79","김건희, 대선, 문재인, 민주당, 윤석열, 이재명, 한동훈"
id:KINGBATI,43,2025-12-28 23:22:55,2026-04-28 16:00:14,No.10 메시,"118.235.***.14, 118.235.***.148, 118.235.***.15, 118.235.***.160, 118.235.***.161","대선, 문재인, 민주당, 이재명, 한동훈"
name:BlueMoonBorn,43,2025-04-08 00:00:00,2025-05-06 00:00:00,BlueMoonBorn,,"김건희, 대선, 문재인, 민주당, 윤석열, 이재명, 한동훈"
id:donka,42,2026-01-03 21:28:36,2026-04-24 17:59:07,오왜오,121.169.***.73,"대선, 문재인, 민주당, 윤석열, 이재명"
name:No.10 메시,42,2025-03-26 00:00:00,2026-04-19 00:00:00,No.10 메시,,"대선, 문재인, 민주당, 윤석열, 이재명"
id:kaizennf,42,2025-12-24 15:12:44,2026-04-04 00:56:29,놀고싶다,"160.238.***.32, 160.238.***.42, 160.238.***.44, 160.238.***.50, 160.238.***.62","문재인, 민주당, 윤석열, 이재명"
name:현자,42,2025-03-24 00:00:00,2025-12-14 00:00:00,현자,,"국민의힘, 김건희, 대선, 문재인, 민주당, 윤석열, 이재명, 한동훈"
name:aespa윈터,42,2025-03-24 00:00:00,2025-06-06 00:00:00,aespa윈터,,"국민의힘, 김건희, 대선, 문재인, 민주당, 윤석열, 이재명"
id:pucrinyesir,41,2025-12-18 13:16:06,2026-04-29 10:50:06,무민은귀여워,"115.94.***.51, 118.235.***.20, 118.235.***.21, 222.100.***.22","국민의힘, 김건희, 대선, 민주당, 윤석열, 이재명, 한동훈"
id:Necovv,41,2025-12-26 17:12:23,2026-04-27 10:44:52,트럼프종식,"119.201.***.29, 121.181.***.20, 211.246.***.31, 221.157.***.20, 223.39.***.173","대선, 문재인, 민주당, 윤석열, 이재명, 한동훈"
id:luna7742,40,2026-03-12 00:01:54,2026-05-02 00:11:47,명왕,"117.111.***.104, 117.111.***.134, 117.111.***.16, 117.111.***.162, 117.111.***.164","김건희, 대선, 문재인, 민주당, 이재명"
name:마리오넷트,40,2025-03-26 00:00:00,2026-01-22 00:00:00,마리오넷트,,"김건희, 대선, 문재인, 민주당, 윤석열, 이재명, 한동훈"
name:바둑이,40,2025-04-12 00:00:00,2025-12-05 00:00:00,바둑이,,"김건희, 대선, 문재인, 민주당, 윤석열, 이재명"
name:김립,39,2025-03-21 00:00:00,2026-05-12 09:07:00,김립,,"김건희, 대선, 민주당, 윤석열, 이재명, 한동훈"
id:sounited13,39,2025-12-27 23:02:35,2026-04-30 11:51:14,기록보관소,"121.135.***.22, 121.190.***.45, 223.38.***.109, 223.38.***.124, 223.38.***.2","김건희, 대선, 문재인, 민주당, 윤석열, 이재명"
name:고윤정,39,2025-03-26 00:00:00,2026-04-17 00:00:00,고윤정,,"김건희, 대선, 문재인, 민주당, 윤석열, 이재명, 한동훈"
name:아이사,39,2025-08-11 00:00:00,2025-11-13 00:00:00,아이사,,"국민의힘, 김건희, 대선, 문재인, 민주당, 윤석열, 이재명, 한동훈"
id:whoshot,38,2025-12-22 15:25:39,2026-04-23 17:52:51,헬린이,"110.13.***.151, 115.93.***.2, 118.235.***.132, 118.235.***.22, 118.235.***.30","김건희, 대선, 문재인, 민주당, 윤석열, 이재명"
name:씻으러임마,38,2025-06-17 00:00:00,2026-04-15 00:00:00,씻으러임마,,"국민의힘, 김건희, 대선, 문재인, 민주당, 윤석열, 이재명, 한동훈"
name:기록보관소,38,2025-03-26 00:00:00,2025-12-15 00:00:00,기록보관소,,"대선, 문재인, 민주당, 윤석열, 이재명, 한동훈"
name:부석사무량수전,38,2025-03-27 00:00:00,2025-12-13 00:00:00,부석사무량수전,,"김건희, 대선, 문재인, 민주당, 윤석열, 이재명"
name:서동주,37,2025-04-04 00:00:00,2025-11-13 00:00:00,서동주,,"국민의힘, 김건희, 대선, 문재인, 민주당, 윤석열, 이재명"
id:vincent85,36,2025-12-17 18:48:05,2026-05-01 22:43:01,"삼성슬롯, 신천슬롯, 잠원슬롯","203.249.***.86, 220.76.***.48","국민의힘, 김건희, 대선, 문재인, 민주당, 윤석열, 이재명, 한동훈"
id:armwear,36,2025-12-18 11:48:14,2026-05-01 17:00:04,눈탱이밤탱이,"211.234.***.108, 211.234.***.160, 211.234.***.172, 211.234.***.18, 211.234.***.22","대선, 문재인, 민주당, 윤석열, 이재명"
id:HONG43,36,2025-12-22 18:23:08,2026-04-17 19:16:22,부석사무량수전,"118.235.***.156, 118.235.***.22, 118.235.***.23, 118.235.***.24, 121.187.***.181","대선, 문재인, 민주당, 윤석열, 이재명"
name:통일을꿈꾸며,36,2025-03-20 00:00:00,2026-02-09 00:00:00,통일을꿈꾸며,,"김건희, 대선, 문재인, 민주당, 윤석열, 이재명, 한동훈"
name:투데이,36,2025-03-22 00:00:00,2025-11-28 00:00:00,투데이,,"국민의힘, 대선, 민주당, 윤석열, 이재명, 한동훈"
name:원할머니보고쌈,35,2025-03-22 00:00:00,2026-05-12 09:21:00,원할머니보고쌈,,"김건희, 대선, 문재인, 민주당, 윤석열, 이재명, 한동훈"
id:kim2pac,35,2025-12-30 11:20:26,2026-04-28 20:31:50,김투팍,"115.143.***.54, 116.255.***.115, 118.235.***.158, 118.235.***.181, 118.235.***.194","김건희, 문재인, 민주당, 윤석열, 이재명, 한동훈"
name:바모스,35,2025-04-15 00:00:00,2025-11-14 00:00:00,바모스,,"김건희, 민주당, 윤석열, 이재명"
id:traum0105,34,2025-12-18 10:52:38,2026-04-28 14:51:50,씻으러임마,222.105.***.154,"국민의힘, 김건희, 대선, 문재인, 민주당, 윤석열, 이재명, 한동훈"
id:shkj22,33,2025-12-29 22:08:35,2026-05-04 18:55:48,4Q정전,"104.28.***.2, 118.235.***.24, 121.157.***.77, 121.165.***.15, 140.248.***.2","국민의힘, 김건희, 대선, 문재인, 민주당, 윤석열, 이재명"
id:gerrard88,33,2026-02-04 00:56:27,2026-04-15 00:06:53,동치,"168.126.***.42, 211.234.***.100, 211.234.***.133, 211.234.***.23, 211.234.***.41","국민의힘, 대선, 문재인, 민주당, 이재명"
id:bluepillz,33,2025-12-29 16:41:31,2026-03-15 23:34:02,푸른알약,"211.234.***.131, 211.234.***.187, 211.234.***.20, 211.234.***.25, 211.234.***.53","문재인, 민주당, 윤석열, 이재명"
name:아마노홍페르시,33,2025-04-07 00:00:00,2025-11-05 00:00:00,아마노홍페르시,,"국민의힘, 김건희, 대선, 문재인, 민주당, 윤석열, 이재명, 한동훈"
id:hanlobby,32,2025-12-28 19:06:08,2026-05-04 20:05:00,HanLobby,"117.111.***.100, 117.111.***.147, 117.111.***.148, 117.111.***.158, 121.129.***.5","국민의힘, 김건희, 대선, 문재인, 민주당, 윤석열, 이재명, 한동훈"
id:hulk,32,2026-02-09 00:34:48,2026-04-11 20:01:59,valentino,"223.38.***.113, 223.38.***.116, 223.38.***.118, 223.38.***.129, 223.38.***.147","국민의힘, 대선, 문재인, 민주당, 윤석열, 이재명"
id:onana,32,2025-12-28 18:25:32,2026-03-17 12:32:54,오나나,"116.122.***.130, 121.170.***.41, 122.36.***.159, 183.96.***.7, 210.106.***.22","대선, 문재인, 민주당, 윤석열, 이재명"
name:페르시안멍멍이,32,2025-03-21 00:00:00,2025-09-11 00:00:00,페르시안멍멍이,,"국민의힘, 김건희, 대선, 문재인, 민주당, 윤석열, 이재명, 한동훈"
id:YoLaTengo,31,2025-12-28 23:01:25,2026-05-03 09:43:45,KAWD,"118.235.***.150, 119.197.***.20, 175.118.***.100, 39.7.***.132, 39.7.***.23","국민의힘, 문재인, 민주당, 윤석열, 이재명"
id:qhdtlsdl,31,2026-01-14 11:09:56,2026-04-29 12:56:15,론도너,"211.234.***.113, 211.234.***.12, 211.234.***.70, 211.235.***.104, 211.235.***.132","김건희, 대선, 문재인, 민주당, 윤석열, 이재명, 한동훈"
id:dadoocom,31,2025-12-23 11:46:22,2026-04-26 10:27:24,원할머니보고쌈,"180.224.***.131, 218.54.***.52, 223.39.***.129","국민의힘, 김건희, 대선, 문재인, 민주당, 윤석열, 이재명, 한동훈"
name:호랑이기운,31,2025-03-21 00:00:00,2026-04-20 00:00:00,호랑이기운,,"국민의힘, 대선, 민주당, 윤석열, 이재명, 한동훈"
id:bookae1,31,2026-01-14 22:49:28,2026-04-11 15:03:53,사쿠라2,"118.235.***.157, 118.235.***.19, 118.235.***.23, 118.235.***.25, 118.235.***.61","김건희, 문재인, 민주당, 윤석열, 이재명"
name:개발우측풀백,31,2025-04-01 00:00:00,2026-03-15 00:00:00,개발우측풀백,,"대선, 문재인, 민주당, 윤석열, 이재명, 한동훈"
name:Briskborn,31,2025-05-08 00:00:00,2025-06-20 00:00:00,Briskborn,,"김건희, 대선, 문재인, 민주당, 윤석열, 이재명"
id:oasiticjoo19,30,2025-12-19 22:17:23,2026-04-30 00:05:08,호랑이기운,"218.237.***.23, 223.38.***.124, 223.38.***.20, 223.38.***.38","국민의힘, 대선, 문재인, 민주당, 윤석열, 이재명, 한동훈"
name:D.Drogba,30,2025-03-21 00:00:00,2026-01-05 00:00:00,D.Drogba,,"김건희, 대선, 민주당, 윤석열, 이재명, 한동훈"
name:가브리엘,30,2025-04-01 00:00:00,2025-11-26 00:00:00,가브리엘,,"국민의힘, 김건희, 대선, 문재인, 민주당, 윤석열, 이재명"
name:싸둥이,30,2025-03-21 00:00:00,2025-05-02 00:00:00,싸둥이,,"대선, 문재인, 민주당, 이재명, 한동훈"
name:ManCityTheBlues,30,2025-03-22 00:00:00,2025-04-06 00:00:00,ManCityTheBlues,,"김건희, 대선, 민주당, 윤석열, 이재명"
name:카사노바,29,2025-03-26 00:00:00,2025-09-06 00:00:00,카사노바,,"대선, 문재인, 민주당, 윤석열, 이재명, 한동훈"
id:jun2312,28,2026-01-03 19:24:15,2026-04-10 11:53:24,마리오넷트,"121.151.***.60, 211.186.***.43, 211.235.***.177, 211.57.***.29, 223.62.***.131","김건희, 대선, 민주당, 윤석열, 이재명, 한동훈"
id:mirissoul2,28,2026-01-12 11:18:30,2026-04-10 10:01:21,국짐은질병이다,"211.234.***.120, 211.234.***.154, 211.234.***.184, 211.234.***.23, 211.234.***.24","대선, 문재인, 민주당, 이재명"
name:탄코정신력,28,2025-04-26 00:00:00,2026-04-01 00:00:00,탄코정신력,,"국민의힘, 김건희, 대선, 문재인, 민주당, 윤석열, 이재명, 한동훈"
name:변병주,28,2025-04-06 00:00:00,2025-12-17 00:00:00,변병주,,"김건희, 대선, 문재인, 민주당, 윤석열, 이재명, 한동훈"
name:특검열차출발,28,2025-04-09 00:00:00,2025-11-21 00:00:00,특검열차출발,,"김건희, 대선, 문재인, 민주당, 윤석열, 이재명"
name:탑쓰리메시,28,2025-03-25 00:00:00,2025-10-30 00:00:00,탑쓰리메시,,"김건희, 대선, 문재인, 민주당, 윤석열, 이재명"
name:싸(ㅡㅠㅡ)줄,28,2025-03-27 00:00:00,2025-08-19 00:00:00,싸(ㅡㅠㅡ)줄,,"김건희, 대선, 문재인, 민주당, 윤석열, 이재명"
name:꾸르,28,2025-03-26 00:00:00,2025-06-12 00:00:00,꾸르,,"김건희, 대선, 문재인, 민주당, 윤석열, 이재명"
name:G.Gaudino,27,2025-04-04 00:00:00,2026-05-12 13:35:00,G.Gaudino,,"김건희, 문재인, 민주당, 윤석열, 이재명, 한동훈"
id:jj1211,27,2025-12-17 18:54:21,2026-05-04 20:06:09,( -_-),"118.235.***.20, 118.235.***.21, 118.235.***.28, 118.235.***.59, 210.183.***.20","대선, 민주당, 윤석열, 이재명, 한동훈"
id:makaloni,27,2025-12-22 18:38:18,2026-04-28 17:28:06,베레베레뽕,"118.235.***.175, 118.235.***.4, 118.235.***.65, 183.101.***.129, 211.192.***.146","김건희, 대선, 문재인, 민주당, 윤석열, 이재명"
id:Ibisevic,27,2026-01-13 21:08:52,2026-04-25 14:01:05,Fromm,"1.219.***.73, 106.101.***.174, 117.111.***.21, 124.111.***.113, 175.211.***.20","국민의힘, 김건희, 대선, 문재인, 민주당, 이재명, 한동훈"
id:Milner7,27,2026-01-13 11:55:20,2026-04-07 13:09:48,제임스밀너,"118.235.***.184, 118.235.***.20, 118.235.***.61, 118.235.***.77, 121.181.***.5","대선, 문재인, 민주당, 윤석열, 이재명"
name:로이드포저,27,2025-06-11 00:00:00,2026-04-03 00:00:00,로이드포저,,"대선, 문재인, 민주당, 이재명"
id:yoon4859,27,2025-12-28 18:40:24,2026-03-25 15:16:02,D.Drogba,"121.171.***.174, 121.172.***.136, 121.172.***.21, 175.210.***.24, 211.226.***.135","김건희, 대선, 문재인, 민주당, 윤석열, 이재명"
name:Fromm,27,2025-04-20 00:00:00,2025-11-12 00:00:00,Fromm,,"국민의힘, 김건희, 대선, 민주당, 윤석열, 이재명, 한동훈"
name:Redio,27,2025-04-04 00:00:00,2025-10-17 00:00:00,Redio,,"김건희, 대선, 민주당, 윤석열, 이재명"
id:stynerkn,26,2025-12-30 16:17:17,2026-04-30 12:07:42,스타이너,"118.235.***.75, 119.199.***.24, 119.69.***.21, 121.129.***.107, 175.193.***.103","국민의힘, 대선, 문재인, 민주당, 윤석열, 이재명, 한동훈"
name:고고고레츠카,26,2025-03-20 00:00:00,2026-04-19 00:00:00,고고고레츠카,,"김건희, 대선, 문재인, 민주당, 이재명"
name:유산슬,26,2025-04-04 00:00:00,2026-04-18 00:00:00,유산슬,,"국민의힘, 김건희, 대선, 민주당, 윤석열, 이재명, 한동훈"
id:chun1149,26,2025-12-22 09:25:42,2026-04-11 15:37:44,불타는감자,"110.8.***.72, 175.123.***.79, 61.98.***.91","국민의힘, 김건희, 대선, 민주당, 윤석열, 이재명, 한동훈"
id:rainshowerkk,26,2025-12-29 23:37:45,2026-04-07 22:54:06,"서동주, 파란색스톤오창석","140.248.***.2, 140.248.***.3, 140.248.***.4, 172.224.***.16, 172.224.***.22","대선, 문재인, 민주당, 윤석열, 이재명"
name:바이에른뮌헨,26,2025-03-22 00:00:00,2025-11-06 00:00:00,바이에른뮌헨,,"국민의힘, 대선, 문재인, 민주당, 윤석열, 이재명, 한동훈"
name:싫끄어임마,26,2025-05-21 00:00:00,2025-06-16 00:00:00,싫끄어임마,,"대선, 민주당, 윤석열, 이재명, 한동훈"
id:Mkisduchang,25,2025-12-28 17:32:48,2026-05-05 20:44:02,"몽규나두창이나, 몽규두창짬통","106.101.***.190, 106.101.***.22, 106.101.***.23, 106.101.***.24, 106.101.***.25","대선, 문재인, 민주당, 이재명"
id:hopes,25,2025-12-22 19:42:58,2026-05-04 16:01:07,아으야마,"121.169.***.34, 14.47.***.122, 211.221.***.20, 211.234.***.142, 211.234.***.25","대선, 문재인, 민주당, 이재명, 한동훈"
name:선인장,25,2025-05-10 00:00:00,2026-04-17 00:00:00,선인장,,"대선, 문재인, 민주당, 윤석열, 이재명"
id:leoperiseus,25,2025-12-22 13:28:42,2026-04-13 10:43:10,탄코정신력,"106.101.***.93, 58.29.***.46","국민의힘, 김건희, 대선, 문재인, 민주당, 윤석열, 이재명, 한동훈"
id:tkrhdgus1,25,2026-01-20 18:10:03,2026-03-24 23:55:35,ㅆㄱㄱㄹㄷ,"106.101.***.100, 106.101.***.15, 106.101.***.182, 106.101.***.20, 106.101.***.61","국민의힘, 대선, 문재인, 민주당, 윤석열, 이재명"
name:봉봉이,25,2025-07-25 00:00:00,2025-11-24 00:00:00,봉봉이,,"김건희, 민주당, 이재명"
name:타카기양,25,2025-03-24 00:00:00,2025-11-09 00:00:00,타카기양,,"국민의힘, 김건희, 대선, 문재인, 민주당, 윤석열, 이재명, 한동훈"
name:건희깜빵기원김립,25,2025-07-11 00:00:00,2025-08-08 00:00:00,건희깜빵기원김립,,"국민의힘, 김건희, 대선, 문재인, 민주당, 윤석열, 이재명"
id:tjdgh09123,24,2025-12-28 23:26:36,2026-04-30 17:29:24,고고고레츠카,"118.235.***.20, 118.235.***.49, 121.143.***.24, 121.173.***.52, 211.222.***.24","김건희, 대선, 민주당, 윤석열, 이재명"
id:lj0608,24,2025-12-28 19:59:40,2026-04-20 17:52:27,아무것도하기싫다,"118.235.***.180, 121.185.***.2","김건희, 대선, 문재인, 민주당, 윤석열, 이재명, 한동훈"
name:오왜오,24,2025-04-04 00:00:00,2026-04-18 00:00:00,오왜오,,"김건희, 대선, 문재인, 민주당, 윤석열, 이재명, 한동훈"
id:Clocks,24,2025-12-17 22:08:44,2026-03-30 19:48:11,"검정치마, 철강왕스미스로우","118.235.***.20, 183.100.***.171","문재인, 민주당, 윤석열, 이재명"
name:베레베레뽕,24,2025-04-10 00:00:00,2025-11-29 00:00:00,베레베레뽕,,"김건희, 대선, 문재인, 민주당, 윤석열, 이재명, 한동훈"
name:꼬작요정,24,2025-03-29 00:00:00,2025-08-14 00:00:00,꼬작요정,,"국민의힘, 김건희, 대선, 문재인, 민주당, 이재명, 한동훈"
name:Blistex,24,2025-03-20 00:00:00,2025-08-12 00:00:00,Blistex,,"김건희, 대선, 문재인, 민주당, 윤석열, 이재명, 한동훈"
name:소란하다,24,2025-04-25 00:00:00,2025-06-04 00:00:00,소란하다,,"대선, 민주당, 윤석열, 이재명, 한동훈"
id:kakaka10,23,2026-01-12 18:18:27,2026-05-05 21:24:10,문라이트,"211.234.***.100, 211.234.***.109, 211.234.***.114, 211.234.***.139, 211.234.***.149","대선, 문재인, 민주당, 이재명, 한동훈"
id:rascol,23,2025-12-21 17:49:45,2026-04-30 11:12:31,변병주,"58.120.***.175, 61.38.***.156","김건희, 대선, 문재인, 민주당, 윤석열, 이재명, 한동훈"
id:toninho07,23,2025-12-22 11:05:04,2026-04-22 13:32:32,비야르레알,"118.235.***.172, 118.235.***.22, 122.45.***.41","대선, 문재인, 민주당, 윤석열, 이재명"
name:(新) 허정무,23,2025-03-24 00:00:00,2026-04-16 00:00:00,(新) 허정무,,"대선, 문재인, 민주당, 이재명"
id:geni0,23,2025-12-28 21:58:09,2026-03-09 11:10:23,메세날두,"121.150.***.174, 175.201.***.142, 222.99.***.22, 223.39.***.48, 49.166.***.146","국민의힘, 문재인, 민주당, 윤석열, 이재명"
name:맥밀러,23,2025-04-06 00:00:00,2025-12-05 00:00:00,맥밀러,,"김건희, 문재인, 민주당, 윤석열, 이재명, 한동훈"
name:트럼프종식,23,2025-05-01 00:00:00,2025-11-03 00:00:00,트럼프종식,,"대선, 민주당, 윤석열, 이재명"
name:조카월드,23,2025-04-29 00:00:00,2025-09-08 00:00:00,조카월드,,"국민의힘, 김건희, 대선, 민주당, 윤석열, 이재명"
name:호나탄,23,2025-04-14 00:00:00,2025-08-23 00:00:00,호나탄,,"국민의힘, 대선, 민주당, 윤석열, 이재명"
name:대통령,23,2025-03-27 00:00:00,2025-06-19 00:00:00,대통령,,"김건희, 대선, 민주당, 윤석열, 이재명"
id:wheotjd1,22,2025-12-28 21:23:15,2026-04-22 19:16:55,DEL피에로,"118.235.***.156, 118.235.***.167, 118.235.***.20, 118.235.***.87, 211.107.***.35","대선, 문재인, 민주당, 윤석열, 이재명"
id:colacup,22,2025-12-29 23:22:00,2026-03-28 00:34:50,ratm,"180.65.***.151, 39.117.***.37, 61.74.***.116","민주당, 이재명, 한동훈"
id:zkdltmffks,22,2025-12-28 14:48:17,2026-03-17 17:51:30,생새우버거,"211.234.***.23, 211.235.***.109, 211.235.***.123, 211.235.***.143, 211.235.***.61","대선, 문재인, 민주당, 윤석열, 이재명"
id:6667sh,21,2025-12-28 17:49:40,2026-04-28 16:36:23,마도골라,"211.32.***.41, 211.60.***.24, 222.233.***.192, 59.18.***.95","국민의힘, 김건희, 민주당, 윤석열, 이재명, 한동훈"
id:zxcvbnm00765,21,2025-12-29 14:39:17,2026-04-14 09:41:46,축구축구99,"175.119.***.128, 223.38.***.159, 223.38.***.172, 223.38.***.20, 223.38.***.38","김건희, 문재인, 민주당, 윤석열, 이재명"
id:megacoffee25,21,2025-12-28 21:36:20,2026-03-25 23:54:34,세모지,"118.218.***.105, 121.189.***.113, 210.181.***.186, 211.198.***.58, 211.234.***.110","국민의힘, 김건희, 대선, 문재인, 민주당, 윤석열, 이재명, 한동훈"
id:dleoduq10004,21,2025-12-19 09:48:54,2025-12-30 17:48:30,바둑이,"118.235.***.142, 118.235.***.173, 118.235.***.24, 118.235.***.36, 118.235.***.50","문재인, 민주당, 윤석열, 이재명"
name:카시라기,21,2025-03-27 00:00:00,2025-12-14 00:00:00,카시라기,,"대선, 문재인, 민주당, 윤석열, 이재명"
name:옹심이,21,2025-03-25 00:00:00,2025-09-18 00:00:00,옹심이,,"국민의힘, 김건희, 대선, 민주당, 윤석열, 이재명, 한동훈"
id:sanapati,20,2025-12-31 19:18:18,2026-05-03 08:22:39,햇필드[빅클롭],"121.138.***.24, 175.196.***.117, 211.234.***.185, 211.234.***.22, 211.234.***.24","김건희, 대선, 문재인, 민주당, 윤석열, 이재명"
name:흰둥,20,2025-09-05 00:00:00,2026-04-29 00:00:00,흰둥,,"김건희, 대선, 문재인, 민주당, 이재명"
id:qnflsdl,20,2025-12-28 16:09:22,2026-04-23 13:51:12,부린이,"1.215.***.62, 106.101.***.12, 106.101.***.23, 106.101.***.38, 106.101.***.78","대선, 문재인, 민주당, 윤석열, 이재명"
id:mhp3rd,20,2026-01-12 21:14:55,2026-04-15 00:13:20,유산슬,"121.160.***.192, 175.194.***.123, 218.148.***.186, 220.88.***.2","대선, 문재인, 민주당, 윤석열, 이재명, 한동훈"
id:rrlatls18,20,2026-01-12 23:42:08,2026-04-02 07:38:42,윤석열은바보등신,"121.183.***.116, 59.23.***.14, 59.24.***.119, 59.24.***.134","대선, 문재인, 민주당, 이재명, 한동훈"
id:simbae1,20,2026-01-30 17:23:49,2026-03-17 09:44:03,고령전사,"116.38.***.75, 180.226.***.173","대선, 문재인, 민주당, 윤석열, 이재명"
name:서울FC팬,20,2026-01-14 00:00:00,2026-02-08 00:00:00,서울FC팬,,"국민의힘, 김건희, 문재인, 민주당, 윤석열, 이재명"
name:조희대,20,2025-05-04 00:00:00,2025-12-28 00:00:00,조희대,,"대선, 문재인, 민주당, 윤석열, 이재명"
name:메시가염소,20,2025-03-27 00:00:00,2025-12-15 00:00:00,메시가염소,,"김건희, 대선, 문재인, 민주당, 윤석열, 이재명, 한동훈"
name:과학수사,20,2025-04-06 00:00:00,2025-12-09 00:00:00,과학수사,,"김건희, 대선, 민주당, 이재명, 한동훈"
name:허우샤오시엔,20,2025-03-22 00:00:00,2025-07-18 00:00:00,허우샤오시엔,,"국민의힘, 김건희, 대선, 문재인, 윤석열, 이재명, 한동훈"
id:messiya2022,19,2025-12-21 18:10:07,2026-05-05 20:35:48,내란수괴윤석열,118.223.***.81,"국민의힘, 대선, 문재인, 민주당, 윤석열, 이재명"
id:Rojiblanco,19,2025-12-29 14:10:47,2026-04-28 15:12:54,Lingard,"114.202.***.176, 121.187.***.120, 211.234.***.106, 211.234.***.108, 211.234.***.168","김건희, 대선, 문재인, 민주당, 윤석열, 이재명, 한동훈"
name:Volvo,19,2025-03-26 00:00:00,2026-04-16 00:00:00,Volvo,,"대선, 문재인, 민주당, 윤석열, 이재명"
id:kimdel77,19,2025-12-30 12:30:00,2026-04-12 10:38:39,호나탄,"110.70.***.166, 175.223.***.82, 222.99.***.43, 223.38.***.163, 39.117.***.31","국민의힘, 김건희, 대선, 문재인, 민주당, 윤석열, 이재명, 한동훈"
id:leed7584,19,2025-12-20 09:34:25,2026-02-23 15:06:15,투데이,"106.101.***.113, 106.101.***.180, 106.101.***.22, 106.101.***.24, 106.101.***.55","국민의힘, 김건희, 대선, 윤석열, 이재명, 한동훈"
name:KAWD,19,2025-04-08 00:00:00,2026-01-14 00:00:00,KAWD,,"대선, 문재인, 민주당, 윤석열, 이재명, 한동훈"
name:해린,19,2025-03-27 00:00:00,2025-12-09 00:00:00,해린,,"국민의힘, 김건희, 대선, 문재인, 민주당, 윤석열, 이재명, 한동훈"
name:킹갓제라드,19,2025-03-26 00:00:00,2025-10-14 00:00:00,킹갓제라드,,"김건희, 대선, 민주당, 윤석열, 이재명, 한동훈"
name:사기꾼윤석열,19,2025-03-22 00:00:00,2025-09-20 00:00:00,사기꾼윤석열,,"김건희, 대선, 민주당, 윤석열, 이재명, 한동훈"
name:국짐은질병이다,19,2025-04-17 00:00:00,2025-09-10 00:00:00,국짐은질병이다,,"김건희, 대선, 문재인, 민주당, 윤석열, 이재명"
name:나이브꺼져,19,2025-05-15 00:00:00,2025-08-08 00:00:00,나이브꺼져,,"대선, 문재인, 민주당, 윤석열, 이재명"
name:TravelingBoy,19,2025-03-25 00:00:00,2025-08-07 00:00:00,TravelingBoy,,"국민의힘, 김건희, 대선, 민주당, 윤석열, 이재명, 한동훈"
id:sc1984,18,2025-12-28 21:55:00,2026-04-20 15:51:26,공자,"118.235.***.116, 118.235.***.127, 118.235.***.137, 118.235.***.17, 118.235.***.194","김건희, 대선, 민주당, 윤석열, 이재명"
id:kglite,18,2026-03-07 11:27:27,2026-04-13 10:32:50,중량물초과,"112.218.***.108, 117.111.***.103, 117.111.***.2, 117.111.***.20, 117.111.***.23","대선, 문재인, 민주당, 이재명"
id:euji,18,2025-12-29 00:07:50,2026-03-25 16:12:09,복수다짐,220.75.***.103,"대선, 문재인, 민주당, 윤석열, 이재명"
id:mnyj,18,2025-12-28 21:07:59,2026-03-15 23:59:45,잡채,"182.31.***.34, 49.236.***.45","대선, 문재인, 민주당, 이재명"
name:조르다인,18,2025-03-24 00:00:00,2025-12-07 00:00:00,조르다인,,"대선, 민주당, 윤석열, 이재명, 한동훈"
name:아무것도하기싫다,18,2025-03-26 00:00:00,2025-09-16 00:00:00,아무것도하기싫다,,"김건희, 대선, 문재인, 민주당, 윤석열, 이재명"
name:Gallagher,18,2025-05-01 00:00:00,2025-08-08 00:00:00,Gallagher,,"국민의힘, 김건희, 대선, 민주당, 윤석열"
name:2찍사냥꾼,18,2025-03-26 00:00:00,2025-05-30 00:00:00,2찍사냥꾼,,"대선, 민주당, 윤석열, 이재명, 한동훈"
name:피카츄,18,2025-03-22 00:00:00,2025-04-08 00:00:00,피카츄,,"문재인, 민주당, 윤석열, 이재명, 한동훈"
id:kohs98,17,2025-12-30 11:03:11,2026-05-01 15:15:33,sympathy,"1.246.***.100, 211.235.***.44, 59.31.***.59","김건희, 대선, 민주당, 이재명"
name:윤하와Aguero,17,2025-04-06 00:00:00,2026-04-16 00:00:00,윤하와Aguero,,"국민의힘, 대선, 민주당, 윤석열, 이재명"
id:Bluewings21,17,2025-12-28 17:57:33,2026-04-03 13:43:23,내란당해체,"118.235.***.159, 211.32.***.89, 222.112.***.21","대선, 문재인, 민주당, 윤석열, 이재명, 한동훈"
name:사커먹는흰둥이,17,2026-03-10 00:00:00,2026-03-22 00:00:00,사커먹는흰둥이,,"민주당, 이재명"
name:이흰둥,17,2025-10-09 00:00:00,2025-12-03 00:00:00,이흰둥,,"김건희, 문재인, 민주당, 윤석열, 이재명"
name:이준석장제원기원,17,2025-06-03 00:00:00,2025-09-30 00:00:00,이준석장제원기원,,"김건희, 대선, 문재인, 민주당, 윤석열, 이재명"
name:프린트스트림,17,2025-04-28 00:00:00,2025-07-03 00:00:00,프린트스트림,,"대선, 민주당, 이재명, 한동훈"
id:kaoruchan,16,2025-12-19 10:52:17,2026-05-04 11:14:04,로이드포저,"128.134.***.153, 180.83.***.101, 222.117.***.23","국민의힘, 대선, 문재인, 민주당, 이재명"
id:zavawork01,16,2025-12-24 15:35:32,2026-04-13 15:30:14,축구왕,"49.165.***.3, 61.110.***.2","대선, 민주당, 윤석열, 이재명, 한동훈"
id:sbw1249,16,2025-12-30 11:25:39,2026-04-09 18:36:58,aaaswas1,"116.32.***.26, 121.147.***.159, 211.119.***.194","대선, 문재인, 민주당, 윤석열, 이재명, 한동훈"
id:cokabel,16,2025-12-29 00:45:06,2026-04-07 19:15:18,Alexanti,"113.176.***.24, 14.235.***.11, 160.238.***.47, 160.238.***.79, 160.238.***.80","대선, 민주당, 이재명"
name:Raspadori,16,2025-08-13 00:00:00,2025-12-05 00:00:00,Raspadori,,"국민의힘, 김건희, 문재인, 민주당, 윤석열, 이재명, 한동훈"
name:론도너,16,2025-04-01 00:00:00,2025-11-06 00:00:00,론도너,,"국민의힘, 대선, 문재인, 민주당, 윤석열, 이재명, 한동훈"
name:누렁이의복날,16,2025-05-06 00:00:00,2025-09-20 00:00:00,누렁이의복날,,"국민의힘, 김건희, 대선, 민주당, 윤석열, 이재명, 한동훈"
name:햇필드[빅클롭],15,2025-04-07 00:00:00,2026-05-12 10:38:00,햇필드[빅클롭],,"국민의힘, 김건희, 대선, 민주당, 윤석열, 이재명"
id:85yang,15,2025-12-18 22:25:05,2026-04-15 10:29:45,의리버풀,"211.234.***.174, 211.234.***.20, 211.234.***.23, 211.234.***.52, 211.234.***.62","문재인, 민주당, 윤석열, 이재명, 한동훈"
id:chakagesalja,15,2025-12-31 18:04:59,2026-04-03 14:56:28,호카손쟈,"116.34.***.158, 49.169.***.165, 49.170.***.143","국민의힘, 문재인, 민주당, 윤석열, 이재명, 한동훈"
name:몰입,15,2025-04-05 00:00:00,2026-02-19 00:00:00,몰입,,"국민의힘, 김건희, 민주당, 윤석열, 이재명"
name:고덕슬롯,15,2025-10-18 00:00:00,2025-12-04 00:00:00,고덕슬롯,,"국민의힘, 김건희, 대선, 민주당, 윤석열, 이재명"
name:HanLobby,14,2025-03-31 00:00:00,2026-05-12 07:21:00,HanLobby,,"국민의힘, 김건희, 대선, 문재인, 민주당, 윤석열, 이재명"
id:dosa0705,14,2025-12-28 21:47:42,2026-05-05 20:45:02,바개비,"106.101.***.20, 106.101.***.21, 106.101.***.77, 110.10.***.97, 122.44.***.28","대선, 문재인, 민주당, 윤석열, 이재명"
id:soccerlineid,14,2025-12-21 09:33:02,2026-05-05 19:50:31,우정귀연희대,"1.239.***.62, 119.193.***.34, 121.134.***.179, 175.201.***.165, 211.217.***.22","국민의힘, 대선, 문재인, 민주당, 윤석열, 이재명"
id:thuyu,14,2026-01-12 11:15:53,2026-05-05 16:56:29,옹심이,"106.101.***.127, 106.101.***.149, 106.101.***.35, 106.101.***.68, 125.176.***.85","문재인, 민주당, 윤석열, 이재명, 한동훈"
id:edh2och,14,2026-02-11 18:01:11,2026-05-05 08:02:15,아르만도,"1.213.***.109, 211.62.***.20, 218.37.***.33","대선, 문재인, 민주당, 윤석열, 이재명"
name:레이언,14,2025-04-02 00:00:00,2026-04-17 00:00:00,레이언,,"김건희, 대선, 문재인, 민주당, 윤석열, 이재명"
name:필죤스,14,2025-03-21 00:00:00,2026-04-17 00:00:00,필죤스,,"대선, 문재인, 민주당, 윤석열, 이재명"
id:ffk12349,14,2025-12-31 15:00:13,2026-04-09 13:08:12,이재명대통령,"106.101.***.2, 116.43.***.123, 121.131.***.158, 211.168.***.141, 222.110.***.24","대선, 문재인, 민주당, 윤석열, 이재명, 한동훈"
id:twija100,14,2025-12-29 14:19:17,2026-04-08 09:42:44,"16강탈락기원, 명보몽큐꺼져, 이찍없는세상","106.102.***.61, 58.72.***.189","국민의힘, 대선, 민주당, 윤석열, 이재명"
id:flypcs20,14,2025-12-29 10:42:32,2026-04-05 18:32:34,동글이아빠,"106.101.***.153, 106.101.***.20, 106.101.***.21, 106.101.***.49, 106.101.***.72","김건희, 대선, 민주당, 윤석열, 이재명"
name:흰머리,14,2025-04-07 00:00:00,2025-12-16 00:00:00,흰머리,,"국민의힘, 대선, 민주당, 윤석열, 이재명, 한동훈"
name:ㅆㄱㄱㄹㄷ,14,2025-05-31 00:00:00,2025-12-04 00:00:00,ㅆㄱㄱㄹㄷ,,"김건희, 문재인, 민주당, 윤석열, 이재명, 한동훈"
name:제한맨,14,2025-04-04 00:00:00,2025-08-06 00:00:00,제한맨,,"국민의힘, 대선, 문재인, 민주당, 윤석열, 이재명"
name:추멘,14,2025-04-05 00:00:00,2025-07-24 00:00:00,추멘,,"김건희, 대선, 민주당, 윤석열, 이재명"
name:Doubt,14,2025-04-04 00:00:00,2025-06-06 00:00:00,Doubt,,"국민의힘, 대선, 문재인, 민주당, 윤석열, 이재명"
name:우족리자라쮜,13,2025-04-12 00:00:00,2026-05-12 07:07:00,우족리자라쮜,,"대선, 문재인, 민주당, 윤석열, 이재명, 한동훈"
id:cafetango,13,2026-01-12 15:21:13,2026-05-04 16:37:56,개홍,"115.90.***.6, 117.111.***.178, 117.111.***.199, 117.111.***.20, 182.227.***.88","문재인, 민주당, 윤석열, 이재명"
id:ifleet,13,2026-01-26 10:08:40,2026-05-04 12:43:13,루카 또띠,"106.101.***.154, 106.241.***.197","대선, 문재인, 민주당, 이재명"
id:claralike123,13,2025-12-29 15:37:46,2026-04-28 17:20:09,Redio,"211.234.***.178, 211.234.***.19, 211.234.***.20, 211.234.***.22, 211.234.***.24","문재인, 민주당, 이재명"
id:kimpo,13,2026-02-28 16:33:14,2026-04-27 21:09:37,김포할렐루야,123.212.***.103,"대선, 민주당, 윤석열, 이재명"
id:againstwin80,13,2026-01-12 21:03:54,2026-04-25 15:15:53,위너,"211.221.***.21, 211.234.***.174, 211.234.***.177, 211.234.***.178, 211.234.***.2","대선, 민주당, 윤석열, 이재명"
name:수박말살기원,13,2025-08-23 00:00:00,2026-04-19 00:00:00,수박말살기원,,"문재인, 민주당, 윤석열, 이재명"
name:DEL피에로,13,2025-05-17 00:00:00,2026-04-17 00:00:00,DEL피에로,,"대선, 문재인, 윤석열, 이재명"
id:dress7,13,2026-02-09 00:22:25,2026-04-09 12:43:11,Nacho Vidal,"118.235.***.111, 118.235.***.115, 118.235.***.121, 118.235.***.194, 118.235.***.63","대선, 민주당, 윤석열, 이재명"
id:placebo,13,2026-03-11 14:32:56,2026-04-02 10:37:18,코끼리코만큼,211.192.***.195,"김건희, 민주당, 이재명"
id:sexline,13,2026-03-10 21:16:19,2026-03-25 19:46:42,반스목사,14.44.***.182,"대선, 민주당, 이재명, 한동훈"
id:hjsa2004,13,2026-01-21 14:10:47,2026-03-24 00:13:19,내귀안에서영교,"106.101.***.24, 112.153.***.20, 58.87.***.22","김건희, 문재인, 민주당, 이재명"
id:masok01,13,2026-02-10 19:21:33,2026-03-20 22:32:07,기소키오스크,220.88.***.55,"대선, 문재인, 민주당, 윤석열, 이재명, 한동훈"
name:동글이아빠,13,2025-04-07 00:00:00,2025-11-21 00:00:00,동글이아빠,,"문재인, 민주당, 윤석열, 이재명"
name:2찍일뽕호기견,13,2025-03-27 00:00:00,2025-11-07 00:00:00,2찍일뽕호기견,,"김건희, 대선, 윤석열, 이재명"
name:갓슬레이어,13,2025-04-05 00:00:00,2025-11-01 00:00:00,갓슬레이어,,"김건희, 대선, 민주당, 윤석열, 이재명, 한동훈"
name:몽규임생명보나가,13,2025-03-26 00:00:00,2025-10-29 00:00:00,몽규임생명보나가,,"국민의힘, 대선, 민주당, 윤석열, 이재명"
name:볼보이,13,2025-04-04 00:00:00,2025-10-13 00:00:00,볼보이,,"국민의힘, 민주당, 윤석열, 이재명"
name:아다,13,2025-08-01 00:00:00,2025-08-28 00:00:00,아다,,"김건희, 문재인, 민주당, 윤석열, 이재명, 한동훈"
name:쌀거라인,13,2025-04-07 00:00:00,2025-08-27 00:00:00,쌀거라인,,"대선, 민주당, 윤석열, 이재명, 한동훈"
name:항문대장내시경,13,2025-03-24 00:00:00,2025-08-17 00:00:00,항문대장내시경,,"김건희, 문재인, 민주당, 윤석열, 이재명"
name:커피믹스,13,2025-03-25 00:00:00,2025-07-12 00:00:00,커피믹스,,"국민의힘, 김건희, 문재인, 민주당, 윤석열, 이재명, 한동훈"
name:컷백후슈팅,13,2025-04-01 00:00:00,2025-07-11 00:00:00,컷백후슈팅,,"대선, 민주당, 윤석열, 이재명"
id:pjh1421,12,2026-01-18 16:42:37,2026-05-04 22:24:31,김도기,125.62.***.197,"국민의힘, 김건희, 민주당, 윤석열, 이재명, 한동훈"
id:djsi,12,2026-03-09 19:12:45,2026-04-28 18:01:32,세종인,"1.245.***.86, 211.234.***.114, 211.234.***.152, 211.234.***.34, 211.234.***.42","문재인, 민주당, 이재명"
id:sdh90,12,2026-02-10 00:12:16,2026-04-28 16:26:38,티키티,"118.235.***.110, 118.235.***.157, 118.235.***.182, 118.235.***.191, 118.235.***.2","대선, 민주당, 윤석열, 이재명"
id:flamans1,12,2025-12-21 11:36:34,2026-04-24 20:37:31,중거리슛,"220.71.***.86, 39.7.***.20, 49.246.***.3","국민의힘, 김건희, 대선, 문재인, 민주당, 이재명"
id:Grassland,12,2025-12-20 10:39:55,2026-04-22 14:57:01,Amii,"118.235.***.1, 118.235.***.107, 118.235.***.175, 210.94.***.33, 211.222.***.158","대선, 문재인, 민주당, 윤석열, 이재명"
id:reiun,12,2025-12-18 17:37:49,2026-04-10 15:15:47,레이언,"175.114.***.78, 210.108.***.132","김건희, 문재인, 민주당, 윤석열, 이재명, 한동훈"
id:byh3718,12,2025-12-22 09:15:18,2026-03-28 14:32:58,윤하와Aguero,"116.47.***.96, 211.234.***.117, 211.234.***.167, 211.234.***.176","국민의힘, 대선, 문재인, 민주당, 윤석열, 이재명"
id:kopluke,12,2025-12-17 15:38:49,2026-03-25 16:35:54,"베나윤, 소보슬라이, 에키티케",14.42.***.21,"문재인, 민주당, 이재명"
id:bakjang,12,2025-12-24 13:44:00,2026-03-18 20:52:33,유유자적,"118.235.***.198, 118.235.***.65, 221.163.***.134","국민의힘, 대선, 문재인, 민주당, 윤석열, 이재명"
name:ratm,12,2025-05-06 00:00:00,2026-02-25 00:00:00,ratm,,"민주당, 이재명"
name:베아투스,12,2025-03-26 00:00:00,2025-10-30 00:00:00,베아투스,,"대선, 문재인, 이재명"
name:야무치빠,12,2025-03-29 00:00:00,2025-10-20 00:00:00,야무치빠,,"국민의힘, 대선, 문재인, 민주당, 윤석열, 이재명"
name:새내슬롯,12,2025-07-20 00:00:00,2025-10-15 00:00:00,새내슬롯,,"김건희, 대선, 민주당, 윤석열, 이재명"
name:친일파척살,12,2025-03-26 00:00:00,2025-09-19 00:00:00,친일파척살,,"민주당, 윤석열, 이재명"
name:공산당선언,12,2025-03-26 00:00:00,2025-06-10 00:00:00,공산당선언,,"김건희, 대선, 민주당, 윤석열, 이재명"
name:무카리,12,2025-04-07 00:00:00,2025-06-09 00:00:00,무카리,,"대선, 윤석열, 이재명"
name:김어준,12,2025-04-01 00:00:00,2025-06-04 00:00:00,김어준,,"대선, 민주당, 이재명"
id:masterplan5,11,2026-02-07 23:41:22,2026-05-05 23:46:23,랄프쉬퍼스,"211.222.***.178, 211.222.***.85, 220.126.***.114, 220.126.***.188, 221.154.***.59","대선, 문재인, 민주당, 윤석열, 이재명"
id:Pacojung102,11,2026-01-22 10:23:17,2026-05-01 19:12:50,꽉조희대,"118.235.***.24, 119.197.***.148, 211.235.***.25, 223.38.***.21, 223.38.***.76","대선, 문재인, 민주당, 이재명"
id:press21cc,11,2025-12-30 11:50:58,2026-04-28 16:03:19,YorkeCole,"211.49.***.150, 218.39.***.45","민주당, 이재명"
id:jseric,11,2025-12-25 23:03:57,2026-04-28 09:06:46,김지주,"211.234.***.164, 211.234.***.180, 211.234.***.183, 211.234.***.197, 211.234.***.20","김건희, 윤석열"
id:childpicture,11,2026-03-08 20:00:14,2026-04-22 09:41:11,회색의형들프,"106.101.***.106, 106.101.***.194, 106.101.***.25, 106.101.***.39, 106.101.***.66","문재인, 민주당, 윤석열, 이재명"
id:Groin,11,2026-03-07 10:15:33,2026-04-14 20:15:20,불타는사타구니,"104.28.***.51, 140.248.***.2, 140.248.***.3, 172.224.***.17, 172.224.***.18","민주당, 이재명"
id:lovedavich,11,2026-02-08 21:29:50,2026-04-13 00:11:17,귤던지면까지잖아,"1.248.***.51, 222.109.***.95","대선, 민주당, 윤석열, 이재명, 한동훈"
id:Zeit0809,11,2026-02-08 18:29:15,2026-04-12 22:52:16,"개백수, 추요",220.72.***.43,"민주당, 이재명"
id:adnanjanuzaj,11,2025-12-23 21:01:22,2026-04-10 22:43:59,설유,"1.232.***.18, 118.235.***.143, 118.235.***.148, 118.235.***.156, 118.235.***.159","문재인, 민주당, 이재명"
id:veratis,11,2025-12-19 16:59:00,2026-04-08 23:47:19,Xerox,222.237.***.22,"국민의힘, 대선, 문재인, 민주당, 윤석열, 이재명"
id:soparkbj,11,2026-01-14 20:47:57,2026-03-19 11:28:39,추아메니,"123.213.***.87, 211.118.***.22, 211.235.***.115, 211.235.***.123, 211.235.***.199","김건희, 민주당, 이재명"
id:minami89,11,2026-02-10 12:48:59,2026-03-18 10:34:59,연애를합시다,"211.234.***.22, 211.234.***.83, 219.241.***.23","문재인, 민주당, 윤석열, 이재명"
id:Ronaldo34,11,2025-12-22 14:11:04,2026-01-29 11:20:48,축신크로스,"223.38.***.105, 223.38.***.147, 223.38.***.23, 223.38.***.83, 61.105.***.144","국민의힘, 문재인, 민주당, 윤석열, 이재명, 한동훈"
name:DeathPenalty,11,2025-04-19 00:00:00,2025-12-16 00:00:00,DeathPenalty,,"대선, 문재인, 민주당, 윤석열, 이재명, 한동훈"
name:고감전,11,2025-04-26 00:00:00,2025-12-16 00:00:00,고감전,,"대선, 민주당, 이재명"
name:0슛팅1골,11,2025-04-04 00:00:00,2025-12-08 00:00:00,0슛팅1골,,"김건희, 민주당, 윤석열, 이재명, 한동훈"
name:성골싸줄러,11,2025-04-07 00:00:00,2025-11-04 00:00:00,성골싸줄러,,"대선, 민주당, 이재명"
name:등소평,11,2025-04-04 00:00:00,2025-10-27 00:00:00,등소평,,"대선, 민주당, 이재명"
name:공자,11,2025-03-26 00:00:00,2025-10-15 00:00:00,공자,,"국민의힘, 민주당, 윤석열, 이재명, 한동훈"
name:kendoman,11,2025-03-21 00:00:00,2025-08-07 00:00:00,kendoman,,"대선, 민주당, 이재명"
name:호돈짱,11,2025-04-04 00:00:00,2025-07-27 00:00:00,호돈짱,,"대선, 문재인, 민주당, 윤석열, 이재명, 한동훈"
name:제임스밀너,11,2025-05-22 00:00:00,2025-07-24 00:00:00,제임스밀너,,"대선, 문재인, 민주당, 이재명"
name:루드반니스텔루이,11,2025-04-06 00:00:00,2025-07-10 00:00:00,루드반니스텔루이,,"민주당, 윤석열, 이재명, 한동훈"
name:삼중이패는김립,11,2025-06-12 00:00:00,2025-07-09 00:00:00,삼중이패는김립,,"국민의힘, 대선, 민주당, 이재명"
name:추아메니,11,2025-04-19 00:00:00,2025-07-05 00:00:00,추아메니,,"대선, 민주당, 이재명, 한동훈"
name:찰나,11,2025-03-27 00:00:00,2025-07-03 00:00:00,찰나,,"대선, 민주당, 윤석열, 이재명, 한동훈"
name:브라이언,11,2025-05-28 00:00:00,2025-06-08 00:00:00,브라이언,,"대선, 민주당, 윤석열, 이재명"
name:으윽나온다,11,2025-03-28 00:00:00,2025-06-04 00:00:00,으윽나온다,,"대선, 민주당, 윤석열, 이재명"
name:헬스왕,11,2025-03-25 00:00:00,2025-06-04 00:00:00,헬스왕,,"대선, 민주당, 윤석열, 이재명, 한동훈"
name:삼봉이,10,2025-12-05 00:00:00,2026-05-12 13:30:00,삼봉이,,"민주당, 이재명"
id:opopgogo,10,2026-04-20 13:30:15,2026-05-05 11:29:37,소희짱다이스키,"121.186.***.180, 183.109.***.134","국민의힘, 김건희, 문재인, 민주당, 윤석열, 이재명"
id:osodos,10,2026-02-03 14:11:17,2026-05-04 23:09:43,비공개,"1.245.***.6, 118.235.***.126, 118.235.***.153, 221.145.***.10, 223.62.***.139","국민의힘, 문재인, 민주당, 윤석열, 이재명, 한동훈"
id:sta0505,10,2026-02-04 19:19:31,2026-04-28 17:23:54,으윽나온다,"106.101.***.115, 106.101.***.186, 106.101.***.22, 58.29.***.106, 59.5.***.150","김건희, 대선, 문재인, 민주당, 이재명"
id:bald80,10,2026-01-05 16:19:43,2026-04-28 16:15:50,혜민스님,"211.199.***.21, 223.32.***.152","김건희, 문재인, 민주당, 이재명"
id:yun9h1,10,2025-12-27 18:45:13,2026-04-27 23:21:48,바모스,"118.235.***.165, 118.235.***.21, 27.116.***.35","김건희, 대선, 민주당, 이재명, 한동훈"
id:aduno,10,2025-12-28 23:57:17,2026-04-17 12:10:32,ROMA,"118.235.***.175, 118.235.***.194, 118.235.***.21, 118.235.***.61, 118.235.***.64","김건희, 대선, 문재인, 민주당, 이재명"
name:불타는감자,10,2025-08-26 00:00:00,2026-04-17 00:00:00,불타는감자,,"국민의힘, 김건희, 민주당, 윤석열, 이재명, 한동훈"
id:dialine,10,2025-12-27 12:39:20,2026-04-14 13:28:23,DeathPenalty,"140.248.***.0, 140.248.***.1, 140.248.***.2, 172.226.***.29","국민의힘, 대선, 문재인, 민주당, 윤석열, 이재명"
id:kanginmom,10,2026-01-24 10:59:05,2026-04-06 12:03:02,티원이꼴맨유,"112.186.***.166, 118.235.***.48, 14.33.***.98, 14.5.***.175, 210.104.***.50","문재인, 민주당, 윤석열, 이재명"
id:nox911,10,2026-02-08 01:08:16,2026-03-21 17:25:44,방구일까똥일까,180.230.***.114,"민주당, 이재명"
id:jeep126,10,2025-12-27 11:43:03,2026-03-11 17:24:48,발롱위너모드리치,"116.44.***.21, 119.206.***.148, 211.234.***.144, 211.234.***.22, 211.235.***.98","대선, 문재인, 민주당, 윤석열, 이재명"
id:jejajj9,10,2025-12-28 14:56:17,2026-02-15 15:46:19,하샤신,"118.235.***.23, 125.208.***.39, 182.217.***.9, 211.246.***.21, 39.7.***.147","문재인, 민주당, 윤석열, 이재명"
name:그냥뭐어쩔수없지,10,2025-04-03 00:00:00,2025-12-16 00:00:00,그냥뭐어쩔수없지,,"문재인, 민주당, 이재명"
name:푸른알약,10,2025-03-25 00:00:00,2025-11-25 00:00:00,푸른알약,,"김건희, 대선, 민주당, 이재명, 한동훈"
name:주미삼촌,10,2025-03-23 00:00:00,2025-11-17 00:00:00,주미삼촌,,"대선, 윤석열, 이재명, 한동훈"
name:Spencer,10,2025-03-25 00:00:00,2025-09-27 00:00:00,Spencer,,"대선, 민주당, 윤석열, 이재명, 한동훈"
name:astre,10,2025-04-11 00:00:00,2025-08-23 00:00:00,astre,,"국민의힘, 김건희, 대선, 윤석열, 한동훈"
name:김투팍,10,2025-03-26 00:00:00,2025-08-12 00:00:00,김투팍,,"김건희, 민주당, 윤석열, 이재명, 한동훈"
name:고소미가고소해,10,2025-03-21 00:00:00,2025-08-07 00:00:00,고소미가고소해,,"대선, 민주당, 이재명"
name:두창아구창,10,2025-03-21 00:00:00,2025-06-17 00:00:00,두창아구창,,"대선, 민주당, 이재명"
name:EnzoFernandez,10,2025-04-04 00:00:00,2025-06-04 00:00:00,EnzoFernandez,,"대선, 민주당, 윤석열, 이재명"
name:열한시이십이분,10,2025-04-14 00:00:00,2025-05-29 00:00:00,열한시이십이분,,"대선, 민주당, 윤석열, 이재명"
name:맹구인,9,2025-10-23 00:00:00,2026-05-12 11:08:00,맹구인,,"대선, 민주당, 윤석열, 이재명"
id:koaie123,9,2026-01-12 17:20:50,2026-05-03 12:26:24,탑쓰리메시,14.36.***.73,"문재인, 윤석열, 이재명"
id:addedtime,9,2025-12-28 20:33:02,2026-04-28 10:40:03,"Mayday, Sleepy, SteakHouse","118.235.***.112, 118.235.***.162, 118.235.***.23, 211.48.***.21, 221.147.***.23","대선, 문재인, 민주당, 이재명"
id:nikkohadal,9,2026-03-26 18:50:21,2026-04-25 09:26:47,운씨필,"118.235.***.71, 118.235.***.8, 58.236.***.133","대선, 문재인, 민주당, 윤석열, 이재명"
id:df2shnl,9,2025-12-31 14:11:53,2026-04-14 09:37:36,overthe,"182.230.***.126, 39.7.***.23, 39.7.***.90","대선, 문재인, 민주당, 이재명"
id:big4587,9,2026-01-02 13:00:49,2026-03-15 20:56:43,커피믹스,"112.162.***.7, 112.185.***.42, 118.39.***.113, 118.39.***.175, 221.152.***.22","민주당, 이재명"
name:눈탱이밤탱이,9,2025-03-27 00:00:00,2026-02-19 00:00:00,눈탱이밤탱이,,"문재인, 민주당, 이재명"
id:eiskzm,9,2026-01-21 19:42:13,2026-02-10 21:57:13,레인,"112.222.***.142, 115.23.***.118, 121.147.***.134, 121.148.***.154, 121.148.***.155","국민의힘, 민주당, 윤석열, 이재명"
id:kyoijjoo,9,2025-12-28 19:08:06,2026-02-08 15:04:37,제한맨,"106.101.***.105, 106.101.***.127, 106.101.***.164, 106.101.***.25, 106.101.***.40","대선, 문재인, 민주당, 윤석열, 이재명"
id:dbsupers,9,2025-12-17 16:29:00,2026-01-23 09:42:48,가브리엘,"14.38.***.150, 39.7.***.21, 45.67.***.16, 45.67.***.23, 45.67.***.28","대선, 민주당, 윤석열, 이재명"
name:하샤신,9,2025-08-07 00:00:00,2025-12-08 00:00:00,하샤신,,"국민의힘, 김건희, 민주당, 윤석열, 이재명"
name:두아이아빠,9,2025-03-21 00:00:00,2025-11-29 00:00:00,두아이아빠,,"대선, 문재인, 이재명"
name:알리미ㅎㅎㄷ,9,2025-04-23 00:00:00,2025-11-22 00:00:00,알리미ㅎㅎㄷ,,"민주당, 윤석열, 이재명, 한동훈"
name:영포티준석,9,2025-05-27 00:00:00,2025-09-17 00:00:00,영포티준석,,"국민의힘, 김건희, 문재인, 민주당, 이재명"
name:maybee,9,2025-04-12 00:00:00,2025-09-02 00:00:00,maybee,,"대선, 문재인, 민주당, 윤석열, 이재명, 한동훈"
name:잭과콕나물,9,2025-03-26 00:00:00,2025-08-21 00:00:00,잭과콕나물,,"대선, 문재인, 민주당, 윤석열, 이재명, 한동훈"
name:바텀스타,9,2025-04-08 00:00:00,2025-08-19 00:00:00,바텀스타,,"김건희, 대선, 윤석열, 이재명, 한동훈"
name:매머드커피,9,2025-05-09 00:00:00,2025-08-02 00:00:00,매머드커피,,"문재인, 민주당, 이재명, 한동훈"
name:이찍은내란이다,9,2025-06-03 00:00:00,2025-07-05 00:00:00,이찍은내란이다,,"대선, 민주당, 윤석열, 이재명"
name:에놀라,9,2025-04-10 00:00:00,2025-07-03 00:00:00,에놀라,,"대선, 문재인, 민주당, 이재명"
name:건전한사람,9,2025-03-25 00:00:00,2025-06-08 00:00:00,건전한사람,,"대선, 윤석열, 이재명"
id:horsedongh,8,2025-12-29 09:35:25,2026-04-28 16:49:41,obamartins,121.164.***.21,"국민의힘, 김건희, 대선, 문재인, 민주당, 이재명"
id:vamman,8,2026-03-15 23:32:57,2026-04-17 19:29:34,녹차맛향기,220.88.***.21,"대선, 문재인, 민주당, 이재명"
name:베컴오른발,8,2025-04-01 00:00:00,2026-04-17 00:00:00,베컴오른발,,"대선, 민주당, 윤석열, 이재명"
id:umamusume,8,2026-03-16 13:30:51,2026-04-14 15:57:36,김흑백,"121.139.***.17, 211.234.***.122, 222.117.***.25","국민의힘, 김건희, 민주당, 이재명"
id:mcraky,8,2026-02-09 16:59:56,2026-04-13 02:40:53,"emiyamuljomdao, 잔머리","118.235.***.21, 118.46.***.40","대선, 민주당, 이재명"
id:Cvc77777,8,2026-01-13 07:33:39,2026-04-12 19:48:37,쥴지,"115.21.***.104, 118.235.***.143, 118.235.***.21, 118.235.***.62, 119.197.***.147","문재인, 민주당, 이재명"
id:sonhh,8,2026-01-21 16:59:26,2026-03-27 21:29:20,축구손님,"106.101.***.17, 106.101.***.21, 106.101.***.23, 106.101.***.25, 125.177.***.21","김건희, 민주당, 윤석열, 이재명"
id:millano,8,2026-01-24 09:12:40,2026-03-22 12:33:10,ronnie10,112.165.***.23,"대선, 문재인, 민주당, 윤석열, 이재명"
id:rera,8,2026-01-22 11:24:49,2026-03-19 07:25:23,서나민,"222.109.***.9, 61.74.***.23","국민의힘, 민주당, 윤석열, 이재명"
id:ttkwnffj,8,2026-02-08 17:49:12,2026-03-17 22:16:11,심상,"118.235.***.22, 118.235.***.73, 121.172.***.199","문재인, 민주당, 이재명"
id:hohohal1717,8,2026-03-05 22:05:43,2026-03-17 18:01:04,강강강강약약약약,"106.101.***.25, 106.101.***.81, 183.102.***.143, 210.121.***.25","민주당, 이재명"
id:liking83,8,2025-12-29 23:07:26,2026-03-10 18:02:16,개죽이,"211.36.***.38, 61.78.***.196","문재인, 민주당, 윤석열, 이재명"
id:v1004ses,8,2026-02-10 14:39:40,2026-03-09 10:21:11,다프트펑크,"116.43.***.22, 125.143.***.23, 223.38.***.21","문재인, 민주당, 이재명"
id:klay5587,8,2025-12-31 07:07:03,2026-03-07 16:42:29,사기꾼윤석열,"118.235.***.4, 211.230.***.30","김건희, 대선, 민주당, 이재명, 한동훈"
id:vnweq956,8,2025-12-29 17:56:20,2026-03-07 15:42:48,rfsbrz,1.230.***.26,"문재인, 민주당, 이재명"
id:keias1024,8,2025-12-29 09:59:57,2026-02-11 14:21:58,구름사자,59.29.***.22,"김건희, 민주당, 이재명"
name:생새우버거,8,2025-04-02 00:00:00,2025-12-14 00:00:00,생새우버거,,"민주당, 윤석열, 이재명"
name:세모지,8,2025-07-20 00:00:00,2025-12-11 00:00:00,세모지,,"국민의힘, 김건희, 문재인, 윤석열, 한동훈"
name:미래대통령오창석,8,2025-07-23 00:00:00,2025-12-03 00:00:00,미래대통령오창석,,"문재인, 민주당, 윤석열, 이재명"
name:휴식휴식,8,2025-03-27 00:00:00,2025-12-03 00:00:00,휴식휴식,,"문재인, 민주당, 윤석열, 이재명"
name:바람소리,8,2025-04-05 00:00:00,2025-11-11 00:00:00,바람소리,,"대선, 민주당, 윤석열, 이재명"
name:어린이,8,2025-04-04 00:00:00,2025-10-27 00:00:00,어린이,,"대선, 문재인, 민주당, 윤석열, 이재명"
name:복수다짐,8,2025-04-06 00:00:00,2025-10-17 00:00:00,복수다짐,,"김건희, 대선, 민주당, 윤석열, 이재명, 한동훈"
name:메미,8,2025-04-10 00:00:00,2025-09-26 00:00:00,메미,,"민주당, 윤석열, 이재명"
name:프리드로우,8,2025-05-28 00:00:00,2025-09-11 00:00:00,프리드로우,,"대선, 민주당, 이재명"
name:베이비드데컴,8,2025-05-01 00:00:00,2025-08-13 00:00:00,베이비드데컴,,"김건희, 대선, 윤석열, 이재명"
name:제갈공명,8,2025-04-01 00:00:00,2025-07-24 00:00:00,제갈공명,,"대선, 민주당, 이재명"
name:트리버,8,2025-04-16 00:00:00,2025-07-24 00:00:00,트리버,,"김건희, 문재인, 이재명"
name:SaraJevo,8,2025-04-04 00:00:00,2025-07-19 00:00:00,SaraJevo,,"대선, 민주당, 윤석열, 이재명"
name:호잇김,8,2025-05-04 00:00:00,2025-07-07 00:00:00,호잇김,,"대선, 민주당, 이재명"
name:육덕파,8,2025-04-13 00:00:00,2025-07-04 00:00:00,육덕파,,"대선, 문재인, 윤석열, 이재명"
name:개드립,8,2025-04-08 00:00:00,2025-06-21 00:00:00,개드립,,"대선, 민주당, 윤석열, 이재명"
name:의리버풀,8,2025-03-31 00:00:00,2025-06-13 00:00:00,의리버풀,,"대선, 문재인, 민주당, 이재명"
name:VanMonteir,8,2025-05-15 00:00:00,2025-06-03 00:00:00,VanMonteir,,"대선, 민주당, 윤석열, 이재명"
id:khy80,7,2026-01-13 10:01:29,2026-05-02 20:56:06,싸(ㅡㅠㅡ)줄,"14.191.***.15, 14.241.***.128, 14.252.***.21, 171.255.***.85, 27.68.***.14","민주당, 이재명"
id:hudson8866,7,2026-01-26 18:05:10,2026-05-02 00:11:54,Hudson,"223.38.***.22, 58.29.***.78, 58.29.***.8","민주당, 이재명"
id:haallolee,7,2026-01-12 16:50:22,2026-04-28 16:38:22,인생어렵다,"118.235.***.21, 121.182.***.134, 211.199.***.95, 218.157.***.136","민주당, 이재명"
id:jordineducas,7,2025-12-22 07:29:36,2026-04-24 20:22:17,방지민,"110.9.***.103, 211.235.***.42","국민의힘, 대선, 민주당, 한동훈"
name:나무자비조화불,7,2025-03-24 00:00:00,2026-04-18 00:00:00,나무자비조화불,,"대선, 민주당, 윤석열"
id:cho1250,7,2026-01-02 10:10:44,2026-04-17 10:52:20,사자,"113.192.***.145, 118.235.***.174, 211.46.***.146","국민의힘, 민주당, 이재명, 한동훈"
id:kkt1216,7,2026-01-14 07:53:55,2026-04-14 21:06:27,후대디,"106.101.***.115, 106.101.***.122, 106.101.***.16, 106.101.***.174, 182.214.***.133","민주당, 이재명"
id:mmq0626,7,2026-03-12 00:00:17,2026-04-14 13:03:46,필죤스,"1.242.***.188, 121.130.***.177, 211.234.***.13","대선, 문재인, 민주당, 이재명"
id:kuoron,7,2025-12-30 09:43:11,2026-04-08 09:35:08,통신보안,118.131.***.9,"민주당, 이재명"
id:jdspitz,7,2026-03-09 12:18:48,2026-03-28 14:58:44,뽕개구리,"175.205.***.161, 175.205.***.178, 211.119.***.168","국민의힘, 대선, 민주당, 이재명"
id:luminai,7,2026-03-08 12:26:19,2026-03-26 11:45:16,nblood,"115.136.***.161, 175.198.***.26, 58.77.***.167","민주당, 윤석열, 이재명"
id:csh1493,7,2025-12-30 13:26:50,2026-03-18 14:41:03,torz,"116.84.***.123, 118.235.***.145, 125.246.***.34","국민의힘, 이재명"
id:iskoke,7,2026-01-03 20:14:26,2026-03-18 13:00:46,코케,"118.235.***.112, 118.235.***.175, 118.235.***.20, 118.235.***.21, 118.235.***.26","대선, 문재인, 민주당, 윤석열, 이재명"
id:makijeon,7,2026-02-10 08:57:02,2026-03-18 11:20:10,IAND,124.50.***.24,"대선, 문재인, 민주당, 이재명"
id:filyeun2,7,2026-01-24 17:40:42,2026-03-14 18:18:22,"명태균, 이언주","118.235.***.127, 118.235.***.132, 118.235.***.36, 118.235.***.50, 61.38.***.170","대선, 민주당, 이재명"
id:kanoutsider,7,2026-02-20 10:18:02,2026-03-13 15:00:26,물고기왕호돈신,"106.101.***.142, 106.101.***.19, 106.101.***.22, 106.101.***.23, 106.101.***.59","문재인, 민주당, 이재명"
id:heo1935,7,2026-03-03 23:17:42,2026-03-08 18:08:27,dams0309,"125.136.***.143, 211.36.***.120","대선, 문재인, 민주당, 윤석열, 이재명"
id:ttangsoo6,7,2026-03-04 13:53:26,2026-03-08 11:44:08,내맘나도몰라,"211.206.***.150, 58.127.***.121","문재인, 이재명"
id:kicheon,7,2026-01-13 13:15:02,2026-03-07 12:38:23,강강쉬얼레,"119.149.***.199, 211.37.***.155","대선, 문재인, 민주당, 이재명"
id:whylee,7,2026-01-13 12:27:59,2026-02-23 12:28:39,whylee,"106.101.***.149, 106.101.***.168, 106.101.***.170, 106.101.***.182, 106.101.***.67","국민의힘, 대선, 문재인, 민주당, 이재명"
name:잡채,7,2025-06-08 00:00:00,2025-12-07 00:00:00,잡채,,"문재인, 민주당, 윤석열, 이재명"
name:이찍없는세상,7,2025-11-05 00:00:00,2025-12-05 00:00:00,이찍없는세상,,"김건희, 대선, 문재인, 민주당, 윤석열, 이재명"
name:Mayday,7,2025-05-05 00:00:00,2025-11-19 00:00:00,Mayday,,"대선, 민주당, 윤석열, 이재명"
name:카멜55,7,2025-04-05 00:00:00,2025-11-05 00:00:00,카멜55,,"문재인, 민주당, 윤석열, 이재명"
name:nojester,7,2025-03-26 00:00:00,2025-10-30 00:00:00,nojester,,"민주당, 이재명"
name:회장,7,2025-04-04 00:00:00,2025-10-30 00:00:00,회장,,"국민의힘, 김건희, 민주당, 윤석열, 이재명"
name:김한규,7,2025-05-18 00:00:00,2025-10-09 00:00:00,김한규,,"대선, 문재인, 이재명, 한동훈"
name:나지~*,7,2025-05-02 00:00:00,2025-10-09 00:00:00,나지~*,,"대선, 민주당, 이재명"
name:메세날두,7,2025-04-30 00:00:00,2025-09-30 00:00:00,메세날두,,"김건희, 이재명, 한동훈"
name:비건이계인,7,2025-05-15 00:00:00,2025-09-26 00:00:00,비건이계인,,"김건희, 윤석열, 이재명"
name:기다리다,7,2025-03-25 00:00:00,2025-09-19 00:00:00,기다리다,,"대선, 문재인, 민주당, 이재명"
name:냥남매집사,7,2025-04-01 00:00:00,2025-09-10 00:00:00,냥남매집사,,"김건희, 대선, 민주당, 윤석열"
name:비야르레알,7,2025-04-07 00:00:00,2025-08-22 00:00:00,비야르레알,,"김건희, 문재인, 민주당, 이재명"
name:메시야고마워,7,2025-03-31 00:00:00,2025-08-13 00:00:00,메시야고마워,,"김건희, 민주당, 윤석열, 이재명"
name:ICEBERG,7,2025-05-21 00:00:00,2025-07-07 00:00:00,ICEBERG,,"민주당, 윤석열, 이재명"
name:Amii,7,2025-04-03 00:00:00,2025-06-12 00:00:00,Amii,,"문재인, 민주당, 이재명, 한동훈"
name:sevensundays,7,2025-04-04 00:00:00,2025-06-07 00:00:00,sevensundays,,"대선, 민주당, 윤석열, 이재명"
name:무면허로이스,7,2025-03-26 00:00:00,2025-06-05 00:00:00,무면허로이스,,"대선, 윤석열, 이재명"
name:몽규야감옥가자,7,2025-03-28 00:00:00,2025-06-04 00:00:00,몽규야감옥가자,,"대선, 민주당, 이재명"
name:미필적고자,7,2025-04-15 00:00:00,2025-06-04 00:00:00,미필적고자,,"대선, 민주당, 이재명"
name:행복했던카오스,7,2025-05-15 00:00:00,2025-06-04 00:00:00,행복했던카오스,,"김건희, 대선, 윤석열, 이재명"
name:HeThink,7,2025-04-07 00:00:00,2025-06-03 00:00:00,HeThink,,"국민의힘, 대선, 민주당, 이재명"
name:fenomeno,7,2025-04-24 00:00:00,2025-06-02 00:00:00,fenomeno,,"대선, 민주당, 이재명, 한동훈"
name:텐하흐,7,2025-04-04 00:00:00,2025-05-28 00:00:00,텐하흐,,"대선, 윤석열, 이재명"
name:럭키비치인거늬,7,2025-03-24 00:00:00,2025-05-11 00:00:00,럭키비치인거늬,,"김건희, 대선, 민주당"
id:spoops,6,2026-04-27 16:12:43,2026-05-05 20:48:14,기념일,"118.235.***.18, 118.235.***.24, 121.143.***.24, 121.143.***.62, 14.37.***.165","대선, 문재인, 민주당, 이재명"
id:englfish,6,2026-03-09 10:46:57,2026-05-04 15:28:25,그리핀도르,118.176.***.24,"대선, 민주당, 윤석열, 이재명"
id:ajh30130,6,2026-02-03 11:09:34,2026-05-01 19:18:55,사커라이ㄴ,"1.230.***.24, 106.101.***.128, 121.140.***.162","문재인, 민주당, 이재명"
id:no14henry,6,2026-01-28 20:10:52,2026-04-28 16:27:49,크록스,"106.101.***.11, 106.101.***.148, 106.101.***.174, 117.111.***.12","김건희, 민주당, 이재명"
id:din1091,6,2026-01-13 20:01:26,2026-04-27 13:38:14,열받아서잠이안와,"106.101.***.185, 106.101.***.22, 106.101.***.47, 106.101.***.71, 106.101.***.79","문재인, 민주당, 이재명"
id:terry34,6,2026-01-04 02:41:32,2026-04-22 19:16:53,0슛팅1골,218.54.***.109,"민주당, 윤석열"
id:DKisKing,6,2026-03-17 09:44:11,2026-04-17 15:11:04,KingSaka,"118.235.***.173, 118.235.***.69, 125.131.***.165, 125.132.***.72","대선, 민주당, 이재명, 한동훈"
id:kp5189jp,6,2026-03-06 05:47:58,2026-04-11 15:35:11,GAZUA,"180.80.***.191, 39.112.***.159","문재인, 민주당, 이재명"
id:PhDinssajul,6,2026-01-05 21:01:50,2026-04-07 23:53:49,성실한밀너,"119.202.***.21, 211.194.***.177","대선, 민주당, 윤석열, 이재명"
id:maelsy99,6,2026-02-12 20:52:55,2026-04-07 19:01:33,공대가미래다,"118.235.***.152, 211.186.***.30, 39.7.***.64","민주당, 이재명"
id:lh1440,6,2026-01-22 10:55:13,2026-03-31 15:44:44,헤어져,"1.244.***.119, 220.73.***.175, 222.113.***.52","대선, 민주당, 이재명"
id:hkwo031,6,2025-12-28 17:30:36,2026-03-23 20:06:25,Spencer,"1.224.***.131, 222.96.***.135, 223.38.***.56, 223.39.***.18, 223.39.***.20","김건희, 민주당, 윤석열, 이재명"
id:yeonrang,6,2026-02-11 19:04:05,2026-03-20 21:20:20,그냥뭐어쩔수없지,115.160.***.10,"민주당, 이재명"
id:bonobono234,6,2026-02-10 10:55:41,2026-03-17 08:29:39,아들이안무투,"116.123.***.21, 182.209.***.21, 211.234.***.177, 211.235.***.122, 211.235.***.26","문재인, 민주당, 이재명"
id:hoffenheim,6,2026-03-05 11:20:06,2026-03-16 13:52:20,호펜하임,118.221.***.12,"문재인, 민주당, 이재명"
id:Dkapqkzjfcu,6,2025-12-30 12:30:42,2026-03-16 09:41:07,질문봇,"218.233.***.25, 219.240.***.152","김건희, 민주당, 이재명"
id:progamer77,6,2026-02-03 01:44:12,2026-03-13 18:36:26,돈나우두,"106.101.***.122, 106.101.***.21, 106.101.***.96, 49.171.***.46","문재인, 민주당, 이재명"
id:kuo13,6,2025-12-29 17:08:16,2026-03-13 18:07:13,시공왕,"121.158.***.83, 61.81.***.163","민주당, 윤석열, 이재명"
id:klopp1104,6,2026-02-02 23:21:07,2026-03-12 16:06:16,초능력자,124.61.***.20,"대선, 민주당, 이재명"
id:BongGu1103,6,2025-12-30 10:59:47,2026-03-11 08:30:41,내리마봉구,"104.28.***.194, 104.28.***.198, 104.28.***.21, 221.49.***.23","민주당, 이재명"
id:rkdtks87,6,2026-01-14 15:54:52,2026-03-10 16:21:32,이슥호,"118.235.***.195, 118.235.***.71, 221.157.***.91, 59.25.***.16","민주당, 이재명"
id:enckdtlqkf,6,2025-12-29 08:45:03,2026-03-09 08:25:07,Yamal,"115.138.***.191, 119.71.***.102, 182.215.***.135, 221.154.***.54","민주당, 이재명"
id:soccerfw16,6,2026-02-10 00:30:27,2026-03-06 23:00:00,경수진,"175.200.***.144, 210.217.***.25, 222.97.***.4","대선, 민주당, 이재명"
id:roykie151,6,2026-01-13 13:29:51,2026-03-06 16:11:23,컷백후슈팅,"118.235.***.138, 221.152.***.195","대선, 민주당, 윤석열, 이재명"
id:jiyoun1227,6,2026-01-13 17:22:03,2026-03-05 19:41:06,밀라노양아치,"218.39.***.108, 223.38.***.72, 223.38.***.80","김건희, 민주당, 윤석열, 이재명"
id:j8wkfn,6,2026-02-11 01:59:21,2026-03-01 10:18:22,존쿠,211.54.***.84,"민주당, 이재명"
id:heherald,6,2025-12-30 08:13:33,2026-01-31 00:04:12,AC 미를란,125.182.***.40,"국민의힘, 대선, 민주당, 윤석열, 이재명, 한동훈"
id:kenochanTR,6,2025-12-29 10:31:08,2026-01-28 16:11:42,베아투스,"118.235.***.119, 118.235.***.121, 118.235.***.145, 118.235.***.26","김건희, 민주당, 윤석열"
name:황선홍명바태용,6,2025-09-17 00:00:00,2025-11-29 00:00:00,황선홍명바태용,,"대선, 문재인, 민주당, 윤석열"
name:GAZUA,6,2025-05-01 00:00:00,2025-11-12 00:00:00,GAZUA,,"대선, 윤석열, 이재명"
name:돌베개,6,2025-05-01 00:00:00,2025-11-10 00:00:00,돌베개,,"민주당, 윤석열, 이재명"
name:모르는개산책l,6,2025-04-29 00:00:00,2025-11-01 00:00:00,모르는개산책l,,"국민의힘, 대선, 이재명, 한동훈"
name:바로새우려나,6,2025-04-19 00:00:00,2025-10-16 00:00:00,바로새우려나,,"윤석열, 이재명, 한동훈"
name:부정선거황교안,6,2025-04-04 00:00:00,2025-10-11 00:00:00,부정선거황교안,,"대선, 문재인, 민주당, 윤석열, 이재명"
name:내란수괴윤석열,6,2025-04-04 00:00:00,2025-10-06 00:00:00,내란수괴윤석열,,"대선, 윤석열, 한동훈"
name:개죽이,6,2025-05-01 00:00:00,2025-09-12 00:00:00,개죽이,,"윤석열, 이재명"
name:밀라노카카,6,2025-03-31 00:00:00,2025-09-11 00:00:00,밀라노카카,,"민주당, 윤석열, 이재명, 한동훈"
name:통신보안,6,2025-04-04 00:00:00,2025-09-11 00:00:00,통신보안,,"대선, 민주당, 윤석열, 이재명"
name:rfsbrz,6,2025-06-03 00:00:00,2025-09-10 00:00:00,rfsbrz,,"민주당, 이재명"
name:이바가사,6,2025-04-06 00:00:00,2025-09-10 00:00:00,이바가사,,"대선, 민주당"
name:대호호로,6,2025-07-24 00:00:00,2025-09-04 00:00:00,대호호로,,"김건희, 대선, 민주당, 윤석열, 한동훈"
name:야마기시아이카,6,2025-04-04 00:00:00,2025-08-28 00:00:00,야마기시아이카,,"김건희, 민주당, 윤석열, 한동훈"
name:사군자,6,2025-04-04 00:00:00,2025-08-26 00:00:00,사군자,,"대선, 민주당, 윤석열, 이재명"
name:네드페라,6,2025-03-28 00:00:00,2025-07-25 00:00:00,네드페라,,"대선, 민주당, 이재명"
name:황시목,6,2025-06-26 00:00:00,2025-07-24 00:00:00,황시목,,"민주당, 윤석열, 이재명"
name:BigMac,6,2025-04-10 00:00:00,2025-07-20 00:00:00,BigMac,,"대선, 민주당, 이재명"
name:내란박멸,6,2025-03-26 00:00:00,2025-06-18 00:00:00,내란박멸,,"김건희, 대선, 윤석열, 이재명"
name:조유리,6,2025-04-08 00:00:00,2025-06-18 00:00:00,조유리,,"대선, 민주당"
name:쥴지,6,2025-04-29 00:00:00,2025-06-05 00:00:00,쥴지,,"민주당, 윤석열, 한동훈"
name:화이트로즈,6,2025-03-22 00:00:00,2025-06-05 00:00:00,화이트로즈,,"대선, 윤석열, 이재명"
name:내란당해산기원,6,2025-04-06 00:00:00,2025-06-04 00:00:00,내란당해산기원,,"대선, 민주당, 이재명"
name:이쿠미삼촌373,6,2025-03-27 00:00:00,2025-05-04 00:00:00,이쿠미삼촌373,,"대선, 문재인, 민주당, 이재명"
name:히울,5,2026-04-16 00:00:00,2026-05-12 14:30:00,히울,,"김건희, 윤석열, 이재명"
id:salrara123,5,2026-02-02 21:28:39,2026-05-02 19:49:48,무중력,"211.235.***.157, 211.235.***.67, 211.235.***.78, 222.104.***.59","대선, 이재명"
id:pjhwinner,5,2026-01-12 17:27:34,2026-04-28 18:30:12,냥남매집사,"218.156.***.26, 61.79.***.79","대선, 민주당, 이재명"
name:기념일,5,2026-04-25 00:00:00,2026-04-28 00:00:00,기념일,,"김건희, 이재명"
id:thesilver,5,2026-01-26 10:52:58,2026-04-27 18:40:21,그라운드,"211.234.***.188, 211.234.***.21, 211.234.***.24, 211.234.***.34, 211.48.***.147","민주당, 이재명"
id:PabloGavi,5,2026-02-27 18:19:50,2026-04-22 21:45:58,"섹스왕이동형, 준석이부모잘못","106.101.***.100, 106.101.***.102, 106.101.***.166, 106.101.***.8, 14.41.***.168",이재명
name:홍명규out,5,2025-03-25 00:00:00,2026-04-17 00:00:00,홍명규out,,이재명
id:raulgonzo,5,2025-12-28 22:37:09,2026-04-13 07:39:00,라울곤조,"118.218.***.108, 211.35.***.77, 221.156.***.7","문재인, 민주당, 이재명"
id:vnfaltn,5,2026-01-24 15:54:39,2026-04-10 02:00:13,전차소년,218.236.***.124,"대선, 민주당, 윤석열, 이재명"
id:snakeheads,5,2026-02-05 13:29:33,2026-04-03 08:19:57,kendoman,119.192.***.195,"민주당, 윤석열, 이재명, 한동훈"
id:maybee,5,2026-02-01 22:52:12,2026-03-31 19:23:48,maybee,"106.101.***.104, 106.101.***.136, 106.101.***.14, 106.101.***.23, 106.101.***.50","문재인, 민주당, 이재명, 한동훈"
id:sugarlim,5,2026-01-16 12:56:41,2026-03-25 10:51:42,Chelsea16,"49.150.***.107, 49.150.***.37, 49.150.***.60, 49.150.***.84","대선, 문재인, 민주당, 윤석열, 이재명, 한동훈"
id:oldslave,5,2026-02-17 21:20:36,2026-03-21 14:01:26,현미녹차,"175.203.***.132, 218.158.***.105, 218.158.***.78, 221.158.***.185, 221.158.***.22","문재인, 이재명"
id:burningred,5,2026-03-02 12:09:21,2026-03-20 23:46:56,윤석열개새끼,"121.130.***.137, 121.130.***.24, 211.246.***.169","문재인, 민주당, 이재명"
id:yoshiki2,5,2026-02-19 19:28:16,2026-03-20 23:12:05,RHCP,"118.235.***.78, 119.207.***.90","문재인, 민주당, 이재명"
id:blacktube23,5,2025-12-30 00:25:54,2026-03-19 14:34:48,"미래대통령오창석, 오이영","112.170.***.154, 118.235.***.17, 118.235.***.192, 118.235.***.21, 118.235.***.33","대선, 문재인, 민주당, 윤석열, 이재명"
id:whksrns,5,2026-01-12 21:41:46,2026-03-16 12:34:58,달묘둘째,"112.164.***.63, 118.40.***.83, 121.180.***.23","민주당, 이재명"
id:raistlin1,5,2025-12-30 11:05:19,2026-03-16 08:29:33,"raistlin1, 욕구불만",112.220.***.154,"문재인, 민주당, 윤석열, 이재명"
id:junjung,5,2026-02-10 16:40:51,2026-03-14 18:22:43,날자꾸나황새,"106.101.***.119, 106.101.***.133, 106.101.***.15, 125.183.***.190","민주당, 윤석열, 이재명"
id:dt4evamore,5,2026-01-19 10:52:01,2026-03-14 14:27:06,메시가염소,"220.74.***.5, 223.38.***.137","김건희, 대선, 문재인, 윤석열, 이재명"
id:life13579,5,2025-12-28 18:49:44,2026-03-13 20:40:34,메미,"115.91.***.20, 124.50.***.64, 61.73.***.2","민주당, 윤석열, 이재명"
id:asha7270,5,2026-02-14 12:58:34,2026-03-11 22:39:32,트라펠,"106.101.***.156, 106.101.***.170, 106.101.***.34","대선, 문재인, 민주당, 이재명"
id:nike09,5,2026-01-13 12:05:08,2026-03-10 20:43:29,김뮌제,"106.101.***.159, 106.101.***.180, 106.101.***.47, 124.49.***.150, 49.175.***.58","민주당, 이재명"
name:데빌구,5,2025-08-12 00:00:00,2026-03-09 00:00:00,데빌구,,"문재인, 민주당, 윤석열, 이재명"
id:god18xx,5,2026-02-10 19:14:29,2026-03-08 14:35:15,비건이계인,"117.111.***.21, 221.241.***.126, 49.109.***.11","문재인, 민주당, 윤석열, 이재명, 한동훈"
id:ozaki0909,5,2026-02-23 19:00:21,2026-03-08 09:45:53,소소속,"118.235.***.56, 211.48.***.33, 211.55.***.86","대선, 문재인, 민주당"
id:1987vintage,5,2025-12-31 01:16:43,2026-03-06 12:35:18,잭과콕나물,"115.95.***.136, 118.235.***.130, 118.235.***.52, 14.39.***.198","민주당, 윤석열, 이재명"
id:puh1993,5,2025-12-29 21:08:21,2026-03-05 23:24:04,등소평,"115.138.***.22, 118.128.***.14, 39.7.***.24","국민의힘, 문재인, 민주당, 윤석열, 이재명"
id:hak4544,5,2026-02-14 01:15:51,2026-03-05 21:04:45,토탈풋볼,182.228.***.23,"대선, 민주당, 윤석열, 이재명"
id:epist,5,2026-01-13 20:55:48,2026-02-27 08:03:51,왕자동차,210.104.***.84,"민주당, 이재명"
id:yhtuos,5,2025-12-22 11:49:24,2026-02-24 16:51:06,고윤정,"121.147.***.12, 121.147.***.155, 122.39.***.139, 175.201.***.132, 211.198.***.115","김건희, 대선, 민주당, 윤석열"
id:0405psv,5,2025-12-30 15:12:40,2026-02-17 20:23:42,"아마노홍페르시, 이진관","117.110.***.24, 118.235.***.12, 118.235.***.154, 118.235.***.80, 217.111.***.130","김건희, 민주당, 윤석열, 이재명, 한동훈"
id:y00049,5,2026-02-06 19:16:53,2026-02-12 13:56:07,카오산대구,123.213.***.137,"민주당, 이재명"
id:fngosrkdl1,5,2025-12-29 22:01:12,2026-02-11 11:49:46,잇힝-_-ㆀ,"106.101.***.20, 106.101.***.75, 106.101.***.97, 115.143.***.50","민주당, 이재명"
id:hwangheenim,5,2025-12-21 21:53:07,2026-02-08 22:30:01,알리미ㅎㅎㄷ,"118.235.***.34, 14.39.***.91, 175.193.***.35, 210.178.***.19","국민의힘, 대선, 문재인, 민주당, 윤석열, 이재명, 한동훈"
id:ashluna,5,2025-12-29 21:48:45,2026-02-07 21:33:29,황선홍,"210.104.***.120, 61.77.***.95","문재인, 민주당, 이재명"
id:wltlswhd,5,2025-12-25 13:47:44,2026-01-28 14:56:44,reindeer,"180.231.***.71, 183.100.***.154","김건희, 민주당, 이재명"
id:WEZARD777,5,2025-12-28 15:46:06,2026-01-20 18:55:11,WEZARD,27.115.***.23,"민주당, 윤석열, 이재명"
id:ok2id,5,2025-12-22 15:03:14,2025-12-29 09:26:15,Layout,"119.71.***.91, 39.7.***.174","문재인, 민주당, 윤석열, 이재명"
name:COYS프랭크,5,2025-08-30 00:00:00,2025-12-17 00:00:00,COYS프랭크,,"김건희, 민주당, 윤석열, 이재명"
name:레인,5,2025-03-24 00:00:00,2025-12-07 00:00:00,레인,,"국민의힘, 문재인, 민주당, 이재명"
name:뽈롱이,5,2025-03-26 00:00:00,2025-11-25 00:00:00,뽈롱이,,"김건희, 대선, 이재명"
name:살빼는삼촌,5,2025-04-04 00:00:00,2025-11-02 00:00:00,살빼는삼촌,,"민주당, 윤석열, 이재명"
name:이재명대통령,5,2025-06-01 00:00:00,2025-10-29 00:00:00,이재명대통령,,"문재인, 민주당, 이재명"
name:통닭사줘,5,2025-03-26 00:00:00,2025-10-28 00:00:00,통닭사줘,,"민주당, 이재명"
name:지털개보,5,2025-06-18 00:00:00,2025-10-24 00:00:00,지털개보,,"국민의힘, 문재인, 민주당, 윤석열, 이재명"
name:시끄러인마,5,2025-04-07 00:00:00,2025-09-23 00:00:00,시끄러인마,,"김건희, 민주당, 윤석열, 이재명, 한동훈"
name:박스투박스p,5,2025-05-11 00:00:00,2025-09-12 00:00:00,박스투박스p,,"대선, 윤석열, 이재명, 한동훈"
name:둥글레,5,2025-05-01 00:00:00,2025-09-11 00:00:00,둥글레,,"국민의힘, 김건희, 대선, 윤석열"
name:슈파볼트,5,2025-04-04 00:00:00,2025-09-01 00:00:00,슈파볼트,,"문재인, 민주당, 윤석열, 이재명"
name:루카돈치치,5,2025-06-04 00:00:00,2025-08-30 00:00:00,루카돈치치,,"문재인, 민주당, 이재명"
name:cabj12,5,2025-04-08 00:00:00,2025-08-11 00:00:00,cabj12,,"대선, 민주당, 윤석열"
name:whylee,5,2025-06-10 00:00:00,2025-08-07 00:00:00,whylee,,"문재인, 민주당, 이재명"
name:술라불라,5,2025-07-23 00:00:00,2025-08-07 00:00:00,술라불라,,"민주당, 윤석열, 이재명"
name:잔머리,5,2025-05-27 00:00:00,2025-08-02 00:00:00,잔머리,,"김건희, 대선, 윤석열, 이재명"
name:쏜텐텐,5,2025-03-28 00:00:00,2025-07-28 00:00:00,쏜텐텐,,"대선, 민주당, 윤석열, 이재명"
name:일용할양심,5,2025-06-05 00:00:00,2025-07-10 00:00:00,일용할양심,,"김건희, 윤석열, 이재명"
name:구휘,5,2025-03-27 00:00:00,2025-07-07 00:00:00,구휘,,"대선, 민주당, 이재명"
name:만도,5,2025-03-29 00:00:00,2025-07-04 00:00:00,만도,,"민주당, 이재명"
name:마왕,5,2025-04-04 00:00:00,2025-06-08 00:00:00,마왕,,"대선, 문재인, 민주당, 이재명"
name:전차소년,5,2025-05-03 00:00:00,2025-06-06 00:00:00,전차소년,,"대선, 이재명"
name:녹차와,5,2025-05-02 00:00:00,2025-06-05 00:00:00,녹차와,,"민주당, 윤석열, 이재명"
name:사형기원하는베컴,5,2025-05-23 00:00:00,2025-06-04 00:00:00,사형기원하는베컴,,"대선, 한동훈"
name:콘수니리즈이서,5,2025-03-26 00:00:00,2025-06-04 00:00:00,콘수니리즈이서,,"대선, 민주당, 이재명"
name:루크,5,2025-05-10 00:00:00,2025-06-03 00:00:00,루크,,"대선, 윤석열, 이재명"
name:시리우스24,5,2025-05-04 00:00:00,2025-06-03 00:00:00,시리우스24,,"대선, 민주당, 이재명"
name:싯끄러인마,5,2025-05-19 00:00:00,2025-05-29 00:00:00,싯끄러인마,,이재명
name:K리그,5,2025-04-09 00:00:00,2025-05-15 00:00:00,K리그,,"대선, 민주당, 이재명, 한동훈"
name:네버walk알론,5,2025-04-05 00:00:00,2025-05-14 00:00:00,네버walk알론,,"대선, 민주당, 윤석열, 이재명, 한동훈"
name:돈치치MVP,5,2025-03-26 00:00:00,2025-05-10 00:00:00,돈치치MVP,,"국민의힘, 대선, 민주당, 이재명"
name:최욱,5,2025-03-26 00:00:00,2025-05-08 00:00:00,최욱,,"국민의힘, 대선, 민주당, 윤석열, 이재명"
name:늘졸립,5,2025-03-21 00:00:00,2025-04-13 00:00:00,늘졸립,,"대선, 민주당, 이재명"
name:호카손쟈,4,2025-05-27 00:00:00,2026-05-12 10:55:00,호카손쟈,,"대선, 민주당"
id:rltjddyd16,4,2026-01-27 16:01:30,2026-05-01 19:45:02,기성용6,"118.235.***.11, 118.235.***.134, 118.235.***.47, 118.235.***.70","문재인, 민주당"
id:moonplay,4,2026-02-18 13:32:47,2026-04-29 15:51:28,아서리안,"175.201.***.81, 211.235.***.113, 211.235.***.20, 211.235.***.60","김건희, 민주당, 윤석열, 이재명"
id:tkzjfkdlsd,4,2026-02-17 21:28:34,2026-04-28 22:06:37,v5.0,110.35.***.20,"문재인, 민주당, 이재명"
id:wondh84,4,2025-12-30 09:38:33,2026-04-28 10:05:59,사군자,"125.186.***.143, 210.218.***.51, 39.7.***.148","대선, 민주당, 이재명"
name:꽉조희대,4,2025-05-19 00:00:00,2026-04-18 00:00:00,꽉조희대,,"대선, 이재명"
name:쿠쿠섬치킨,4,2025-08-15 00:00:00,2026-04-16 00:00:00,쿠쿠섬치킨,,"문재인, 민주당, 이재명"
id:flat,4,2026-02-02 23:11:50,2026-04-13 19:44:08,바텀스타,112.148.***.22,"김건희, 민주당, 이재명"
id:fordebby,4,2026-02-08 08:24:43,2026-04-13 16:44:55,네드페라,"116.41.***.24, 125.191.***.178","문재인, 민주당, 이재명"
id:sm101v,4,2026-03-07 17:03:39,2026-04-09 19:31:16,햄부기,61.80.***.68,"대선, 민주당, 이재명"
id:owngoal,4,2026-02-17 17:00:31,2026-03-26 06:39:47,owngo,221.165.***.29,"문재인, 민주당, 윤석열, 이재명"
id:IGoHigh18,4,2026-02-13 02:28:21,2026-03-24 21:13:09,IGoHigh,"211.196.***.193, 211.219.***.124","민주당, 이재명"
id:golfking,4,2026-03-09 08:56:05,2026-03-24 11:01:34,킥앤드러쉬,"110.12.***.120, 211.234.***.24, 222.109.***.67","문재인, 민주당, 이재명"
id:garkas86,4,2025-12-29 23:53:08,2026-03-20 13:48:16,미적,"117.111.***.22, 59.12.***.22","대선, 민주당, 이재명"
id:sanga,4,2026-02-13 01:48:58,2026-03-17 13:05:33,어쩌라고,"211.115.***.25, 223.38.***.4","문재인, 민주당, 이재명"
id:dondekhmann,4,2026-01-21 17:49:17,2026-03-17 11:47:35,돈더쿠만,"211.235.***.150, 211.235.***.21, 211.235.***.24",이재명
id:leoarada,4,2026-02-08 14:21:57,2026-03-17 10:18:46,이자라쥐,"117.111.***.118, 14.5.***.35, 211.36.***.125","민주당, 이재명"
id:lovestory,4,2025-12-27 19:26:38,2026-03-15 10:08:14,황예지원,"1.222.***.27, 111.171.***.42","국민의힘, 김건희, 민주당, 윤석열, 이재명, 한동훈"
id:bbs1223,4,2026-01-12 10:43:24,2026-03-14 22:26:19,[선미]한가인,"210.104.***.23, 210.104.***.24, 49.174.***.189","국민의힘, 문재인, 민주당, 이재명"
id:skfkssutjr,4,2026-01-26 19:29:37,2026-03-13 22:42:45,촐랭이,"112.149.***.182, 223.38.***.120, 223.38.***.174, 223.38.***.32","김건희, 대선, 윤석열, 이재명"
id:kimdw22,4,2026-02-08 22:22:02,2026-03-12 18:10:48,제이대디,"175.127.***.37, 211.234.***.193, 211.234.***.197, 211.235.***.25","대선, 민주당"
id:gerrardfan,4,2026-03-07 10:31:28,2026-03-11 17:21:23,필리페쿠티뉴,"211.234.***.123, 211.234.***.136","대선, 민주당, 이재명"
id:ehsaksk,4,2026-02-07 22:44:16,2026-03-11 12:46:58,희대의내란,"1.235.***.189, 223.38.***.108, 39.115.***.79","민주당, 이재명"
id:xavier,4,2026-03-07 10:20:03,2026-03-11 09:24:44,뭐여노골이여,"118.235.***.25, 121.173.***.102, 211.46.***.17","대선, 문재인, 민주당, 이재명"
id:hannavi814,4,2026-01-29 13:31:07,2026-03-09 16:59:17,뽈롱이,112.223.***.110,"문재인, 윤석열, 이재명"
id:doochangman,4,2026-01-13 12:16:55,2026-03-02 15:10:19,2찍궤멸선봉두창,"182.214.***.134, 182.214.***.23, 182.214.***.64","민주당, 이재명"
id:mymoretz1,4,2026-01-21 18:10:06,2026-02-27 21:20:18,상해임시정부,"106.102.***.34, 106.102.***.61, 59.30.***.58","대선, 민주당, 이재명"
id:vlffpqhtm,4,2026-01-21 17:58:30,2026-02-18 10:32:31,필레보스,"121.130.***.28, 210.105.***.2","김건희, 문재인, 이재명"
id:yumyum,4,2025-12-19 14:26:07,2026-02-12 15:22:46,윰윰,"106.101.***.44, 182.226.***.177","민주당, 윤석열, 이재명"
id:ddongbada,4,2026-01-12 14:54:09,2026-02-10 13:19:57,구휘,203.234.***.161,"민주당, 이재명"
id:Webhead,4,2025-12-30 12:05:37,2026-02-08 15:56:14,피터빠커,"140.248.***.2, 140.248.***.3, 172.224.***.30","문재인, 민주당, 이재명"
name:시골잡마니,4,2025-03-23 00:00:00,2026-02-05 00:00:00,시골잡마니,,"민주당, 윤석열"
id:niwoong1,4,2026-01-20 13:28:37,2026-02-02 09:52:16,누렁이의복날,14.35.***.57,"국민의힘, 민주당, 윤석열, 이재명"
name:거지발싸개,4,2025-07-10 00:00:00,2025-12-09 00:00:00,거지발싸개,,"김건희, 민주당, 윤석열, 이재명"
name:푸른너를본다,4,2025-04-08 00:00:00,2025-12-08 00:00:00,푸른너를본다,,"민주당, 이재명"
name:농민 만 왜무시,4,2025-05-07 00:00:00,2025-12-04 00:00:00,농민 만 왜무시,,"대선, 민주당, 이재명, 한동훈"
name:ComeAsYouAre,4,2025-05-10 00:00:00,2025-12-02 00:00:00,ComeAsYouAre,,"김건희, 대선, 한동훈"
name:혜민스님,4,2025-04-07 00:00:00,2025-11-21 00:00:00,혜민스님,,"대선, 민주당, 이재명"
name:명태균,4,2025-04-13 00:00:00,2025-11-19 00:00:00,명태균,,민주당
name:닉없넴음,4,2025-05-06 00:00:00,2025-11-14 00:00:00,닉없넴음,,"민주당, 이재명, 한동훈"
name:세정&유댕,4,2025-04-27 00:00:00,2025-10-25 00:00:00,세정&유댕,,"문재인, 이재명, 한동훈"
name:시메네온,4,2025-07-15 00:00:00,2025-10-18 00:00:00,시메네온,,"김건희, 민주당, 이재명"
name:볼빨간덕배,4,2025-08-19 00:00:00,2025-09-29 00:00:00,볼빨간덕배,,"김건희, 민주당, 윤석열"
name:광꾸,4,2025-05-13 00:00:00,2025-09-20 00:00:00,광꾸,,"국민의힘, 윤석열, 이재명"
name:강강쉬얼레,4,2025-04-04 00:00:00,2025-09-19 00:00:00,강강쉬얼레,,"대선, 문재인, 이재명"
name:발롱위너모드리치,4,2025-04-13 00:00:00,2025-09-16 00:00:00,발롱위너모드리치,,"대선, 민주당, 이재명"
name:폴폭음바,4,2025-06-11 00:00:00,2025-09-08 00:00:00,폴폭음바,,"국민의힘, 윤석열, 이재명"
name:개드립치지마,4,2025-04-04 00:00:00,2025-09-06 00:00:00,개드립치지마,,"민주당, 윤석열, 이재명"
name:teetree,4,2025-08-07 00:00:00,2025-09-05 00:00:00,teetree,,"대선, 문재인, 민주당, 윤석열, 이재명"
name:방구일까똥일까,4,2025-04-30 00:00:00,2025-08-25 00:00:00,방구일까똥일까,,"김건희, 민주당, 윤석열"
name:안잘라나졸려,4,2025-03-22 00:00:00,2025-08-04 00:00:00,안잘라나졸려,,"대선, 민주당, 이재명"
name:공대가미래다,4,2025-05-16 00:00:00,2025-08-01 00:00:00,공대가미래다,,"민주당, 윤석열, 이재명"
name:노룩악수,4,2025-04-23 00:00:00,2025-07-28 00:00:00,노룩악수,,"김건희, 대선, 문재인, 이재명"
name:라스트댄스,4,2025-05-16 00:00:00,2025-07-27 00:00:00,라스트댄스,,"대선, 윤석열, 이재명"
name:부린이,4,2025-04-11 00:00:00,2025-07-24 00:00:00,부린이,,"김건희, 대선, 민주당, 윤석열, 이재명"
name:저활력짱구,4,2025-04-25 00:00:00,2025-07-06 00:00:00,저활력짱구,,"대선, 민주당, 윤석열, 이재명"
name:짱구는못을말려,4,2025-06-03 00:00:00,2025-06-27 00:00:00,짱구는못을말려,,"대선, 민주당, 이재명"
name:석궁,4,2025-05-12 00:00:00,2025-06-18 00:00:00,석궁,,"대선, 민주당, 이재명"
name:슬라탄,4,2025-04-04 00:00:00,2025-06-12 00:00:00,슬라탄,,"대선, 윤석열, 이재명"
name:아진짜요,4,2025-05-01 00:00:00,2025-06-12 00:00:00,아진짜요,,"대선, 민주당, 이재명"
name:고먐미,4,2025-04-04 00:00:00,2025-06-05 00:00:00,고먐미,,"김건희, 대선, 이재명"
name:Marshmello,4,2025-04-04 00:00:00,2025-06-04 00:00:00,Marshmello,,"대선, 윤석열, 이재명"
name:갈색공격기,4,2025-05-25 00:00:00,2025-06-04 00:00:00,갈색공격기,,이재명
name:달자,4,2025-04-04 00:00:00,2025-06-04 00:00:00,달자,,"대선, 윤석열"
name:루(ㅡㅠㅡ)니,4,2025-04-04 00:00:00,2025-06-04 00:00:00,루(ㅡㅠㅡ)니,,이재명
name:아들러,4,2025-05-09 00:00:00,2025-06-04 00:00:00,아들러,,"대선, 이재명, 한동훈"
name:개(ㅡㅠㅡ)파,4,2025-04-14 00:00:00,2025-06-03 00:00:00,개(ㅡㅠㅡ)파,,"대선, 민주당, 이재명"
name:진짜싫어,4,2025-05-26 00:00:00,2025-06-03 00:00:00,진짜싫어,,"대선, 민주당, 윤석열, 이재명"
name:티키티,4,2025-04-10 00:00:00,2025-06-03 00:00:00,티키티,,이재명
name:RealGTA,4,2025-04-07 00:00:00,2025-06-02 00:00:00,RealGTA,,"김건희, 민주당, 윤석열, 이재명"
name:통수킹홍명보,4,2025-03-21 00:00:00,2025-05-23 00:00:00,통수킹홍명보,,"윤석열, 이재명"
name:쥴리의그림자,4,2025-03-21 00:00:00,2025-05-19 00:00:00,쥴리의그림자,,"대선, 윤석열, 이재명, 한동훈"
name:우루사,4,2025-04-25 00:00:00,2025-05-17 00:00:00,우루사,,"이재명, 한동훈"
name:투썸플리즈,4,2025-05-11 00:00:00,2025-05-14 00:00:00,투썸플리즈,,"대선, 민주당, 이재명"
name:에어포스원,4,2025-04-01 00:00:00,2025-05-07 00:00:00,에어포스원,,"민주당, 윤석열, 이재명"
name:웃찌마라,4,2025-04-03 00:00:00,2025-04-25 00:00:00,웃찌마라,,"대선, 윤석열"
name:Damning,4,2025-04-11 00:00:00,2025-04-22 00:00:00,Damning,,"국민의힘, 민주당, 한동훈"
name:클루셉x쿨루셉o,4,2025-04-02 00:00:00,2025-04-16 00:00:00,클루셉x쿨루셉o,,"대선, 문재인, 이재명"
name:Impeachment,4,2025-04-03 00:00:00,2025-04-12 00:00:00,Impeachment,,"대선, 민주당, 윤석열, 한동훈"
name:탄핵열차이동중,4,2025-03-26 00:00:00,2025-04-03 00:00:00,탄핵열차이동중,,이재명
id:skykys85,3,2026-01-07 21:36:05,2026-05-05 18:06:04,TravelingBoy,"118.235.***.141, 61.105.***.25","김건희, 민주당, 윤석열, 이재명"
id:adidas010,3,2026-03-10 21:38:38,2026-05-04 10:03:07,Daniel Agger,"221.161.***.65, 61.76.***.18","민주당, 이재명"
id:yjs1g,3,2025-12-30 19:38:09,2026-05-04 09:31:08,악당,"211.234.***.25, 211.50.***.130","민주당, 윤석열"
id:trippark,3,2026-03-25 17:13:11,2026-05-03 18:37:21,트립박재,218.237.***.133,"민주당, 이재명"
id:psoo707,3,2026-02-07 23:15:10,2026-05-02 22:50:00,푸른너를본다,"1.234.***.23, 211.234.***.20, 218.48.***.199","대선, 문재인, 민주당, 이재명"
id:sunnyten,3,2026-01-12 13:51:00,2026-04-28 21:27:51,"얼라잇, 용섬이",110.92.***.23,"민주당, 이재명"
id:dhxor612,3,2026-01-14 17:42:26,2026-04-28 18:08:34,김가은,"211.247.***.124, 39.7.***.3","대선, 문재인, 윤석열, 이재명"
id:occup,3,2026-03-06 10:50:13,2026-04-23 19:56:15,지도,"118.235.***.25, 175.212.***.117","문재인, 민주당, 이재명"
name:Cacophony,3,2025-05-05 00:00:00,2026-04-18 00:00:00,Cacophony,,"대선, 민주당, 이재명"
name:바개비,3,2025-05-23 00:00:00,2026-04-18 00:00:00,바개비,,"문재인, 민주당"
id:goldenboy12,3,2026-04-17 14:49:07,2026-04-17 16:39:16,홍명규out,59.2.***.21,"윤석열, 이재명"
id:gildo33,3,2025-12-30 11:58:40,2026-04-17 15:27:44,둥글레,"121.150.***.183, 121.150.***.23, 211.216.***.20","국민의힘, 민주당, 윤석열, 이재명, 한동훈"
name:문라이트,3,2025-04-06 00:00:00,2026-04-17 00:00:00,문라이트,,"대선, 문재인, 민주당, 이재명"
name:종이비행기,3,2026-04-16 00:00:00,2026-04-17 00:00:00,종이비행기,,"민주당, 이재명"
name:헤어져,3,2025-05-15 00:00:00,2026-04-17 00:00:00,헤어져,,"민주당, 이재명"
name:sabju,3,2026-03-15 00:00:00,2026-04-16 00:00:00,sabju,,"대선, 민주당, 이재명"
id:korea1943,3,2025-12-27 12:52:19,2026-04-13 10:24:10,화이트로즈,"118.34.***.77, 220.85.***.1","윤석열, 이재명"
id:taebari,3,2026-03-18 07:44:13,2026-04-11 17:09:00,자칼의날,"125.134.***.152, 220.119.***.164, 222.119.***.151","국민의힘, 민주당, 이재명"
id:yeodarl,3,2025-12-29 22:59:28,2026-03-27 23:59:27,노란계른자,"125.137.***.29, 211.235.***.114, 223.62.***.33","대선, 민주당, 이재명"
id:lhw8694,3,2026-02-20 01:18:50,2026-03-25 20:48:55,칠천량가문,"118.235.***.21, 121.190.***.21, 218.155.***.43","대선, 문재인, 이재명"
id:cainyuio,3,2025-12-31 09:46:31,2026-03-25 15:58:23,기다리다,211.109.***.30,"대선, 문재인, 민주당, 윤석열, 이재명"
id:erai7007,3,2026-02-20 14:50:26,2026-03-25 12:00:10,모건11,"118.235.***.114, 14.52.***.160","문재인, 민주당, 이재명"
id:everton87,3,2026-03-18 07:56:05,2026-03-21 08:49:28,오리지날블루,"211.234.***.107, 223.39.***.166, 223.39.***.177","민주당, 이재명"
id:sis97y53,3,2026-01-12 23:08:18,2026-03-20 21:19:00,반화넬,210.123.***.20,"국민의힘, 대선, 문재인, 민주당, 이재명"
id:rea1me,3,2026-03-09 21:07:22,2026-03-18 11:11:08,황희정,"106.101.***.59, 106.101.***.81, 116.46.***.98","대선, 민주당, 이재명"
id:realysoccer,3,2026-02-02 19:37:58,2026-03-18 11:01:39,만성부상,"175.112.***.99, 223.39.***.81","민주당, 윤석열, 이재명, 한동훈"
id:eclass2,3,2026-03-05 01:16:45,2026-03-18 10:48:55,거지발싸개,58.29.***.28,"민주당, 이재명"
id:artemismoon,3,2026-01-13 10:56:13,2026-03-18 09:57:00,Blistex,211.106.***.20,"대선, 민주당, 이재명"
id:Scv001,3,2025-12-31 14:43:59,2026-03-17 23:29:59,4191026,"180.64.***.138, 210.104.***.39, 223.39.***.23","문재인, 이재명"
id:haebark,3,2026-02-16 19:32:35,2026-03-16 08:51:56,"F3YNM4N, 뇌전",175.214.***.25,"문재인, 민주당"
id:destin23,3,2026-01-27 21:48:23,2026-03-16 01:59:20,나무자비조화불,175.210.***.20,"민주당, 이재명"
id:100m2,3,2026-03-11 21:18:34,2026-03-15 23:13:48,미끌미끌겹벚꽃,"106.101.***.24, 182.222.***.20","민주당, 이재명"
id:acerbong,3,2026-01-18 19:26:55,2026-03-15 02:35:29,마쿤이,218.38.***.131,"문재인, 민주당, 윤석열, 이재명"
id:junice98,3,2026-02-16 20:21:16,2026-03-13 23:24:39,광교포그바,"106.101.***.127, 106.101.***.185, 125.179.***.84","김건희, 대선, 문재인, 민주당, 윤석열"
id:skysay7,3,2026-03-06 00:19:59,2026-03-13 20:50:59,돈이신인세상,"124.62.***.87, 175.120.***.20, 223.39.***.22","문재인, 민주당, 윤석열"
id:jojic32,3,2026-03-11 17:44:33,2026-03-13 18:20:45,야마리,"211.235.***.145, 211.235.***.52, 211.235.***.73","대선, 민주당, 이재명"
id:authur,3,2026-01-08 14:42:51,2026-03-13 18:01:11,달띵이,"106.102.***.34, 117.111.***.124, 180.224.***.42","문재인, 민주당, 이재명"
id:fungus,3,2026-02-27 14:07:57,2026-03-11 18:23:21,랭보,"110.70.***.174, 175.113.***.69","대선, 민주당, 이재명"
id:rnjswd,3,2026-02-10 12:52:18,2026-03-11 15:14:09,BONBON,"211.234.***.196, 211.234.***.24, 223.39.***.185","문재인, 민주당, 이재명"
id:Stankobitch,3,2026-03-10 16:02:58,2026-03-11 00:05:02,Stankobitch,42.61.***.23,이재명
id:kyul1107,3,2026-01-23 15:13:47,2026-03-10 21:40:20,유키,59.15.***.22,"민주당, 이재명"
id:younggun,3,2026-02-09 21:04:44,2026-03-10 17:11:32,풍산호랑이,"210.99.***.106, 211.36.***.134",이재명
id:shdqn,3,2026-02-09 12:29:21,2026-03-10 08:50:00,지네딘 지성,219.254.***.108,"문재인, 민주당, 이재명"
id:forest,3,2026-02-03 00:15:08,2026-03-09 22:53:55,안녕웰벡,"221.154.***.61, 221.165.***.109","민주당, 윤석열, 이재명"
id:erec,3,2026-01-15 11:11:32,2026-03-09 22:16:51,DreamTheater,"121.134.***.25, 14.32.***.22, 14.52.***.21","민주당, 윤석열, 이재명"
id:purelife,3,2026-02-24 13:44:55,2026-03-08 12:20:56,타카기양,"117.111.***.106, 211.36.***.97, 61.43.***.84","민주당, 이재명"
id:diddangel,3,2026-02-02 18:14:14,2026-03-07 13:02:08,메시야고마워,"211.234.***.167, 211.234.***.24, 211.234.***.87",이재명
id:benben,3,2025-12-22 15:49:09,2026-03-06 09:53:57,면벽침사록,"117.16.***.9, 203.252.***.130, 220.116.***.192","문재인, 민주당, 이재명"
id:iloveyousun,3,2026-02-05 21:27:23,2026-03-06 07:29:27,딸딸,"119.197.***.83, 211.246.***.29, 39.7.***.105","민주당, 이재명"
id:hpkim90,3,2025-12-28 16:09:01,2026-03-05 23:38:19,테타종신,211.176.***.17,"대선, 문재인, 민주당"
id:upandgogo,3,2026-02-19 15:52:05,2026-03-05 22:04:39,매니,"106.101.***.20, 58.78.***.25","민주당, 윤석열"
id:icarus4301,3,2026-01-13 10:47:12,2026-03-04 14:06:56,캄보디아윤호구,180.70.***.105,"문재인, 윤석열, 이재명"
id:orange14,3,2026-01-07 11:14:00,2026-03-02 13:33:29,오렌지14,"121.129.***.173, 121.129.***.23, 14.39.***.87","민주당, 윤석열, 이재명"
id:dhdld321,3,2026-02-02 19:23:11,2026-03-01 19:28:01,뚠뚠남,180.229.***.76,"대선, 이재명"
id:sobad,3,2026-01-15 17:54:59,2026-02-27 18:25:34,클라우디오,222.100.***.25,"민주당, 이재명"
id:potatochip1,3,2025-12-24 21:22:54,2026-02-26 21:44:20,어린이,"118.235.***.9, 118.235.***.98, 59.22.***.141","문재인, 윤석열"
id:redgundam,3,2025-12-20 20:12:51,2026-02-25 22:07:03,스트라이컨,116.125.***.162,"국민의힘, 민주당, 이재명"
id:scary910,3,2026-01-12 09:04:34,2026-02-19 23:48:15,ComeAsYouAre,"211.221.***.182, 39.7.***.150","대선, 민주당"
id:Yeste,3,2026-01-06 14:15:50,2026-02-19 16:11:59,Panzerkampwagen,106.249.***.25,"윤석열, 이재명"
id:sy1238,3,2025-12-29 21:32:38,2026-02-19 15:54:35,무면허로이스,49.170.***.11,"김건희, 이재명"
id:rararabbon,3,2026-01-12 11:44:24,2026-02-12 12:20:10,마빈게이,"218.237.***.120, 222.110.***.15","문재인, 민주당"
id:cutler,3,2025-12-30 12:16:15,2026-02-11 11:25:20,조유리,218.146.***.107,"민주당, 이재명"
id:hjs3191,3,2026-01-07 21:34:25,2026-02-10 22:02:56,보수주의자,"117.111.***.123, 211.36.***.120, 211.36.***.79","대선, 민주당, 윤석열"
id:urmyboo,3,2026-02-08 13:10:39,2026-02-10 16:01:49,김필숙,"211.219.***.24, 39.7.***.21","문재인, 민주당, 이재명"
id:nojester,3,2025-12-30 12:11:02,2026-02-09 20:35:32,nojester,"1.248.***.23, 119.204.***.23, 223.39.***.22","민주당, 이재명"
id:yesyes5467,3,2026-01-13 22:45:13,2026-02-09 15:16:21,욘아르네리세,"1.245.***.4, 211.235.***.47, 223.39.***.23","대선, 민주당, 윤석열, 이재명"
id:darkchoco,3,2026-01-06 12:25:30,2026-02-08 21:46:30,다크초코,175.192.***.69,"민주당, 이재명"
id:camel55,3,2026-01-01 14:31:56,2026-02-08 11:16:59,카멜55,"106.102.***.59, 118.36.***.165","문재인, 민주당, 이재명"
id:sarajevo,3,2025-12-28 14:34:45,2026-01-29 10:50:23,SaraJevo,"112.220.***.198, 211.235.***.12, 211.49.***.21","민주당, 한동훈"
id:pedogogist,3,2026-01-13 10:42:34,2026-01-24 15:38:14,브로델,"106.101.***.4, 210.96.***.41, 49.173.***.156","민주당, 윤석열, 이재명"
id:zornik,3,2025-12-30 12:59:41,2026-01-23 08:52:12,Melwood,"211.226.***.42, 211.241.***.165","대선, 민주당, 이재명"
id:coolow,3,2026-01-12 17:24:19,2026-01-21 13:36:19,페르시안멍멍이,"122.45.***.23, 182.215.***.44","민주당, 윤석열, 이재명"
id:piter1976,3,2026-01-12 10:27:44,2026-01-12 14:44:33,11월31일,210.91.***.186,"민주당, 이재명"
id:yp107,3,2025-12-22 09:39:58,2025-12-26 22:38:54,도둑의왕,"118.131.***.69, 59.187.***.27","민주당, 이재명"
name:스타이너,3,2025-08-26 00:00:00,2025-12-17 00:00:00,스타이너,,"국민의힘, 민주당, 한동훈"
name:마도골라,3,2025-09-18 00:00:00,2025-12-16 00:00:00,마도골라,,"국민의힘, 김건희, 민주당"
name:밀라노양아치,3,2025-03-20 00:00:00,2025-12-08 00:00:00,밀라노양아치,,"민주당, 이재명"
name:딸깍,3,2025-11-18 00:00:00,2025-12-06 00:00:00,딸깍,,"문재인, 윤석열, 이재명"
name:조희대개새기야,3,2025-06-06 00:00:00,2025-11-29 00:00:00,조희대개새기야,,"문재인, 민주당"
name:현미녹차,3,2025-06-01 00:00:00,2025-11-21 00:00:00,현미녹차,,"대선, 민주당, 이재명"
name:교황,3,2025-09-23 00:00:00,2025-11-02 00:00:00,교황,,"민주당, 이재명"
name:TheFly,3,2025-03-28 00:00:00,2025-10-21 00:00:00,TheFly,,"대선, 문재인, 이재명"
name:리버풀fc,3,2025-05-18 00:00:00,2025-10-15 00:00:00,리버풀fc,,"윤석열, 이재명, 한동훈"
name:관상가양반,3,2025-05-01 00:00:00,2025-10-14 00:00:00,관상가양반,,"대선, 이재명"
name:철강왕스미스로우,3,2025-07-29 00:00:00,2025-10-09 00:00:00,철강왕스미스로우,,"문재인, 민주당"
name:호머,3,2025-04-04 00:00:00,2025-09-25 00:00:00,호머,,"국민의힘, 한동훈"
name:ManchesterUnited,3,2025-06-04 00:00:00,2025-09-10 00:00:00,ManchesterUnited,,"민주당, 이재명"
name:오나나,3,2025-05-28 00:00:00,2025-09-10 00:00:00,오나나,,"대선, 민주당"
name:윤석렬사형,3,2025-05-27 00:00:00,2025-09-10 00:00:00,윤석렬사형,,"대선, 이재명, 한동훈"
name:테타볼,3,2025-08-29 00:00:00,2025-09-05 00:00:00,테타볼,,"김건희, 윤석열"
name:클라우디오,3,2025-03-26 00:00:00,2025-09-03 00:00:00,클라우디오,,"김건희, 윤석열, 이재명"
name:DreamTheater,3,2025-07-05 00:00:00,2025-08-29 00:00:00,DreamTheater,,"김건희, 윤석열, 이재명"
name:RODONAMU,3,2025-06-06 00:00:00,2025-08-26 00:00:00,RODONAMU,,이재명
name:힙한아재,3,2025-04-30 00:00:00,2025-08-26 00:00:00,힙한아재,,"대선, 이재명"
name:reindeer,3,2025-06-01 00:00:00,2025-08-15 00:00:00,reindeer,,"김건희, 윤석열, 이재명"
name:구름사자,3,2025-04-28 00:00:00,2025-08-07 00:00:00,구름사자,,"김건희, 대선, 이재명"
name:진세연,3,2025-05-18 00:00:00,2025-08-04 00:00:00,진세연,,"대선, 민주당"
name:간짜장먹자,3,2025-03-31 00:00:00,2025-08-01 00:00:00,간짜장먹자,,"국민의힘, 민주당, 이재명"
name:페드리8,3,2025-03-20 00:00:00,2025-07-31 00:00:00,페드리8,,"민주당, 이재명"
name:경수진,3,2025-03-26 00:00:00,2025-07-29 00:00:00,경수진,,"민주당, 이재명"
name:열받아서잠이안와,3,2025-06-01 00:00:00,2025-07-29 00:00:00,열받아서잠이안와,,"민주당, 이재명"
name:메날주멘,3,2025-04-04 00:00:00,2025-07-28 00:00:00,메날주멘,,"대선, 이재명"
name:obamartins,3,2025-04-04 00:00:00,2025-07-25 00:00:00,obamartins,,"문재인, 민주당, 이재명"
name:건희두창사형집행,3,2025-06-04 00:00:00,2025-07-25 00:00:00,건희두창사형집행,,"김건희, 민주당, 이재명"
name:윤발이,3,2025-06-15 00:00:00,2025-07-25 00:00:00,윤발이,,민주당
name:부초,3,2025-03-28 00:00:00,2025-07-23 00:00:00,부초,,"민주당, 이재명"
name:촐랭이,3,2025-04-24 00:00:00,2025-07-22 00:00:00,촐랭이,,"민주당, 이재명"
name:바람,3,2025-05-14 00:00:00,2025-07-12 00:00:00,바람,,이재명
name:크록스,3,2025-06-02 00:00:00,2025-07-11 00:00:00,크록스,,"김건희, 이재명"
name:비티냐,3,2025-06-10 00:00:00,2025-07-10 00:00:00,비티냐,,"윤석열, 이재명"
name:404ERR,3,2025-05-12 00:00:00,2025-07-09 00:00:00,404ERR,,"윤석열, 이재명"
name:김뮌제,3,2025-04-30 00:00:00,2025-07-04 00:00:00,김뮌제,,"문재인, 민주당, 이재명"
name:임호텝,3,2025-05-05 00:00:00,2025-06-20 00:00:00,임호텝,,"대선, 이재명"
name:40대아재,3,2025-05-05 00:00:00,2025-06-16 00:00:00,40대아재,,"대선, 이재명"
name:하인츠구데리안,3,2025-05-12 00:00:00,2025-06-16 00:00:00,하인츠구데리안,,"국민의힘, 대선, 민주당, 이재명"
name:마포쌥쌥이,3,2025-03-23 00:00:00,2025-06-06 00:00:00,마포쌥쌥이,,"대선, 윤석열, 이재명"
name:보수주의자,3,2025-05-27 00:00:00,2025-06-06 00:00:00,보수주의자,,"대선, 윤석열"
name:GPGPU가속기,3,2025-03-26 00:00:00,2025-06-05 00:00:00,GPGPU가속기,,"민주당, 이재명"
name:다프트펑크,3,2025-04-11 00:00:00,2025-06-05 00:00:00,다프트펑크,,대선
name:FerrariRoma,3,2025-04-07 00:00:00,2025-06-04 00:00:00,FerrariRoma,,"국민의힘, 민주당, 이재명"
name:냠냠쩝쩝박사,3,2025-05-10 00:00:00,2025-06-04 00:00:00,냠냠쩝쩝박사,,"대선, 민주당"
name:누리싸힌,3,2025-04-07 00:00:00,2025-06-04 00:00:00,누리싸힌,,"민주당, 이재명"
name:똥볼,3,2025-04-13 00:00:00,2025-06-04 00:00:00,똥볼,,"윤석열, 이재명"
name:리오넬메시,3,2025-04-04 00:00:00,2025-06-04 00:00:00,리오넬메시,,"대선, 윤석열, 이재명"
name:세상하나뿐인,3,2025-03-23 00:00:00,2025-06-04 00:00:00,세상하나뿐인,,이재명
name:송우기,3,2025-06-03 00:00:00,2025-06-04 00:00:00,송우기,,"대선, 윤석열"
name:풋볼러버,3,2025-05-25 00:00:00,2025-06-04 00:00:00,풋볼러버,,"대선, 이재명"
name:SOXL,3,2025-04-04 00:00:00,2025-06-03 00:00:00,SOXL,,"대선, 문재인"
name:노포식당매니아,3,2025-03-26 00:00:00,2025-06-03 00:00:00,노포식당매니아,,"민주당, 이재명"
name:자유,3,2025-04-30 00:00:00,2025-06-03 00:00:00,자유,,"대선, 민주당, 이재명"
name:진화론자,3,2025-06-01 00:00:00,2025-06-03 00:00:00,진화론자,,"민주당, 이재명"
name:최강남자제라드,3,2025-05-02 00:00:00,2025-06-03 00:00:00,최강남자제라드,,"대선, 민주당, 이재명"
name:시끄러임마,3,2025-05-10 00:00:00,2025-05-31 00:00:00,시끄러임마,,"민주당, 이재명"
name:도망치지마,3,2025-03-28 00:00:00,2025-05-30 00:00:00,도망치지마,,"윤석열, 이재명"
name:토탈풋볼,3,2025-04-26 00:00:00,2025-05-28 00:00:00,토탈풋볼,,"민주당, 윤석열, 한동훈"
name:Mainoo,3,2025-05-01 00:00:00,2025-05-27 00:00:00,Mainoo,,이재명
name:라리루레로,3,2025-04-29 00:00:00,2025-05-27 00:00:00,라리루레로,,"대선, 이재명, 한동훈"
name:flyhigh,3,2025-05-01 00:00:00,2025-05-26 00:00:00,flyhigh,,대선
name:기타리스트#,3,2025-04-29 00:00:00,2025-05-22 00:00:00,기타리스트#,,"대선, 민주당, 윤석열, 한동훈"
name:이슥호,3,2025-03-25 00:00:00,2025-05-19 00:00:00,이슥호,,"대선, 민주당, 이재명"
name:10suck10,3,2025-04-05 00:00:00,2025-05-17 00:00:00,10suck10,,"민주당, 윤석열, 이재명"
name:루이스스켈리,3,2025-05-02 00:00:00,2025-05-17 00:00:00,루이스스켈리,,"국민의힘, 윤석열, 이재명"
name:마시프레스티,3,2025-04-13 00:00:00,2025-05-13 00:00:00,마시프레스티,,대선
name:nomorebat,3,2025-04-07 00:00:00,2025-05-10 00:00:00,nomorebat,,"대선, 민주당, 이재명"
name:epflgmxm,3,2025-04-02 00:00:00,2025-05-07 00:00:00,epflgmxm,,"대선, 민주당"
name:저예요,3,2025-04-07 00:00:00,2025-05-01 00:00:00,저예요,,"대선, 윤석열"
name:jaebul,3,2025-03-26 00:00:00,2025-04-29 00:00:00,jaebul,,"김건희, 윤석열, 한동훈"
name:빈9364,3,2025-04-13 00:00:00,2025-04-17 00:00:00,빈9364,,"윤석열, 이재명"
name:2Q정전,3,2025-03-26 00:00:00,2025-04-04 00:00:00,2Q정전,,"윤석열, 이재명"
name:굥상당히싫어요,3,2025-03-22 00:00:00,2025-04-04 00:00:00,굥상당히싫어요,,"대선, 윤석열"
name:서나민,2,2025-04-08 00:00:00,2026-05-12 13:02:00,서나민,,"윤석열, 이재명"
name:설유,2,2026-03-15 00:00:00,2026-05-12 11:16:00,설유,,"민주당, 이재명"
name:축구축구99,2,2025-07-31 00:00:00,2026-05-12 09:11:00,축구축구99,,"김건희, 이재명"
id:hokuki,2,2026-02-20 18:21:41,2026-05-05 17:18:14,보루센,"103.150.***.21, 211.109.***.25",이재명
id:tkql123,2,2026-05-02 13:55:30,2026-05-05 13:56:59,챠비,220.117.***.24,문재인
id:ulsan0101,2,2026-05-04 20:03:54,2026-05-05 10:07:55,맥심머그컵,211.110.***.89,"문재인, 민주당"
id:siroyo,2,2026-03-04 13:48:39,2026-05-03 14:24:07,치티카,58.238.***.36,"민주당, 이재명"
id:mrnohsr,2,2026-03-08 11:48:24,2026-05-01 20:50:03,Springday,59.12.***.21,"문재인, 민주당, 이재명"
id:oneofakind,2,2026-04-17 15:36:16,2026-04-28 17:10:51,언제나좋은일만,"106.101.***.177, 106.101.***.20","민주당, 이재명"
name:맥심머그컵,2,2026-04-20 00:00:00,2026-04-23 00:00:00,맥심머그컵,,"윤석열, 이재명"
id:worldwill,2,2026-02-05 11:11:18,2026-04-20 16:43:27,워라뮈,"1.236.***.93, 210.91.***.196","민주당, 한동훈"
id:unknownuser,2,2026-04-14 23:13:55,2026-04-15 00:26:00,unknownuser,"223.38.***.190, 59.5.***.12","민주당, 이재명"
id:milkblue,2,2026-03-26 11:29:46,2026-04-14 20:52:30,흰머리,"121.146.***.24, 125.128.***.44","국민의힘, 민주당, 이재명, 한동훈"
id:sgotacu,2,2026-03-18 14:35:38,2026-04-11 19:51:26,메시a,58.226.***.62,"문재인, 민주당, 이재명"
id:Mobaraeram,2,2026-03-11 14:23:17,2026-04-11 17:59:31,비오구조타,118.44.***.68,"민주당, 윤석열, 이재명"
id:tsee1569,2,2026-03-18 20:53:41,2026-04-11 12:39:34,트러플코코아,"117.111.***.20, 58.29.***.161","문재인, 이재명"
id:taqerkim,2,2026-02-17 11:17:24,2026-04-11 10:09:27,김어준,"118.235.***.32, 175.200.***.25","민주당, 윤석열"
id:ktma1001,2,2026-01-12 17:56:01,2026-04-10 14:01:57,생생정보통,"116.46.***.96, 118.235.***.23","문재인, 민주당"
id:eufc,2,2026-03-25 21:25:35,2026-04-09 12:35:29,진짜싫어,"223.39.***.24, 223.39.***.72","대선, 이재명"
id:thughu,2,2026-03-09 20:40:30,2026-04-07 21:24:03,개소리산양,"211.234.***.177, 211.234.***.64",민주당
id:rkarlaos1,2,2026-02-08 20:42:58,2026-04-06 10:55:47,zkjdkf,"106.101.***.23, 221.146.***.88","민주당, 이재명"
id:sof8,2,2026-01-09 11:04:03,2026-04-03 16:02:18,센과치우로,119.64.***.4,"대선, 민주당"
id:spiderman91,2,2026-02-04 19:14:53,2026-03-30 21:28:00,루카돈치치,121.149.***.165,"대선, 민주당"
id:wjqslek,2,2026-03-21 19:22:13,2026-03-26 19:23:42,잘했어,211.49.***.141,"민주당, 이재명"
id:kjk2880,2,2026-03-26 10:10:05,2026-03-26 11:14:40,킹받네,118.45.***.164,"문재인, 민주당, 이재명"
id:TRkenochan,2,2026-03-12 14:42:53,2026-03-26 10:19:05,베아투스,"118.235.***.198, 203.244.***.3","문재인, 윤석열"
id:postechno1,2,2026-03-06 15:07:29,2026-03-26 03:27:17,드라드라곤,"117.55.***.31, 211.235.***.144",민주당
id:zlwon83,2,2026-02-28 15:51:42,2026-03-21 15:21:05,살빼는삼촌,"211.235.***.181, 211.235.***.20",이재명
id:ImDoubleJ,2,2026-03-15 01:29:58,2026-03-21 13:05:20,Jon. Davis,121.168.***.41,"문재인, 민주당"
id:soul33y,2,2026-01-28 16:27:09,2026-03-20 12:55:04,일검운해,121.132.***.116,"김건희, 윤석열"
id:edgeplus,2,2026-03-16 17:04:11,2026-03-20 01:23:40,qqopp,"101.235.***.27, 223.38.***.121",이재명
id:bluechips83,2,2026-03-10 21:38:00,2026-03-20 00:18:35,돈치치MVP,"211.234.***.94, 222.106.***.159",민주당
id:typhoonjun,2,2026-02-13 16:00:31,2026-03-19 08:29:42,킹갓제라드,"14.32.***.24, 220.117.***.20","국민의힘, 이재명"
id:zirize,2,2026-02-18 10:47:01,2026-03-18 10:00:34,지리즈,14.52.***.20,"민주당, 이재명"
id:monkjm,2,2026-03-11 12:00:34,2026-03-17 16:34:11,뉴재명,"223.39.***.25, 223.39.***.54","민주당, 이재명"
id:jjuhyun92,2,2026-02-09 17:56:28,2026-03-17 11:34:12,마루코는로이스,220.65.***.155,"민주당, 이재명"
id:cobain68,2,2026-01-12 12:56:46,2026-03-17 11:11:20,뻥글랜드,"1.238.***.136, 39.7.***.153","민주당, 이재명"
id:citable,2,2026-02-03 01:08:12,2026-03-17 07:59:07,Rakuten,"118.36.***.87, 210.94.***.98","민주당, 이재명"
id:yamso,2,2026-02-09 10:28:42,2026-03-16 18:06:07,악마,"221.142.***.38, 223.39.***.160",윤석열
id:pwiz,2,2026-02-09 00:48:33,2026-03-16 13:34:59,축구왜봄?,221.140.***.132,"민주당, 이재명"
id:meaningless,2,2026-02-10 11:05:05,2026-03-16 00:12:24,아진짜요,"112.150.***.88, 210.98.***.5",대선
name:valentino,2,2025-04-06 00:00:00,2026-03-16 00:00:00,valentino,,"민주당, 이재명"
id:ksydqtj,2,2026-03-13 22:04:33,2026-03-15 22:17:20,쌀거라인,182.219.***.149,이재명
id:zenic7,2,2026-01-11 02:31:42,2026-03-15 20:33:12,내일의루니,"106.101.***.101, 223.118.***.124",이재명
id:arteta8,2,2026-03-05 18:26:17,2026-03-14 14:08:39,arteta8,"118.235.***.12, 220.72.***.147","문재인, 민주당"
id:DiogoJota,2,2026-01-12 20:00:34,2026-03-14 10:03:52,DiogoJota,1.244.***.93,"윤석열, 이재명"
id:ex400,2,2026-02-20 16:11:13,2026-03-13 20:29:28,분노의가입,"118.235.***.25, 14.36.***.65",민주당
id:noel608,2,2026-02-26 21:36:18,2026-03-12 19:00:20,태봉이,121.65.***.175,"대선, 이재명"
id:twinpeaks1,2,2026-03-11 17:45:08,2026-03-11 18:57:04,멸굥의횃불,122.44.***.148,이재명
id:renanlodi12,2,2026-01-28 17:07:43,2026-03-11 13:44:12,이궈달라,"118.235.***.13, 118.235.***.163","문재인, 민주당, 이재명"
id:tgibhh111,2,2026-01-16 15:05:02,2026-03-11 11:56:16,이준석구속기원,222.108.***.173,"민주당, 윤석열"
id:sjsa1108,2,2025-12-30 13:16:44,2026-03-11 10:07:20,따니아빠,210.104.***.23,"문재인, 이재명"
id:shin4687,2,2026-02-13 22:15:53,2026-03-11 01:03:20,부정선거황교안,1.239.***.76,"국민의힘, 민주당"
name:투도르MAGIC,2,2026-03-11 00:00:00,2026-03-11 00:00:00,투도르MAGIC,,이재명
id:chicruz,2,2026-01-12 16:24:00,2026-03-09 17:07:05,셀럽왕눈,"118.235.***.151, 59.11.***.24","대선, 문재인, 민주당, 이재명"
id:Marshmello,2,2026-03-05 17:38:57,2026-03-09 16:16:57,Marshmello,"118.235.***.138, 118.235.***.146",민주당
id:ellen829,2,2026-01-05 16:04:46,2026-03-09 10:38:15,윤석열사형,118.131.***.25,"민주당, 이재명"
id:MOCA22,2,2026-03-06 15:24:15,2026-03-09 08:33:04,Drive,"115.126.***.83, 121.171.***.24",이재명
id:kkpf1004,2,2025-12-19 17:39:47,2026-03-07 16:24:16,주미삼촌,175.206.***.19,"이재명, 한동훈"
id:eroongc,2,2025-12-30 00:32:58,2026-03-06 09:09:37,유년기의끝,"106.101.***.147, 106.101.***.43",민주당
id:hodduk,2,2026-02-02 20:52:01,2026-03-05 20:28:10,"[닭집]샤브리, 샤브리",220.82.***.74,"민주당, 이재명"
id:anarkor,2,2026-03-05 17:34:22,2026-03-05 19:17:07,노포식당매니아,39.7.***.41,"민주당, 이재명"
id:leekh01,2,2026-03-05 15:48:14,2026-03-05 17:04:16,데샤아앗,58.123.***.185,"민주당, 이재명"
id:casione,2,2026-01-13 06:07:05,2026-03-05 17:04:10,에디존슨,125.176.***.41,"민주당, 윤석열"
id:WayneLoon,2,2026-02-03 21:45:08,2026-03-05 15:39:30,무속,"211.201.***.20, 223.38.***.22","이재명, 한동훈"
id:Mb8282,2,2026-02-23 21:57:00,2026-03-02 17:18:42,흥흥흥,"119.207.***.13, 121.188.***.24","문재인, 이재명"
id:itemptu2,2,2025-12-29 12:01:36,2026-03-02 15:11:04,짱구는못을말려,"211.235.***.159, 211.235.***.19","민주당, 이재명"
id:kakaley2,2,2026-01-30 10:00:00,2026-02-28 17:47:38,네이마르.,211.253.***.68,윤석열
id:coood7824,2,2026-02-17 14:09:18,2026-02-28 11:45:59,손흥민L,"211.38.***.104, 218.154.***.193","민주당, 이재명"
id:zestgo,2,2026-02-20 22:04:03,2026-02-22 22:44:46,Flora,"211.198.***.51, 218.156.***.91",이재명
id:judge,2,2026-01-13 08:31:06,2026-02-22 18:46:31,이지,1.231.***.27,"민주당, 이재명"
id:best91,2,2025-12-20 12:52:39,2026-02-19 16:02:34,사형기원하는베컴,"112.147.***.49, 211.36.***.22","윤석열, 이재명"
id:pqowie,2,2026-02-04 00:06:19,2026-02-19 15:48:39,지나가던길,"118.235.***.192, 118.235.***.24","대선, 윤석열"
id:chojja,2,2025-12-28 21:01:26,2026-02-18 22:22:08,비티냐,180.64.***.149,"문재인, 민주당, 이재명"
id:dmis2111,2,2025-12-29 19:52:59,2026-02-17 21:56:55,두돈반,"211.234.***.19, 211.234.***.199","문재인, 민주당"
id:kjw872,2,2026-02-04 21:33:07,2026-02-17 17:06:05,진세연,"118.235.***.130, 124.49.***.134","문재인, 민주당"
id:psj1905,2,2026-02-12 09:22:51,2026-02-13 01:08:12,루드반니스텔루이,118.235.***.63,민주당
id:jinydesign,2,2026-02-11 11:26:09,2026-02-12 21:39:02,Littlebird,112.159.***.180,"문재인, 민주당, 이재명"
id:jk3254792,2,2026-01-28 19:17:47,2026-02-12 16:04:05,프리드로우,220.120.***.20,"김건희, 민주당"
id:ddongmat,2,2026-01-12 17:43:42,2026-02-11 12:33:39,ahn19,116.42.***.77,"문재인, 민주당, 윤석열, 이재명"
id:djroanfmv1,2,2026-02-09 10:40:41,2026-02-11 09:26:47,LizzieOlsen,121.155.***.171,"민주당, 윤석열"
id:hs10107,2,2026-02-09 05:18:30,2026-02-11 04:30:00,산초나이스,"211.234.***.70, 211.234.***.96","윤석열, 이재명"
id:tmclaah5531,2,2026-02-08 17:50:27,2026-02-10 23:52:34,villa감아차기,211.114.***.141,"민주당, 윤석열, 이재명"
id:2egg3things,2,2026-01-12 10:19:19,2026-02-10 21:32:38,방울이달랑달랑,49.165.***.20,민주당
id:tkrldh,2,2026-02-09 21:07:37,2026-02-10 20:34:54,찌누,1.239.***.56,"민주당, 이재명"
id:Dawin0107,2,2026-02-10 15:28:11,2026-02-10 15:37:12,찢두창아웃,118.235.***.10,이재명
id:sooahn,2,2026-01-12 12:22:54,2026-02-10 00:08:44,라파엘나달,"121.65.***.20, 211.41.***.22","김건희, 윤석열"
name:Ekitike22,2,2025-08-22 00:00:00,2026-02-10 00:00:00,Ekitike22,,"민주당, 이재명"
id:eory24,2,2026-02-06 13:59:21,2026-02-08 18:08:51,갓트넘,124.48.***.132,"민주당, 이재명"
id:loblue208,2,2026-01-21 13:50:24,2026-02-06 16:04:22,치달타냥,125.140.***.106,"민주당, 윤석열, 이재명"
id:wjstkqn1235,2,2026-01-23 09:31:21,2026-02-06 11:11:53,시골잡마니,"211.234.***.70, 59.13.***.60","대선, 민주당, 이재명"
id:Ragecom,2,2026-02-04 20:06:59,2026-02-04 20:19:40,살려줘,121.162.***.72,"문재인, 민주당, 이재명"
id:loadone,2,2025-12-30 13:39:38,2026-02-03 19:52:33,소심목수,1.228.***.173,"민주당, 이재명"
id:recur,2,2026-01-25 19:16:34,2026-02-03 08:05:52,"김재귀, 랄큰",123.215.***.83,민주당
id:tendre,2,2025-12-30 13:30:44,2026-02-02 22:04:24,아르센벵거,121.166.***.73,"민주당, 이재명"
id:lee5,2,2025-12-22 19:00:17,2026-01-30 16:45:31,고감전,115.21.***.22,"문재인, 민주당"
id:wlrhks,2,2026-01-09 14:44:13,2026-01-27 15:09:28,두아이아빠,61.108.***.25,이재명
id:akaudfl,2,2025-12-30 22:39:17,2026-01-25 17:55:19,박경리,210.178.***.34,민주당
id:taz79,2,2025-12-29 11:46:21,2026-01-22 19:55:08,flyhigh,58.29.***.88,민주당
id:ysy1214,2,2026-01-12 12:26:39,2026-01-22 02:21:20,골든아이즈,"211.193.***.183, 222.112.***.26","민주당, 이재명"
id:ggum0205,2,2026-01-21 12:15:40,2026-01-21 13:01:17,남가좌동꿀오소리,211.36.***.21,"민주당, 이재명"
id:itaibogi,2,2026-01-10 13:38:26,2026-01-14 09:27:21,호돈짱,"221.164.***.20, 59.19.***.146","민주당, 이재명"
id:Gvardiol,2,2026-01-13 10:16:40,2026-01-13 16:14:34,씨알준슥,"106.101.***.178, 106.101.***.28","대선, 이재명"
id:killy,2,2025-12-28 16:42:45,2026-01-12 20:47:09,Killy,"121.133.***.148, 223.38.***.36","민주당, 이재명"
id:ngis11,2,2025-12-22 14:46:11,2026-01-12 17:48:55,Revuelto,58.227.***.182,"대선, 민주당, 윤석열"
id:chinghis,2,2025-12-22 19:07:22,2026-01-11 13:02:22,교황,"118.235.***.15, 210.179.***.199","문재인, 민주당, 윤석열"
id:spurt9,2,2025-12-30 11:52:49,2026-01-06 12:22:44,백태클,211.253.***.24,"문재인, 민주당"
id:Lumiere,2,2025-12-29 22:46:31,2025-12-31 08:52:54,BMWSauberF1Team,"223.38.***.69, 223.38.***.82","국민의힘, 민주당, 윤석열, 이재명"
id:wishofyou,2,2025-12-30 13:42:22,2025-12-31 04:46:48,사랑과우정사이,222.113.***.20,이재명
id:carmenhayes,2,2025-12-29 00:39:38,2025-12-30 12:20:08,육덕파,"211.234.***.76, 223.38.***.150","문재인, 민주당, 이재명"
name:윰윰,2,2025-11-20 00:00:00,2025-12-29 00:00:00,윰윰,,"민주당, 이재명"
id:dolbegae,2,2025-12-22 19:10:55,2025-12-28 21:50:22,돌베개,110.10.***.122,"민주당, 윤석열, 이재명"
name:놀고싶다,2,2025-12-08 00:00:00,2025-12-17 00:00:00,놀고싶다,,"문재인, 이재명"
name:닉쿤아게로,2,2025-04-20 00:00:00,2025-12-14 00:00:00,닉쿤아게로,,"이재명, 한동훈"
name:돈오돈수,2,2025-06-07 00:00:00,2025-12-13 00:00:00,돈오돈수,,"윤석열, 이재명"
name:몽규나두창이나,2,2025-09-10 00:00:00,2025-12-10 00:00:00,몽규나두창이나,,민주당
name:희대의내란,2,2025-05-19 00:00:00,2025-12-09 00:00:00,희대의내란,,"윤석열, 이재명"
name:덕배의빨간날,2,2025-12-02 00:00:00,2025-12-08 00:00:00,덕배의빨간날,,"민주당, 한동훈"
name:4Q정전,2,2025-12-01 00:00:00,2025-12-05 00:00:00,4Q정전,,"민주당, 윤석열"
name:현자현자,2,2025-05-21 00:00:00,2025-12-05 00:00:00,현자현자,,"대선, 민주당"
name:loemise,2,2025-11-20 00:00:00,2025-12-03 00:00:00,loemise,,"민주당, 이재명"
name:meldks,2,2025-12-02 00:00:00,2025-12-03 00:00:00,meldks,,민주당
name:악당,2,2025-03-27 00:00:00,2025-11-19 00:00:00,악당,,"민주당, 이재명"
name:골든아이즈,2,2025-06-05 00:00:00,2025-11-14 00:00:00,골든아이즈,,"민주당, 이재명"
name:더모아모아,2,2025-10-24 00:00:00,2025-11-12 00:00:00,더모아모아,,"민주당, 이재명"
name:naver,2,2025-10-22 00:00:00,2025-11-10 00:00:00,naver,,"문재인, 이재명"
name:마포구김첨지,2,2025-04-09 00:00:00,2025-11-09 00:00:00,마포구김첨지,,"민주당, 윤석열"
name:못생긴싸줄러들,2,2025-06-02 00:00:00,2025-11-07 00:00:00,못생긴싸줄러들,,"대선, 윤석열"
name:축구왕,2,2025-11-03 00:00:00,2025-11-06 00:00:00,축구왕,,이재명
name:김필숙,2,2025-06-06 00:00:00,2025-11-02 00:00:00,김필숙,,이재명
name:오랜지인,2,2025-05-03 00:00:00,2025-11-01 00:00:00,오랜지인,,"대선, 윤석열"
name:잇힝-_-ㆀ,2,2025-06-09 00:00:00,2025-11-01 00:00:00,잇힝-_-ㆀ,,"민주당, 이재명"
name:남아일언중금속,2,2025-05-25 00:00:00,2025-10-30 00:00:00,남아일언중금속,,"문재인, 한동훈"
name:이궈달라,2,2025-09-16 00:00:00,2025-10-26 00:00:00,이궈달라,,"문재인, 이재명"
name:Chelsea16,2,2025-08-26 00:00:00,2025-09-25 00:00:00,Chelsea16,,"민주당, 한동훈"
name:기면기다,2,2025-08-26 00:00:00,2025-09-21 00:00:00,기면기다,,이재명
name:김도기,2,2025-06-10 00:00:00,2025-09-19 00:00:00,김도기,,"윤석열, 한동훈"
name:랭보,2,2025-07-25 00:00:00,2025-09-18 00:00:00,랭보,,"민주당, 이재명"
name:돈이신인세상,2,2025-08-05 00:00:00,2025-09-17 00:00:00,돈이신인세상,,"문재인, 민주당, 윤석열"
name:파송송부랄탁,2,2025-06-07 00:00:00,2025-09-17 00:00:00,파송송부랄탁,,"문재인, 이재명"
name:국사천공,2,2025-04-06 00:00:00,2025-09-11 00:00:00,국사천공,,"윤석열, 이재명"
name:보루센,2,2025-07-03 00:00:00,2025-08-29 00:00:00,보루센,,"문재인, 이재명"
name:일검운해,2,2025-08-07 00:00:00,2025-08-26 00:00:00,일검운해,,"윤석열, 이재명"
name:미적,2,2025-08-02 00:00:00,2025-08-24 00:00:00,미적,,민주당
name:나폴리맛피자,2,2025-05-10 00:00:00,2025-08-12 00:00:00,나폴리맛피자,,이재명
name:테타종신,2,2025-07-05 00:00:00,2025-08-12 00:00:00,테타종신,,"민주당, 이재명"
name:아모링,2,2025-06-24 00:00:00,2025-08-11 00:00:00,아모링,,"대선, 민주당, 이재명"
name:기소키오스크,2,2025-06-12 00:00:00,2025-08-07 00:00:00,기소키오스크,,"대선, 윤석열, 이재명"
name:No.7,2,2025-06-03 00:00:00,2025-08-05 00:00:00,No.7,,"대선, 민주당"
name:루센,2,2025-06-26 00:00:00,2025-08-04 00:00:00,루센,,"윤석열, 이재명"
name:혼나,2,2025-07-15 00:00:00,2025-08-04 00:00:00,혼나,,민주당
name:바라하,2,2025-06-09 00:00:00,2025-07-30 00:00:00,바라하,,"대선, 민주당"
name:아라,2,2025-04-10 00:00:00,2025-07-30 00:00:00,아라,,"민주당, 이재명"
name:나가찬대,2,2025-07-24 00:00:00,2025-07-29 00:00:00,나가찬대,,민주당
name:노란계른자,2,2025-04-15 00:00:00,2025-07-25 00:00:00,노란계른자,,"민주당, 이재명"
name:뿡빵,2,2025-06-03 00:00:00,2025-07-25 00:00:00,뿡빵,,"민주당, 이재명"
name:호들갑금지,2,2025-06-04 00:00:00,2025-07-24 00:00:00,호들갑금지,,"대선, 민주당"
name:갤러거종신기원,2,2025-06-03 00:00:00,2025-07-23 00:00:00,갤러거종신기원,,"대선, 이재명"
name:킥앤드러쉬,2,2025-06-12 00:00:00,2025-07-23 00:00:00,킥앤드러쉬,,"대선, 민주당"
name:나무,2,2025-04-11 00:00:00,2025-07-18 00:00:00,나무,,"김건희, 이재명"
name:바르샤닥메시,2,2025-06-04 00:00:00,2025-07-11 00:00:00,바르샤닥메시,,이재명
name:모들종신,2,2025-06-17 00:00:00,2025-07-09 00:00:00,모들종신,,"대선, 윤석열"
name:K리그잔디쓰레기,2,2025-07-05 00:00:00,2025-07-05 00:00:00,K리그잔디쓰레기,,민주당
name:T.뮬러,2,2025-07-04 00:00:00,2025-07-05 00:00:00,T.뮬러,,민주당
name:축구손님,2,2025-05-16 00:00:00,2025-07-05 00:00:00,축구손님,,"민주당, 이재명"
name:언제나피로,2,2025-05-01 00:00:00,2025-07-03 00:00:00,언제나피로,,"문재인, 민주당"
name:봉동국,2,2025-05-16 00:00:00,2025-07-02 00:00:00,봉동국,,"문재인, 민주당"
name:overthe,2,2025-06-20 00:00:00,2025-06-20 00:00:00,overthe,,"대선, 민주당"
name:꾸꾸,2,2025-05-10 00:00:00,2025-06-19 00:00:00,꾸꾸,,"김건희, 이재명"
name:레인저스,2,2025-06-01 00:00:00,2025-06-12 00:00:00,레인저스,,"민주당, 이재명"
name:오딘스트레인지,2,2025-06-04 00:00:00,2025-06-11 00:00:00,오딘스트레인지,,"민주당, 이재명"
name:조날리면,2,2025-04-11 00:00:00,2025-06-11 00:00:00,조날리면,,"김건희, 민주당"
name:희망조금,2,2025-05-27 00:00:00,2025-06-11 00:00:00,희망조금,,민주당
name:만성부상,2,2025-04-24 00:00:00,2025-06-10 00:00:00,만성부상,,"문재인, 민주당"
name:구리더a,2,2025-05-23 00:00:00,2025-06-09 00:00:00,구리더a,,대선
name:아치그레이,2,2025-06-03 00:00:00,2025-06-09 00:00:00,아치그레이,,"대선, 이재명"
name:그바르디올,2,2025-06-02 00:00:00,2025-06-07 00:00:00,그바르디올,,민주당
name:웨스앤더슨,2,2025-06-05 00:00:00,2025-06-07 00:00:00,웨스앤더슨,,"국민의힘, 이재명"
name:Jon. Davis,2,2025-05-17 00:00:00,2025-06-06 00:00:00,Jon. Davis,,"문재인, 윤석열, 이재명"
name:VamosMessi,2,2025-06-04 00:00:00,2025-06-06 00:00:00,VamosMessi,,"이재명, 한동훈"
name:셰익스피어,2,2025-06-04 00:00:00,2025-06-05 00:00:00,셰익스피어,,"윤석열, 이재명"
name:쎄루,2,2025-04-04 00:00:00,2025-06-05 00:00:00,쎄루,,이재명
name:Rocco,2,2025-03-28 00:00:00,2025-06-04 00:00:00,Rocco,,"윤석열, 이재명"
name:라일락,2,2025-06-03 00:00:00,2025-06-04 00:00:00,라일락,,대선
name:마에스트로,2,2025-05-27 00:00:00,2025-06-04 00:00:00,마에스트로,,"이재명, 한동훈"
name:머꼬,2,2025-05-02 00:00:00,2025-06-04 00:00:00,머꼬,,"민주당, 이재명"
name:분노의가입,2,2025-04-14 00:00:00,2025-06-04 00:00:00,분노의가입,,"대선, 이재명"
name:셰브,2,2025-03-26 00:00:00,2025-06-04 00:00:00,셰브,,이재명
name:스트라이컨,2,2025-05-18 00:00:00,2025-06-04 00:00:00,스트라이컨,,"민주당, 한동훈"
name:익명,2,2025-06-04 00:00:00,2025-06-04 00:00:00,익명,,이재명
name:마오쩌뚱뚱해,2,2025-05-22 00:00:00,2025-06-03 00:00:00,마오쩌뚱뚱해,,"대선, 이재명"
name:무적스기하라,2,2025-04-04 00:00:00,2025-06-03 00:00:00,무적스기하라,,"대선, 윤석열"
name:비오구조타,2,2025-03-26 00:00:00,2025-06-03 00:00:00,비오구조타,,이재명
name:지네딘 지성,2,2025-05-29 00:00:00,2025-06-03 00:00:00,지네딘 지성,,"대선, 민주당"
name:호라룰,2,2025-05-01 00:00:00,2025-06-03 00:00:00,호라룰,,"대선, 이재명"
name:Dirk Kuijt,2,2025-04-04 00:00:00,2025-06-02 00:00:00,Dirk Kuijt,,"윤석열, 한동훈"
name:제정신아님,2,2025-04-19 00:00:00,2025-06-02 00:00:00,제정신아님,,"대선, 민주당, 이재명"
name:지안,2,2025-05-07 00:00:00,2025-05-30 00:00:00,지안,,"대선, 이재명"
name:아메리카노,2,2025-04-16 00:00:00,2025-05-29 00:00:00,아메리카노,,"민주당, 이재명"
name:얌얌,2,2025-05-29 00:00:00,2025-05-29 00:00:00,얌얌,,"대선, 이재명"
name:축팬고,2,2025-05-28 00:00:00,2025-05-28 00:00:00,축팬고,,"대선, 이재명"
name:Cloverpool,2,2025-05-27 00:00:00,2025-05-27 00:00:00,Cloverpool,,윤석열
name:꼬마돌,2,2025-05-18 00:00:00,2025-05-27 00:00:00,꼬마돌,,"대선, 이재명"
name:도끼와나무꾼,2,2025-05-06 00:00:00,2025-05-27 00:00:00,도끼와나무꾼,,"대선, 민주당"
name:해리아마스,2,2025-05-23 00:00:00,2025-05-27 00:00:00,해리아마스,,"윤석열, 이재명"
name:귀두박근,2,2025-04-11 00:00:00,2025-05-26 00:00:00,귀두박근,,"대선, 이재명"
name:jkisky2,2,2025-05-13 00:00:00,2025-05-25 00:00:00,jkisky2,,"문재인, 민주당"
name:위대힌개츠비,2,2025-05-23 00:00:00,2025-05-23 00:00:00,위대힌개츠비,,이재명
name:RagFair,2,2025-04-04 00:00:00,2025-05-18 00:00:00,RagFair,,대선
name:비용,2,2025-03-24 00:00:00,2025-05-18 00:00:00,비용,,윤석열
name:싸줄한정,2,2025-03-26 00:00:00,2025-05-18 00:00:00,싸줄한정,,이재명
name:의정부한국관막내,2,2025-05-01 00:00:00,2025-05-18 00:00:00,의정부한국관막내,,"대선, 이재명"
name:준석오빠가사리,2,2025-04-04 00:00:00,2025-05-18 00:00:00,준석오빠가사리,,이재명
name:포메,2,2025-05-06 00:00:00,2025-05-18 00:00:00,포메,,"민주당, 이재명"
name:하샤키,2,2025-04-17 00:00:00,2025-05-18 00:00:00,하샤키,,이재명
name:리케,2,2025-05-04 00:00:00,2025-05-16 00:00:00,리케,,"문재인, 민주당"
name:님고소,2,2025-05-07 00:00:00,2025-05-11 00:00:00,님고소,,이재명
name:타짜,2,2025-04-26 00:00:00,2025-05-10 00:00:00,타짜,,"대선, 민주당, 한동훈"
name:TheHistory,2,2025-05-07 00:00:00,2025-05-08 00:00:00,TheHistory,,"대선, 문재인"
name:Cesc J,2,2025-05-01 00:00:00,2025-05-07 00:00:00,Cesc J,,"대선, 이재명"
name:물안개,2,2025-05-05 00:00:00,2025-05-07 00:00:00,물안개,,이재명
name:17171771,2,2025-04-11 00:00:00,2025-05-05 00:00:00,17171771,,"김건희, 대선, 이재명"
name:제이대디,2,2025-05-01 00:00:00,2025-05-02 00:00:00,제이대디,,민주당
name:김유연,2,2025-03-25 00:00:00,2025-05-01 00:00:00,김유연,,이재명
name:씨알리스크,2,2025-03-28 00:00:00,2025-04-30 00:00:00,씨알리스크,,"김건희, 문재인, 윤석열"
name:포스텍경질기원,2,2025-04-25 00:00:00,2025-04-29 00:00:00,포스텍경질기원,,"대선, 이재명"
name:등산왕마속,2,2025-04-18 00:00:00,2025-04-28 00:00:00,등산왕마속,,이재명
name:마이빠우라,2,2025-04-07 00:00:00,2025-04-28 00:00:00,마이빠우라,,"대선, 이재명"
name:윤건희,2,2025-03-27 00:00:00,2025-04-16 00:00:00,윤건희,,"윤석열, 이재명"
name:국회의원,2,2025-03-31 00:00:00,2025-04-12 00:00:00,국회의원,,"대선, 이재명"
name:망고양,2,2025-03-24 00:00:00,2025-04-08 00:00:00,망고양,,민주당
name:안그러냐?,2,2025-04-07 00:00:00,2025-04-08 00:00:00,안그러냐?,,"대선, 이재명"
name:김복준,2,2025-04-06 00:00:00,2025-04-06 00:00:00,김복준,,이재명
name:Littlebird,2,2025-04-01 00:00:00,2025-04-04 00:00:00,Littlebird,,"윤석열, 이재명"
name:별명있습니다,2,2025-04-02 00:00:00,2025-04-04 00:00:00,별명있습니다,,"민주당, 윤석열"
name:센과치우로,2,2025-04-04 00:00:00,2025-04-04 00:00:00,센과치우로,,"윤석열, 이재명"
name:탄핵인용좀제발,2,2025-04-03 00:00:00,2025-04-04 00:00:00,탄핵인용좀제발,,이재명
name:맨유맨유시절,2,2025-03-26 00:00:00,2025-04-02 00:00:00,맨유맨유시절,,"윤석열, 이재명"
